update,global_step,lr,avg_reward,rolling_mean_10,avg_success,rolling_success_10,pg_loss,v_loss,arch_loss,angle_loss,mean_logstd,k_active,top_arch,top_prob,sps,A0_H_rx_chain_rx,A1_H_rx_chain_ry,A2_H_rx_chain_rz,A3_H_ry_chain_rx,A4_H_ry_chain_ry,A5_H_ry_chain_rz,A6_NoH_rx_chain_rx,A7_NoH_rx_chain_ry,A8_NoH_rx_chain_rz,A9_NoH_ry_chain_rx,A10_NoH_ry_chain_ry,A11_NoH_ry_chain_rz
1,32768,0.0003,0.45445978288677635,0.45445978288677635,0.0,0.0,-0.11489386856555939,0.011334661394357681,0.049642857164144516,0.0,-0.49974510073661804,3,1,0.10189937800168991,185.6176402322103,0.09167499840259552,0.10189937800168991,0.08068456500768661,0.08052965253591537,0.08057847619056702,0.08079346269369125,0.0805642381310463,0.08066411316394806,0.08051300048828125,0.08059734106063843,0.08073044568300247,0.080770343542099
2,65536,0.00029986,0.4300722162589551,0.4422659995728657,0.0,0.0,0.08270153403282166,0.008430859073996544,0.04931476339697838,0.0,-0.5038919448852539,3,1,0.1273461878299713,186.23954001995685,0.11313528567552567,0.1273461878299713,0.07719475030899048,0.06519350409507751,0.07413619756698608,0.07887198030948639,0.07468445599079132,0.07872594892978668,0.07493183761835098,0.07921823114156723,0.07874365150928497,0.07781796902418137
3,98304,0.00029972,0.43140761469598005,0.4386465379472371,0.0,0.0,0.017458809539675713,0.006026480346918106,0.04706936702132225,0.0,-0.5133189558982849,3,1,0.19368237257003784,186.22511924226504,0.1731383502483368,0.19368237257003784,0.06205780431628227,0.03734707832336426,0.05138251185417175,0.07421307265758514,0.0513676218688488,0.07389924675226212,0.05405908823013306,0.08277326077222824,0.07995175570249557,0.06612777709960938
4,131072,0.00029958000000000003,0.42884694564168563,0.4361966398708493,0.0,0.0,-0.028614506125450134,0.009075491689145565,0.038350410759449005,0.0,-0.5163552761077881,3,0,0.31690192222595215,186.09930175728627,0.31690192222595215,0.3148225247859955,0.029952580109238625,0.019765716046094894,0.025371331721544266,0.04220938682556152,0.025186076760292053,0.04151879996061325,0.026518363505601883,0.06894965469837189,0.056322552263736725,0.03248114883899689
5,163840,0.00029944,0.4155129136947702,0.4320598946356335,0.0,0.0,0.09297164529561996,0.011556102894246578,0.028155798092484474,0.0,-0.5169297456741333,3,0,0.45284804701805115,185.8572000366401,0.45284804701805115,0.3760591745376587,0.013416976667940617,0.009629049338400364,0.011774101294577122,0.018192162737250328,0.0116832060739398,0.017897415906190872,0.012200092896819115,0.037093326449394226,0.024857832118868828,0.014348606579005718
6,196608,0.0002993,0.47925035760270973,0.43992497179681284,0.0,0.0,-0.023449663072824478,0.016832850873470306,0.021387111395597458,0.0,-0.5245053768157959,3,0,0.5755139589309692,185.52255870050197,0.5755139589309692,0.34324681758880615,0.0064030601643025875,0.004796246998012066,0.005717828869819641,0.008432410657405853,0.005674863699823618,0.008305313065648079,0.005898325238376856,0.017891155555844307,0.011324657127261162,0.006795363500714302
7,229376,0.00029916000000000003,0.5043446859085656,0.4491277880984918,0.0,0.0,-0.02804075926542282,0.024216147139668465,0.01664016954600811,0.0,-0.5288549661636353,3,0,0.7088848352432251,185.09356388887463,0.7088848352432251,0.24532413482666016,0.003641406074166298,0.002786709228530526,0.0032796808518469334,0.004720079246908426,0.003255703952163458,0.004652292933315039,0.003375650616362691,0.009971474297344685,0.006258556619286537,0.0038494414184242487
8,262144,0.00029902,0.5284565871139526,0.4590438879754244,0.0,0.0,-0.040517598390579224,0.036315977573394775,0.011793721467256546,0.0,-0.5330830216407776,3,0,0.8302211761474609,184.78581094795882,0.8302211761474609,0.14295069873332977,0.002150310203433037,0.0016686045564711094,0.0019473847933113575,0.0027573704719543457,0.001933491788804531,0.0027191739063709974,0.0020014550536870956,0.005761873908340931,0.003621147247031331,0.002267309697344899
9,294912,0.00029888,0.5540626878866435,0.4696015324100043,0.0,0.0,-0.17021068930625916,0.028843993321061134,0.007892461493611336,0.0,-0.5389506220817566,3,0,0.9046059250831604,184.62756419079835,0.9046059250831604,0.07921989262104034,0.0013046078383922577,0.0010226434096693993,0.0011862069368362427,0.001659343484789133,0.0011779232881963253,0.0016370215453207493,0.0012178486213088036,0.003433129983022809,0.0021625736262649298,0.0013729776255786419
10,327680,0.00029874,0.6083478525350243,0.4834761644225063,0.0,0.0,-0.0285276360809803,0.044298477470874786,0.0053916070610284805,0.0,-0.5452274680137634,3,0,0.9427535533905029,184.5055531698452,0.9427535533905029,0.04691961780190468,0.0008374094613827765,0.0006616227910853922,0.0007637698436155915,0.0010581890819594264,0.0007585376151837409,0.0010443045757710934,0.0007834928692318499,0.0021690072026103735,0.0013704769080504775,0.000879973522387445
11,360448,0.0002986,0.6029886537478997,0.49832905150861856,0.0,0.0,-0.061374321579933167,0.06023732200264931,0.003841076511889696,0.0,-0.5505713224411011,3,0,0.9630502462387085,184.4413605244244,0.9630502462387085,0.02987976185977459,0.000575583428144455,0.00045754609163850546,0.0005262226331979036,0.000723609293345362,0.000522678077686578,0.0007143045077100396,0.0005394630716182292,0.0014738109894096851,0.0009324597776867449,0.0006041318993084133
12,393216,0.00029845999999999996,0.6295744888889745,0.5182792787716206,0.0,0.0,0.0204324908554554,0.0441322922706604,0.0027869355399161577,0.0,-0.5541036128997803,3,0,0.9753182530403137,184.43605656676218,0.9753182530403137,0.019710153341293335,0.00040636977064423263,0.000324823398841545,0.000372321461327374,0.0005084755248390138,0.00036985432961955667,0.0005020599346607924,0.0003814648662228137,0.0010279396083205938,0.0006521909963339567,0.0004260697169229388
13,425984,0.0002983199999999999,0.627376816911638,0.5378761989931864,0.0,0.0,0.12880001962184906,0.05840066820383072,0.0020824249368160963,0.0,-0.5588034391403198,3,0,0.9827744364738464,184.44229735540375,0.9827744364738464,0.013585153967142105,0.0002985859173350036,0.0002398248907411471,0.00027408305322751403,0.00037205079570412636,0.0002722952631302178,0.00036743792588822544,0.0002806691627483815,0.0007475394522771239,0.0004752273380290717,0.000312766176648438
14,458752,0.00029817999999999994,0.6527907129089547,0.5602705757199133,0.0,0.0,-0.02144281193614006,0.042450640350580215,0.0015763519331812859,0.0,-0.5675817728042603,3,0,0.9877243041992188,184.42519871771665,0.9877243041992188,0.009560218080878258,0.00022347678896039724,0.00018033216474577785,0.00020550629415083677,0.0002773313026409596,0.0002041874686256051,0.0002739521150942892,0.0002103416481986642,0.0005538620171137154,0.00035280227893963456,0.0002338780468562618
15,491520,0.00029803999999999996,0.6664048228846329,0.5853597666388997,0.0,0.0,-0.04302346706390381,0.06178884953260422,0.0012322756228968501,0.0,-0.578703761100769,3,0,0.99085932970047,184.3968706881474,0.99085932970047,0.007057027891278267,0.00017215473053511232,0.0001395500439684838,0.00015858955157455057,0.00021278088388498873,0.0001575892383698374,0.0002102339203702286,0.00016224283899646252,0.0004207845195196569,0.00026958886883221567,0.00018000585259869695
16,524288,0.0002978999999999999,0.7277160981956108,0.6102063406981897,0.0,0.0,0.011478550732135773,0.04164377227425575,0.0009537035948596895,0.0,-0.5851258039474487,3,0,0.9932639598846436,184.31068983186094,0.9932639598846436,0.00514124846085906,0.00013229170872364193,0.00010774130350910127,0.0001220885169459507,0.00016281877469737083,0.00012133300333516672,0.00016090682765934616,0.00012483843602240086,0.00031911005498841405,0.00020540297555271536,0.00013819514424540102
17,557056,0.0002977599999999999,0.7210004042242646,0.6318719125297596,0.0,0.0,-0.012194477021694183,0.0466567799448967,0.000750035687815398,0.0,-0.5882401466369629,3,0,0.9949274063110352,184.27334852727276,0.9949274063110352,0.0038280647713690996,0.00010366278002038598,8.481657278025523e-05,9.583865903550759e-05,0.00012704396795015782,9.525740460958332e-05,0.00012558061280287802,9.794883953873068e-05,0.0002465965517330915,0.00015957724826876074,0.00010818760347319767
18,589824,0.0002976199999999999,0.7761303537673112,0.6566392891950954,0.0,0.0,-0.08357194066047668,0.04861295223236084,0.000588288763538003,0.0,-0.5908375978469849,3,0,0.9961850047111511,184.22165944923307,0.9961850047111511,0.0028433308470994234,8.127693581627682e-05,6.682713137706742e-05,7.528466812800616e-05,9.915500413626432e-05,7.483870285796002e-05,9.803701686905697e-05,7.690216443734244e-05,0.00019057950703427196,0.00012395971862133592,8.474013156956062e-05
19,622592,0.00029747999999999987,0.7829810453305955,0.6795311249394906,0.0,0.0,-0.04399378225207329,0.04468069225549698,0.0004623082932084799,0.0,-0.5981477499008179,3,0,0.997121274471283,184.16899307913656,0.997121274471283,0.002113411668688059,6.432601367123425e-05,5.314694135449827e-05,5.969559060758911e-05,7.81158814788796e-05,5.935023000347428e-05,7.725462637608871e-05,6.094645505072549e-05,0.0001482534280512482,9.71885965554975e-05,6.700051744701341e-05
20,655360,0.0002973399999999999,0.7878045645186776,0.697476796137856,0.0,0.0,-0.06048059090971947,0.04520389437675476,0.0004542716487776488,0.0,-0.6003073453903198,2,0,0.9971795082092285,190.17598060269708,0.9971795082092285,0.002068359637632966,6.325281719909981e-05,5.2278843213571236e-05,5.870775930816308e-05,7.678638939978555e-05,5.8368779718875885e-05,7.594124326715246e-05,5.993558806949295e-05,0.0001455838355468586,9.54998831730336e-05,6.587798270629719e-05
21,688128,0.0002971999999999999,0.857561499485717,0.7229340807116377,0.0,0.0,-0.11658260971307755,0.05406910181045532,0.0003609733539633453,0.0,-0.6054843664169312,2,0,0.9978406429290771,192.50596743092234,0.9978406429290771,0.0015586235094815493,5.075725493952632e-05,4.215394801576622e-05,4.719870412372984e-05,6.133036367828026e-05,4.693226583185606e-05,6.06711910222657e-05,4.816088403458707e-05,0.0001147668735939078,7.589969027321786e-05,5.2810763008892536e-05
22,720896,0.0002970599999999999,0.8924602518651753,0.7492226570092578,0.0,0.0,0.007605340331792831,0.0502476803958416,0.00029233135865069926,0.0,-0.6089365482330322,2,0,0.9983079433441162,194.67452380129734,0.9983079433441162,0.0012025446631014347,4.156413706368767e-05,3.467733768047765e-05,3.871917215292342e-05,4.999593147658743e-05,3.850577923003584e-05,4.9470985686639324e-05,3.948886660509743e-05,9.23299667192623e-05,6.157127063488588e-05,4.3204083340242505e-05
23,753664,0.00029691999999999994,0.9362751161568871,0.7801124869337828,0.0,0.0,0.05136809125542641,0.06103745475411415,0.0002370561851421371,0.0,-0.6178563833236694,2,0,0.9986708164215088,196.65626413864928,0.9986708164215088,0.000929013011045754,3.414525053813122e-05,2.8620090233744122e-05,3.1865994969848543e-05,4.08810556109529e-05,3.16948389809113e-05,4.046250251121819e-05,3.248315624659881e-05,7.443449430866167e-05,5.008894731872715e-05,3.545780054992065e-05
24,786432,0.00029677999999999996,0.9696549344992679,0.8117989090928139,0.0,0.0,-0.05893390253186226,0.06568857282400131,0.00019636937940958887,0.0,-0.6231683492660522,2,0,0.9989294409751892,198.8822668863686,0.9989294409751892,0.0007352561224251986,2.873179255402647e-05,2.4179094907594845e-05,2.685614163056016e-05,3.425949762458913e-05,2.6714984414866194e-05,3.391653444850817e-05,2.7364372726879083e-05,6.15759490756318e-05,4.178406379651278e-05,2.9810704290866852e-05
25,819200,0.00029664,1.0082242701849342,0.845980853822844,0.0,0.0,-0.05002333223819733,0.061024945229291916,0.00019455071014817804,0.0,-0.6230161786079407,2,0,0.9989408850669861,203.84239945863047,0.9989408850669861,0.0007268512854352593,2.848800431820564e-05,2.3978716853889637e-05,2.6630330467014574e-05,3.396177999093197e-05,2.6490506570553407e-05,3.362217830726877e-05,2.71336903097108e-05,6.100023165345192e-05,4.141124009038322e-05,2.9556438676081598e-05
26,851968,0.00029649999999999994,1.033665286227412,0.8765757726260242,0.0,0.0,0.07562848925590515,0.06198033317923546,0.00015840755077078938,0.0,-0.6322856545448303,2,0,0.9991629123687744,205.40169761611168,0.9991629123687744,0.0005628559738397598,2.362597115279641e-05,1.997247090912424e-05,2.2123158487374894e-05,2.803930692607537e-05,2.2009859094396234e-05,2.7766076527768746e-05,2.2530646674567834e-05,4.9622831284068525e-05,3.401497451704927e-05,2.448904160701204e-05
27,884736,0.0002963599999999999,1.1001980609970818,0.9144955383033061,0.0,0.0,-0.01209721527993679,0.0753769725561142,0.0001308583014179021,0.0,-0.6356762647628784,2,0,0.9993270635604858,207.053369891352,0.9993270635604858,0.00044291294761933386,1.9903907741536386e-05,1.689010241534561e-05,1.8665923562366515e-05,2.3527403754997067e-05,1.8572716726339422e-05,2.3303584384848364e-05,1.900197094073519e-05,4.10717875638511e-05,2.8409200240275823e-05,2.0613979359040968e-05
28,917504,0.00029621999999999987,1.1520369343097574,0.9520861963575505,0.0,0.0,0.1316986083984375,0.09123055636882782,0.00010720881982706487,0.0,-0.643844723701477,2,0,0.9994637370109558,208.41940386931682,0.9994637370109558,0.0003445592010393739,1.66657664522063e-05,1.4195875337463804e-05,1.565274033055175e-05,1.962037458724808e-05,1.557627365400549e-05,1.943831921380479e-05,1.592796434124466e-05,3.3767126296879724e-05,2.3579459593747742e-05,1.7245967683265917e-05
29,950272,0.0002960799999999999,1.1589627275409502,0.9896843645785862,0.0,0.0,-0.006144128739833832,0.08863949775695801,0.00010413190466351807,0.0,-0.6454076766967773,2,0,0.9994812607765198,212.36304779388396,0.9994812607765198,0.0003321486583445221,1.6240788681898266e-05,1.3841256986779626e-05,1.5256823644449469e-05,1.910900573420804e-05,1.518252247478813e-05,1.8932365492219105e-05,1.5524166883551516e-05,3.2819218176882714e-05,2.294931618962437e-05,1.680419154581614e-05
30,983040,0.0002959399999999999,1.3390488679961638,1.0448087949263347,0.0,0.0,0.04877438768744469,0.13015832006931305,0.00010284347081324086,0.0,-0.6466118693351746,2,0,0.9994884729385376,216.4710972286406,0.9994884729385376,0.0003269454464316368,1.6061647329479456e-05,1.3691705134988297e-05,1.5089873159013223e-05,1.8893577362177894e-05,1.501651422586292e-05,1.8719212675932795e-05,1.5353925846284255e-05,3.242055026930757e-05,2.2683994757244363e-05,1.6617963410681114e-05
31,1015808,0.0002957999999999999,1.4143611814693882,1.1004887631247018,0.0,0.0,-0.10274866223335266,0.1773613542318344,8.517995593138039e-05,0.0,-0.6534081697463989,2,0,0.9995871186256409,217.4814469307362,0.9995871186256409,0.00025760382413864136,1.3583579857368022e-05,1.1618097232712898e-05,1.2778762538800947e-05,1.5920635632937774e-05,1.2717924619209953e-05,1.5777046428411268e-05,1.2997711564821657e-05,2.6958377929986455e-05,1.903191332530696e-05,1.4043641385796946e-05
32,1048576,0.00029565999999999994,1.5500519262028756,1.1662479305584719,0.0,0.0,-0.025989117100834846,0.17184768617153168,7.156912761274725e-05,0.0,-0.6556694507598877,2,0,0.9996607303619385,218.4430114686313,0.9996607303619385,0.0002065098233288154,1.1638549040071666e-05,9.983244126487989e-06,1.0961646694340743e-05,1.3597930774267297e-05,1.091041758627398e-05,1.347783563687699e-05,1.1145858479721937e-05,2.2753905795980245e-05,1.6193653209484182e-05,1.2024946045130491e-05
33,1081344,0.00029551999999999996,1.554968081254385,1.2281172270682217,0.0,0.0,0.04352680593729019,0.2150823473930359,7.024049409665167e-05,0.0,-0.6564764976501465,2,0,0.9996678829193115,222.05155321529716,0.9996678829193115,0.00020166841568425298,1.1444867595855612e-05,9.820106242841575e-06,1.0780546290334314e-05,1.3367130122787785e-05,1.07302657852415e-05,1.3249326002551243e-05,1.0961349289573263e-05,2.2339005226967856e-05,1.5912268281681463e-05,1.1824023204098921e-05
34,1114112,0.00029538,1.6642466528387763,1.2975763989021725,0.0,0.0,-0.03260304778814316,0.26215022802352905,6.252973253140226e-05,0.0,-0.661781370639801,2,0,0.9997087121009827,223.7450091233606,0.9997087121009827,0.0001737752609187737,1.0330597433494404e-05,8.879471351974644e-06,9.737730579217896e-06,1.2042646631016396e-05,9.692848834674805e-06,1.1937755516555626e-05,9.899154065351468e-06,1.9977742340415716e-05,1.4302059753390495e-05,1.0668704817362595e-05
35,1146880,0.00029524,1.7008537781740656,1.3668393497010856,0.015625,0.0015625,0.04684968665242195,0.31361711025238037,6.029695941833779e-05,0.0,-0.6640849113464355,2,0,0.9997205138206482,226.74993338011578,0.9997205138206482,0.00016588794824201614,1.0003760507970583e-05,8.60308045957936e-06,9.431629223399796e-06,1.1654739864752628e-05,9.388347280037124e-06,1.1553680451470427e-05,9.587402928445954e-06,1.9290275304229e-05,1.3831479918735567e-05,1.0329900760552846e-05
36,1179648,0.0002951,1.7836940761207822,1.441842228690423,0.0,0.0015625,-0.13811025023460388,0.33970651030540466,5.449732270790264e-05,0.0,-0.6691422462463379,2,0,0.999750554561615,228.2049236619587,0.999750554561615,0.00014587820624001324,9.136284461419564e-06,7.868671673350036e-06,8.61886019265512e-06,1.0626603398122825e-05,8.579724635637831e-06,1.0535443834669422e-05,8.759798220125958e-06,1.7475585991633125e-05,1.2585810509335715e-05,9.430994396097958e-06
37,1212416,0.00029496000000000004,2.042779209063757,1.5361003434970901,0.015625,0.003125,0.07565571367740631,1.8197695016860962,5.433804835774936e-05,0.0,-0.6698166131973267,2,0,0.9997512698173523,231.66191741286846,0.9997512698173523,0.00014542715507559478,9.11181268747896e-06,7.8480306910933e-06,8.595972758485004e-06,1.059749411069788e-05,8.556949069316033e-06,1.0506634680496063e-05,8.736477866477799e-06,1.742356107570231e-05,1.2550413885037415e-05,9.40562767937081e-06
38,1245184,0.00029482000000000005,2.322584318314296,1.653155081897544,0.015625,0.0046875,0.015601984225213528,0.9840997457504272,5.118727858643979e-05,0.0,-0.6736817955970764,2,0,0.9997672438621521,232.73458543427512,0.9997672438621521,0.00013548447168432176,8.589061508246232e-06,7.40599261916941e-06,8.106431778287515e-06,9.97707320493646e-06,8.069931027421262e-06,9.892362868413329e-06,8.23791378934402e-06,1.632300700293854e-05,1.1797656952694524e-05,8.86376164999092e-06
39,1277952,0.00029468000000000007,2.326516946883144,1.7699105038317633,0.0,0.0046875,-0.03975318744778633,1.1471935510635376,4.713873568107374e-05,0.0,-0.675605058670044,2,0,0.9997878670692444,233.21659670782057,0.9997878670692444,0.00012212306319270283,7.96724452811759e-06,6.877284704387421e-06,7.5228472269373015e-06,9.243522072210908e-06,7.489217296097195e-06,9.165704796032514e-06,7.643931894563138e-06,1.5049029570946004e-05,1.0913740879914258e-05,8.220018571591936e-06
40,1310720,0.00029454000000000004,2.217206004121456,1.8577262174442928,0.015625,0.00625,-0.006771652027964592,3.2572669982910156,4.6076078433543444e-05,0.0,-0.6753350496292114,2,0,0.9997928738594055,235.10497978333194,0.9997928738594055,0.00011915925279026851,7.770811862428673e-06,6.7109813244314864e-06,7.338854175031884e-06,9.010756912175566e-06,7.306158295250498e-06,8.935239748097956e-06,7.456571438524406e-06,1.4637596905231476e-05,1.063175659510307e-05,8.016489118745085e-06
41,1343488,0.00029440000000000005,2.258945791979343,1.942184678495288,0.046875,0.0109375,0.0628308355808258,2.547633171081543,4.458515832084231e-05,0.0,-0.6772163510322571,2,0,0.9998005032539368,237.26633191100103,0.9998005032539368,0.00011425605043768883,7.54443817641004e-06,6.517856945720268e-06,7.126104719645809e-06,8.744693332118914e-06,7.0944579420029186e-06,8.671678187965881e-06,7.240112608997151e-06,1.4181752703734674e-05,1.0312585800420493e-05,7.782350621710066e-06
42,1376256,0.00029426000000000007,1.7884637097437155,1.9660258568493725,0.015625,0.0125,-0.01057133823633194,2.6687278747558594,4.405727668199688e-05,0.0,-0.6788214445114136,2,0,0.9998031258583069,239.9436377919583,0.9998031258583069,0.00011262387124588713,7.45943589208764e-06,6.445441158575704e-06,7.046265636745375e-06,8.644593435747083e-06,7.014993570919614e-06,8.572487786295824e-06,7.158866537793074e-06,1.4009030564920977e-05,1.0192223271587864e-05,7.694389751122799e-06
43,1409024,0.0002941200000000001,1.9188184425505783,2.0024108929789914,0.03125,0.015625,-0.03501371294260025,3.8109829425811768,4.380824975669384e-05,0.0,-0.6800568103790283,2,0,0.9998043179512024,242.73818736769576,0.9998043179512024,0.00011185961921000853,7.417364486173028e-06,6.4096207097463775e-06,7.006758551142411e-06,8.595017789048143e-06,6.975681571930181e-06,8.523390533810016e-06,7.11866687197471e-06,1.3923258848080877e-05,1.0132584066013806e-05,7.65083223086549e-06
44,1441792,0.0002939800000000001,2.1424936238412773,2.0502355900792417,0.0,0.015625,0.042664408683776855,2.6752524375915527,4.0695991629036143e-05,0.0,-0.6848984360694885,2,0,0.9998199343681335,243.05009463758557,0.9998199343681335,0.00010183111589867622,6.941369065316394e-06,6.0027928157069255e-06,6.5591075326665305e-06,8.036746294237673e-06,6.530171958729625e-06,7.970175829541404e-06,6.663320164079778e-06,1.2973677257832605e-05,9.464401955483481e-06,7.1586796366318595e-06
45,1474560,0.00029384000000000013,1.647217586322126,2.044871970894047,0.0,0.0140625,0.04206279665231705,5.668647289276123,3.98295815102756e-05,0.0,-0.6859731674194336,2,0,0.9998241066932678,245.20802952324016,0.9998241066932678,9.907763887895271e-05,6.80652237861068e-06,5.887414317840012e-06,6.432202553696698e-06,7.87871249485761e-06,6.403899988072226e-06,7.813545380486175e-06,6.534261046908796e-06,1.2705832887149882e-05,9.275471711589489e-06,7.019256372586824e-06
46,1507328,0.00029370000000000015,1.5283329393072531,2.0193358572126945,0.03125,0.0171875,0.05451454967260361,2.5834293365478516,3.899877629010007e-05,0.0,-0.6882066130638123,2,0,0.9998282194137573,247.53381295573624,0.9998282194137573,9.635438618715852e-05,6.683881565550109e-06,5.782249900221359e-06,6.31670400252915e-06,7.735336112091318e-06,6.288939403020777e-06,7.671429557376541e-06,6.416820269805612e-06,1.2465206964407116e-05,9.104566743189935e-06,6.892540113767609e-06
47,1540096,0.00029356000000000016,2.207605375754794,2.035818473881798,0.03125,0.01875,-0.03716284781694412,5.225114345550537,3.874769390677102e-05,0.0,-0.6877748966217041,2,0,0.9998294115066528,250.10545084980558,0.9998294115066528,9.558816236676648e-05,6.644574568781536e-06,5.748634521296481e-06,6.279723493207712e-06,7.68929658079287e-06,6.252122147998307e-06,7.6257838372839615e-06,6.379223577823723e-06,1.2387174137984402e-05,9.049514119396918e-06,6.851894340798026e-06
48,1572864,0.00029342000000000013,2.6144427992234713,2.065004321972716,0.078125,0.025,-0.02554287761449814,3.941697120666504,3.657990964711644e-05,0.0,-0.690214216709137,2,0,0.9998400211334229,250.86599724925458,0.9998400211334229,8.877168875187635e-05,6.309084255917696e-06,5.461130513140233e-06,5.9638487073243596e-06,7.296907824638765e-06,5.937749847362284e-06,7.2368711698800325e-06,6.058009148546262e-06,1.1726991033356171e-05,8.58152452565264e-06,6.505173132609343e-06
49,1605632,0.0002932800000000001,2.498852900915457,2.0822379173759473,0.09375,0.034375,-0.014112908393144608,4.599398136138916,3.63646395271644e-05,0.0,-0.691264808177948,2,0,0.9998409748077393,253.19563555337834,0.9998409748077393,8.818139031063765e-05,6.269916411838494e-06,5.427687483461341e-06,5.927033726038644e-06,7.25089512343402e-06,5.901100394112291e-06,7.191292297648033e-06,6.020537966833217e-06,1.164828790933825e-05,8.52637822390534e-06,6.464665148087079e-06
50,1638400,0.0002931400000000001,2.4860947974819467,2.109126796711996,0.03125,0.0359375,-0.017620427533984184,5.883110046386719,3.6285950045567006e-05,0.0,-0.6909064054489136,2,0,0.999841570854187,255.73459654573819,0.999841570854187,8.799033093964681e-05,6.256785127334297e-06,5.4164902394404635e-06,5.91469415667234e-06,7.2354814619757235e-06,5.888820396648953e-06,7.176012786658248e-06,6.0079864852014e-06,1.1621876183198765e-05,8.507888196618296e-06,6.451089120673714e-06
51,1671168,0.00029300000000000013,2.481280035992411,2.131360221113303,0.03125,0.034375,-0.0023800209164619446,6.862788677215576,3.565936640370637e-05,0.0,-0.692367434501648,2,0,0.9998445510864258,257.35557499911994,0.9998445510864258,8.618532592663541e-05,6.148819920781534e-06,5.324146513885353e-06,5.813136340293568e-06,7.108946647349512e-06,5.787734608020401e-06,7.050631211313885e-06,5.904691533942241e-06,1.140723361459095e-05,8.356606485904194e-06,6.339486390061211e-06
52,1703936,0.00029286000000000015,2.064858858730246,2.158999736011956,0.03125,0.0359375,-0.0415060892701149,3.5160651206970215,3.4811015211744234e-05,0.0,-0.6929672956466675,2,0,0.9998487234115601,259.0814737924838,0.9998487234115601,8.365783287445083e-05,6.011043296894059e-06,5.206055448070401e-06,5.683401468559168e-06,6.947827841941034e-06,5.658605005010031e-06,6.890926215419313e-06,5.77277569391299e-06,1.113630787585862e-05,8.164461178239435e-06,6.197100901772501e-06
53,1736704,0.00029272000000000017,2.5676611662152906,2.2238840083784277,0.03125,0.0359375,-0.031807418912649155,8.268226623535156,3.455971818766557e-05,0.0,-0.6935047507286072,2,0,0.9998499155044556,261.16051671456864,0.9998499155044556,8.303366485051811e-05,5.963634976069443e-06,5.1655970310093835e-06,5.6388412303931545e-06,6.892163128213724e-06,5.614265319309197e-06,6.835763542767381e-06,5.727454208681593e-06,1.1041031029890291e-05,8.097714271571022e-06,6.148096417746274e-06
54,1769472,0.0002925800000000002,2.4504565837326195,2.254680304367562,0.03125,0.0390625,0.027903825044631958,5.440540790557861,3.448726420174353e-05,0.0,-0.6938483715057373,2,0,0.9998501539230347,263.45915064702154,0.9998501539230347,8.287055970868096e-05,5.946338205831125e-06,5.1508895921870135e-06,5.6226040214824025e-06,6.87177998770494e-06,5.598104053206043e-06,6.815566848672461e-06,5.7109396038868e-06,1.10056907942635e-05,8.07317246653838e-06,6.1302057474676985e-06
55,1802240,0.00029244000000000015,2.258126789079699,2.3157712246433193,0.03125,0.0421875,-0.12376357614994049,4.3665361404418945,3.409941928111948e-05,0.0,-0.6935195922851562,2,0,0.9998519420623779,265.040729469334,0.9998519420623779,8.204103505704552e-05,5.86139958613785e-06,5.078562480775872e-06,5.542838607652811e-06,6.771736025257269e-06,5.518723355635302e-06,6.71646193950437e-06,5.629771749227075e-06,1.0832695807039272e-05,7.95281448517926e-06,6.042294444341678e-06
56,1835008,0.00029230000000000017,2.74045727442768,2.436983658155362,0.015625,0.040625,-0.01906953938305378,3.087430477142334,3.3785527193685994e-05,0.0,-0.6942331194877625,2,0,0.9998534917831421,267.0867568293039,0.9998534917831421,8.11349309515208e-05,5.80850019105128e-06,5.0332173486822285e-06,5.493045591720147e-06,6.709884928568499e-06,5.46915725863073e-06,6.655173365288647e-06,5.579117441811832e-06,1.0728779670898803e-05,7.87908720667474e-06,5.9876483646803536e-06
57,1867776,0.0002921600000000002,2.5920778185715174,2.475430902437034,0.0,0.0375,0.10961981117725372,5.071905136108398,3.352584826643579e-05,0.0,-0.694536566734314,2,0,0.9998548030853271,269.06002398080705,0.9998548030853271,8.041900582611561e-05,5.763179160567233e-06,4.994393293600297e-06,5.4503834689967334e-06,6.656845471297856e-06,5.4266956794890575e-06,6.602585472137434e-06,5.535733635042561e-06,1.063927174982382e-05,7.81575363362208e-06,5.940804840065539e-06
58,1900544,0.0002920200000000002,2.721955922336174,2.4861822147483044,0.0,0.0296875,0.04834112897515297,4.993690490722656,3.262260725023225e-05,0.0,-0.6994045972824097,2,0,0.999859094619751,270.3552660694559,0.999859094619751,7.773443212499842e-05,5.615982445306145e-06,4.868016731052194e-06,5.311701897880994e-06,6.485054655058775e-06,5.288658030622173e-06,6.432274403778138e-06,5.394736945163459e-06,1.0352557183068711e-05,7.611354703840334e-06,5.788756880065193e-06
59,1933312,0.0002918800000000002,3.2695315559180127,2.5632500802485594,0.03125,0.0234375,0.02029470168054104,4.357094764709473,3.2583622669335455e-05,0.0,-0.6998647451400757,2,0,0.9998593330383301,272.3787613044815,0.9998593330383301,7.774304685881361e-05,5.6053249863907695e-06,4.8590100050205365e-06,5.301728378981352e-06,6.472402674262412e-06,5.278732714941725e-06,6.419749297492672e-06,5.3845719776290935e-06,1.032999534800183e-05,7.595968781970441e-06,5.777716978627723e-06
60,1966080,0.00029174000000000024,3.1511057949821972,2.6297511799985847,0.015625,0.021875,-0.0593409538269043,3.9902453422546387,3.194349119439721e-05,0.0,-0.6986503601074219,2,0,0.9998621940612793,273.6028569909092,0.9998621940612793,7.600472599733621e-05,5.488511305884458e-06,4.758938302984461e-06,5.191776381252566e-06,6.33570016361773e-06,5.169287305761827e-06,6.284279152168892e-06,5.2727355068782344e-06,1.0099703104060609e-05,7.432870916090906e-06,5.656976099999156e-06
61,1998848,0.00029160000000000026,3.1532704683436683,2.6969502232337104,0.0625,0.025,-0.09499767422676086,6.134345054626465,3.194521559635177e-05,0.0,-0.6981114745140076,2,0,0.9998621940612793,275.66934453053966,0.9998621940612793,7.609568274347112e-05,5.484775556396926e-06,4.75583919978817e-06,5.1883071137126535e-06,6.331175882223761e-06,5.1658375923580024e-06,6.27980989520438e-06,5.269202119961847e-06,1.0091057447425555e-05,7.427251148328651e-06,5.653093012369936e-06
62,2031616,0.0002914600000000003,3.4025258782402448,2.83071692518471,0.0,0.021875,-0.019993271678686142,5.0279221534729,3.189256676705554e-05,0.0,-0.6982511281967163,2,0,0.9998626708984375,277.7341445157324,0.9998626708984375,7.593948976136744e-05,5.47442050446989e-06,4.74696435048827e-06,5.178555966267595e-06,6.3190605033014435e-06,5.156134193384787e-06,6.2678045651409775e-06,5.259284080239013e-06,1.0070690223074052e-05,7.4128047344856896e-06,5.642388259730069e-06
63,2064384,0.0002913200000000003,3.4671823779900475,2.9206690463621863,0.015625,0.0203125,-0.07322518527507782,4.191499710083008,3.1311992643168196e-05,0.0,-0.7011706829071045,2,0,0.9998651742935181,279.11408468193775,0.9998651742935181,7.431960693793371e-05,5.374517513700994e-06,4.661230377678294e-06,5.084454642201308e-06,6.202365057106363e-06,5.062468517280649e-06,6.1521432144218124e-06,5.163587047718465e-06,9.87550629361067e-06,7.273857136169681e-06,5.539155154110631e-06
64,2097152,0.00029118000000000026,3.574908507891587,3.033114238778082,0.078125,0.025,-0.016477197408676147,7.1265764236450195,3.099121749983169e-05,0.0,-0.7044531106948853,2,0,0.9998667240142822,280.6305551405743,0.9998667240142822,7.348939834628254e-05,5.315162979968591e-06,4.610378255165415e-06,5.028582108934643e-06,6.132915586931631e-06,5.006867013435112e-06,6.083320386096602e-06,5.106777280161623e-06,9.758598025655374e-06,7.191024451458361e-06,5.477822014654521e-06
65,2129920,0.0002910400000000002,3.4807364323683965,3.155375203106952,0.015625,0.0234375,0.009442419745028019,3.116382598876953,3.0591301765525714e-05,0.0,-0.7033934593200684,2,0,0.9998687505722046,282.2096415772608,0.9998687505722046,7.234660733956844e-05,5.247902663541026e-06,4.552591690298868e-06,4.965193966199877e-06,6.054452114767628e-06,4.9437667257734574e-06,6.0055604080844205e-06,5.042326847615186e-06,9.628062798583414e-06,7.097778052411741e-06,5.4083475333754905e-06
66,2162688,0.00029090000000000024,3.4534614030705066,3.226675615971235,0.0625,0.028125,0.046009309589862823,5.033315658569336,2.990992652485147e-05,0.0,-0.7036058902740479,2,0,0.9998719692230225,283.41506238887223,0.9998719692230225,7.034272857708856e-05,5.139357654115884e-06,4.4592111407837365e-06,4.862844889430562e-06,5.928042810410261e-06,4.841881946049398e-06,5.880266598978778e-06,4.938293386658188e-06,9.419187335879542e-06,6.947870133444667e-06,5.296276867738925e-06
67,2195456,0.00029076000000000026,3.916683803779662,3.3591362144920494,0.078125,0.0359375,0.051783666014671326,5.105512619018555,2.9644101232406683e-05,0.0,-0.7026197910308838,2,0,0.999873161315918,284.9119739755818,0.999873161315918,6.965151260374114e-05,5.091307230031816e-06,4.417991931404686e-06,4.817582066607429e-06,5.871896519238362e-06,4.796827852260321e-06,5.824622803629609e-06,4.892285687674303e-06,9.325136488769203e-06,6.881001354486216e-06,5.246634827926755e-06
68,2228224,0.0002906200000000003,3.691812803231823,3.4561219025816143,0.03125,0.0390625,0.03087720274925232,5.567541122436523,2.9337787054828368e-05,0.0,-0.7037234306335449,2,0,0.9998745918273926,286.5328446245418,0.9998745918273926,6.874094833619893e-05,5.041250915382989e-06,4.374909167381702e-06,4.7703842938062735e-06,5.8136215557169635e-06,4.749846993945539e-06,5.766861249867361e-06,4.844296199735254e-06,9.228944691130891e-06,6.811905677750474e-06,5.194965979171684e-06
69,2260992,0.0002904800000000003,3.8493151503674374,3.514100262026557,0.0,0.0359375,0.14110735058784485,8.829891204833984,2.831940946634859e-05,0.0,-0.7075586915016174,2,0,0.9998794794082642,287.53200466530524,0.9998794794082642,6.56738193356432e-05,4.885211183136562e-06,4.2404044506838545e-06,4.623143468052149e-06,5.632268312183442e-06,4.603275556291919e-06,5.587040959653677e-06,4.694640210800571e-06,8.93165088200476e-06,6.597347692149924e-06,5.033914931118488e-06
70,2293760,0.0002903400000000003,3.8685171352310856,3.585841396051446,0.125,0.046875,-0.010458077304065228,6.221715927124023,2.7954221877735108e-05,0.0,-0.709397554397583,2,0,0.9998812675476074,289.0445905510513,0.9998812675476074,6.460781150963157e-05,4.82706263937871e-06,4.1903263081621844e-06,4.5682882046094164e-06,5.564653747569537e-06,4.5486776798497885e-06,5.519991191249574e-06,4.6388927330554e-06,8.820433322398458e-06,6.51725258649094e-06,4.9739010137273e-06
71,2326528,0.0002902000000000003,3.850591350951895,3.6555734843122685,0.03125,0.04375,0.04775722324848175,4.024762153625488,2.6636071197572164e-05,0.0,-0.7078779935836792,2,0,0.9998873472213745,289.82141406885745,0.9998873472213745,6.0684120398946106e-05,4.622690539690666e-06,4.014119440398645e-06,4.375419393909397e-06,5.327249255060451e-06,4.356674253358506e-06,5.2846030484943185e-06,4.442872977961088e-06,8.432008144154679e-06,6.23655432718806e-06,4.762989647133509e-06
72,2359296,0.00029006000000000024,3.6581128763195934,3.681132184120203,0.09375,0.053125,-0.062080152332782745,6.742056846618652,2.622993451950606e-05,0.0,-0.7098442912101746,2,0,0.9998893737792969,291.1432824530134,0.9998893737792969,5.9516918554436415e-05,4.557820375339361e-06,3.958207798859803e-06,4.314204034017166e-06,5.2518357733788434e-06,4.295737653592369e-06,5.209833489061566e-06,4.380651716928696e-06,8.308323231176473e-06,6.147301519376924e-06,4.696016731031705e-06
73,2392064,0.0002899200000000002,3.435821383415141,3.6779960846627127,0.3125,0.0828125,0.02536584436893463,9.96529769897461,2.6005538529716432e-05,0.0,-0.7099171280860901,2,0,0.9998904466629028,292.5725380435963,0.9998904466629028,5.886764483875595e-05,4.524254563875729e-06,3.929240847355686e-06,4.282517693354748e-06,5.212865289649926e-06,4.264183189661708e-06,5.171198154130252e-06,4.348443326307461e-06,8.244825039582793e-06,6.101272447267547e-06,4.661374532588525e-06
74,2424832,0.0002897800000000002,3.491727554837471,3.669677989357301,0.140625,0.0890625,0.11819876730442047,5.004487991333008,2.558884079917334e-05,0.0,-0.7097729444503784,2,0,0.9998923540115356,293.8074550140026,0.9998923540115356,5.764998059021309e-05,4.457698651094688e-06,3.871851731673814e-06,4.219699803797994e-06,5.135552783031017e-06,4.2016531551780645e-06,5.094528660265496e-06,4.2846218093473e-06,8.11841800896218e-06,6.009884145896649e-06,4.5926881284685805e-06
75,2457600,0.00028964000000000024,3.834423842624942,3.705046730382956,0.265625,0.1140625,0.07263560593128204,8.459880828857422,2.509782643755898e-05,0.0,-0.7077943086624146,2,0,0.9998946189880371,294.73033607873515,0.9998946189880371,5.6285116443177685e-05,4.37719609180931e-06,3.8024734294594964e-06,4.1437242543906905e-06,5.041943040851038e-06,4.126026396988891e-06,5.001718363928376e-06,4.2074047996720765e-06,7.964759788592346e-06,5.8990990510210395e-06,4.509579412115272e-06
76,2490368,0.00028950000000000026,3.677335452285531,3.7274341353044584,0.203125,0.128125,0.03478630632162094,8.118650436401367,2.4901810320443474e-05,0.0,-0.7077633142471313,2,0,0.999895453453064,296.0288906130244,0.999895453453064,5.573733142227866e-05,4.344179615145549e-06,3.7740223888249602e-06,4.112563601665897e-06,5.003545538784238e-06,4.095006715942873e-06,4.963651008438319e-06,4.175728918198729e-06,7.901721801317763e-06,5.85364341532113e-06,4.475483819987858e-06
77,2523136,0.0002893600000000003,4.020678071628183,3.7378335620893104,0.046875,0.125,0.016215376555919647,4.809473037719727,2.434433190501295e-05,0.0,-0.7110276818275452,2,0,0.9998981952667236,297.00000614731226,0.9998981952667236,5.418416913016699e-05,4.253347015037434e-06,3.695717396112741e-06,4.026842816529097e-06,4.898010502074612e-06,4.0096742850437295e-06,4.85902228319901e-06,4.088617970410269e-06,7.72899693401996e-06,5.728833912144182e-06,4.381747658044333e-06
78,2555904,0.00028922000000000024,3.769943548198584,3.745646636585987,0.15625,0.1375,0.0011234022676944733,12.396617889404297,2.4168606614694e-05,0.0,-0.7104079723358154,2,0,0.9998989105224609,298.3916247781285,0.9998989105224609,5.367749690776691e-05,4.225800239510136e-06,3.671939794003265e-06,4.000827630079584e-06,4.866046765528154e-06,3.983774149673991e-06,4.8273318498104345e-06,4.0621921471029054e-06,7.676978384552058e-06,5.691101705451729e-06,4.35332685810863e-06
79,2588672,0.00028908000000000026,3.788776245442231,3.7395927460934653,0.25,0.1625,-0.06310689449310303,12.99581527709961,2.4162556655937806e-05,0.0,-0.7097692489624023,2,0,0.9998989105224609,299.6653178598592,0.9998989105224609,5.374260217649862e-05,4.219832135277102e-06,3.666914608402294e-06,3.995248789578909e-06,4.858924057771219e-06,3.978223503509071e-06,4.820292815566063e-06,4.056508714711526e-06,7.664176337129902e-06,5.682429673470324e-06,4.347137291915715e-06
80,2621440,0.0002889400000000003,3.424814738228652,3.6952225063932227,0.15625,0.165625,0.06523662805557251,11.61182689666748,2.3928872906253673e-05,0.0,-0.7099344730377197,1,0,0.9999001026153564,301.67848485376385,0.9999001026153564,5.30816541868262e-05,4.182448265055427e-06,3.634671656982391e-06,3.95996084989747e-06,4.815529791812878e-06,3.943089268432232e-06,4.777253707288764e-06,4.0206487028626725e-06,7.593439477204811e-06,5.631191925203893e-06,4.308568804844981e-06
81,2654208,0.0002888000000000003,3.7493513188940373,3.6850985031874366,0.1875,0.18125,0.030833087861537933,6.937945365905762,2.3396960386889987e-05,0.0,-0.7106603384017944,1,0,0.9999024868011475,303.41311033099674,0.9999024868011475,5.156179395271465e-05,4.098050794709707e-06,3.561796802387107e-06,3.880252734234091e-06,4.717610863735899e-06,3.863750407617772e-06,4.680156962422188e-06,3.939659563911846e-06,7.434191047650529e-06,5.515624707186362e-06,4.221481503918767e-06
82,2686976,0.00028866000000000026,3.7926210907850564,3.6985493246339827,0.03125,0.175,0.05947615206241608,7.119218349456787,2.3144491933635436e-05,0.0,-0.7103725671768188,1,0,0.999903678894043,305.41887453549316,0.999903678894043,5.0846723752329126e-05,4.058052581967786e-06,3.5272614695713855e-06,3.8424755075539e-06,4.671217993745813e-06,3.826137799478602e-06,4.634149718185654e-06,3.901281615981134e-06,7.358801667578518e-06,5.460863121697912e-06,4.18020272263675e-06
83,2719744,0.0002885200000000003,3.7653453035607845,3.7315017166485474,0.125,0.15625,0.08313541114330292,19.562511444091797,2.309910451003816e-05,0.0,-0.7112172245979309,1,0,0.9999037981033325,307.520254624707,0.9999037981033325,5.071582563687116e-05,4.050710685987724e-06,3.5209197903895983e-06,3.8355346987373196e-06,4.662700121116359e-06,3.819229732471285e-06,4.6257082431111485e-06,3.894233941537095e-06,7.344962341448991e-06,5.4508118410012685e-06,4.172622993792174e-06
84,2752512,0.0002883800000000003,3.8371913150645818,3.766048092671258,0.140625,0.15625,-0.03457805886864662,8.023904800415039,2.2818023353465833e-05,0.0,-0.7125073075294495,1,0,0.9999051094055176,309.3782835749715,0.9999051094055176,4.992156755179167e-05,4.006009930890286e-06,3.4823146961571183e-06,3.793313226196915e-06,4.610853920894442e-06,3.777191523113288e-06,4.574287231662311e-06,3.851337169180624e-06,7.2607431320648175e-06,5.3896264944341965e-06,4.126494786760304e-06
85,2785280,0.0002882400000000003,3.4525180834775173,3.727857516756515,0.09375,0.1390625,0.0708194226026535,5.570272445678711,2.2518355763168074e-05,0.0,-0.7127494215965271,1,0,0.9999066591262817,311.2054160542872,0.9999066591262817,4.9089736421592534e-05,3.958921752200695e-06,3.4416577818774385e-06,3.748846665985184e-06,4.556261046673171e-06,3.73292141375714e-06,4.5201613829704e-06,3.8061689338064753e-06,7.172127880039625e-06,5.325213805917883e-06,4.077924131706823e-06
86,2818048,0.00028810000000000033,3.329684263972396,3.693092397925202,0.078125,0.1265625,-0.03944199159741402,7.366522789001465,2.2368265490513295e-05,0.0,-0.7129889726638794,1,0,0.9999072551727295,313.1458739500109,0.9999072551727295,4.8662615881767124e-05,3.934632331947796e-06,3.4206850614282303e-06,3.72591671293776e-06,4.528103090706281e-06,3.710088321895455e-06,4.492235348152462e-06,3.7828699532838073e-06,7.126437594706658e-06,5.2920008783985395e-06,4.052869371662382e-06
87,2850816,0.00028796000000000035,3.737985370714786,3.6648231278338628,0.203125,0.1421875,0.059213027358055115,9.819314002990723,2.209783997386694e-05,0.0,-0.7124580144882202,1,0,0.9999085664749146,314.81309758523486,0.9999085664749146,4.791275932802819e-05,3.8918019527045544e-06,3.383675675650011e-06,3.685478532133857e-06,4.478454229683848e-06,3.6698290841741255e-06,4.443001216714038e-06,3.7417851217469433e-06,7.045906386338174e-06,5.233437605056679e-06,4.008668383903569e-06
88,2883584,0.0002878200000000003,3.3067208025333716,3.6185008532673413,0.125,0.1390625,0.10730478167533875,16.420978546142578,2.1776042558485642e-05,0.0,-0.711963415145874,1,0,0.9999098777770996,316.4771350078536,0.9999098777770996,4.700430508819409e-05,3.839586952381069e-06,3.338574288136442e-06,3.6361775528348517e-06,4.417934178491123e-06,3.6207509310770547e-06,4.3829977585119195e-06,3.691695610541501e-06,6.947808742552297e-06,5.162090019439347e-06,3.954814019380137e-06
89,2916352,0.00028768000000000034,3.3688957608569137,3.5765128048088095,0.15625,0.1296875,0.14143067598342896,28.227638244628906,2.16949683817802e-05,0.0,-0.7111315131187439,1,0,0.9999103546142578,318.3920614883291,0.9999103546142578,4.6787012252025306e-05,3.827046384685673e-06,3.3277394777542213e-06,3.6243386603018735e-06,4.40339954366209e-06,3.608966153478832e-06,4.368582267488819e-06,3.6796589029108873e-06,6.924270110175712e-06,5.144964688952314e-06,3.941888735425891e-06
90,2949120,0.00028754000000000035,3.2967960920701045,3.563710940192955,0.171875,0.13125,-0.027408763766288757,13.964431762695312,2.1577778170467354e-05,0.0,-0.7120542526245117,1,0,0.9999109506607056,320.18971873593847,0.9999109506607056,4.6458328142762184e-05,3.808044311881531e-06,3.311317414045334e-06,3.6063809147890424e-06,4.381368398753693e-06,3.591087988752406e-06,4.3467334762681276e-06,3.6614128475775942e-06,6.8885888140357565e-06,5.118979515827959e-06,3.922283212887123e-06
91,2981888,0.00028740000000000037,3.867876615964688,3.5755634699000196,0.078125,0.1203125,-0.02529379352927208,4.785618782043457,2.137677074642852e-05,0.0,-0.714015781879425,1,0,0.999911904335022,321.9991981450292,0.999911904335022,4.590936441672966e-05,3.7761944895464694e-06,3.283794512753957e-06,3.5762859624810517e-06,4.344454282545485e-06,3.561127186912927e-06,4.310123131290311e-06,3.63084154741955e-06,6.828798177593853e-06,5.07545792061137e-06,3.889425897796173e-06
92,3014656,0.0002872600000000004,3.8397220710358493,3.5802735679250994,0.03125,0.1203125,-0.07651060074567795,5.903487205505371,2.1317217033356428e-05,0.0,-0.7147207856178284,1,0,0.9999121427536011,323.9351171003283,0.9999121427536011,4.574299600790255e-05,3.7665204217773862e-06,3.275431708971155e-06,3.567144631233532e-06,4.333237484388519e-06,3.5520276924216887e-06,4.298999101592926e-06,3.6215499221725622e-06,6.8106414801150095e-06,5.06224296259461e-06,3.879446467180969e-06
93,3047424,0.0002871200000000004,3.771326477601812,3.580871685329202,0.0,0.1078125,0.033794138580560684,4.745028495788574,2.0979179680580273e-05,0.0,-0.7158445715904236,1,0,0.9999136924743652,325.66603452373266,0.9999136924743652,4.4809577957494184e-05,3.7120091747055994e-06,3.2283298878610367e-06,3.51565995515557e-06,4.270085355528863e-06,3.5007715268875472e-06,4.23636993218679e-06,3.569236014300259e-06,6.708414275635732e-06,4.987794909538934e-06,3.823224687948823e-06
94,3080192,0.0002869800000000004,3.7668409228515167,3.573836646107895,0.078125,0.1015625,-0.00709393247961998,5.949833869934082,2.0772220523213036e-05,0.0,-0.7191004753112793,1,0,0.9999146461486816,327.41408541492075,0.9999146461486816,4.42439632024616e-05,3.6788080706173787e-06,3.1996376037568552e-06,3.4842912555177463e-06,4.231617822370026e-06,3.469552439128165e-06,4.198214355710661e-06,3.5373689115658635e-06,6.646155725320568e-06,4.942461600876413e-06,3.7889819850533968e-06
95,3112960,0.00028684000000000045,3.5306154747588794,3.581646385236032,0.375,0.1296875,0.020701192319393158,21.831462860107422,2.056948869721964e-05,0.0,-0.7198240160942078,1,0,0.9999154806137085,328.8507970108192,0.9999154806137085,4.368739973870106e-05,3.6459796319832094e-06,3.1712786494608736e-06,3.453303861533641e-06,4.193624135950813e-06,3.438702606217703e-06,4.160537173447665e-06,3.5058897083217744e-06,6.584674338228069e-06,4.897674898529658e-06,3.755127409021952e-06
96,3145728,0.00028670000000000046,3.870671090439779,3.6357450678827705,0.296875,0.1515625,-0.02127983048558235,21.88983917236328,2.038822276517749e-05,0.0,-0.7205822467803955,1,0,0.9999163150787354,330.2893542993684,0.9999163150787354,4.319324580137618e-05,3.6167018606647616e-06,3.1459842375625158e-06,3.425632257858524e-06,4.159715444984613e-06,3.411158104427159e-06,4.1269031498814e-06,3.477780182947754e-06,6.5298486333631445e-06,4.857724889006931e-06,3.724941507243784e-06
97,3178496,0.0002865600000000005,3.774245836396088,3.6393711144509004,0.375,0.16875,-0.020376726984977722,16.054664611816406,2.0260224118828773e-05,0.0,-0.7204667329788208,1,0,0.9999169111251831,331.80271371824523,0.9999169111251831,4.284524766262621e-05,3.596010174078401e-06,3.1280926577892387e-06,3.406088808333152e-06,4.135742528887931e-06,3.3916971915459726e-06,4.103131686861161e-06,3.4579256862343755e-06,6.491109616035828e-06,4.829472800338408e-06,3.703602033056086e-06
98,3211264,0.00028642000000000045,3.5661253929061454,3.665311573488178,0.125,0.16875,-0.020402539521455765,6.639247894287109,2.012768163695e-05,0.0,-0.7213249206542969,1,0,0.9999175071716309,333.44565665819255,0.9999175071716309,4.248315599397756e-05,3.5744033084483817e-06,3.109422095803893e-06,3.3856813388410956e-06,4.1107241486315615e-06,3.37137885253469e-06,4.078333859069971e-06,3.4371946640021633e-06,6.450705313909566e-06,4.800006081495667e-06,3.6813314636674477e-06
99,3244032,0.00028628000000000046,3.8213856026225024,3.7105605576647362,0.5,0.203125,0.07101535052061081,19.842653274536133,1.9961060388595797e-05,0.0,-0.720203161239624,1,0,0.9999182224273682,334.80936648514995,0.9999182224273682,4.203143180347979e-05,3.547381083990331e-06,3.0860269362165127e-06,3.360156142662163e-06,4.0794066080707125e-06,3.3459650694567244e-06,4.047274615004426e-06,3.4112554203602485e-06,6.400149686669465e-06,4.763109700434143e-06,3.6534520404529758e-06
100,3276800,0.0002861400000000005,3.1092826490567584,3.6918092133634017,0.421875,0.228125,0.04429546743631363,43.61297607421875,1.9836776118609123e-05,0.0,-0.7219277024269104,1,0,0.9999189376831055,336.2154921708839,0.9999189376831055,4.170437023276463e-05,3.5277287224744214e-06,3.069038939429447e-06,3.341598812767188e-06,4.056656052853214e-06,3.327492095195339e-06,4.024707322969334e-06,3.3923959108506097e-06,6.363436568790348e-06,4.736302344099386e-06,3.6331841783976415e-06
101,3309568,0.0002860000000000005,2.906160715489042,3.595637623315837,0.375,0.2578125,0.09944209456443787,17.901268005371094,1.971785786736291e-05,0.0,-0.721630871295929,1,0,0.9999194145202637,337.6418681245332,0.9999194145202637,4.137254290981218e-05,3.5077225675195223e-06,3.0517446703015594e-06,3.322717702758382e-06,4.033515779156005e-06,3.3086907933466136e-06,4.001752586191287e-06,3.3732119391061133e-06,6.3260458773584105e-06,4.7090470616240054e-06,3.612552518461598e-06
102,3342336,0.0002858600000000005,3.188982900012263,3.5305637062134787,0.453125,0.3,-0.06908319890499115,25.438201904296875,1.965545743587427e-05,0.0,-0.7228038311004639,1,0,0.9999196529388428,339.16808052927917,0.9999196529388428,4.120933226658963e-05,3.4978559142473387e-06,3.0432240691879997e-06,3.313402885396499e-06,4.022107987111667e-06,3.299415084256907e-06,3.990434834122425e-06,3.363745690876385e-06,6.307631792878965e-06,4.695603365689749e-06,3.602383912948426e-06
103,3375104,0.0002857200000000005,2.9073669826490813,3.4441677567182056,0.34375,0.334375,0.057579562067985535,32.92988586425781,1.956318737939e-05,0.0,-0.723787248134613,1,0,0.9999200105667114,340.5951414229424,0.9999200105667114,4.095760959899053e-05,3.4826355204131687e-06,3.0300543585326523e-06,3.2990196814353112e-06,4.004457878181711e-06,3.285092816440738e-06,3.972931153839454e-06,3.349131475260947e-06,6.279161425482016e-06,4.674846422858536e-06,3.5866744383383775e-06
104,3407872,0.0002855800000000005,2.97485830487144,3.364969494920198,0.453125,0.371875,-0.05808580666780472,46.53404998779297,1.9519102352205664e-05,0.0,-0.7234485745429993,1,0,0.9999202489852905,342.15011023789657,0.9999202489852905,4.084173633600585e-05,3.475612402326078e-06,3.0239636998885544e-06,3.2923699109232984e-06,3.9963247218111064e-06,3.2784710128908046e-06,3.964870302297641e-06,3.3423807508370373e-06,6.266037416935433e-06,4.665262622438604e-06,3.579441454348853e-06
105,3440640,0.0002854400000000005,3.1961360715743035,3.3315215546017405,0.46875,0.38125,-0.02075991779565811,44.60527038574219,1.9475210137898102e-05,0.0,-0.7236443758010864,1,0,0.9999203681945801,343.6660869984501,0.9999203681945801,4.0719001844991e-05,3.4681891065702075e-06,3.0175112897268264e-06,3.285338152636541e-06,3.987683612649562e-06,3.2714690405555302e-06,3.956296040996676e-06,3.335242354296497e-06,6.252100774872815e-06,4.655121756513836e-06,3.5717694117920473e-06
106,3473408,0.00028530000000000054,2.829108131175401,3.2273652586753023,0.359375,0.3875,-0.06241319328546524,30.85312271118164,1.9386243366170675e-05,0.0,-0.7234324216842651,1,0,0.9999209642410278,345.0451946677102,0.9999209642410278,4.049171184306033e-05,3.4543800211395137e-06,3.005536882483284e-06,3.2722698506404413e-06,3.971685146098025e-06,3.2584555356152123e-06,3.940430815418949e-06,3.3219689612451475e-06,6.226292953215307e-06,4.636289759218926e-06,3.557541049303836e-06
107,3506176,0.00028516000000000056,2.695101140685627,3.1194507891042567,0.296875,0.3796875,0.0002467930316925049,39.65316390991211,1.930288999574259e-05,0.0,-0.723676323890686,1,0,0.9999212026596069,346.3840029145881,0.9999212026596069,4.026072929264046e-05,3.4402967230562354e-06,2.9933746645838255e-06,3.2589662168902578e-06,3.9553979149786755e-06,3.2452142022521002e-06,3.924276370526059e-06,3.30845045937167e-06,6.200033112691017e-06,4.617123977368465e-06,3.5430168736638734e-06
108,3538944,0.0002850200000000006,2.737355352615739,3.0365737850752157,0.234375,0.390625,0.023969009518623352,41.893768310546875,1.9251423509558663e-05,0.0,-0.7237176299095154,1,0,0.999921441078186,347.8066044774824,0.999921441078186,4.012344288639724e-05,3.431882532822783e-06,2.9861614621040644e-06,3.25102632814378e-06,3.945708613173338e-06,3.237314103898825e-06,3.91466346627567e-06,3.3003873340931023e-06,6.18436797594768e-06,4.605703452398302e-06,3.5343380204722052e-06
109,3571712,0.00028488000000000054,2.6275083966524218,2.9171860644782077,0.265625,0.3671875,-0.025633670389652252,25.869247436523438,1.9215904103475623e-05,0.0,-0.7244279384613037,1,0,0.9999216794967651,349.31213903953727,0.9999216794967651,4.003290450782515e-05,3.4263368888787227e-06,2.9813759283570107e-06,3.2457853649248136e-06,3.93931804865133e-06,3.2320956506737275e-06,3.908326561941067e-06,3.295057240393362e-06,6.174045211082557e-06,4.598151917889481e-06,3.528620027282159e-06
110,3604480,0.0002847400000000005,2.979641019992015,2.9042219015717334,0.3125,0.35625,0.03205370157957077,37.27975845336914,1.9130338841932826e-05,0.0,-0.7249124050140381,1,0,0.9999220371246338,350.51337835583996,0.9999220371246338,3.9802871469873935e-05,3.4122967917937785e-06,2.9692216685361927e-06,3.2325096981367096e-06,3.922984888049541e-06,3.218875690436107e-06,3.892129370797193e-06,3.2815767099236837e-06,6.1477653616748285e-06,4.578960670187371e-06,3.5141304124408634e-06
111,3637248,0.0002846000000000005,2.1735113713687273,2.8309569671597017,0.203125,0.3390625,-0.08734481781721115,26.42399787902832,1.905033968796488e-05,0.0,-0.7242181301116943,1,0,0.9999223947525024,351.8009837224636,0.9999223947525024,3.9589216612512246e-05,3.3991825603152392e-06,2.957917558887857e-06,3.2201387512031943e-06,3.907803602487547e-06,3.206554083590163e-06,3.877070867019938e-06,3.2690056741557783e-06,6.1233449741848744e-06,4.561132755043218e-06,3.5005950849154033e-06
112,3670016,0.00028446000000000054,2.1571232142890095,2.7277709985873764,0.203125,0.3140625,-0.009449861943721771,29.222789764404297,1.8979135347763076e-05,0.0,-0.7230600714683533,1,0,0.9999227523803711,353.08688073505,0.9999227523803711,3.9401656977133825e-05,3.3876726774906274e-06,2.9479688237188384e-06,3.2092625588120427e-06,3.8944413063290995e-06,3.1957297323970124e-06,3.863818164973054e-06,3.2579641811025795e-06,6.1018481574137695e-06,4.545427600533003e-06,3.488708443910582e-06
113,3702784,0.00028432000000000056,2.4249666914220644,2.6795309694646745,0.140625,0.29375,0.02137680910527706,25.966045379638672,1.8902077499660663e-05,0.0,-0.7239737510681152,1,0,0.9999231100082397,354.35050663155897,0.9999231100082397,3.91967041650787e-05,3.3750234251783695e-06,2.937073759312625e-06,3.1973220302461414e-06,3.879851647070609e-06,3.1838364975556033e-06,3.849343102046987e-06,3.245830157538876e-06,6.078304522816325e-06,4.528226327238372e-06,3.4756751574605005e-06
114,3735552,0.0002841800000000006,2.2924718755856905,2.6112923265360997,0.2604166666666667,0.27447916666666666,0.10100515931844711,41.581233978271484,1.8837024981621653e-05,0.0,-0.7234591245651245,1,0,0.9999233484268188,355.57647187407645,0.9999233484268188,3.902126627508551e-05,3.364201120348298e-06,2.9277396151883295e-06,3.1870940802036785e-06,3.8673292692692485e-06,3.17365447699558e-06,3.836918949673418e-06,3.2354407721868483e-06,6.058115104679018e-06,4.513473868428264e-06,3.464503606664948e-06
115,3768320,0.0002840400000000006,1.9578673024426507,2.4874654496229347,0.21875,0.24947916666666664,0.04554888606071472,31.996944427490234,1.8755679775495082e-05,0.0,-0.7228086590766907,1,0,0.9999237060546875,356.8104564282679,0.9999237060546875,3.880463191308081e-05,3.3508022170281038e-06,2.9161592465243302e-06,3.1744395982968854e-06,3.851827841572231e-06,3.1610597943654284e-06,3.821553491434315e-06,3.2225852919509634e-06,6.03316948399879e-06,4.495244866120629e-06,3.4506888368923683e-06
116,3801088,0.0002839000000000006,2.073711795778825,2.4119258160832766,0.234375,0.23697916666666669,0.04096102714538574,39.038909912109375,1.8687760530156083e-05,0.0,-0.7234714031219482,1,0,0.9999239444732666,358.12503842023125,0.9999239444732666,3.862023004330695e-05,3.3393855574104236e-06,2.9062819066894008e-06,3.163654355375911e-06,3.838619704765733e-06,3.150319571432192e-06,3.808456767728785e-06,3.211627017662977e-06,6.0118968576716725e-06,4.479693870962365e-06,3.4389154279779177e-06
117,3833856,0.00028376000000000063,2.006744755821728,2.3430901775968866,0.203125,0.2276041666666667,0.02474452555179596,15.766900062561035,1.862821591203101e-05,0.0,-0.7225900292396545,1,0,0.9999243021011353,359.4748433519719,0.9999243021011353,3.846798790618777e-05,3.3299479582638014e-06,2.898079401347786e-06,3.1547162961942377e-06,3.8277203202596866e-06,3.1414163004228612e-06,3.797642875724705e-06,3.202550715286634e-06,5.994323146296665e-06,4.466828613658436e-06,3.4291963402210968e-06
118,3866624,0.0002836200000000006,1.8486996460685785,2.254224606942171,0.15625,0.2197916666666667,-0.04010995477437973,22.081619262695312,1.8582890334073454e-05,0.0,-0.723466694355011,1,0,0.9999244213104248,360.8688600541161,0.9999244213104248,3.83429869543761e-05,3.3222022466361523e-06,2.8913548248965526e-06,3.1473841772822198e-06,3.8187326936167665e-06,3.13411828756216e-06,3.78873733097862e-06,3.195110366505105e-06,5.979867182759335e-06,4.456260285223834e-06,3.42120051755046e-06
119,3899392,0.0002834800000000006,2.1429357130261883,2.2057673385795473,0.21875,0.2151041666666667,-0.0666922926902771,20.755512237548828,1.8526759959058836e-05,0.0,-0.7239296436309814,1,0,0.9999247789382935,362.1670669034443,0.9999247789382935,3.8201018469408154e-05,3.3133692340925336e-06,2.8836977890023263e-06,3.139022055620444e-06,3.8085399864939973e-06,3.1257914088200778e-06,3.7786276152473874e-06,3.1866215977061074e-06,5.963421699561877e-06,4.444234036782291e-06,3.4120978398277657e-06
120,3932160,0.0002833400000000006,2.388583586028923,2.1466615951832386,0.3125,0.2151041666666667,-0.01629529893398285,27.906715393066406,1.850238550105132e-05,0.0,-0.7244152426719666,1,0,0.999924898147583,363.5709173328888,0.999924898147583,3.813721559708938e-05,3.309390649519628e-06,2.8802705855923705e-06,3.1352585665445076e-06,3.8039520404709037e-06,3.122046791759203e-06,3.774076049012365e-06,3.182801037837635e-06,5.956022050668253e-06,4.438817086338531e-06,3.4079973829648225e-06
121,3964928,0.00028320000000000054,2.7208810770313883,2.2013985657495043,0.328125,0.2276041666666667,-0.06052020564675331,27.84421157836914,1.845335827965755e-05,0.0,-0.7233324646949768,1,0,0.9999250173568726,364.8051391797869,0.9999250173568726,3.80020537704695e-05,3.3009559956553858e-06,2.873001221814775e-06,3.1273036711354507e-06,3.7942211292829597e-06,3.1141253202804364e-06,3.7644213080056943e-06,3.174713356202119e-06,5.940356004430214e-06,4.427373369253473e-06,3.3992985208897153e-06
122,3997696,0.00028306000000000056,2.741962501347147,2.259882494455318,0.328125,0.2401041666666667,0.038120705634355545,30.27447509765625,1.8376305888523348e-05,0.0,-0.723114013671875,1,0,0.9999253749847412,365.8750718945764,0.9999253749847412,3.779947655857541e-05,3.288320158389979e-06,2.8620934244827367e-06,3.115374283879646e-06,3.7795996377099073e-06,3.1022491384646855e-06,3.7499180507438723e-06,3.162590928695863e-06,5.9168146435695235e-06,4.410164820001228e-06,3.386276603123406e-06
123,4030464,0.0002829200000000006,2.942116884442589,2.3115975137573708,0.40625,0.2666666666666667,0.06737430393695831,35.799739837646484,1.833400528994389e-05,0.0,-0.7232931852340698,1,0,0.9999257326126099,367.09046652270695,0.9999257326126099,3.7697893276344985e-05,3.281986209913157e-06,2.8565807497216156e-06,3.1093734378373483e-06,3.7722727483924245e-06,3.0962737582740374e-06,3.7426561902975664e-06,3.1564993605570635e-06,5.905013040319318e-06,4.4015105231665075e-06,3.379747340659378e-06
124,4063232,0.0002827800000000006,2.8065385014860413,2.3630041763474057,0.265625,0.2671875,-0.04411263018846512,26.277870178222656,1.827153391786851e-05,0.0,-0.725298285484314,1,0,0.999925971031189,368.14716309572884,0.999925971031189,3.753127748495899e-05,3.2715590805310057e-06,2.84751854451315e-06,3.099497689618147e-06,3.76024854631396e-06,3.086436436205986e-06,3.730729531525867e-06,3.1464708172279643e-06,5.885628524993081e-06,4.387313765619183e-06,3.369013029441703e-06
125,4096000,0.0002826400000000006,3.210984654361396,2.4883159115392806,0.390625,0.284375,-0.03362152725458145,40.923404693603516,1.8234102753922343e-05,0.0,-0.7247569561004639,1,0,0.9999260902404785,369.2941655324725,0.9999260902404785,3.7429948861245066e-05,3.2652199024596484e-06,2.8420276976248715e-06,3.0934975256968755e-06,3.7528971006395295e-06,3.0804676498519257e-06,3.7234365208860254e-06,3.14037947646284e-06,5.8738091865961906e-06,4.378669473226182e-06,3.3624717161728768e-06
126,4128768,0.00028250000000000063,3.4709542893993848,2.628040160901336,0.421875,0.303125,-0.0742124617099762,36.55192565917969,1.8198903489974327e-05,0.0,-0.7258850336074829,1,0,0.9999262094497681,370.46323157724794,0.9999262094497681,3.733533594640903e-05,3.2592713523627026e-06,2.8368531275191344e-06,3.0878622965246905e-06,3.7460608837136533e-06,3.0748558401683113e-06,3.716653509400203e-06,3.134658982162364e-06,5.862807483936194e-06,4.370601800474105e-06,3.356346724103787e-06
127,4161536,0.00028236000000000065,3.2207294100583344,2.7494386263249972,0.4375,0.3265625,0.07285705953836441,58.24485778808594,1.8181421182816848e-05,0.0,-0.7270225286483765,1,0,0.9999263286590576,371.76125109067397,0.9999263286590576,3.729185482370667e-05,3.256534682805068e-06,2.834474116752972e-06,3.085269327129936e-06,3.742911530935089e-06,3.072271283599548e-06,3.713532578331069e-06,3.1320296329795383e-06,5.857733412995003e-06,4.366894245322328e-06,3.3535279726493172e-06
128,4194304,0.00028222000000000067,2.8320015696381806,2.847768818681957,0.3125,0.3421875,-0.11719706654548645,34.502647399902344,1.8158167222281918e-05,0.0,-0.727446436882019,1,0,0.9999263286590576,372.993997165983,0.9999263286590576,3.722462497535162e-05,3.252298029110534e-06,2.8307999855314847e-06,3.081255727011012e-06,3.7380425510491477e-06,3.0682772376167122e-06,3.7087015698489267e-06,3.127952140857815e-06,5.849884018971352e-06,4.361146238807123e-06,3.349165353938588e-06
129,4227072,0.0002820800000000007,2.5913715136439217,2.8926123987437307,0.234375,0.34375,0.03249516710639,21.46164321899414,1.809563400456682e-05,0.0,-0.7277471423149109,1,0,0.9999266862869263,374.10295895673147,0.9999266862869263,3.706449206219986e-05,3.2422221920569427e-06,2.8221052161825355e-06,3.071750597882783e-06,3.7263976082613226e-06,3.0588153094868176e-06,3.6971482586523052e-06,3.1182914881355828e-06,5.831160251545953e-06,4.347465164755704e-06,3.3387734674761305e-06
130,4259840,0.00028194000000000065,2.826994018733993,2.936453442014238,0.25,0.3375,-0.002310127019882202,38.07788848876953,1.807681837817654e-05,0.0,-0.7281649708747864,1,0,0.9999268054962158,375.3665602554731,0.9999268054962158,3.701758396346122e-05,3.239283387301839e-06,2.8195524919283343e-06,3.0689693630847614e-06,3.7229847293929197e-06,3.056045443372568e-06,3.6937656204827363e-06,3.1154677344602533e-06,5.825674179504858e-06,4.343446107668569e-06,3.3357407573930686e-06
131,4292608,0.0002818000000000006,2.7002601986058994,2.934391354171688,0.3125,0.3359375,-0.01231187954545021,40.734188079833984,1.8060754882753827e-05,0.0,-0.7288758754730225,1,0,0.9999268054962158,376.6195002556836,0.9999268054962158,3.697154170367867e-05,3.2363684567826567e-06,2.8170450150355464e-06,3.0662079097965034e-06,3.719630967680132e-06,3.0532953587680822e-06,3.6904380067426246e-06,3.1126642170420382e-06,5.8202822401653975e-06,4.33951709055691e-06,3.33273283104063e-06
132,4325376,0.00028166000000000063,2.536284405041952,2.913823544541169,0.203125,0.3234375,-0.08693051338195801,16.540802001953125,1.802598126232624e-05,0.0,-0.7281155586242676,1,0,0.9999269247055054,377.803591405161,0.9999269247055054,3.687804928631522e-05,3.2304976684827125e-06,2.8119402486481704e-06,3.0606511245423462e-06,3.712815896506072e-06,3.0477597192657413e-06,3.6836802337347763e-06,3.1070235309016425e-06,5.809347385365982e-06,4.331512627686607e-06,3.326681053295033e-06
133,4358144,0.00028152000000000065,2.596052502570258,2.8792171063539365,0.28125,0.3109375,0.004715301096439362,17.842632293701172,1.79836388269905e-05,0.0,-0.727932333946228,1,0,0.9999271631240845,378.923961896733,0.9999271631240845,3.676993219414726e-05,3.223708972655004e-06,2.806036491165287e-06,3.0542198601324344e-06,3.7049503589514643e-06,3.041358013433637e-06,3.675880179798696e-06,3.100494950558641e-06,5.7966872191173024e-06,4.3222330532444175e-06,3.319677716717706e-06
134,4390912,0.00028138000000000067,2.338098678764392,2.832373124081771,0.125,0.296875,0.043269384652376175,19.833641052246094,1.7950707842828706e-05,0.0,-0.7285833358764648,1,0,0.999927282333374,380.16659878986087,0.999927282333374,3.668115095933899e-05,3.2181160349864513e-06,2.8011920676362934e-06,3.0489381970255636e-06,3.6984765756642446e-06,3.0360984055732843e-06,3.6694566460937494e-06,3.0951302960602334e-06,5.786281690234318e-06,4.314614670875017e-06,3.3139021979877725e-06
135,4423680,0.0002812400000000007,2.4821531129810737,2.759489969943739,0.171875,0.275,0.059444889426231384,16.443099975585938,1.7916849174071103e-05,0.0,-0.7283912897109985,1,0,0.9999274015426636,381.38627456181206,0.9999274015426636,3.65913292625919e-05,3.2124373774422565e-06,2.7962921649304917e-06,3.043572633032454e-06,3.691915026138304e-06,3.0307587621791754e-06,3.6629469377658097e-06,3.0896803764335345e-06,5.775741101388121e-06,4.306902610551333e-06,3.308054829176399e-06
136,4456448,0.0002811000000000007,2.8611228908195274,2.698506830085753,0.25,0.2578125,-0.013953208923339844,21.850515365600586,1.78643167600967e-05,0.0,-0.7300386428833008,1,0,0.9999277591705322,382.4521741756316,0.9999277591705322,3.646081677288748e-05,3.2042080420069396e-06,2.7891578611161094e-06,3.0357959985849448e-06,3.6823557820753194e-06,3.0230150969146052e-06,3.653469548225985e-06,3.0817773222224787e-06,5.760396106779808e-06,4.2956899051205255e-06,3.2995615129038924e-06
137,4489216,0.0002809600000000007,2.484528616718812,2.6248867507518012,0.25,0.2390625,-0.09318980574607849,20.70111656188965,1.78328191395849e-05,0.0,-0.7308909296989441,1,0,0.9999278783798218,383.6182182237283,0.9999278783798218,3.637739791884087e-05,3.1989354738470865e-06,2.78459765468142e-06,3.0308065106510185e-06,3.676247388284537e-06,3.018049255842925e-06,3.647412313512177e-06,3.0767150747124106e-06,5.750571290263906e-06,4.288502623239765e-06,3.294125690445071e-06
138,4521984,0.00028082000000000074,2.654886916358821,2.6071752854238652,0.28125,0.2359375,0.07155001163482666,15.277225494384766,1.7791951904655434e-05,0.0,-0.7302005290985107,1,0,0.9999279975891113,384.7824966754044,0.9999279975891113,3.62669670721516e-05,3.191942141711479e-06,2.7785549718828406e-06,3.024192210432375e-06,3.668168346848688e-06,3.01146246783901e-06,3.639403985289391e-06,3.069994590987335e-06,5.737556875828886e-06,4.2789838516910095e-06,3.2869240840227576e-06
139,4554752,0.0002806800000000007,2.545049990280619,2.602543133087534,0.328125,0.2453125,0.01596636325120926,22.05113983154297,1.774247721186839e-05,0.0,-0.7310888767242432,1,0,0.9999282360076904,385.8739639537842,0.9999282360076904,3.613875014707446e-05,3.183825583619182e-06,2.7715450414689258e-06,3.016530854438315e-06,3.658750301838154e-06,3.0038336262805387e-06,3.6300662031862885e-06,3.0622143185610184e-06,5.722458809032105e-06,4.267956683179364e-06,3.2785469556984026e-06
140,4587520,0.0002805400000000007,2.0844803417048388,2.52829176538462,0.171875,0.2375,0.06963875889778137,11.782094955444336,1.7702503100736067e-05,0.0,-0.7325643301010132,1,0,0.99992835521698,387.0841077370061,0.99992835521698,3.603076402214356e-05,3.1769620818522526e-06,2.7656233214656822e-06,3.01005684377742e-06,3.6508283756120363e-06,2.9973869004606968e-06,3.622206349973567e-06,3.055627757930779e-06,5.709719971491722e-06,4.258638000464998e-06,3.2714701774239074e-06
141,4620288,0.00028040000000000074,1.7929494808087352,2.4375606936049032,0.109375,0.2171875,0.022163670510053635,8.153120040893555,1.7668127838987857e-05,0.0,-0.732630729675293,1,0,0.9999285936355591,388.36925586197754,0.9999285936355591,3.594589725253172e-05,3.171571279381169e-06,2.7609569315245608e-06,3.0049691304157022e-06,3.644588105089497e-06,2.9923205602244707e-06,3.6160149647912476e-06,3.0504631922667613e-06,5.699689154425869e-06,4.251302470947849e-06,3.265909754190943e-06
142,4653056,0.00028026000000000076,1.488037902329454,2.332736043333653,0.140625,0.2109375,0.010869061574339867,5.04649019241333,1.7638749341131188e-05,0.0,-0.7318410277366638,1,0,0.9999287128448486,389.68569049730553,0.9999287128448486,3.586830644053407e-05,3.1666456834500423e-06,2.7566948119783774e-06,3.000310471179546e-06,3.6388928492669947e-06,2.987681682498078e-06,3.6103679121879395e-06,3.0457310913334368e-06,5.69053281651577e-06,4.244599040248431e-06,3.2608281799184624e-06
143,4685824,0.0002801200000000008,2.1765486345223013,2.290785656528857,0.21875,0.2046875,-0.10055192559957504,11.269903182983398,1.7634709365665913e-05,0.0,-0.7318069934844971,1,0,0.9999287128448486,390.9985333887837,0.9999287128448486,3.58569850504864e-05,3.16592377203051e-06,2.756074309218093e-06,2.9996326702530496e-06,3.6380631627253024e-06,2.9870063826820115e-06,3.609541636251379e-06,3.04504283121787e-06,5.689187219104497e-06,4.243619514454622e-06,3.260084667999763e-06
144,4718592,0.0002799800000000008,2.023622213469089,2.259338009999327,0.171875,0.209375,-0.008913202211260796,14.22724723815918,1.762119063641876e-05,0.0,-0.7315758466720581,1,0,0.9999288320541382,392.2238674254823,0.9999288320541382,3.582591671147384e-05,3.163950395901338e-06,2.754366732915514e-06,2.9977684334880905e-06,3.635781695265905e-06,2.9851530598534737e-06,3.6072781313123414e-06,3.0431501727434807e-06,5.685521500709001e-06,4.2409374145790935e-06,3.2580462629994145e-06
145,4751360,0.0002798400000000008,2.5054401012549197,2.2616667088267115,0.28125,0.2203125,-0.06875532120466232,11.884940147399902,1.759028236847371e-05,0.0,-0.7309746742248535,1,0,0.9999290704727173,393.3800593399909,0.9999290704727173,3.5744022170547396e-05,3.1587474040861707e-06,2.749863597273361e-06,2.992847157656797e-06,3.629757657108712e-06,2.9802524750266457e-06,3.6013013868796406e-06,3.0381515898625366e-06,5.675836291629821e-06,4.233850631862879e-06,3.2526793347642524e-06
146,4784128,0.00027970000000000084,2.3198557489116176,2.207539994635921,0.09375,0.2046875,0.11120114475488663,12.083730697631836,1.7565087546245195e-05,0.0,-0.7313739657402039,1,0,0.9999290704727173,394.58370272831286,0.9999290704727173,3.567842941265553e-05,3.154574869768112e-06,2.746246991591761e-06,2.988902679135208e-06,3.624928467615973e-06,2.976327323267469e-06,3.596513352022157e-06,3.0341470846906304e-06,5.668079666065751e-06,4.228177203913219e-06,3.2483799259352963e-06
147,4816896,0.00027956000000000085,2.3943190859901797,2.1985190415630576,0.234375,0.203125,-0.010897006839513779,21.904361724853516,1.7509304598206654e-05,0.0,-0.7309421300888062,1,0,0.9999293088912964,395.66958861852953,0.9999293088912964,3.553313945303671e-05,3.1453232622880023e-06,2.738227067311527e-06,2.980142426167731e-06,3.614214620029088e-06,2.967606860693195e-06,3.5858870433003176e-06,3.0252517717599403e-06,5.65086338610854e-06,4.215592070977436e-06,3.2388404633820755e-06
148,4849664,0.0002794200000000008,2.753054602579121,2.2083358101850874,0.4375,0.21875,-0.08612117916345596,20.669540405273438,1.7485732314526103e-05,0.0,-0.7317922115325928,1,0,0.9999294281005859,396.7302514436992,0.9999294281005859,3.54729090759065e-05,3.141483375657117e-06,2.734899680945091e-06,2.9765212730126223e-06,3.609785380831454e-06,2.9639982130902354e-06,3.5814921375276754e-06,3.0215701372071635e-06,5.643733402393991e-06,4.210365659673698e-06,3.234883479308337e-06
149,4882432,0.00027928000000000084,2.6222377949946916,2.2160545906564946,0.40625,0.2265625,0.036364518105983734,23.372753143310547,1.7441929230699316e-05,0.0,-0.733210027217865,1,0,0.999929666519165,397.7235980249149,0.999929666519165,3.5361521440790966e-05,3.1343768114311388e-06,2.728757181102992e-06,2.9698078378714854e-06,3.6015885598317254e-06,2.9573129722848535e-06,3.5733562526729656e-06,3.0147518828016473e-06,5.6305420912394766e-06,4.200696366751799e-06,3.227550223527942e-06
150,4915200,0.00027914000000000085,2.1391286661099262,2.221519423097004,0.3125,0.240625,0.10838454961776733,19.709407806396484,1.73990356415743e-05,0.0,-0.7319637537002563,1,0,0.9999297857284546,398.7544698271834,0.9999297857284546,3.52458082488738e-05,3.126984665868804e-06,2.7223527467867825e-06,2.9628236006828956e-06,3.5930463582189986e-06,2.9503553378162906e-06,3.5648913581098896e-06,3.007656459885766e-06,5.6168241826526355e-06,4.190637810097542e-06,3.219932295905892e-06
151,4947968,0.00027900000000000087,2.418258309872029,2.2840503060033326,0.234375,0.253125,-0.05842871963977814,12.96153450012207,1.7379436030751094e-05,0.0,-0.7315971851348877,1,0,0.9999299049377441,399.8727954862331,0.9999299049377441,3.5197077522752807e-05,3.1238762403518194e-06,2.719659732974833e-06,2.959886842290871e-06,3.5894440770789515e-06,2.9474333587131696e-06,3.5613138607004657e-06,3.004678092111135e-06,5.611031610897044e-06,4.186400019534631e-06,3.2167222343559843e-06
152,4980736,0.0002788600000000009,2.539429835408841,2.3891894993112714,0.34375,0.2734375,-0.07429991662502289,26.10285186767578,1.735078876663465e-05,0.0,-0.7302241325378418,1,0,0.9999300241470337,400.9465706048039,0.9999300241470337,3.5122437111567706e-05,3.1191075322567485e-06,2.7155340376339154e-06,2.9553852982644457e-06,3.5839202610077336e-06,2.9429481855913764e-06,3.555836883606389e-06,3.000100150529761e-06,5.6021567615971435e-06,4.17992578150006e-06,3.2118059607455507e-06
153,5013504,0.0002787200000000009,2.567910032785513,2.4283256391375927,0.25,0.2765625,0.11189131438732147,31.037715911865234,1.730824078549631e-05,0.0,-0.7323662638664246,1,0,0.9999301433563232,401.9726919544629,0.9999301433563232,3.5008379200007766e-05,3.111807927780319e-06,2.7092175969301024e-06,2.948488372567226e-06,3.5754746932070702e-06,2.936086275440175e-06,3.5474574815452797e-06,2.9930956770840567e-06,5.588593012362253e-06,4.169996373093454e-06,3.204273980372818e-06
154,5046272,0.00027858000000000093,2.550065298409189,2.4809699476316025,0.375,0.296875,0.050592951476573944,18.497499465942383,1.7252734323847108e-05,0.0,-0.7326698303222656,1,0,0.9999305009841919,402.89581131894016,0.9999305009841919,3.4871205571107566e-05,3.1029990168462973e-06,2.701627636270132e-06,2.9401667234196793e-06,3.5653190479933983e-06,2.9278107831487432e-06,3.537384600349469e-06,2.984639650094323e-06,5.572256213781657e-06,4.158052888669772e-06,3.1951876735547557e-06
155,5079040,0.00027844000000000095,2.402665245219648,2.4706924620280755,0.1875,0.2875,-0.07407332956790924,24.642303466796875,1.720649379421957e-05,0.0,-0.7319176197052002,1,0,0.9999306201934814,403.81616771401735,0.9999306201934814,3.474662298685871e-05,3.094993189733941e-06,2.6947318474412896e-06,2.9326120056794025e-06,3.5560728974814992e-06,2.9202874429756775e-06,3.528210754666361e-06,2.9769564662274206e-06,5.557418262469582e-06,4.147194431425305e-06,3.186934918630868e-06
156,5111808,0.00027830000000000096,3.0680309464832325,2.5455099817852376,0.34375,0.3125,0.016325224190950394,31.340221405029297,1.71788087754976e-05,0.0,-0.7321277260780334,1,0,0.999930739402771,404.79104359994676,0.999930739402771,3.467476199148223e-05,3.0903806873538997e-06,2.690749170142226e-06,2.928260983026121e-06,3.550722340150969e-06,2.915957566074212e-06,3.5229088553023757e-06,2.9725340482400497e-06,5.54885036763153e-06,4.140930286666844e-06,3.182176214977517e-06
157,5144576,0.00027816000000000093,2.851096010498633,2.5911876742360826,0.328125,0.321875,0.04269815608859062,31.8388671875,1.711734148557298e-05,0.0,-0.7337895631790161,1,0,0.9999310970306396,405.6572185442784,0.9999310970306396,3.452078817645088e-05,3.080453552684048e-06,2.682216063476517e-06,2.9189047836553073e-06,3.5392761219554814e-06,2.90664070234925e-06,3.511552449708688e-06,2.963019824164803e-06,5.530467660719296e-06,4.127476131543517e-06,3.1719393973617116e-06
158,5177344,0.00027802000000000095,3.0160120219022337,2.6174834161683935,0.390625,0.3171875,-0.04342836141586304,17.569690704345703,1.7088397726183757e-05,0.0,-0.7330449819564819,1,0,0.9999312162399292,406.67501938973896,0.9999312162399292,3.4445023629814386e-05,3.0755752504774136e-06,2.6779914605867816e-06,2.914296374001424e-06,3.5336379369255155e-06,2.9020545753155602e-06,3.505958147798083e-06,2.958338654934778e-06,5.521414550457848e-06,4.120856829104014e-06,3.1669162581238197e-06
159,5210112,0.00027788000000000096,3.409679254463743,2.6962275621152987,0.3125,0.3078125,0.08444692939519882,25.210649490356445,1.705661998130381e-05,0.0,-0.7327179908752441,1,0,0.9999313354492188,407.6324425036947,0.9999313354492188,3.436234328546561e-05,3.070265393034788e-06,2.673388507901109e-06,2.9092786917317426e-06,3.5274629226478282e-06,2.897058038797695e-06,3.4998386126972036e-06,2.9532423013733933e-06,5.511524705070769e-06,4.1136204345093574e-06,3.161433596687857e-06
160,5242880,0.000277740000000001,3.077036262048141,2.7900183217091206,0.3958333333333333,0.31614583333333335,-0.10992889851331711,23.077491760253906,1.704429269011598e-05,0.0,-0.7326936721801758,1,0,0.9999313354492188,408.6479706410566,0.9999313354492188,3.432739686104469e-05,3.0680173495056806e-06,2.671443780855043e-06,2.907154566855752e-06,3.5248503991169855e-06,2.894942326747696e-06,3.4972460980498e-06,2.9510802050936036e-06,5.507341938937316e-06,4.11056953453226e-06,3.1591130209562834e-06
161,5275648,0.00027760000000000095,3.288409679833685,2.8770334587052857,0.3125,0.32395833333333335,0.09929396212100983,27.89305877685547,1.7007250789902173e-05,0.0,-0.732070803642273,1,0,0.9999315738677979,409.6320242685069,0.9999315738677979,3.423595990170725e-05,3.062119276364683e-06,2.6663387870939914e-06,2.9015823201916646e-06,3.5180303257220658e-06,2.889393272198504e-06,3.4904830954474164e-06,2.9454183732013917e-06,5.496393441717373e-06,4.102550064999377e-06,3.1530425985693e-06
162,5308416,0.0002774600000000009,2.6925594908290815,2.8923464242473096,0.265625,0.3161458333333333,-0.01575601100921631,30.58757781982422,1.6953230442595668e-05,0.0,-0.730675995349884,1,0,0.999931812286377,410.49569937764124,0.999931812286377,3.409703276702203e-05,3.0531389256793773e-06,2.658607854755246e-06,2.893108330681571e-06,3.5076625408692053e-06,2.88095520772913e-06,3.4801962556230137e-06,2.9368052310019266e-06,5.4797351367597e-06,4.090354650543304e-06,3.1437684810953215e-06
163,5341184,0.0002773200000000009,3.0628893513951834,2.9418443561082777,0.328125,0.3239583333333333,-0.016935694962739944,19.862337112426758,1.6924255760386586e-05,0.0,-0.730296790599823,1,0,0.9999319314956665,411.45409367099785,0.9999319314956665,3.4021744795609266e-05,3.048277676498401e-06,2.654404852364678e-06,2.888521294153179e-06,3.5020309496758273e-06,2.8763929549313616e-06,3.4746121855278034e-06,2.9321404326765332e-06,5.470702490129042e-06,4.0837444430508185e-06,3.138756937914877e-06
164,5373952,0.0002771800000000009,2.7910596486055725,2.9659437911279154,0.3125,0.3177083333333333,0.05512331426143646,21.469276428222656,1.688040720182471e-05,0.0,-0.7298427820205688,1,0,0.999932050704956,412.323833334969,0.999932050704956,3.390475831110962e-05,3.0407261419895804e-06,2.647864675964229e-06,2.881387672459823e-06,3.4932718335767277e-06,2.869289346563164e-06,3.4659217362786876e-06,2.924893351519131e-06,5.45664534001844e-06,4.073460331710521e-06,3.1309723453887273e-06
165,5406720,0.0002770400000000009,2.989806559591922,3.024657922565143,0.40625,0.3395833333333333,-0.03134794905781746,24.749591827392578,1.685630195424892e-05,0.0,-0.7313088774681091,1,0,0.9999321699142456,413.2995477140106,0.9999321699142456,3.384334922884591e-05,3.0367505132744554e-06,2.644425194375799e-06,2.877625774999615e-06,3.488681159069529e-06,2.8655431378865615e-06,3.4613703974173404e-06,2.9210718821559567e-06,5.449261152534746e-06,4.068045200256165e-06,3.1268787097360473e-06
166,5439488,0.00027690000000000093,2.986142919339071,3.0164691198507265,0.515625,0.3567708333333333,0.044456422328948975,24.193470001220703,1.6817866708151996e-05,0.0,-0.7307950258255005,1,0,0.9999325275421143,414.2073891450997,0.9999325275421143,3.375517189851962e-05,3.0310577585623832e-06,2.63949323198176e-06,2.8722556635329966e-06,3.4820450309780426e-06,2.860195536413812e-06,3.454789066381636e-06,2.9156151413189946e-06,5.438677362690214e-06,4.060299488628516e-06,3.120992914773524e-06
167,5472256,0.00027676000000000095,2.779268631493901,3.009286381950253,0.40625,0.3645833333333333,0.016552090644836426,27.100061416625977,1.679251727182418e-05,0.0,-0.7313965559005737,1,0,0.9999326467514038,415.12977974638795,0.9999326467514038,3.3683689252939075e-05,3.0264250199252274e-06,2.635478722368134e-06,2.86787644654396e-06,3.476696292636916e-06,2.8558349640661618e-06,3.4494823921704665e-06,2.9111645289958687e-06,5.430079909274355e-06,4.0539930523664225e-06,3.1162169307208387e-06
168,5505024,0.00027662000000000097,2.4296508380486994,2.9506502635649,0.328125,0.3583333333333333,0.05037960782647133,25.620590209960938,1.67520011018496e-05,0.0,-0.7319487929344177,1,0,0.9999327659606934,415.9896848594899,0.9999327659606934,3.3582942705834284e-05,3.0198978038242785e-06,2.6298273496649927e-06,2.861707798729185e-06,3.4691320252022706e-06,2.8496974664449226e-06,3.441980652496568e-06,2.904899929490057e-06,5.4179454309633e-06,4.045103196403943e-06,3.1094816677068593e-06
169,5537792,0.000276480000000001,2.9089833828379854,2.9005806764023245,0.484375,0.3755208333333333,0.07432642579078674,64.70794677734375,1.673150109127164e-05,0.0,-0.7334729433059692,1,0,0.9999327659606934,416.890550118672,0.9999327659606934,3.352556814206764e-05,3.0161734230205184e-06,2.6265893211530056e-06,2.8581787319126306e-06,3.4648403470782796e-06,2.8461829515435966e-06,3.4377255815343233e-06,2.901317202486098e-06,5.411035999713931e-06,4.040045041620033e-06,3.1056436000653775e-06
170,5570560,0.000276340000000001,2.5720191012618696,2.850078960323697,0.390625,0.375,-0.03967338055372238,22.143747329711914,1.6713800505385734e-05,0.0,-0.7338996529579163,1,0,0.9999328851699829,417.87202072196914,0.9999328851699829,3.348208701936528e-05,3.0133621748973383e-06,2.6241484647471225e-06,2.855514367183787e-06,3.461571168372757e-06,2.8435301828722004e-06,3.4344789128226694e-06,2.898612819990376e-06,5.405796400737017e-06,4.0362015170103405e-06,3.1027368549985113e-06
171,5603328,0.000276200000000001,3.0051206455922106,2.8217500568995497,0.3125,0.375,0.11833488941192627,35.1151123046875,1.6633970517432317e-05,0.0,-0.731179416179657,1,0,0.999933123588562,418.50717876293675,0.999933123588562,3.3271280699409544e-05,2.9996801913512172e-06,2.612296157167293e-06,2.8425872642401373e-06,3.4456538742233533e-06,2.8306596959737362e-06,3.4186989523732336e-06,2.88548494609131e-06,5.380339189287042e-06,4.017580977233592e-06,3.0886142212693812e-06
172,5636096,0.00027606000000000104,3.147413191761517,2.8672354269927935,0.3125,0.3796875,0.04368865117430687,27.02264404296875,1.661727401369717e-05,0.0,-0.7304213643074036,1,0,0.9999332427978516,419.4614611949707,0.9999332427978516,3.323104465380311e-05,2.9970726700412342e-06,2.610035380712361e-06,2.8401270810718415e-06,3.442615707172081e-06,2.828207470884081e-06,3.4156885249103652e-06,2.882982471419382e-06,5.375477485358715e-06,4.014027581433766e-06,3.0859293929097475e-06
173,5668864,0.000275920000000001,3.017530975878457,2.862699589441121,0.375,0.384375,-0.057158131152391434,31.037641525268555,1.654323386901524e-05,0.0,-0.730257511138916,1,0,0.9999336004257202,420.12529468141037,0.9999336004257202,3.304328129161149e-05,2.984865432154038e-06,2.5994465886469698e-06,2.8285808184591588e-06,3.4284107641724404e-06,2.816709411490592e-06,3.401601134100929e-06,2.8712536277453182e-06,5.352740117814392e-06,3.997384283138672e-06,3.073336301895324e-06
174,5701632,0.000275780000000001,2.9964920327272138,2.8832428278532847,0.375,0.390625,0.04756162688136101,14.868316650390625,1.6512180081917904e-05,0.0,-0.7298187017440796,1,0,0.9999337196350098,421.00861157652605,0.9999337196350098,3.296286377008073e-05,2.979609917019843e-06,2.5949193513952196e-06,2.8236272555659525e-06,3.4223253351228777e-06,2.8117822239437373e-06,3.395563226149534e-06,2.866222530428786e-06,5.343009888747474e-06,3.990262484876439e-06,3.0679018436785555e-06
175,5734400,0.000275640000000001,3.147635582028874,2.89902573009698,0.359375,0.3859375,-0.01545177772641182,39.223670959472656,1.6459274775115773e-05,0.0,-0.7287190556526184,1,0,0.9999339580535889,421.6849142669624,0.9999339580535889,3.28282912960276e-05,2.9708035071962513e-06,2.5872645892377477e-06,2.8152844606665894e-06,3.4121812859666534e-06,2.8034719434799626e-06,3.3854983030323638e-06,2.8577512694027973e-06,5.326704467734089e-06,3.978294444095809e-06,3.0588346362492302e-06
176,5767168,0.000275500000000001,2.72819105607527,2.8732305437706,0.21875,0.35625,0.10507143288850784,40.072383880615234,1.6441628758911975e-05,0.0,-0.7293886542320251,1,0,0.9999339580535889,422.6034516546246,0.9999339580535889,3.277870564488694e-05,2.9675697987840977e-06,2.584455614851322e-06,2.8122281037212815e-06,3.4084343951690244e-06,2.800431047944585e-06,3.3817871099017793e-06,2.854651711459155e-06,5.320693617250072e-06,3.973880666308105e-06,3.055487695746706e-06
177,5799936,0.000275360000000001,3.043184259643639,2.899622106585574,0.3125,0.346875,-0.01815151609480381,43.4476318359375,1.643365976633504e-05,0.0,-0.7295447587966919,1,0,0.9999339580535889,423.53414057187626,0.9999339580535889,3.275664130342193e-05,2.9661266580660595e-06,2.5831991479208227e-06,2.8108609058108414e-06,3.4067704746121308e-06,2.7990693070023553e-06,3.3801363770180615e-06,2.8532631404232234e-06,5.3180151553533506e-06,3.971910246036714e-06,3.054001581404009e-06
178,5832704,0.000275220000000001,2.9116290698364624,2.9478199297643495,0.390625,0.353125,0.09632560610771179,64.97295379638672,1.6413901903433725e-05,0.0,-0.728415846824646,1,0,0.9999340772628784,424.38496357714666,0.9999340772628784,3.2707885111449286e-05,2.9629379696416436e-06,2.5804242795857135e-06,2.8078388822905254e-06,3.403082246222766e-06,2.796060016407864e-06,3.3764767977118026e-06,2.8501960969151696e-06,5.3120957090868615e-06,3.967580141761573e-06,3.0507187602779595e-06
179,5865472,0.000275080000000001,2.76829632312136,2.9337512237926875,0.265625,0.33125,-0.015739230439066887,45.65296936035156,1.6385019989684224e-05,0.0,-0.727318525314331,1,0,0.9999343156814575,425.19337645368785,0.9999343156814575,3.2640400604577735e-05,2.958533741548308e-06,2.576593942649197e-06,2.80366816696187e-06,3.3979720228671795e-06,2.7919038529944373e-06,3.3714129585860064e-06,2.8459596705943113e-06,5.303865691530518e-06,3.961557922593784e-06,3.046178107979358e-06
180,5898240,0.000274940000000001,2.660015120326759,2.9425508256991764,0.265625,0.31875,-0.0055234357714653015,38.559146881103516,1.6354706531274132e-05,0.0,-0.728589653968811,1,0,0.9999345541000366,425.99570195434796,0.9999345541000366,3.2568797905696556e-05,2.9538575745391427e-06,2.5725385057739913e-06,2.799247113216552e-06,3.3925364277820336e-06,2.787504172374611e-06,3.366016699146712e-06,2.841471768988413e-06,5.295164100971306e-06,3.955190550186671e-06,3.041348691112944e-06
181,5931008,0.00027480000000000104,2.7446701051937903,2.916505771659334,0.28125,0.315625,0.07923778891563416,42.029823303222656,1.6350340956705622e-05,0.0,-0.7287158370018005,1,0,0.9999345541000366,426.93391889265865,0.9999345541000366,3.255681076552719e-05,2.953071771116811e-06,2.5718613869685214e-06,2.7985076940240106e-06,3.3916273878276115e-06,2.786770664897631e-06,3.3651176636340097e-06,2.840718707375345e-06,5.293714821164031e-06,3.954126896132948e-06,3.040536739717936e-06
182,5963776,0.00027466000000000106,2.159464991434812,2.8177109516266636,0.1875,0.303125,0.03403916582465172,31.286231994628906,1.633200554351788e-05,0.0,-0.7293354272842407,1,0,0.9999345541000366,427.8098457605614,0.9999345541000366,3.250534427934326e-05,2.949708232335979e-06,2.5689394078654004e-06,2.795325372062507e-06,3.3877224723255495e-06,2.783601985356654e-06,3.361249810041045e-06,2.837488409568323e-06,5.287448857416166e-06,3.9495366763731e-06,3.0370676995516988e-06
183,5996544,0.0002745200000000011,2.5530529976333334,2.7712631538021517,0.3020833333333333,0.29583333333333334,0.08087503165006638,65.65440368652344,1.6304551536450163e-05,0.0,-0.7300342917442322,1,0,0.9999346733093262,428.5919228097182,0.9999346733093262,3.243552055209875e-05,2.945132337117684e-06,2.5649687813711353e-06,2.791002316371305e-06,3.3824283036665292e-06,2.779296892185812e-06,3.3560038446012186e-06,2.8330975965218386e-06,5.278944627207238e-06,3.943304363929201e-06,3.0323476494231727e-06
184,6029312,0.0002743800000000011,2.277139171133439,2.6993278676427734,0.40625,0.2989583333333333,0.04782357066869736,20.841880798339844,1.6261297787423246e-05,0.0,-0.7300305366516113,1,0,0.9999347925186157,429.3196511829624,0.9999347925186157,3.2321182516170666e-05,2.9376235488598468e-06,2.5584754439478274e-06,2.783918489512871e-06,3.373723757249536e-06,2.7722426239051856e-06,3.347370466144639e-06,2.825904175551841e-06,5.26503345099627e-06,3.933112111553783e-06,3.0245876132539706e-06
185,6062080,0.0002742400000000011,2.0432124257749678,2.5888855520173832,0.328125,0.2958333333333333,0.08640170842409134,15.34999942779541,1.6218062228290364e-05,0.0,-0.7288235425949097,1,0,0.9999350309371948,430.12026685704546,0.9999350309371948,3.221397491870448e-05,2.9305504085641587e-06,2.5523836484353524e-06,2.7772473458753666e-06,3.3655878723948263e-06,2.7655967187456554e-06,3.3393014291505096e-06,2.819123892550124e-06,5.251965831121197e-06,3.92353331335471e-06,3.0173021059454186e-06
186,6094848,0.0002741000000000011,2.7909412560095745,2.5951605720108137,0.46875,0.3208333333333333,0.08407370746135712,22.573850631713867,1.6162146494025365e-05,0.0,-0.7299706935882568,1,0,0.9999352693557739,430.7720257238967,0.9999352693557739,3.2071351597551256e-05,2.9211698802100727e-06,2.5442452624702128e-06,2.7683838652592385e-06,3.354712816872052e-06,2.7567734832700808e-06,3.328520506329369e-06,2.8101192128815455e-06,5.234550371824298e-06,3.910765826731222e-06,3.007633040397195e-06
187,6127616,0.0002739600000000011,3.0493616445520875,2.5957783105016587,0.484375,0.3380208333333333,0.09213222563266754,39.17572784423828,1.614808388694655e-05,0.0,-0.7303546667098999,1,0,0.9999353885650635,431.61724626930516,0.9999353885650635,3.203919550287537e-05,2.9190541681600735e-06,2.5424071736779297e-06,2.7663811579259345e-06,3.3522696867294144e-06,2.7547789613890927e-06,3.3261001135542756e-06,2.8080862648494076e-06,5.230614078755025e-06,3.907884547516005e-06,3.0054484341235366e-06
188,6160384,0.0002738200000000011,3.2216129390609436,2.6267766974241065,0.625,0.3614583333333333,0.09869261831045151,29.915176391601562,1.6086014511529356e-05,0.0,-0.7322337627410889,1,0,0.9999357461929321,432.1774181161389,0.9999357461929321,3.188625123584643e-05,2.9089810595905874e-06,2.5336555609101197e-06,2.7568507903197315e-06,3.3405906378902728e-06,2.7452911126601975e-06,3.314511786811636e-06,2.7984121970803244e-06,5.211893949308433e-06,3.894157998729497e-06,2.9950658699817723e-06
189,6193152,0.00027368000000000113,2.9067834603331475,2.6406254111452854,0.46875,0.3817708333333333,0.040582768619060516,17.774169921875,1.6041993148974143e-05,0.0,-0.732434093952179,1,0,0.9999358654022217,432.8232399578947,0.9999358654022217,3.1770512578077614e-05,2.9013760922680376e-06,2.5270389869547216e-06,2.7496489565237425e-06,3.3317239740426885e-06,2.738122248047148e-06,3.3057301607186673e-06,2.7911016786674736e-06,5.19769810125581e-06,3.883769750245847e-06,2.9872185223212e-06
190,6225920,0.00027354000000000115,3.4645802965850923,2.721081928771119,0.53125,0.4083333333333333,0.10028679668903351,50.291297912597656,1.601717849553097e-05,0.0,-0.733848512172699,1,0,0.9999359846115112,433.5387491854733,0.9999359846115112,3.170837590005249e-05,2.897278591262875e-06,2.52347035711864e-06,2.745765868894523e-06,3.326996420582873e-06,2.734255303948885e-06,3.3010364859364927e-06,2.7871599286299897e-06,5.19007016919204e-06,3.878162715409417e-06,2.9829998311470263e-06
191,6258688,0.00027340000000000117,3.02013002382237,2.7486279206339765,0.453125,0.4255208333333333,0.03997417539358139,48.29535675048828,1.5972047549439594e-05,0.0,-0.7349045276641846,1,0,0.9999361038208008,434.15184747569214,0.9999361038208008,3.1589457648806274e-05,2.8894257866340922e-06,2.5166477826132905e-06,2.738334160312661e-06,3.317887376397266e-06,2.726854972934234e-06,3.292007932031993e-06,2.7796138510893798e-06,5.175500064069638e-06,3.867474788421532e-06,2.9749007808277383e-06
192,6291456,0.0002732600000000012,2.778804979013383,2.810561919391834,0.40625,0.4473958333333333,-0.0449909046292305,28.636795043945312,1.5941006495268084e-05,0.0,-0.7342106103897095,1,0,0.9999363422393799,434.8457309827776,0.9999363422393799,3.151655619149096e-05,2.8846111490565818e-06,2.51245637628017e-06,2.7337714527675416e-06,3.3123271805379773e-06,2.7223136385146063e-06,3.286497076260275e-06,2.7749820219469257e-06,5.1665260798472445e-06,3.86088686354924e-06,2.9699408514716197e-06
193,6324224,0.0002731200000000012,2.7759138810671216,2.8328480077352127,0.46875,0.4640625,-0.01961306482553482,52.845611572265625,1.5925523257465102e-05,0.0,-0.7352625131607056,1,0,0.9999363422393799,435.6074477769527,0.9999363422393799,3.147392999380827e-05,2.8817873953812523e-06,2.509999148969655e-06,2.7310975383443292e-06,3.3090750548581127e-06,2.719651092775166e-06,3.283267233200604e-06,2.7722680897568353e-06,5.161296030564699e-06,3.857026058540214e-06,2.967033424283727e-06
194,6356992,0.0002729800000000012,3.3418253629332244,2.939316626915191,0.5625,0.4796875,0.03307254984974861,36.319122314453125,1.5902014638413675e-05,0.0,-0.7365232706069946,1,0,0.9999364614486694,436.3032676507296,0.9999364614486694,3.1415456760441884e-05,2.8778933938156115e-06,2.5066337911994196e-06,2.727417722780956e-06,3.304597385067609e-06,2.7159840101376176e-06,3.278827307440224e-06,2.768524609564338e-06,5.154096015758114e-06,3.851759629469598e-06,2.9630241442646366e-06
195,6389760,0.00027284000000000124,3.267853480989957,3.06178073243669,0.5,0.496875,-0.028102215379476547,49.647850036621094,1.5879268175922334e-05,0.0,-0.7364816069602966,1,0,0.999936580657959,436.98729007431103,0.999936580657959,3.1359038985101506e-05,2.8741358164552366e-06,2.5033778001670726e-06,2.7238568236498395e-06,3.3002827422023984e-06,2.712437890295405e-06,3.27454677062633e-06,2.7649102776194923e-06,5.147180218045833e-06,3.846664640150266e-06,2.959155835924321e-06
196,6422528,0.00027270000000000126,3.0114013945481903,3.0838267462905518,0.421875,0.4921875,0.14163365960121155,56.12643814086914,1.584605524840299e-05,0.0,-0.7380613088607788,1,0,0.9999366998672485,437.5902466430175,0.9999366998672485,3.127383752143942e-05,2.868457158911042e-06,2.4984503852465423e-06,2.7184801183466334e-06,3.293749614385888e-06,2.707086423470173e-06,3.268064119765768e-06,2.759452399914153e-06,5.136716481501935e-06,3.839002147287829e-06,2.9533005090343067e-06
197,6455296,0.0002725600000000013,3.124249566084135,3.0913155384437565,0.453125,0.4890625,0.11323568969964981,37.39942169189453,1.5804804206709377e-05,0.0,-0.7388153076171875,1,0,0.9999368190765381,438.1700980740321,0.9999368190765381,3.1166389817371964e-05,2.8612882942979923e-06,2.4922303509811172e-06,2.7116911951452494e-06,3.285517777840141e-06,2.700326149351895e-06,3.2598966299701715e-06,2.7525611585588194e-06,5.123516530147754e-06,3.829301476798719e-06,2.945922233266174e-06
198,6488064,0.0002724200000000013,3.4509522096879977,3.114249465506462,0.484375,0.475,0.07713732123374939,48.584075927734375,1.577886359882541e-05,0.0,-0.7392051219940186,1,0,0.9999369382858276,438.7903506755443,0.9999369382858276,3.1101455533644184e-05,2.8569368168973597e-06,2.488497102604015e-06,2.707588009798201e-06,3.2805023693072144e-06,2.6962372885463992e-06,3.254920329709421e-06,2.748390897977515e-06,5.115471594763221e-06,3.823456154350424e-06,2.9414281925710384e-06
199,6520832,0.0002722800000000013,3.356375651592422,3.1592086846323895,0.484375,0.4765625,-0.00024516135454177856,51.91730499267578,1.5740777598693967e-05,0.0,-0.7398850321769714,1,0,0.9999371767044067,439.3457230905166,0.9999371767044067,3.100944377365522e-05,2.850764758477453e-06,2.483177922840696e-06,2.701748826439143e-06,3.2734153592173243e-06,2.6904253900283948e-06,3.247885842938558e-06,2.742463721006061e-06,5.104108822706621e-06,3.815177933574887e-06,2.9350708246056456e-06
200,6553600,0.00027214000000000133,3.56419097091856,3.169169752065736,0.390625,0.4625,-0.015531331300735474,64.44926452636719,1.5729583537904546e-05,0.0,-0.7400573492050171,1,0,0.9999371767044067,440.1044863257613,0.9999371767044067,3.097861190326512e-05,2.848696794899297e-06,2.481388264641282e-06,2.6997913664672524e-06,3.2710372579458635e-06,2.68847611550882e-06,3.245529114792589e-06,2.740471700235503e-06,5.100303042127052e-06,3.8124064758449094e-06,2.932941697508795e-06
201,6586368,0.00027200000000000135,3.0928220690828176,3.1764389565917805,0.453125,0.4625,0.1603412628173828,68.75993347167969,1.570256608829368e-05,0.0,-0.7402760982513428,1,0,0.9999372959136963,440.73024903876177,0.9999372959136963,3.09108872897923e-05,2.844150230885134e-06,2.4774917619652115e-06,2.6954901386488928e-06,3.2658072086633183e-06,2.6841980798053555e-06,3.240337036913843e-06,2.7361054435459664e-06,5.091910679766443e-06,3.80630740437482e-06,2.928249386968673e-06
202,6619136,0.00027186000000000137,3.147514978713744,3.2133099565618166,0.390625,0.4609375,-0.016498960554599762,46.34400177001953,1.5689138308516704e-05,0.0,-0.7402660846710205,1,0,0.9999372959136963,441.43958309322414,0.9999372959136963,3.087361983489245e-05,2.841661171260057e-06,2.4753376237640623e-06,2.6931415959552396e-06,3.262924565206049e-06,2.6818568130693166e-06,3.2374798593082232e-06,2.7337191568221897e-06,5.087324097985402e-06,3.8029327242838917e-06,2.9256871130201034e-06
203,6651904,0.0002717200000000014,2.969550373733739,3.2326736058284786,0.359375,0.45,0.010633807629346848,42.61778259277344,1.5633931980119087e-05,0.0,-0.7399266958236694,1,0,0.9999375343322754,441.8827639116105,0.9999375343322754,3.07346745103132e-05,2.832338623193209e-06,2.4672287963767303e-06,2.6843063096748665e-06,3.252220039939857e-06,2.6730585886980407e-06,3.2268585528072435e-06,2.7247504021943314e-06,5.070193765277509e-06,3.790387609114987e-06,2.9160885333112674e-06
204,6684672,0.0002715800000000014,3.420156969774224,3.2405067665125786,0.40625,0.434375,0.07279602438211441,50.23843002319336,1.5612784409313463e-05,0.0,-0.7392032742500305,1,0,0.9999377727508545,442.56900887419005,0.9999377727508545,3.068951627938077e-05,2.8293209197727265e-06,2.4645978555781767e-06,2.681443675101036e-06,3.2487548651261022e-06,2.670208004929009e-06,3.223417706976761e-06,2.7218447939958423e-06,5.064632659923518e-06,3.7862916997255525e-06,2.9129762424418004e-06
205,6717440,0.0002714400000000014,2.9413740076231027,3.207858819175893,0.375,0.421875,-0.07049617916345596,47.9099006652832,1.557522227813024e-05,0.0,-0.7400104999542236,1,0,0.999937891960144,443.0441232788743,0.999937891960144,3.059291702811606e-05,2.8227991606399883e-06,2.459047891534283e-06,2.6753161819215165e-06,3.241247668483993e-06,2.6641084787115688e-06,3.215968945369241e-06,2.7156070245837327e-06,5.052591859566746e-06,3.77753872271569e-06,2.906250301748514e-06
206,6750208,0.00027130000000000144,3.278151048943692,3.2345337846154436,0.5,0.4296875,-0.034678518772125244,45.16877365112305,1.5548390365438536e-05,0.0,-0.7408466339111328,1,0,0.9999380111694336,443.62802975906425,0.9999380111694336,3.052579995710403e-05,2.818269877025159e-06,2.4551773094572127e-06,2.6710363272286486e-06,3.2360344448534306e-06,2.6598490876494907e-06,3.2107964216265827e-06,2.7112573661725037e-06,5.044234512752155e-06,3.771463070734171e-06,2.901578909586533e-06
207,6782976,0.0002711600000000014,2.913219970318316,3.2134308250388615,0.421875,0.4265625,-0.004816449247300625,40.24338150024414,1.551980312797241e-05,0.0,-0.7412116527557373,1,0,0.9999381303787231,444.2296583823628,0.9999381303787231,3.045380799449049e-05,2.813409309965209e-06,2.4510200091754086e-06,2.6664527013053885e-06,3.230435368095641e-06,2.6552870622253977e-06,3.205243956472259e-06,2.7066023449151544e-06,5.035261892771814e-06,3.764944494832889e-06,2.8965612273168517e-06
208,6815744,0.0002710200000000014,2.9432255276907746,3.162658156839139,0.40625,0.41875,0.07250238955020905,37.22300720214844,1.5489564248127863e-05,0.0,-0.7393497228622437,1,0,0.9999382495880127,444.80269677943204,0.9999382495880127,3.0377437724382617e-05,2.8082467906642705e-06,2.44660895987181e-06,2.66159554485057e-06,3.224488864361774e-06,2.6504503694013692e-06,3.199340881110402e-06,2.701661514947773e-06,5.025720383855514e-06,3.7580070966214407e-06,2.891229314627708e-06
209,6848512,0.00027088000000000145,2.9625633111325245,3.123276922793149,0.484375,0.41875,-0.04015333205461502,25.223461151123047,1.5439985872944817e-05,0.0,-0.7411307096481323,1,0,0.9999384880065918,445.24282222216254,0.9999384880065918,3.025439946213737e-05,2.799941739795031e-06,2.439438503643032e-06,2.6537388748693047e-06,3.2149464459507726e-06,2.6426268959767185e-06,3.1898759971227264e-06,2.6936791073239874e-06,5.010445420339238e-06,3.7468180380528793e-06,2.8826784728153143e-06
210,6881280,0.0002707400000000014,3.5349130142175813,3.1203491271230517,0.5625,0.4359375,0.04033873230218887,41.74676513671875,1.5401243217638694e-05,0.0,-0.7418850660324097,1,0,0.9999386072158813,445.6831707390936,0.9999386072158813,3.0154706109897234e-05,2.793210342133534e-06,2.4336757178389234e-06,2.647404699018807e-06,3.207168674634886e-06,2.636324097693432e-06,3.182155751346727e-06,2.687234200493549e-06,4.998013992008055e-06,3.7377424177975627e-06,2.875737663998734e-06
211,6914048,0.00027060000000000143,3.929291633643955,3.2039960835791654,0.640625,0.4546875,0.13737723231315613,67.80522918701172,1.5364768842118792e-05,0.0,-0.7438269853591919,1,0,0.9999388456344604,446.1384993352539,0.9999388456344604,3.0067933039390482e-05,2.787356606859248e-06,2.4286639472848037e-06,2.6419220375828445e-06,3.2003558771975804e-06,2.6308696305932244e-06,3.175396159349475e-06,2.6816617264557863e-06,4.9871641749632545e-06,3.729802983798436e-06,2.8696779281744966e-06
212,6946816,0.00027046000000000145,3.592061436567606,3.2484507293645515,0.546875,0.4703125,0.0555310919880867,65.0531005859375,1.5340112440753728e-05,0.0,-0.7443190813064575,1,0,0.99993896484375,446.718667412457,0.99993896484375,3.0006862289155833e-05,2.783223862934392e-06,2.425113734716433e-06,2.638032810864388e-06,3.1955742088030092e-06,2.6269990485161543e-06,3.1706579193269135e-06,2.6777056518767495e-06,4.9795421546150465e-06,3.7242302823869977e-06,2.8654178549913922e-06
213,6979584,0.0002703200000000014,3.5756136227493447,3.3090570542661117,0.578125,0.4921875,-0.03690352290868759,49.496849060058594,1.5316538338083774e-05,0.0,-0.7448952198028564,1,0,0.99993896484375,447.2538310887811,0.99993896484375,2.9942400942672975e-05,2.7788637453340925e-06,2.421383669570787e-06,2.6339300802646903e-06,3.1905194646242307e-06,2.6229158720525447e-06,3.1656363717047498e-06,2.673533799679717e-06,4.971475846105022e-06,3.7183390304562636e-06,2.8609124456124846e-06
214,7012352,0.00027018000000000143,3.3616583393784145,3.303207191226531,0.453125,0.496875,0.01603446528315544,39.738014221191406,1.5289446309907362e-05,0.0,-0.7452000379562378,1,0,0.9999392032623291,447.8131872257981,0.9999392032623291,2.988125015690457e-05,2.7747489639295964e-06,2.4178309558919864e-06,2.6300401714252075e-06,3.1857071007834747e-06,2.6190446078544483e-06,3.1608678909833543e-06,2.66958522843197e-06,4.9638492782833055e-06,3.7127269933989737e-06,2.85665987576067e-06
215,7045120,0.00027004000000000145,3.521140035413583,3.361183794005579,0.484375,0.5078125,0.03637753054499626,36.226600646972656,1.525955303804949e-05,0.0,-0.7465029954910278,1,0,0.9999393224716187,448.34629797627633,0.9999393224716187,2.9805889425915666e-05,2.76963123724272e-06,2.413440142845502e-06,2.6252164389006793e-06,3.1798158488527406e-06,2.6142436126974644e-06,3.1550223411613842e-06,2.6646791866369313e-06,4.9544005378265865e-06,3.7058400721434737e-06,2.851385488611413e-06
216,7077888,0.0002699000000000014,3.6198197879188427,3.3953506679030943,0.5,0.5078125,-0.01574774459004402,56.21382141113281,1.523468836239772e-05,0.0,-0.7484499216079712,1,0,0.9999394416809082,448.9188273246774,0.9999394416809082,2.9744756830041297e-05,2.765476892818697e-06,2.4098662834148854e-06,2.621304247441003e-06,3.1750284961162833e-06,2.61034779214242e-06,3.150272505081375e-06,2.660695145095815e-06,4.946728950017132e-06,3.700243041748763e-06,2.8471033601817908e-06
217,7110656,0.00026976000000000143,3.538852206699615,3.4579138915412244,0.5625,0.521875,-0.03295103833079338,42.486305236816406,1.5190906196949072e-05,0.0,-0.747235894203186,1,0,0.9999395608901978,449.2963873450559,0.9999395608901978,2.9631703000632115e-05,2.7578239496506285e-06,2.403307007625699e-06,2.6141121907130582e-06,3.1661270440963563e-06,2.6031932520709233e-06,3.141443357890239e-06,2.6533800792094553e-06,4.9325312829751056e-06,3.6898479720548494e-06,2.8391837076924276e-06
218,7143424,0.00026962000000000145,3.8403301066614026,3.547624349438287,0.5625,0.5375,0.04463327303528786,51.96491241455078,1.516841075499542e-05,0.0,-0.7462012767791748,1,0,0.9999396800994873,449.830103949444,0.9999396800994873,2.9576796805486083e-05,2.75412344308279e-06,2.4001099063752918e-06,2.6106195036845747e-06,3.161800805173698e-06,2.5997153443313437e-06,3.137153726129327e-06,2.6498323677515145e-06,4.92566459797672e-06,3.6847918636340182e-06,2.83535541711899e-06
219,7176192,0.0002694800000000014,3.450393015945473,3.5964073199195816,0.515625,0.540625,-0.004070187918841839,42.792991638183594,1.5141788026085123e-05,0.0,-0.7467052936553955,1,0,0.9999397993087769,450.367807586621,0.9999397993087769,2.9510643798857927e-05,2.7496623715705937e-06,2.3962568320712307e-06,2.6064108169521205e-06,3.1565948575007496e-06,2.5955241653718986e-06,3.1319943900598446e-06,2.6455554689164273e-06,4.91739501740085e-06,3.6786827877222095e-06,2.8307517823122907e-06
220,7208960,0.00026934000000000143,3.640159527008074,3.606931971198631,0.484375,0.5328125,0.00826280377805233,35.83274841308594,1.5115034329937771e-05,0.0,-0.7481732368469238,1,0,0.9999397993087769,450.83033699016806,0.9999397993087769,2.9437505872920156e-05,2.7447631509858184e-06,2.3919892555568367e-06,2.6017692107416224e-06,3.150838210785878e-06,2.590904387034243e-06,3.1262884476745967e-06,2.6408467874716735e-06,4.90830507260398e-06,3.671897275125957e-06,2.825702495101723e-06
221,7241728,0.00026920000000000145,3.815997492893183,3.5956025571235535,0.578125,0.5265625,0.020460233092308044,53.87626647949219,1.507201977801742e-05,0.0,-0.7470220327377319,1,0,0.9999401569366455,451.2177993585918,0.9999401569366455,2.933956238848623e-05,2.7381599920772715e-06,2.3862780835770536e-06,2.59553257819789e-06,3.1431204661203083e-06,2.5846911739790812e-06,3.118642553090467e-06,2.6345087462686934e-06,4.896058271697257e-06,3.6628262023441494e-06,2.81888856079604e-06
222,7274496,0.00026906000000000147,3.601982291265335,3.5965946425933266,0.46875,0.51875,-0.15260514616966248,47.54899215698242,1.5049755347718019e-05,0.0,-0.748495876789093,1,0,0.9999401569366455,451.72878032338457,0.9999401569366455,2.927882451331243e-05,2.7340736323822057e-06,2.3827326458558673e-06,2.591668817331083e-06,3.138345846309676e-06,2.5808437840169063e-06,3.113908178420388e-06,2.6305870051146485e-06,4.888472176389769e-06,3.657192337414017e-06,2.8146710064902436e-06
223,7307264,0.0002689200000000015,3.4870160707393802,3.5877348873923305,0.46875,0.5078125,0.006736408919095993,61.01692199707031,1.5021087165223435e-05,0.0,-0.7482813000679016,1,0,0.9999402761459351,452.17756422888925,0.9999402761459351,2.9207181796664372e-05,2.729254674704862e-06,2.3785328266967554e-06,2.5870981517073233e-06,3.1327724627772113e-06,2.5762947188923135e-06,3.108381179117714e-06,2.6259476726409048e-06,4.879511379840551e-06,3.6505302887235302e-06,2.8097047106712125e-06
224,7340032,0.0002687800000000015,3.404257174366463,3.591994770891135,0.453125,0.5078125,0.11097081005573273,44.07447814941406,1.5000518033048138e-05,0.0,-0.7493847608566284,1,0,0.9999403953552246,452.7116153725716,0.9999403953552246,2.9157536118873395e-05,2.7258836325927405e-06,2.3756267637509154e-06,2.5839253794401884e-06,3.1288882382796146e-06,2.5731346795510035e-06,3.104530151176732e-06,2.6227219223073917e-06,4.87325223730295e-06,3.6459382499742787e-06,2.8062290766683873e-06
225,7372800,0.00026864000000000147,3.6620641547131125,3.6060871828210876,0.40625,0.5,0.08684716373682022,39.16533660888672,1.4984290828579105e-05,0.0,-0.7497738599777222,1,0,0.9999403953552246,453.2921542577812,0.9999403953552246,2.911338560807053e-05,2.7228827548242407e-06,2.3730501652607927e-06,2.5811102659645258e-06,3.125384182567359e-06,2.570331389506464e-06,3.101056108789635e-06,2.619847236928763e-06,4.867692496191012e-06,3.641851435531862e-06,2.8031317924614996e-06
226,7405568,0.00026850000000000143,3.3498755018627873,3.579092754215483,0.4375,0.49375,0.08384732902050018,33.51020050048828,1.497221182944486e-05,0.0,-0.7504062652587891,1,0,0.9999405145645142,453.8986277336651,0.9999405145645142,2.908702299464494e-05,2.7211103770241607e-06,2.371507662246586e-06,2.579429747129325e-06,3.123322585452115e-06,2.568660647739307e-06,3.0990136110631283e-06,2.6181439807260176e-06,4.864393758907681e-06,3.6393903428688645e-06,2.8013014343741816e-06
227,7438336,0.00026836000000000145,3.563834603171048,3.5815909938626254,0.4375,0.48125,-0.04702320694923401,38.85638427734375,1.4956146515032742e-05,0.0,-0.7519594430923462,1,0,0.9999405145645142,454.43034440887243,0.9999405145645142,2.904325447161682e-05,2.7181431505596265e-06,2.368946297792718e-06,2.5766344151634257e-06,3.1198810575006064e-06,2.565874638094101e-06,3.095602096436778e-06,2.6152943064516876e-06,4.858884949499043e-06,3.635321490946808e-06,2.7982389383396367e-06
228,7471104,0.00026822000000000147,3.96130525616656,3.593688508813142,0.5625,0.48125,-0.007936712354421616,62.95540237426758,1.4936290426703636e-05,0.0,-0.7530416250228882,1,0,0.9999406337738037,454.9293998976421,0.9999406337738037,2.899565879488364e-05,2.7149255856784293e-06,2.3661559680476785e-06,2.5735944291227497e-06,3.1161407605395652e-06,2.5628471576055745e-06,3.0918970423954306e-06,2.6122036160813877e-06,4.852911843045149e-06,3.6309040751802968e-06,2.7949265586357797e-06
229,7503872,0.00026808000000000143,3.634531177229432,3.6121023249415374,0.578125,0.4875,-0.002052346244454384,47.141807556152344,1.4922853551979642e-05,0.0,-0.7527069449424744,1,0,0.9999406337738037,455.48425456388503,0.9999406337738037,2.8959040719200857e-05,2.7124413009005366e-06,2.3640020572202047e-06,2.571239519966184e-06,3.1132742606132524e-06,2.5605042992538074e-06,3.089055326199741e-06,2.609813236631453e-06,4.848304342885967e-06,3.6274950616643764e-06,2.7923665584239643e-06
230,7536640,0.00026794000000000145,3.5915211716946054,3.6072384894101903,0.625,0.5015625,0.11960166692733765,49.007957458496094,1.489484293415444e-05,0.0,-0.7514895796775818,1,0,0.9999407529830933,455.9255887180552,0.9999407529830933,2.888931157940533e-05,2.707734893192537e-06,2.3599093310622266e-06,2.5667854970379267e-06,3.10780455947679e-06,2.5560716494510416e-06,3.083634055656148e-06,2.6052925932162907e-06,4.839555458602263e-06,3.6209801237419015e-06,2.7875055366166634e-06
231,7569408,0.00026780000000000147,2.8682189472007282,3.512460634840946,0.46875,0.490625,-0.018168501555919647,36.205963134765625,1.487629378971178e-05,0.0,-0.7515857815742493,1,0,0.9999408721923828,456.4764313949598,0.9999408721923828,2.884534842451103e-05,2.7047597086493624e-06,2.357331823077402e-06,2.5639819796197116e-06,3.1043334729474736e-06,2.5532774543535197e-06,3.080192755078315e-06,2.602442009447259e-06,4.834030278288992e-06,3.6168839869787917e-06,2.7844291707879165e-06
232,7602176,0.0002676600000000015,3.334112114818466,3.485673617196258,0.59375,0.503125,0.06489108502864838,39.938941955566406,1.4858648683002684e-05,0.0,-0.7520301938056946,1,0,0.9999411106109619,457.02029536083637,0.9999411106109619,2.8810385629185475e-05,2.7024036626244197e-06,2.3552806851512287e-06,2.561751216489938e-06,3.1015792956168298e-06,2.5510555587970885e-06,3.077465862588724e-06,2.600177822387195e-06,4.829644694837043e-06,3.6136198104941286e-06,2.781995817713323e-06
233,7634944,0.0002675200000000015,3.2676406901711914,3.4637360791394394,0.53125,0.509375,0.041895292699337006,32.101192474365234,1.484539097873494e-05,0.0,-0.7515374422073364,1,0,0.9999411106109619,457.56915893089507,0.9999411106109619,2.8774333259207197e-05,2.6999668989446945e-06,2.3531592887593433e-06,2.5594433736841893e-06,3.0987407626525965e-06,2.548757720433059e-06,3.0746555239602458e-06,2.597835418782779e-06,4.82512359667453e-06,3.6102405829296913e-06,2.7794844754680526e-06
234,7667712,0.0002673800000000015,3.3740864120533924,3.4607190029081325,0.609375,0.525,-0.05558343976736069,27.898757934570312,1.4824902791588102e-05,0.0,-0.7533162832260132,1,0,0.9999412298202515,458.05160309613177,0.9999412298202515,2.8725122319883667e-05,2.6966165478370385e-06,2.3502641397499247e-06,2.556291974542546e-06,3.0948544917919207e-06,2.5456195089645917e-06,3.0707992664247286e-06,2.5946342248062138e-06,4.818897650693543e-06,3.605657866501133e-06,2.7760197554016486e-06
235,7700480,0.00026724000000000154,3.7201152885435174,3.466524116291173,0.640625,0.5484375,0.015252389013767242,40.802398681640625,1.4810669199505355e-05,0.0,-0.7545114755630493,1,0,0.9999412298202515,458.57433106674017,0.9999412298202515,2.8686494260909967e-05,2.693999931580038e-06,2.3479833544115536e-06,2.553811555117136e-06,3.0918338325136574e-06,2.5431493213545764e-06,3.0678079383505974e-06,2.592116516098031e-06,4.8140382205019705e-06,3.6020287552673835e-06,2.7733260594686726e-06
236,7733248,0.00026710000000000156,2.9827895190472855,3.4298155180096233,0.375,0.5421875,0.038724303245544434,66.19979858398438,1.4790975910727866e-05,0.0,-0.7546969652175903,1,0,0.999941349029541,459.16137924062645,0.999941349029541,2.8639509764616378e-05,2.690780547709437e-06,2.345186203456251e-06,2.5507620193820912e-06,3.0881151360517833e-06,2.5401125185453566e-06,3.0641215289506363e-06,2.589021278254222e-06,4.808101493836148e-06,3.5976861454400932e-06,2.7700064038072014e-06
237,7766016,0.0002669600000000016,3.3478876034085285,3.408220818033371,0.5,0.5484375,0.03189739212393761,53.10010528564453,1.4783756341785192e-05,0.0,-0.7548506259918213,1,0,0.999941349029541,459.7673830239382,0.999941349029541,2.8620095690712333e-05,2.689459051907761e-06,2.3440413770003943e-06,2.5495144200249342e-06,3.0865901408105856e-06,2.5388674202986294e-06,3.0626079023932107e-06,2.587752533145249e-06,4.805644039151957e-06,3.595892167140846e-06,2.76864375337027e-06
238,7798784,0.00026682000000000154,3.335753861651452,3.3456656785818604,0.578125,0.55,0.024511493742465973,67.6017837524414,1.475623321312014e-05,0.0,-0.7537418603897095,1,0,0.9999414682388306,460.1839527609275,0.9999414682388306,2.8551807190524414e-05,2.684828814381035e-06,2.3400079953717068e-06,2.5451274723309325e-06,3.0811995657131774e-06,2.534503664719523e-06,3.057262119909865e-06,2.5832996470853686e-06,4.797036581294378e-06,3.5894752272724872e-06,2.7638639039651025e-06
239,7831552,0.00026668000000000156,2.8894076434690232,3.2711533252058187,0.4375,0.5359375,-0.006285827606916428,39.182884216308594,1.4743502106284723e-05,0.0,-0.7553942203521729,1,0,0.9999414682388306,460.7659122738972,0.9999414682388306,2.8517302780528553e-05,2.6824791348190047e-06,2.3379780031973496e-06,2.542914671721519e-06,3.0784356113144895e-06,2.5322954115836183e-06,3.054519766010344e-06,2.581051376182586e-06,4.792678737430833e-06,3.5862553886545356e-06,2.761434643616667e-06
240,7864320,0.0002665400000000016,3.203906443561878,3.2323918523925466,0.4375,0.5171875,0.17990915477275848,60.06898498535156,1.4725981600349769e-05,0.0,-0.7549738883972168,1,0,0.9999415874481201,461.3074796881193,0.9999415874481201,2.8476433726609685e-05,2.679692670426448e-06,2.3355760276899673e-06,2.540277819207404e-06,3.0751787107874407e-06,2.5296742478531087e-06,3.051288331334945e-06,2.5783726869121892e-06,4.7875309974187985e-06,3.5824443784804316e-06,2.75856336884317e-06
241,7897088,0.0002664000000000016,2.8805737326950602,3.2336273309419794,0.421875,0.5125,0.060367852449417114,40.72637939453125,1.4706613001180813e-05,0.0,-0.7554627060890198,1,0,0.9999415874481201,461.8415301430793,0.9999415874481201,2.8423930416465737e-05,2.6760917535284534e-06,2.3324910216615535e-06,2.5368981368956156e-06,3.0709879865753464e-06,2.5263088900828734e-06,3.0471328500425443e-06,2.5749322958290577e-06,4.780864856002154e-06,3.5775553897110512e-06,2.7548378511710325e-06
242,7929856,0.0002662600000000016,3.3136207481188977,3.2315781942720228,0.484375,0.5015625,-0.010217027738690376,41.26666259765625,1.4684130292152986e-05,0.0,-0.7554227113723755,1,0,0.9999417066574097,462.32784236562713,0.9999417066574097,2.8369528081384487e-05,2.6723967039288254e-06,2.329274821022409e-06,2.533397264414816e-06,3.0666803922940744e-06,2.5228230242646532e-06,3.0428675472649047e-06,2.571379582150257e-06,4.774008630192839e-06,3.5724383451452013e-06,2.751029114733683e-06
243,7962624,0.00026612000000000163,3.662400368774496,3.271054162132353,0.484375,0.496875,-0.03784053027629852,55.63446044921875,1.4660110537079163e-05,0.0,-0.7548398375511169,1,0,0.9999419450759888,462.80263219138357,0.9999419450759888,2.8317421310930513e-05,2.668859451659955e-06,2.3261918613570742e-06,2.53004691330716e-06,3.062571749978815e-06,2.5194863155775238e-06,3.038796648979769e-06,2.567978299339302e-06,4.767439804709284e-06,3.567543217286584e-06,2.747387952695135e-06
244,7995392,0.00026598000000000165,4.0849805625043185,3.3421435771774455,0.578125,0.49375,-0.0407676063477993,46.109981536865234,1.4645156625192612e-05,0.0,-0.7545332312583923,1,0,0.9999419450759888,463.2845071793717,0.9999419450759888,2.8276916054892354e-05,2.6660993626137497e-06,2.3237860204972094e-06,2.527428023313405e-06,3.059395794480224e-06,2.5168781121465145e-06,3.035650934180012e-06,2.5653203010733705e-06,4.762295702676056e-06,3.5637790460896213e-06,2.7445466912467964e-06
245,8028160,0.00026584000000000167,3.825356172853638,3.3526676656084575,0.53125,0.4828125,0.1374124139547348,56.38929748535156,1.463557782699354e-05,0.0,-0.7556911706924438,1,0,0.9999419450759888,463.85483989241726,0.9999419450759888,2.825095725711435e-05,2.6643328965292312e-06,2.322246245967108e-06,2.5257509150833357e-06,3.057353978874744e-06,2.5152107809844892e-06,3.0336250347318128e-06,2.563617954365327e-06,4.759017883770866e-06,3.561336143320659e-06,2.7427281565906014e-06
246,8060928,0.0002657000000000017,3.0805322336710974,3.3624419370708396,0.421875,0.4875,0.05210226774215698,51.562801361083984,1.4614876818086486e-05,0.0,-0.756693422794342,1,0,0.9999421834945679,464.38443552117536,0.9999421834945679,2.820780900947284e-05,2.66138249571668e-06,2.319692612218205e-06,2.5229708171536913e-06,3.0539335966750514e-06,2.5124422791122925e-06,3.030231255252147e-06,2.560793973316322e-06,4.753549092129106e-06,3.5572804790717782e-06,2.7396856694394955e-06
247,8093696,0.0002655600000000017,3.2768178128569723,3.3553349580156833,0.34375,0.471875,-0.0644225999712944,51.79405975341797,1.4600599570258055e-05,0.0,-0.7590447664260864,1,0,0.9999421834945679,464.885557862231,0.9999421834945679,2.8169259167043492e-05,2.6587492811813718e-06,2.31739954870136e-06,2.5204772100551054e-06,3.0508799682138488e-06,2.509961177565856e-06,3.0272042295109713e-06,2.558264895924367e-06,4.748668743559392e-06,3.553635451680748e-06,2.7369776489649666e-06
248,8126464,0.0002654200000000017,3.310823927584869,3.352841964609025,0.4375,0.4578125,-0.02880818210542202,39.419654846191406,1.457684084016364e-05,0.0,-0.7606428861618042,1,0,0.9999423027038574,465.3160423865844,0.9999423027038574,2.811145350278821e-05,2.6548120786173968e-06,2.313965751454816e-06,2.5167446437990293e-06,3.0463070288533345e-06,2.506242026356631e-06,3.0226756280171685e-06,2.554474349381053e-06,4.741351858683629e-06,3.5482041766954353e-06,2.732922212089761e-06
249,8159232,0.00026528000000000174,3.0277114100294416,3.3666723412650668,0.453125,0.459375,0.048952024430036545,59.22081756591797,1.4560684576281346e-05,0.0,-0.7623016238212585,1,0,0.999942421913147,465.8361056621948,0.999942421913147,2.807429882523138e-05,2.6522793632466346e-06,2.3117627279134467e-06,2.514345851523103e-06,3.043351398446248e-06,2.5038557396328542e-06,3.019742507603951e-06,2.5520421331748366e-06,4.736652954306919e-06,3.5447005757305305e-06,2.7303124170430237e-06
250,8192000,0.00026514000000000176,3.3056527337396995,3.376846970282849,0.375,0.453125,0.049030840396881104,41.02814483642578,1.4540567462972831e-05,0.0,-0.7618513107299805,1,0,0.999942421913147,466.2963538285325,0.999942421913147,2.8019867386319675e-05,2.6485713533475064e-06,2.3085349312168546e-06,2.5108381578320405e-06,3.039009470739984e-06,2.50035759563616e-06,3.0154403702908894e-06,2.5484766865702113e-06,4.7297826313297264e-06,3.5395696613704786e-06,2.726487082327367e-06
251,8224768,0.0002650000000000017,2.753718119563698,3.364161408969713,0.4375,0.4546875,-0.014663983136415482,57.97389602661133,1.4522033779940102e-05,0.0,-0.7623724937438965,1,0,0.9999425411224365,466.76373612161785,0.9999425411224365,2.7976346245850436e-05,2.6456027626409195e-06,2.305947646163986e-06,2.5080214527406497e-06,3.03558317682473e-06,2.4975552150863223e-06,3.0120463634375483e-06,2.5456204184592934e-06,4.724265181721421e-06,3.5354507872398244e-06,2.7234289063926553e-06
252,8257536,0.00026486000000000174,3.6145819425233325,3.3942575284101557,0.609375,0.4671875,0.036280617117881775,54.59882736206055,1.4494009519694373e-05,0.0,-0.761864423751831,1,0,0.9999426603317261,467.1101121433971,0.9999426603317261,2.7907095500268042e-05,2.6408667963551125e-06,2.3018174033495598e-06,2.5035317321453476e-06,3.0301200695248554e-06,2.493083911758731e-06,3.006628503499087e-06,2.5410631678823847e-06,4.715469913207926e-06,3.5289126572024543e-06,2.7185531052964507e-06
253,8290304,0.00026472000000000176,3.5939011015791005,3.3874076016906174,0.625,0.48125,0.06604096293449402,41.60066223144531,1.446791702619521e-05,0.0,-0.7617350816726685,1,0,0.9999426603317261,467.48249784423825,0.9999426603317261,2.7836606022901833e-05,2.6360430638305843e-06,2.297632590853027e-06,2.4989778921735706e-06,3.024504621862434e-06,2.4885491711756913e-06,3.001062168550561e-06,2.536438614697545e-06,4.706511845142813e-06,3.5222792575950734e-06,2.7135697564517614e-06
254,8323072,0.0002645800000000018,3.39641683292852,3.3185512287330368,0.546875,0.478125,-0.07207173109054565,63.840858459472656,1.4449476111622062e-05,0.0,-0.7628647685050964,1,0,0.9999428987503052,467.96960836833006,0.9999428987503052,2.779992064461112e-05,2.633526264617103e-06,2.2954388896323508e-06,2.496591605449794e-06,3.0216049253795063e-06,2.4861731162673095e-06,2.9981879379192833e-06,2.5340166303067235e-06,4.7018293116707355e-06,3.518821586112608e-06,2.710975877562305e-06
255,8355840,0.00026444000000000174,3.5859923337271074,3.2946148448203836,0.5,0.475,0.06229342520236969,68.7691650390625,1.4437639038078487e-05,0.0,-0.7629562020301819,1,0,0.9999428987503052,468.4656150978139,0.9999428987503052,2.776801738946233e-05,2.6313368834962603e-06,2.293530769748031e-06,2.4945188670244534e-06,3.0190876714186743e-06,2.4841062895575305e-06,2.995690010720864e-06,2.5319127416878473e-06,4.697759322880302e-06,3.515822982080863e-06,2.7087251055490924e-06
256,8388608,0.00026430000000000176,3.2318301289119025,3.309744634344464,0.5625,0.4890625,0.04160640761256218,61.25337219238281,1.442524717276683e-05,0.0,-0.7639082670211792,1,0,0.9999430179595947,468.9757942723978,0.9999430179595947,2.7740945370169356e-05,2.6294860617781524e-06,2.291917326147086e-06,2.4927614958869526e-06,3.0169464935170254e-06,2.4823589228617493e-06,2.993571342813084e-06,2.5301292225776706e-06,4.694320978160249e-06,3.5132625271216966e-06,2.706816985664773e-06
257,8421376,0.0002641600000000018,3.2134984060320595,3.303412693661973,0.484375,0.503125,0.0145945493131876,43.161109924316406,1.4404375178855844e-05,0.0,-0.7659751176834106,1,0,0.9999430179595947,469.3491660696628,0.9999430179595947,2.7684807719197124e-05,2.6256293494952843e-06,2.288555606355658e-06,2.489105554559501e-06,3.0125131615932332e-06,2.4787182155705523e-06,2.9891721169406082e-06,2.526418484194437e-06,4.687136424763594e-06,3.507999508656212e-06,2.702847041291534e-06
258,8454144,0.0002640200000000018,2.8799223407348427,3.26032253497697,0.453125,0.5046875,0.05573119968175888,41.21542739868164,1.4382819244929124e-05,0.0,-0.7637835741043091,1,0,0.9999431371688843,469.7534980060779,0.9999431371688843,2.7633110221358947e-05,2.622081410663668e-06,2.285465370732709e-06,2.485742015778669e-06,3.0084197533142287e-06,2.475371275068028e-06,2.985110086228815e-06,2.5230046958313324e-06,4.680543952417793e-06,3.503115749481367e-06,2.699189508348354e-06
259,8486912,0.00026388000000000176,3.2399872276925086,3.281550116743277,0.59375,0.51875,0.06334292888641357,45.5663948059082,1.4376218132383656e-05,0.0,-0.7644454836845398,1,0,0.9999431371688843,470.24934684582706,0.9999431371688843,2.7615487852017395e-05,2.6208690542262048e-06,2.2844064915261697e-06,2.4845926418493036e-06,3.007025497936411e-06,2.4742239475017413e-06,2.9837269721610937e-06,2.521838041502633e-06,4.678276582126273e-06,3.501475703160395e-06,2.697938725759741e-06
260,8519680,0.0002637400000000018,2.424314461355606,3.193416289504868,0.390625,0.5203125,-0.02734200842678547,32.62774658203125,1.436235379514983e-05,0.0,-0.7658607959747314,1,0,0.9999431371688843,470.7268824955498,0.9999431371688843,2.7578089429880492e-05,2.618300641188398e-06,2.282167997691431e-06,2.4821579245326575e-06,3.00406759379257e-06,2.4717996893741656e-06,2.9807920327584725e-06,2.519366944397916e-06,4.673505827668123e-06,3.4979511838173494e-06,2.6952950520353625e-06
261,8552448,0.0002636000000000018,3.3809071575397445,3.2561351933024723,0.640625,0.540625,-0.13979032635688782,54.111488342285156,1.4347631804412231e-05,0.0,-0.7649766802787781,1,0,0.9999432563781738,471.1651768088147,0.9999432563781738,2.754497472778894e-05,2.616014853629167e-06,2.280175522173522e-06,2.479993327142438e-06,3.0014446110726567e-06,2.4696419131942093e-06,2.9781895136693493e-06,2.5171696051984327e-06,4.6692380237800535e-06,3.494857082841918e-06,2.6929444629786303e-06
262,8585216,0.0002634600000000018,2.717095841325453,3.1663865831826845,0.484375,0.528125,-0.02141556143760681,48.680091857910156,1.4331437341752462e-05,0.0,-0.7638725638389587,1,0,0.9999432563781738,471.5960767004638,0.9999432563781738,2.75013499049237e-05,2.6130228434340097e-06,2.277567546116188e-06,2.4771543394308537e-06,2.997986257469165e-06,2.4668170226505026e-06,2.97476049126999e-06,2.514288325983216e-06,4.663684194383677e-06,3.490727067401167e-06,2.6898619580606464e-06
263,8617984,0.0002633200000000018,2.511557116765023,3.0581521847012767,0.3125,0.496875,-0.026188824325799942,46.578617095947266,1.4318499779619742e-05,0.0,-0.7628665566444397,1,0,0.9999433755874634,472.1020065398357,0.9999433755874634,2.7472962756291963e-05,2.6110749331564875e-06,2.275869974255329e-06,2.475310338923009e-06,2.995725481014233e-06,2.464978251737193e-06,2.972523361677304e-06,2.5124165858869674e-06,4.6600657697126735e-06,3.4880449675256386e-06,2.687856976990588e-06
264,8650752,0.0002631800000000018,2.7901731313000955,2.9975278145384343,0.46875,0.4890625,0.02695872262120247,38.094505310058594,1.4302694580692332e-05,0.0,-0.7627969980239868,1,0,0.9999433755874634,472.52438208977065,0.9999433755874634,2.7430420232121833e-05,2.608150680316612e-06,2.273323389090365e-06,2.472535925335251e-06,2.992350573549629e-06,2.4622199816803914e-06,2.9691773306694813e-06,2.5096003355429275e-06,4.654637905332493e-06,3.4840224998333724e-06,2.684849278011825e-06
265,8683520,0.0002630400000000018,2.9029774374994677,2.9292263249156703,0.46875,0.4859375,-0.04759286716580391,51.964393615722656,1.4284843928180635e-05,0.0,-0.760596513748169,1,0,0.9999434947967529,472.94072700359857,0.9999434947967529,2.738891271292232e-05,2.605285089885001e-06,2.2708275082550244e-06,2.4698235847608885e-06,2.9890425139456056e-06,2.4595169634267222e-06,2.9658947369171074e-06,2.5068475224543363e-06,4.649305992643349e-06,3.48012758877303e-06,2.681896603462519e-06
266,8716288,0.00026290000000000184,3.7650882620688253,2.982552138231363,0.5,0.4796875,-0.057808902114629745,53.39396667480469,1.4273171473178081e-05,0.0,-0.7626467347145081,1,0,0.9999434947967529,473.35910227936586,0.9999434947967529,2.735771704465151e-05,2.6031291326944483e-06,2.2689484922011616e-06,2.4677776764292503e-06,2.986569143104134e-06,2.4574815142841544e-06,2.9634381917276187e-06,2.5047709186765132e-06,4.645276931114495e-06,3.4772315302689094e-06,2.679677436390193e-06
267,8749056,0.0002627600000000018,3.5021454006647503,3.0114168376946315,0.484375,0.4796875,0.13386255502700806,79.55023956298828,1.4260969692259096e-05,0.0,-0.7637990713119507,1,0,0.9999434947967529,473.75843698763913,0.9999434947967529,2.732499342528172e-05,2.600848802103428e-06,2.266960791530437e-06,2.465617853886215e-06,2.983952754220809e-06,2.455328740325058e-06,2.9608418117277324e-06,2.502578809071565e-06,4.6410527829721104e-06,3.4741653962555574e-06,2.677329803191242e-06
268,8781824,0.00026262000000000176,3.0886334406296747,3.032287947684115,0.375,0.471875,-0.08636903762817383,45.85624694824219,1.4234114132705145e-05,0.0,-0.7650365233421326,1,0,0.999943733215332,474.07577527481743,0.999943733215332,2.726572893152479e-05,2.596747435745783e-06,2.2633860226051183e-06,2.461727945046732e-06,2.979247710754862e-06,2.451456794005935e-06,2.956172920676181e-06,2.498630237823818e-06,4.63339893030934e-06,3.46861111211183e-06,2.6731081561592873e-06
269,8814592,0.0002624800000000018,3.367813363396496,3.0450705612545135,0.46875,0.459375,0.05328081548213959,49.104248046875,1.4214393559086602e-05,0.0,-0.7664816379547119,1,0,0.9999438524246216,474.4322942263482,0.9999438524246216,2.7219382900511846e-05,2.5935255507647526e-06,2.260577730339719e-06,2.458678181938012e-06,2.975551069539506e-06,2.448415216349531e-06,2.952507657028036e-06,2.4955347726063337e-06,4.627389444067376e-06,3.4642971513676457e-06,2.669791456355597e-06
270,8847360,0.0002623400000000018,3.609839428415029,3.1636230579604563,0.46875,0.4671875,0.1764906346797943,44.5512809753418,1.419720229023369e-05,0.0,-0.7680491209030151,1,0,0.9999438524246216,474.7778089700737,0.9999438524246216,2.71733442787081e-05,2.5903218556777574e-06,2.2577853542316006e-06,2.455641151755117e-06,2.971875574075966e-06,2.4453909190924605e-06,2.948860810647602e-06,2.49245226768835e-06,4.621413154382026e-06,3.4600113849592162e-06,2.6664936285669683e-06
271,8880128,0.0002622000000000018,3.40038145242462,3.165570487448943,0.546875,0.4578125,0.1500207781791687,71.89132690429688,1.4183606253936887e-05,0.0,-0.7704527378082275,1,0,0.9999439716339111,475.18511698260306,0.9999439716339111,2.7143511033500545e-05,2.5882329737214604e-06,2.2559647732123267e-06,2.4536561795684975e-06,2.96947928291047e-06,2.443419134579017e-06,2.9464802082657116e-06,2.4904377369239228e-06,4.617590093403123e-06,3.4572146887512645e-06,2.6643433557183016e-06
272,8912896,0.00026206000000000184,3.382453870172575,3.2321062903336553,0.40625,0.45,0.11966250091791153,73.71115112304688,1.4172100236464757e-05,0.0,-0.7704913020133972,1,0,0.9999439716339111,475.57918967537364,0.9999439716339111,2.711277556954883e-05,2.5860865662252763e-06,2.2540937152371043e-06,2.4516211851732805e-06,2.9670165986317443e-06,2.4413925530097913e-06,2.9440363960020477e-06,2.4883722744561965e-06,4.6136242417560425e-06,3.4543477340776008e-06,2.662133510966669e-06
273,8945664,0.00026192000000000186,3.5033169429336053,3.3312822729505145,0.421875,0.4609375,0.03345281258225441,67.43421936035156,1.4153318261378445e-05,0.0,-0.7706350088119507,1,0,0.9999440908432007,475.8817744642281,0.9999440908432007,2.706890882109292e-05,2.5830106551438803e-06,2.251412752229953e-06,2.448710120006581e-06,2.9634877591888653e-06,2.4384889911743812e-06,2.9405377972580027e-06,2.4854175535438117e-06,4.607938535627909e-06,3.4502456855989294e-06,2.658967332536122e-06
274,8978432,0.0002617800000000019,3.697107138933253,3.42197567371383,0.5104166666666666,0.4651041666666667,0.025139404460787773,63.98903274536133,1.4131034731690306e-05,0.0,-0.771838903427124,1,0,0.9999440908432007,476.10007549974677,0.9999440908432007,2.7009496989194304e-05,2.5788585844566114e-06,2.247793418064248e-06,2.4447713258268777e-06,2.9587235985673033e-06,2.43456906900974e-06,2.9358079700614326e-06,2.4814196422084933e-06,4.600224201567471e-06,3.444692765697255e-06,2.6546929348114645e-06
275,9011200,0.0002616400000000019,2.781834039527144,3.4098613339165973,0.578125,0.4760416666666667,0.061456356197595596,55.678558349609375,1.4108193681749981e-05,0.0,-0.7726051807403564,1,0,0.9999443292617798,476.42744114457105,0.9999443292617798,2.6961070034303702e-05,2.5754893613338936e-06,2.244857114419574e-06,2.4415799089183565e-06,2.9548584734584438e-06,2.43138856603764e-06,2.9319753593881615e-06,2.4781802494544536e-06,4.593938683683518e-06,3.4401598441036185e-06,2.651224804139929e-06
276,9043968,0.0002615000000000019,3.2366851132555707,3.3570210190352716,0.546875,0.4807291666666666,0.04869352653622627,45.82295227050781,1.4101319720793981e-05,0.0,-0.77300626039505,1,0,0.9999443292617798,476.87050140299294,0.9999443292617798,2.6942818294628523e-05,2.5742176603671396e-06,2.2437484403781127e-06,2.4403693714702968e-06,2.9533989618357737e-06,2.4301878056576243e-06,2.930524487965158e-06,2.4769515221123584e-06,4.591555807564873e-06,3.4384540867904434e-06,2.6499153591430513e-06
277,9076736,0.00026136000000000193,3.0301642976286063,3.3098229087316575,0.5625,0.4885416666666666,0.10319441556930542,43.05790710449219,1.4083884707360994e-05,0.0,-0.7736908793449402,1,0,0.9999444484710693,477.2254046153691,0.9999444484710693,2.690251130843535e-05,2.5714109597174684e-06,2.241301672256668e-06,2.4377109184570145e-06,2.950179123217822e-06,2.427537992844009e-06,2.9273323889356107e-06,2.4742532787058735e-06,4.586340310197556e-06,3.4346855954936473e-06,2.647026121849194e-06
278,9109504,0.0002612200000000019,3.0835812849990525,3.3093176931685946,0.5625,0.5072916666666666,-0.027302170172333717,45.5960807800293,1.406524552294286e-05,0.0,-0.7736552357673645,1,0,0.9999444484710693,477.55696640038155,0.9999444484710693,2.6852760129258968e-05,2.567946012277389e-06,2.238281695099431e-06,2.4344235498574562e-06,2.9462032671290217e-06,2.424266767775407e-06,2.9233847271825653e-06,2.4709167973924195e-06,4.579875621857354e-06,3.4300308016099734e-06,2.643459311002516e-06
279,9142272,0.0002610800000000019,3.6281096902545866,3.3353473258544044,0.734375,0.5338541666666666,-0.01185073982924223,44.706565856933594,1.4044984709471464e-05,0.0,-0.7734382152557373,1,0,0.9999445676803589,477.83343195454074,0.9999445676803589,2.6805148081621155e-05,2.564612714195391e-06,2.235376541648293e-06,2.4312662390002515e-06,2.9423792966554174e-06,2.421120143480948e-06,2.9195928163971985e-06,2.467711965437047e-06,4.57365604233928e-06,3.4255790524184704e-06,2.640028242240078e-06
280,9175040,0.00026094000000000193,2.643341391713849,3.238697522184286,0.515625,0.5385416666666666,0.09286675602197647,31.057817459106445,1.4036329957889393e-05,0.0,-0.7737090587615967,1,0,0.9999445676803589,478.2857846212817,0.9999445676803589,2.678199962247163e-05,2.563003818067955e-06,2.233974100818159e-06,2.429738742648624e-06,2.9405334771581693e-06,2.4196012873289874e-06,2.9177588203310734e-06,2.4661617317178752e-06,4.570656528812833e-06,3.423393991397461e-06,2.6383722797618248e-06
281,9207808,0.00026080000000000195,3.5145268950969637,3.2501120664515213,0.5625,0.5401041666666666,-0.12034600973129272,52.74291229248047,1.4012602150614839e-05,0.0,-0.7761729955673218,1,0,0.999944806098938,478.602266136907,0.999944806098938,2.6731378966360353e-05,2.5594774797355058e-06,2.230900236099842e-06,2.426397713861661e-06,2.9364875899773324e-06,2.4162720819731476e-06,2.9137468118278775e-06,2.4627709080959903e-06,4.564101800497156e-06,3.4186282391601708e-06,2.6347418042860227e-06
282,9240576,0.00026066000000000197,3.3917753354337923,3.251044212977642,0.515625,0.5510416666666667,-0.06934744119644165,53.398799896240234,1.3999670954945032e-05,0.0,-0.7773282527923584,1,0,0.999944806098938,479.0076906917119,0.999944806098938,2.6696985514718108e-05,2.557069137765211e-06,2.2288013497018255e-06,2.4241151095338864e-06,2.9337247724470217e-06,2.4139990273397416e-06,2.911002638938953e-06,2.4604537429695483e-06,4.559607987175696e-06,3.41539589499007e-06,2.6322629764763406e-06
283,9273344,0.000260520000000002,3.678104226424319,3.268522941326714,0.578125,0.5666666666666667,0.08348249644041061,60.17731475830078,1.3979382856632583e-05,0.0,-0.7785238027572632,1,0,0.9999449253082275,479.3106331963609,0.9999449253082275,2.664931889739819e-05,2.5537283363519236e-06,2.2258896024140995e-06,2.420950295345392e-06,2.929891934400075e-06,2.410844899713993e-06,2.907202315327595e-06,2.4572414076828863e-06,4.553424787445692e-06,3.410910949241952e-06,2.6288239496352617e-06
284,9306112,0.000260380000000002,3.8982614221493055,3.2886383696483192,0.59375,0.575,0.0017466209828853607,53.574371337890625,1.3969636711408384e-05,0.0,-0.7788445949554443,1,0,0.9999449253082275,479.6845347392982,0.9999449253082275,2.662346014403738e-05,2.5519050268485444e-06,2.224300033049076e-06,2.4192192995542428e-06,2.927799869212322e-06,2.4091234536172124e-06,2.9051234378130175e-06,2.4554844912927365e-06,4.550078301690519e-06,3.408471684451797e-06,2.626946979944478e-06
285,9338880,0.00026024000000000197,3.7078480957717157,3.381239775272776,0.484375,0.565625,0.12845930457115173,52.558837890625,1.395069011778105e-05,0.0,-0.7785817384719849,1,0,0.9999449253082275,479.9613080484447,0.9999449253082275,2.6573005015961826e-05,2.5483664103376213e-06,2.221215936515364e-06,2.415862354609999e-06,2.923740112237283e-06,2.4057828795776004e-06,2.9010950584051898e-06,2.4520770693925442e-06,4.5434871935867704e-06,3.4037457226077095e-06,2.6233042262902018e-06
286,9371648,0.00026010000000000193,3.4347101599711154,3.4010422799443303,0.578125,0.56875,-0.06042250990867615,31.29609489440918,1.3929223314335104e-05,0.0,-0.7796806693077087,1,0,0.9999450445175171,480.2278760220846,0.9999450445175171,2.652227158250753e-05,2.5448064207012067e-06,2.2181127405929146e-06,2.4124897208821494e-06,2.919655571531621e-06,2.402422069280874e-06,2.8970453058718704e-06,2.4486539587087464e-06,4.536871983873425e-06,3.398983835722902e-06,2.6196394173894078e-06
287,9404416,0.00025996000000000195,3.055348393421648,3.4035606895236348,0.34375,0.546875,-0.09604895859956741,36.539424896240234,1.3905591004004236e-05,0.0,-0.7807096242904663,1,0,0.9999451637268066,480.49411948452735,0.9999451637268066,2.64657774096122e-05,2.540834429964889e-06,2.2146509763842914e-06,2.4087219117063796e-06,2.9150985483283876e-06,2.3986724499991396e-06,2.89252056973055e-06,2.4448297608614666e-06,4.529518719209591e-06,3.3936566978809424e-06,2.6155507839575876e-06
288,9437184,0.00025982000000000197,3.0967587258058598,3.4048784336043156,0.484375,0.5390625,-0.06714486330747604,51.94683074951172,1.3890898117097095e-05,0.0,-0.7818185687065125,1,0,0.9999452829360962,480.8512002344476,0.9999452829360962,2.6433193852426484e-05,2.5385336357430788e-06,2.2126457679405576e-06,2.4065411707852036e-06,2.9124591947038425e-06,2.3965003492776304e-06,2.8899019071104703e-06,2.4426162781310268e-06,4.525295935309259e-06,3.3905835152836516e-06,2.613182459754171e-06
289,9469952,0.000259680000000002,3.197387894439286,3.3618062540227855,0.390625,0.5046875,0.11290153115987778,45.3372688293457,1.3876608136342838e-05,0.0,-0.7820120453834534,1,0,0.9999454021453857,481.2224475524556,0.9999454021453857,2.6401528884889558e-05,2.5363028726133052e-06,2.2107010408944916e-06,2.4044286419666605e-06,2.9098998766130535e-06,2.3943946416693507e-06,2.8873648716398748e-06,2.440472144371597e-06,4.52115136795328e-06,3.387604238014319e-06,2.610885985632194e-06
290,9502720,0.00025954000000000195,3.545899207542754,3.452062035605676,0.5,0.503125,0.02964208461344242,58.91840362548828,1.386250187351834e-05,0.0,-0.7814589738845825,1,0,0.9999454021453857,481.51688833663184,0.9999454021453857,2.6364165023551323e-05,2.533658289394225e-06,2.2083961539465236e-06,2.401923438810627e-06,2.906865347540588e-06,2.3918978513393085e-06,2.88435376205598e-06,2.437929651932791e-06,4.516363787843147e-06,3.384071305845282e-06,2.6081636406161124e-06
291,9535488,0.00025940000000000197,3.213160542930221,3.4219254003890014,0.484375,0.4953125,-0.015041325241327286,69.73365783691406,1.3841292457072996e-05,0.0,-0.7815613746643066,1,0,0.9999455213546753,481.75896104477766,0.9999455213546753,2.631423012644518e-05,2.5301235382357845e-06,2.2053152406442678e-06,2.398568085482111e-06,2.9028099106653826e-06,2.3885609152785037e-06,2.8803274290112313e-06,2.4345238216483267e-06,4.50991683464963e-06,3.379347162990598e-06,2.6045249796879943e-06
292,9568256,0.000259260000000002,3.0049857923550984,3.3832464460811322,0.328125,0.4765625,0.1413150429725647,71.68511962890625,1.3833958291797899e-05,0.0,-0.781936526298523,1,0,0.9999455213546753,482.16912585347063,0.9999455213546753,2.6294836061424576e-05,2.528748382246704e-06,2.204116526627331e-06,2.397264552200795e-06,2.901232619478833e-06,2.3872628389653983e-06,2.8787619612558046e-06,2.4332007342309225e-06,4.50741845270386e-06,3.377510665814043e-06,2.6031093511846848e-06
293,9601024,0.000259120000000002,3.163651287014605,3.331801152140161,0.46875,0.465625,0.04711783304810524,53.43143081665039,1.3823876543028746e-05,0.0,-0.781208336353302,1,0,0.9999455213546753,482.5336827904142,0.9999455213546753,2.6268095098203048e-05,2.526848902562051e-06,2.2024607915227534e-06,2.3954683001647936e-06,2.899053015426034e-06,2.385469315413502e-06,2.876602366086445e-06,2.4313774247275433e-06,4.503976015257649e-06,3.374976586201228e-06,2.601153937575873e-06
294,9633792,0.000258980000000002,3.6888319506351683,3.3108582049887474,0.421875,0.4484375,-0.06740492582321167,54.820281982421875,1.3806090464640874e-05,0.0,-0.7827901840209961,1,0,0.9999457597732544,482.8546943069155,0.9999457597732544,2.623360342113301e-05,2.524402361814282e-06,2.2003282538207714e-06,2.393148861301597e-06,2.896246314776363e-06,2.3831596536183497e-06,2.8738170385622652e-06,2.4290234250656795e-06,4.499555871007033e-06,3.3717089991114335e-06,2.5986355467466637e-06
295,9666560,0.00025884000000000204,4.032757163770125,3.343349111788588,0.484375,0.4484375,-0.008655390702188015,39.336814880371094,1.3798181498714257e-05,0.0,-0.7827039361000061,1,0,0.9999457597732544,483.2464873707029,0.9999457597732544,2.6212721422780305e-05,2.522919885450392e-06,2.1990360892232275e-06,2.3917409635032527e-06,2.894545332310372e-06,2.381759941272321e-06,2.87212924376945e-06,2.427594608889194e-06,4.496844667301048e-06,3.369728574398323e-06,2.5971094146370888e-06
296,9699328,0.00025870000000000206,3.56510518368422,3.3563886141598984,0.5416666666666666,0.4447916666666667,-0.022600524127483368,65.08008575439453,1.3790012417302933e-05,0.0,-0.7818220853805542,1,0,0.9999457597732544,483.63240831915704,0.9999457597732544,2.6191031793132424e-05,2.5213805656676413e-06,2.197694357164437e-06,2.390284180364688e-06,2.8927788662258536e-06,2.3803067961125635e-06,2.870376874852809e-06,2.426115543130436e-06,4.494040695135482e-06,3.3676726616249653e-06,2.5955246201192494e-06
297,9732096,0.000258560000000002,3.2606029383925264,3.376914068656986,0.46875,0.4572916666666667,0.04375086724758148,59.72884750366211,1.3771888006886002e-05,0.0,-0.7827631235122681,1,0,0.999945878982544,483.90892587580294,0.999945878982544,2.614935510791838e-05,2.518429710107739e-06,2.1951225335214986e-06,2.3874845282989554e-06,2.8893934995721793e-06,2.377521013841033e-06,2.867017656171811e-06,2.4232738269347465e-06,4.488584636419546e-06,3.3637313663348323e-06,2.5924871351890033e-06
298,9764864,0.000258420000000002,3.157659741128499,3.3830041701892504,0.5,0.4588541666666666,0.01988380402326584,58.36981201171875,1.3760117326455656e-05,0.0,-0.785485029220581,1,0,0.999945878982544,484.27750515405285,0.999945878982544,2.6118275854969397e-05,2.516230551918852e-06,2.1932055460638367e-06,2.385397465332062e-06,2.886870561269461e-06,2.3754453195579117e-06,2.8645113161474e-06,2.4211556137743173e-06,4.484506462176796e-06,3.3607909699640004e-06,2.5902234028762905e-06
299,9797632,0.000258280000000002,2.740126361074464,3.3372780168527685,0.453125,0.4651041666666666,0.020869754254817963,48.859893798828125,1.3749187928624451e-05,0.0,-0.7875847816467285,1,0,0.999945878982544,484.63816765499064,0.999945878982544,2.6089348466484807e-05,2.514182142476784e-06,2.1914202079642564e-06,2.3834554667701013e-06,2.88452042696008e-06,2.373511051700916e-06,2.8621793717320543e-06,2.4191847387555754e-06,4.480744792090263e-06,3.3580517992959358e-06,2.5881145120365545e-06
300,9830400,0.000258140000000002,3.452101681736906,3.327898264272183,0.578125,0.4729166666666666,0.13411825895309448,72.09292602539062,1.3728323210671078e-05,0.0,-0.787192165851593,1,0,0.9999459981918335,484.8721086718899,0.9999459981918335,2.6040530428872444e-05,2.5107176497840555e-06,2.1884002308070194e-06,2.3801735551387537e-06,2.8805459351133322e-06,2.370240736127016e-06,2.8582380764419213e-06,2.415853259662981e-06,4.474366050999379e-06,3.353424745000666e-06,2.584548383310903e-06
301,9863168,0.000258000000000002,3.8611233032264622,3.3926945403018074,0.515625,0.4760416666666666,-0.12592823803424835,49.253814697265625,1.3710919120057952e-05,0.0,-0.7861928939819336,1,0,0.9999459981918335,485.0960552556463,0.9999459981918335,2.5994577299570665e-05,2.507439376131515e-06,2.185543280575075e-06,2.37706558436912e-06,2.8767847197741503e-06,2.3671459530305583e-06,2.8545061923068715e-06,2.4126991320372326e-06,4.468467977858381e-06,3.3490462101326557e-06,2.5811737032199744e-06
302,9895936,0.00025786000000000195,3.81491741002171,3.473687702068468,0.671875,0.5104166666666666,0.04530481994152069,58.87886047363281,1.3691915228264406e-05,0.0,-0.7867693901062012,1,0,0.999946117401123,485.2811628413977,0.999946117401123,2.5950763301807456e-05,2.504297299310565e-06,2.1828041099070106e-06,2.3740867618471384e-06,2.873179710149998e-06,2.364179636060726e-06,2.850926193787018e-06,2.4096755169011885e-06,4.462838660401758e-06,3.3448523026891053e-06,2.577939085313119e-06
303,9928704,0.00025772000000000197,3.8109313914456635,3.5384157125115743,0.625,0.5260416666666666,-0.08527569472789764,35.507938385009766,1.3680197298526764e-05,0.0,-0.7876884341239929,1,0,0.999946117401123,485.54635429111033,0.999946117401123,2.591997144918423e-05,2.502086772437906e-06,2.1808773453813046e-06,2.371991058680578e-06,2.8706433568004286e-06,2.3620925730938325e-06,2.8484098493208876e-06,2.407548436167417e-06,4.4588823584490456e-06,3.341899855513475e-06,2.5756637569429586e-06
304,9961472,0.000257580000000002,3.369559420888233,3.506488459536881,0.578125,0.5416666666666666,0.04869379848241806,90.89570617675781,1.3664193829754367e-05,0.0,-0.789669394493103,1,0,0.9999462366104126,485.8225642718403,0.9999462366104126,2.588398456282448e-05,2.4995231342472835e-06,2.178642944272724e-06,2.369560888837441e-06,2.8677022783085704e-06,2.3596724076924147e-06,2.8454940093070036e-06,2.405081886536209e-06,4.454177542356774e-06,3.3384728794771945e-06,2.5730248580657644e-06
305,9994240,0.000257440000000002,3.3415586034632687,3.437368603506195,0.59375,0.5526041666666666,0.038953423500061035,56.94506072998047,1.3651781955559272e-05,0.0,-0.7918117046356201,1,0,0.9999462366104126,486.10760016700124,0.9999462366104126,2.585127185739111e-05,2.497181185390218e-06,2.176601356040919e-06,2.367340812270413e-06,2.8650154035858577e-06,2.3574614260724047e-06,2.842825097104651e-06,2.4028281586652156e-06,4.449987500265706e-06,3.3353476283082273e-06,2.5706137876113644e-06
306,10027008,0.000257300000000002,3.6408309943475325,3.4449411845725266,0.640625,0.5625,0.09218384325504303,75.38872528076172,1.3641376426676288e-05,0.0,-0.792339563369751,1,0,0.9999462366104126,486.40765347424707,0.9999462366104126,2.58238724200055e-05,2.495216904208064e-06,2.174889914385858e-06,2.3654813503526384e-06,2.86276190308854e-06,2.355607193749165e-06,2.840592060238123e-06,2.4009407297853613e-06,4.446475031727459e-06,3.3327244182146387e-06,2.568591980889323e-06
307,10059776,0.00025716000000000204,3.6856871998875658,3.48744961072203,0.578125,0.5734375,-0.014815693721175194,74.371337890625,1.363012779620476e-05,0.0,-0.7930505275726318,1,0,0.9999463558197021,486.7499270245712,0.9999463558197021,2.5800465664360672e-05,2.4935498004197143e-06,2.173436541852425e-06,2.363898147450527e-06,2.860849008357036e-06,2.3540335405414226e-06,2.8386912163114175e-06,2.399334334768355e-06,4.443431862455327e-06,3.330497747811023e-06,2.5668757643870777e-06
308,10092544,0.000257020000000002,3.725225636068317,3.544206200216012,0.59375,0.5828125,0.09325222671031952,87.23045349121094,1.3619613127957564e-05,0.0,-0.7930252552032471,1,0,0.9999463558197021,487.05470288059036,0.9999463558197021,2.5772676963242702e-05,2.4915743779274635e-06,2.1717148683819687e-06,2.3620234514964977e-06,2.8585827749338932e-06,2.352168621655437e-06,2.8364427180349594e-06,2.3974309897312196e-06,4.439822532731341e-06,3.3278561204497237e-06,2.564842361607589e-06
309,10125312,0.00025688000000000197,3.3195168479475816,3.602145248903324,0.53125,0.590625,-0.007855067029595375,75.59992980957031,1.361345493933186e-05,0.0,-0.7947890758514404,1,0,0.9999463558197021,487.441193957442,0.9999463558197021,2.5756482500582933e-05,2.4904200017772382e-06,2.170708512494457e-06,2.360933422096423e-06,2.857258095900761e-06,2.351078364881687e-06,2.835130771927652e-06,2.3963248168001883e-06,4.437693860381842e-06,3.326317255414324e-06,2.563653879406047e-06
310,10158080,0.000256740000000002,3.6177947303331157,3.6187145537629455,0.4375,0.5765625,0.008299058303236961,44.770538330078125,1.359029374725651e-05,0.0,-0.7974056005477905,1,0,0.9999465942382812,487.67098793134704,0.9999465942382812,2.570790093159303e-05,2.4869743810995715e-06,2.1677051336155273e-06,2.357664698138251e-06,2.853304977179505e-06,2.3478257844544714e-06,2.8312083486525808e-06,2.393007207501796e-06,4.43129601990222e-06,3.3217056625289842e-06,2.5601068500691326e-06
311,10190848,0.000256600000000002,3.826624916823354,3.6152647151226347,0.546875,0.5796875,-0.02971942536532879,83.55863952636719,1.3581019629782531e-05,0.0,-0.796996533870697,1,0,0.9999465942382812,487.9888235149042,0.9999465942382812,2.5683566491352394e-05,2.485234062987729e-06,2.16618809645297e-06,2.356014874749235e-06,2.8513081815617625e-06,2.346183009649394e-06,2.8292270144447684e-06,2.3913326003821567e-06,4.428144620760577e-06,3.319381221444928e-06,2.5583153728803154e-06
312,10223616,0.000256460000000002,3.4749046703699404,3.581263441157457,0.53125,0.565625,0.003614751622080803,108.78811645507812,1.355992480966961e-05,0.0,-0.8009589910507202,1,0,0.9999467134475708,488.18806798090895,0.9999467134475708,2.5634262783569284e-05,2.4817074972816044e-06,2.1631144591083284e-06,2.3526720269728685e-06,2.8472627491282765e-06,2.3428538042935543e-06,2.825210003720713e-06,2.3879395030235173e-06,4.421734956849832e-06,3.3146682199003408e-06,2.554685352151864e-06
313,10256384,0.00025632000000000205,3.9273679248414215,3.5929070944970327,0.59375,0.5625,0.1394723355770111,86.61332702636719,1.3549448340199888e-05,0.0,-0.8009887337684631,1,0,0.9999467134475708,488.47108193461634,0.9999467134475708,2.560682150942739e-05,2.479732302163029e-06,2.161392558264197e-06,2.350801423744997e-06,2.844996060957783e-06,2.340988885407569e-06,2.8229640065546846e-06,2.3860411602072418e-06,4.41819429397583e-06,3.3120327316282783e-06,2.5526519493723754e-06
314,10289152,0.000256180000000002,3.8868145238416396,3.644632604792373,0.5,0.5546875,-0.03436893969774246,66.84549713134766,1.3541222870117053e-05,0.0,-0.8023118376731873,1,0,0.9999467134475708,488.7938160284891,0.9999467134475708,2.558521919127088e-05,2.4781766114756465e-06,2.1600410491373623e-06,2.349326678086072e-06,2.843211404979229e-06,2.3395205062115565e-06,2.8211929929966573e-06,2.3845441319281235e-06,4.4153889575682115e-06,3.309954990982078e-06,2.5510505565762287e-06
315,10321920,0.00025604000000000203,3.8386348497794196,3.694340229423988,0.515625,0.546875,0.06727787852287292,67.2833023071289,1.3527774171961937e-05,0.0,-0.8028954267501831,1,0,0.9999468326568604,489.05610894151124,0.9999468326568604,2.5556228138157167e-05,2.476083864166867e-06,2.1582168301392812e-06,2.3473426153941546e-06,2.8408103389665484e-06,2.337544628971955e-06,2.8188107989990385e-06,2.3825305106583983e-06,4.4116559365647845e-06,3.30716011376353e-06,2.548896191001404e-06
316,10354688,0.00025590000000000205,3.329652330982855,3.663222363087521,0.453125,0.528125,0.11473097652196884,47.24736404418945,1.3518400919565465e-05,0.0,-0.8031010627746582,1,0,0.9999468326568604,489.3676419612227,0.9999468326568604,2.553160084062256e-05,2.4743087578826817e-06,2.156667505914811e-06,2.3456577764591202e-06,2.8387737529556034e-06,2.3358691123576136e-06,2.8167896743980236e-06,2.3808202058717143e-06,4.408476343087386e-06,3.3047890610760078e-06,2.547068788771867e-06
317,10387456,0.00025576000000000206,3.0980872955657066,3.604462372655335,0.4375,0.5140625,0.02577262744307518,43.73308563232422,1.3503938134817872e-05,0.0,-0.8021032810211182,1,0,0.9999468326568604,489.64889042400927,0.9999468326568604,2.549344935687259e-05,2.471589596098056e-06,2.154297362721991e-06,2.343079813726945e-06,2.8356541861285223e-06,2.333301836188184e-06,2.813691480696434e-06,2.3782035896147136e-06,4.403484581416706e-06,3.301154038126697e-06,2.544269591453485e-06
318,10420224,0.00025562000000000203,4.303060862652339,3.6622458953137373,0.46875,0.5015625,-0.02682589739561081,44.57830047607422,1.3491508980223443e-05,0.0,-0.8019695281982422,1,0,0.9999469518661499,489.95651767033974,0.9999469518661499,2.546706127759535e-05,2.469693072271184e-06,2.152646629838273e-06,2.3412842438119696e-06,2.833478447428206e-06,2.331511495867744e-06,2.811535296132206e-06,2.376381189606036e-06,4.40005987911718e-06,3.2986242786137154e-06,2.542317588449805e-06
319,10452992,0.00025548000000000205,3.6165316638275895,3.691947376901738,0.5416666666666666,0.5026041666666667,0.04365237057209015,64.60284423828125,1.3482595932146069e-05,0.0,-0.8026567101478577,1,0,0.9999469518661499,490.2506481502552,0.9999469518661499,2.5443758204346523e-05,2.4680120986886322e-06,2.1511812065000413e-06,2.339690581720788e-06,2.8315494091657456e-06,2.3299244276131503e-06,2.8096214919060003e-06,2.374763653278933e-06,4.397055818117224e-06,3.2963789635687135e-06,2.5405870474060066e-06
320,10485760,0.00025534000000000206,3.906401453126362,3.7208080491810627,0.625,0.5213541666666667,0.1002238541841507,76.30128479003906,1.3477387255989015e-05,0.0,-0.8043463230133057,1,0,0.9999469518661499,490.60767251698263,0.9999469518661499,2.5430195819353685e-05,2.4670237053214805e-06,2.1503240077436203e-06,2.3387535748042865e-06,2.8304157240199856e-06,2.328993787159561e-06,2.808496446959907e-06,2.3738102754577994e-06,4.395295491121942e-06,3.29505883200909e-06,2.5395693228347227e-06
321,10518528,0.0002552000000000021,2.971127086912577,3.6352582661899846,0.546875,0.5213541666666666,0.1226944774389267,50.858768463134766,1.3467282769852318e-05,0.0,-0.8039610981941223,1,0,0.9999469518661499,490.91191911773484,0.9999469518661499,2.5403509425814264e-05,2.465113993821433e-06,2.148659632439376e-06,2.336943452974083e-06,2.8282247512834147e-06,2.327190941286972e-06,2.806322299875319e-06,2.3719728687865427e-06,4.3918093979300465e-06,3.292508154117968e-06,2.537603677410516e-06
322,10551296,0.0002550600000000021,3.1264517804648806,3.600412977199479,0.578125,0.5260416666666666,0.00537990964949131,45.25953674316406,1.3451958693622146e-05,0.0,-0.8045847415924072,1,0,0.9999470710754395,491.1656527947394,0.9999470710754395,2.5369519789819606e-05,2.4626847334729973e-06,2.1465398276632186e-06,2.3346403850155184e-06,2.825437377396156e-06,2.3248951492860215e-06,2.803553798003122e-06,2.3696329662925564e-06,4.3873637878277805e-06,3.2892601211642614e-06,2.535102794354316e-06
323,10584064,0.0002549200000000021,3.561894007508758,3.5638655854662127,0.65625,0.5322916666666666,-0.003360265865921974,52.668087005615234,1.3445565855363384e-05,0.0,-0.8043160438537598,1,0,0.9999470710754395,491.51221595991416,0.9999470710754395,2.535271050874144e-05,2.461482608850929e-06,2.145492089766776e-06,2.3335005607805215e-06,2.824058356054593e-06,2.3237603272718843e-06,2.802185463224305e-06,2.368476543779252e-06,4.385172360343859e-06,3.2876546356419567e-06,2.5338651994388783e-06
324,10616832,0.00025478000000000214,3.4712198499955744,3.522306118081606,0.609375,0.5432291666666667,-0.01599358208477497,56.77737808227539,1.3438165296975058e-05,0.0,-0.8046992421150208,1,0,0.9999470710754395,491.84340527791613,0.9999470710754395,2.5333256417070515e-05,2.460093355693971e-06,2.1442810975713655e-06,2.332183385078679e-06,2.8224642392160604e-06,2.3224486085382523e-06,2.800604079311597e-06,2.367139586567646e-06,4.3826134970004205e-06,3.2857958558452083e-06,2.532435246394016e-06
325,10649600,0.00025464000000000216,3.2355557194539717,3.461998205049061,0.625,0.5541666666666666,-0.008413351140916348,65.5526123046875,1.3427947124000639e-05,0.0,-0.8058778047561646,1,0,0.999947190284729,492.16964699484714,0.999947190284729,2.5312730940640904e-05,2.4586136078141863e-06,2.1429914340842515e-06,2.3307807168748695e-06,2.820766667355201e-06,2.3210538984130835e-06,2.7989194677502383e-06,2.365718046348775e-06,4.379968686407665e-06,3.2838192964845803e-06,2.5309120701422216e-06
326,10682368,0.0002545000000000021,3.7582843253571725,3.504861404486493,0.65625,0.5744791666666667,0.04174184054136276,45.9381103515625,1.3421808944258373e-05,0.0,-0.8072836399078369,1,0,0.999947190284729,492.5237925393838,0.999947190284729,2.5296634703408927e-05,2.4574553663114784e-06,2.141982122338959e-06,2.329682729396154e-06,2.8194381229695864e-06,2.3199606857815525e-06,2.797600927806343e-06,2.3646036879654275e-06,4.377889581519412e-06,3.282272928117891e-06,2.5297197225881973e-06
327,10715136,0.0002543600000000021,3.9004299061181977,3.5850956655417425,0.640625,0.5947916666666666,0.025784606114029884,44.23400115966797,1.3412317457550671e-05,0.0,-0.8076725006103516,1,0,0.999947190284729,492.7978281263999,0.999947190284729,2.527172546251677e-05,2.45566593548574e-06,2.1404218841780676e-06,2.3279860670299968e-06,2.8173847113066586e-06,2.318271071999334e-06,2.7955636596743716e-06,2.3628815597476205e-06,4.3746467781602405e-06,3.2798820939206053e-06,2.5278775410697563e-06
328,10747904,0.0002542200000000021,4.012827236168456,3.556072302893354,0.765625,0.6244791666666666,0.03214211016893387,76.07240295410156,1.3402269360085484e-05,0.0,-0.8073168992996216,1,0,0.999947190284729,493.04856052495404,0.999947190284729,2.524544470361434e-05,2.4537623630749295e-06,2.1387650122051127e-06,2.3261818569153547e-06,2.8152010145277018e-06,2.3164764115790604e-06,2.793399517031503e-06,2.361052565902355e-06,4.371251634438522e-06,3.2773402836028254e-06,2.525918262108462e-06
329,10780672,0.00025408000000000207,3.9016318434412427,3.5845823208547194,0.59375,0.6296875,-0.024005865678191185,70.61944580078125,1.338218407909153e-05,0.0,-0.8074430227279663,1,0,0.9999475479125977,493.26007223723866,0.9999475479125977,2.521150599932298e-05,2.4513169591955375e-06,2.1366313376347534e-06,2.32386332754686e-06,2.812394995999057e-06,2.3141633391787764e-06,2.7906125978915952e-06,2.358694700888009e-06,4.366878329165047e-06,3.2740736060077325e-06,2.5234007807739545e-06
330,10813440,0.0002539400000000021,4.031831743374877,3.5971253498795703,0.625,0.6296875,-0.015224083326756954,67.5595474243164,1.3374523405218497e-05,0.0,-0.8084038496017456,1,0,0.9999475479125977,493.56248074987593,0.9999475479125977,2.5191438908223063e-05,2.4498749553458765e-06,2.135374188583228e-06,2.3224963570100954e-06,2.8107408525102073e-06,2.3128040993469767e-06,2.7889711873285705e-06,2.357309313083533e-06,4.364268079370959e-06,3.2721477509767283e-06,2.521916485420661e-06
331,10846208,0.0002538000000000021,4.019900555394997,3.7020026967278126,0.609375,0.6359375,0.007611457258462906,62.909637451171875,1.3364448022912256e-05,0.0,-0.8086205720901489,1,0,0.9999475479125977,493.8063629438504,0.9999475479125977,2.516502354410477e-05,2.4479666080878815e-06,2.1337134512577904e-06,2.320687372048269e-06,2.80855169876304e-06,2.31100511882687e-06,2.786801587717491e-06,2.355475771764759e-06,4.360835646366468e-06,3.2695993468223605e-06,2.519952204238507e-06
332,10878976,0.0002536600000000021,3.4333543549293557,3.73269295417426,0.53125,0.63125,-0.11145597696304321,48.28645324707031,1.3352010682865512e-05,0.0,-0.8094546794891357,1,0,0.9999476671218872,494.08165352568244,0.9999476671218872,2.513873732823413e-05,2.446071903250413e-06,2.132061808879371e-06,2.318891347385943e-06,2.8063780064258026e-06,2.309214323759079e-06,2.7846444936585613e-06,2.3536501885246253e-06,4.3574359551712405e-06,3.2670686778146774e-06,2.518001792850555e-06
333,10911744,0.00025352000000000214,4.463341631620672,3.8228377165854517,0.609375,0.6265625,0.029834715649485588,135.589111328125,1.3343030332180206e-05,0.0,-0.8093099594116211,1,0,0.9999476671218872,494.32337161401705,0.9999476671218872,2.5115348762483336e-05,2.4443675101792905e-06,2.1305761492840247e-06,2.317275402674568e-06,2.8044223654433154e-06,2.3076049728842918e-06,2.782701585601899e-06,2.3520101422036532e-06,4.35439869761467e-06,3.2647919852024643e-06,2.5162471501971595e-06
334,10944512,0.00025338000000000216,3.9642197999152406,3.8721377115774183,0.671875,0.6328125,-0.0004686592146754265,84.60238647460938,1.3333984497876372e-05,0.0,-0.8103132247924805,1,0,0.9999476671218872,494.5532318183389,0.9999476671218872,2.5091720090131275e-05,2.4426524305454222e-06,2.12908093999431e-06,2.315649226147798e-06,2.802454446282354e-06,2.305985617567785e-06,2.7807489004771924e-06,2.350359636693611e-06,4.351343250164064e-06,3.2625009680486983e-06,2.514481593607343e-06
335,10977280,0.0002532400000000022,3.69252103058631,3.9178342426906525,0.484375,0.61875,-0.07555601000785828,57.36496353149414,1.3320653124537785e-05,0.0,-0.8123370409011841,1,0,0.9999477863311768,494.74647202429577,0.9999477863311768,2.5063218345167115e-05,2.4405733256571693e-06,2.1272769572533434e-06,2.3136785785027314e-06,2.8000690690532792e-06,2.30402088163828e-06,2.7783819405158283e-06,2.3483571567339823e-06,4.347640242485795e-06,3.25972405335051e-06,2.5123413252003957e-06
336,11010048,0.0002531000000000022,4.317140162362943,3.9737198263912292,0.65625,0.61875,-0.031251292675733566,83.55884552001953,1.3307065273693297e-05,0.0,-0.8136262893676758,1,0,0.9999477863311768,494.88393485156183,0.9999477863311768,2.5027771698660217e-05,2.437988769088406e-06,2.125036417055526e-06,2.3112302187655587e-06,2.797103888951824e-06,2.3015829810901778e-06,2.7754399525292683e-06,2.3458724172087386e-06,4.34303592555807e-06,3.256272066209931e-06,2.50968105319771e-06
337,11042816,0.00025296000000000216,3.640723688442161,3.9477492046236256,0.5,0.6046875,0.011020930483937263,63.23094177246094,1.330393206444569e-05,0.0,-0.8144171237945557,1,0,0.9999477863311768,495.2328090706841,0.9999477863311768,2.5019515305757523e-05,2.4373914584430167e-06,2.124515731338761e-06,2.3106638309400296e-06,2.7964183573203627e-06,2.301021368111833e-06,2.7747623789764475e-06,2.345299662920297e-06,4.34195862908382e-06,3.2554742119828006e-06,2.509066007405636e-06
338,11075584,0.0002528200000000021,3.58739639705372,3.905206120712152,0.46875,0.575,-0.00028733164072036743,70.37100219726562,1.3292656149133109e-05,0.0,-0.8149844408035278,1,0,0.9999477863311768,495.45523750986234,0.9999477863311768,2.4990111342049204e-05,2.4352584659936838e-06,2.122656724168337e-06,2.3086399778549094e-06,2.793971134451567e-06,2.2990054731053533e-06,2.7723312996386085e-06,2.343243068025913e-06,4.33814739153604e-06,3.2526254472031724e-06,2.506870032448205e-06
339,11108352,0.00025268000000000214,3.6142152910035454,3.876464465468383,0.46875,0.5625,-0.026287905871868134,38.107177734375,1.3283565749588888e-05,0.0,-0.8155269026756287,1,0,0.9999479055404663,495.7453084495654,0.9999479055404663,2.497272362234071e-05,2.433986310279579e-06,2.1215478227532003e-06,2.307433760506683e-06,2.7925118502025725e-06,2.297806986462092e-06,2.770885885183816e-06,2.342021161894081e-06,4.335880930739222e-06,3.250926283726585e-06,2.505560814825003e-06
340,11141120,0.00025254000000000216,3.387868743028747,3.8120681654337694,0.375,0.5375,-0.06312163174152374,83.78321838378906,1.3277119251142722e-05,0.0,-0.817392110824585,1,0,0.9999479055404663,496.02964005410627,0.9999479055404663,2.4955865228548646e-05,2.4327612209162908e-06,2.120479621225968e-06,2.306272335772519e-06,2.7911062261409825e-06,2.2966503365751123e-06,2.7694909476849716e-06,2.3408424567605834e-06,4.333698598202318e-06,3.24928987538442e-06,2.504299345673644e-06
341,11173888,0.0002524000000000022,3.215904723286703,3.73166858222294,0.46875,0.5234375,0.027181968092918396,68.85184478759766,1.3267754184198566e-05,0.0,-0.8189256191253662,1,0,0.9999479055404663,496.27514649015967,0.9999479055404663,2.493143438186962e-05,2.4309845230163774e-06,2.118931433869875e-06,2.304588178958511e-06,2.789067821140634e-06,2.2949730009713676e-06,2.7674686862155795e-06,2.3391328340949258e-06,4.330533556640148e-06,3.2469170037074946e-06,2.502470579202054e-06
342,11206656,0.0002522600000000022,3.4914784394133074,3.7374809906713353,0.40625,0.5109375,-0.09097721427679062,45.210121154785156,1.3258621947898064e-05,0.0,-0.8186782598495483,1,0,0.9999479055404663,496.49833529789794,0.9999479055404663,2.49076711043017e-05,2.429246251267614e-06,2.1174162156967213e-06,2.302940401932574e-06,2.7870735266333213e-06,2.2933299987926148e-06,2.765487352007767e-06,2.337457999601611e-06,4.327437181927962e-06,3.244595518481219e-06,2.5006813757499913e-06
343,11239424,0.0002521200000000022,3.7107954241346857,3.662226369922737,0.59375,0.509375,0.04460373893380165,68.80731201171875,1.3248551113065332e-05,0.0,-0.8186555504798889,1,0,0.9999480247497559,496.76813590621526,0.9999480247497559,2.4887656763894483e-05,2.42778742176597e-06,2.1161447421036428e-06,2.301559561601607e-06,2.7853998290083837e-06,2.291954842803534e-06,2.7638291157927597e-06,2.3360589693766087e-06,4.324838755564997e-06,3.242647153456346e-06,2.4991795726236887e-06
344,11272192,0.00025198000000000223,4.102740420784629,3.6760784320096747,0.71875,0.5140625,0.02301574870944023,83.81886291503906,1.3242964087112341e-05,0.0,-0.8190377950668335,1,0,0.9999480247497559,497.0638812529402,0.9999480247497559,2.487311212462373e-05,2.4267271783173783e-06,2.115220468112966e-06,2.3005522962193936e-06,2.7841838345921133e-06,2.290953943884233e-06,2.762622216323507e-06,2.3350364699581405e-06,4.3229501898167655e-06,3.2412310702056857e-06,2.4980881789815612e-06
345,11304960,0.00025184000000000225,3.9344389131037785,3.7002702202614217,0.609375,0.5265625,0.03699927777051926,64.22422790527344,1.3237853636383079e-05,0.0,-0.8201955556869507,1,0,0.9999480247497559,497.3816323820006,0.9999480247497559,2.4859833501977846e-05,2.425755383228534e-06,2.1143737285456154e-06,2.2996309780864976e-06,2.7830685667140642e-06,2.2900344447407406e-06,2.7615133149083704e-06,2.334099008294288e-06,4.32121851190459e-06,3.2399329938925803e-06,2.497087734809611e-06
346,11337728,0.00025170000000000227,3.996611309137918,3.6682173349389195,0.59375,0.5203125,0.0968869999051094,119.87875366210938,1.3237031453172676e-05,0.0,-0.8204420804977417,1,0,0.9999480247497559,497.76428451877683,0.9999480247497559,2.4857698008418083e-05,2.4255982680188026e-06,2.114236622219323e-06,2.299481820955407e-06,2.7828882593894377e-06,2.2898882434674306e-06,2.761337100309902e-06,2.3339498511631973e-06,4.320938387536444e-06,3.2397226732427953e-06,2.4969258447526954e-06
347,11370496,0.0002515600000000023,3.7310744240838574,3.6772524085030893,0.578125,0.528125,-0.017189722508192062,65.20857238769531,1.3230041986389551e-05,0.0,-0.8226000070571899,1,0,0.9999480247497559,498.0340876438558,0.9999480247497559,2.4839569960022345e-05,2.424261538180872e-06,2.113087475663633e-06,2.298216941198916e-06,2.7813543965748977e-06,2.2886263195687206e-06,2.7598152883001603e-06,2.3326663267653203e-06,4.318556875659851e-06,3.2379375625168905e-06,2.4955500066425884e-06
348,11403264,0.0002514200000000023,4.372162471804627,3.75572901597818,0.671875,0.5484375,0.16160175204277039,143.06378173828125,1.3227377166913357e-05,0.0,-0.8231165409088135,1,0,0.9999480247497559,498.36784952874933,0.9999480247497559,2.48327232839074e-05,2.4237622255895985e-06,2.1126502360857558e-06,2.297741275469889e-06,2.7807818696601316e-06,2.2881547465658514e-06,2.759244125627447e-06,2.3321813387156e-06,4.317667844588868e-06,3.2372706755268155e-06,2.4950359147624113e-06
349,11436032,0.00025128000000000227,3.515424302871841,3.7458499171650095,0.65625,0.5671875,0.03751084581017494,91.06217193603516,1.3216586921771523e-05,0.0,-0.8241463899612427,1,0,0.9999481439590454,498.60297197649743,0.9999481439590454,2.4810784452711232e-05,2.422158786430373e-06,2.111252570102806e-06,2.296221282449551e-06,2.7789421892521204e-06,2.2866411200084258e-06,2.7574187697609887e-06,2.330638380954042e-06,4.314812031225301e-06,3.235129270251491e-06,2.4933851818786934e-06
350,11468800,0.0002511400000000023,4.125640407976823,3.8196270836598174,0.640625,0.59375,-0.06979943811893463,62.181175231933594,1.3206441508373246e-05,0.0,-0.8235429525375366,1,0,0.9999481439590454,498.77898232225755,0.9999481439590454,2.4784485503914766e-05,2.420219288978842e-06,2.1095761439937633e-06,2.2943916064832592e-06,2.776717110464233e-06,2.2848166736366693e-06,2.7552134724828647e-06,2.328778691662592e-06,4.311356406105915e-06,3.2325388019671664e-06,2.491388841008302e-06
351,11501568,0.0002510000000000023,4.153691112084873,3.913405722539634,0.671875,0.6140625,-0.004294088110327721,65.26762390136719,1.3195204701332841e-05,0.0,-0.8233904242515564,1,0,0.9999481439590454,498.9424469707077,0.9999481439590454,2.4755336198722944e-05,2.418078565824544e-06,2.1077239580336027e-06,2.292361614308902e-06,2.7742605652747443e-06,2.2827975953987334e-06,2.7527760266821133e-06,2.326720732526155e-06,4.307542894821381e-06,3.2296788958774414e-06,2.4891849079722306e-06
352,11534336,0.0002508600000000023,3.4233227058809033,3.906590149186394,0.5,0.6234375,0.05546938627958298,57.44820785522461,1.3180859241401777e-05,0.0,-0.8220720291137695,1,0,0.9999483823776245,499.18234113794006,0.9999483823776245,2.4730425138841383e-05,2.416260031168349e-06,2.106139390889439e-06,2.2906381218490424e-06,2.772174639176228e-06,2.281078877786058e-06,2.750703970377799e-06,2.324969273104216e-06,4.304303729441017e-06,3.2272505450237077e-06,2.487313167875982e-06
353,11567104,0.00025072000000000234,3.476853195965078,3.883195926369433,0.515625,0.615625,0.04147997498512268,104.08678436279297,1.3173026673030108e-05,0.0,-0.822921633720398,1,0,0.9999485015869141,499.4581645561449,0.9999485015869141,2.471628067723941e-05,2.415223661955679e-06,2.1052358079032274e-06,2.2896554128237767e-06,2.7709852474799845e-06,2.2801004888606258e-06,2.7495236736285733e-06,2.323972012163722e-06,4.302457455196418e-06,3.225866066713934e-06,2.4862463305908022e-06
354,11599872,0.00025058000000000236,3.3027502768024775,3.8031969119712175,0.484375,0.5921875,-0.004195120185613632,75.8363265991211,1.3167431461624801e-05,0.0,-0.8238459229469299,1,0,0.9999485015869141,499.75582349769286,0.9999485015869141,2.4701765141799115e-05,2.4141620542650344e-06,2.1043103970441734e-06,2.288649056936265e-06,2.769767661447986e-06,2.2790984530729474e-06,2.748315409917268e-06,2.3229504222399555e-06,4.300566160964081e-06,3.22444816447387e-06,2.4851533453329466e-06
355,11632640,0.0002504400000000024,3.452488277455619,3.755001848406402,0.46875,0.578125,-0.06490480154752731,42.92446517944336,1.3156279237591662e-05,0.0,-0.8236004710197449,1,0,0.9999485015869141,499.9574704812825,0.9999485015869141,2.467280501150526e-05,2.4120404304994736e-06,2.102465032294276e-06,2.2866374820296187e-06,2.76733294413134e-06,2.277095063618617e-06,2.745899791989359e-06,2.3209086066344753e-06,4.296786300983513e-06,3.2216141789831454e-06,2.4829694211803144e-06
356,11665408,0.0002503000000000024,3.376759923962684,3.693016709888879,0.453125,0.5640625,-0.01789141818881035,57.138526916503906,1.3152624887879938e-05,0.0,-0.8239212036132812,1,0,0.9999485015869141,500.28069182337225,0.9999485015869141,2.4663300791871734e-05,2.41134102907381e-06,2.101857489833492e-06,2.285974915139377e-06,2.7665309971780516e-06,2.2764370442018844e-06,2.7451064852357376e-06,2.320238081665593e-06,4.295541202736786e-06,3.220680810045451e-06,2.482249556123861e-06
357,11698176,0.00025016000000000236,3.419659144545641,3.661875181935057,0.46875,0.553125,0.08928507566452026,58.34760284423828,1.3144845070200972e-05,0.0,-0.8244352340698242,1,0,0.9999486207962036,500.58038998797576,0.9999486207962036,2.4649219994898885e-05,2.4103158011712367e-06,2.100963911289e-06,2.2850031200505327e-06,2.7653547931549838e-06,2.2754695692128735e-06,2.7439393761596875e-06,2.3192517346615205e-06,4.293714937375626e-06,3.2193113383982563e-06,2.4811940875224536e-06
358,11730944,0.0002500200000000024,2.833278019304757,3.50798673668507,0.34375,0.5203125,0.028835538774728775,58.8212890625,1.3140229384589475e-05,0.0,-0.8236593008041382,1,0,0.9999486207962036,500.90747860538005,0.9999486207962036,2.4637209207867272e-05,2.4094404125207802e-06,2.1001987988711335e-06,2.2841729787614895e-06,2.7643502562568756e-06,2.274640792165883e-06,2.742939841482439e-06,2.3184068140835734e-06,4.292155153962085e-06,3.218141955585452e-06,2.4802927782729967e-06
359,11763712,0.00024988000000000234,3.667913539516485,3.523235660349534,0.390625,0.49375,-0.028434304520487785,74.51690673828125,1.3130464139976539e-05,0.0,-0.8239971399307251,1,0,0.9999486207962036,501.11015385402237,0.9999486207962036,2.4611847038613632e-05,2.4075820874713827e-06,2.098583081533434e-06,2.2824112875241553e-06,2.76221840067592e-06,2.272888423249242e-06,2.740827312663896e-06,2.316621475983993e-06,4.2888445932476316e-06,3.2156599445443135e-06,2.4783798835414927e-06
360,11796480,0.0002497400000000023,3.2758283840496802,3.4382544579568197,0.46875,0.4765625,0.03352490812540054,63.60125732421875,1.3121210031386e-05,0.0,-0.8230736255645752,1,0,0.9999486207962036,501.33360733478185,0.9999486207962036,2.4587892767158337e-05,2.405828354312689e-06,2.0970644527551485e-06,2.28074895858299e-06,2.7602063710219227e-06,2.2712333702656906e-06,2.7388284706830746e-06,2.3149339085648535e-06,4.285717295715585e-06,3.2133177683135727e-06,2.476574763932149e-06
361,11829248,0.0002496000000000023,3.726313302730767,3.3955166770214094,0.5,0.459375,0.01712353155016899,45.609806060791016,1.3118069546180777e-05,0.0,-0.8242877721786499,1,0,0.9999486207962036,501.6225131374951,0.9999486207962036,2.4579643650213256e-05,2.4052274056884926e-06,2.0965405838069273e-06,2.280179160152329e-06,2.7595167466643034e-06,2.2706658455717843e-06,2.7381440759199904e-06,2.314355469934526e-06,4.284646365704248e-06,3.2125149118655827e-06,2.4759563075349433e-06
362,11862016,0.0002494600000000023,3.497468226412697,3.4029312290745883,0.421875,0.4515625,0.0136451106518507,98.94703674316406,1.311461892328225e-05,0.0,-0.8243619799613953,1,0,0.9999486207962036,501.90253604722454,0.9999486207962036,2.4570783352828585e-05,2.404576207482023e-06,2.0959728317393456e-06,2.2795616132498253e-06,2.758769596766797e-06,2.2700507997797104e-06,2.7374023829906946e-06,2.3137288280850044e-06,4.2834858504647855e-06,3.211644980183337e-06,2.4752857825660612e-06
363,11894784,0.0002493200000000023,3.2656153619880754,3.3818074456768885,0.515625,0.4515625,0.02718699723482132,77.36941528320312,1.3106607184454333e-05,0.0,-0.8238972425460815,1,0,0.9999487400054932,502.1718187607817,0.9999487400054932,2.4556167772971094e-05,2.4034986836340977e-06,2.095037871185923e-06,2.2785422970628133e-06,2.7575335934670875e-06,2.2690337573294528e-06,2.736178657869459e-06,2.312692458872334e-06,4.2815709093702026e-06,3.210206159565132e-06,2.474176653777249e-06
364,11927552,0.00024918000000000233,3.309187565339891,3.3824511745306296,0.296875,0.4328125,0.09244536608457565,77.56910705566406,1.3096523616695777e-05,0.0,-0.8256204724311829,1,0,0.9999487400054932,502.3802188980259,0.9999487400054932,2.452997796353884e-05,2.4015835151658393e-06,2.0933682662871433e-06,2.2767264908907237e-06,2.7553360268939286e-06,2.2672254544886528e-06,2.7339981443219585e-06,2.310849140485516e-06,4.2781507545441855e-06,3.2076479783427203e-06,2.472205096637481e-06
365,11960320,0.0002490400000000023,3.776455429995824,3.4148478897846504,0.5104166666666666,0.4369791666666667,-0.09343434125185013,70.60335540771484,1.3088911146041937e-05,0.0,-0.8267723321914673,1,0,0.9999487400054932,502.57086493832384,0.9999487400054932,2.4510358343832195e-05,2.400136281721643e-06,2.0921188479405828e-06,2.275357019243529e-06,2.753670514721307e-06,2.2658637135464232e-06,2.732345592448837e-06,2.309461024196935e-06,4.275564606359694e-06,3.205708708264865e-06,2.4707130705792224e-06
366,11993088,0.0002489000000000023,3.5543759450485792,3.4326094918932397,0.59375,0.4510416666666666,0.003946131095290184,66.6030044555664,1.3076735740469303e-05,0.0,-0.8281430006027222,1,0,0.9999488592147827,502.77484698850805,0.9999488592147827,2.448489613016136e-05,2.3982695438462542e-06,2.0904976736346725e-06,2.2735873699275544e-06,2.751528882072307e-06,2.2641013401880627e-06,2.7302205580781447e-06,2.307664999534609e-06,4.272239493730012e-06,3.2032157832873054e-06,2.468791308274376e-06
367,12025856,0.00024876000000000233,3.7601256130255725,3.466656138741233,0.640625,0.4682291666666666,-0.03947221487760544,72.0659408569336,1.3065313396509737e-05,0.0,-0.8306148052215576,1,0,0.9999488592147827,502.9180942676191,0.9999488592147827,2.445537393214181e-05,2.3960885755514028e-06,2.0885984213236952e-06,2.2715196337230736e-06,2.7490293632581597e-06,2.2620424715569243e-06,2.727737410168629e-06,2.3055661131365923e-06,4.268354132364038e-06,3.2003056276153075e-06,2.466548494339804e-06
368,12058624,0.00024862000000000235,3.501883570817168,3.5335166938924742,0.578125,0.4916666666666666,0.007019542157649994,65.10772705078125,1.3059454431640916e-05,0.0,-0.8305065631866455,1,0,0.9999488592147827,503.17379472026784,0.9999488592147827,2.4440198103548028e-05,2.394973535047029e-06,2.087626626234851e-06,2.2704648472426925e-06,2.7477528874442214e-06,2.260989731439622e-06,2.7264709387964103e-06,2.3044935915095266e-06,4.266367795935366e-06,3.1988199680199614e-06,2.4654007120261667e-06
369,12091392,0.00024848000000000236,3.567471405297103,3.5234724804705357,0.53125,0.5057291666666666,-0.025341976433992386,83.40007781982422,1.3051265341346152e-05,0.0,-0.8306314945220947,1,0,0.9999488592147827,503.3989883669592,0.9999488592147827,2.4418948669335805e-05,2.3934167074912693e-06,2.08626943276613e-06,2.268988737341715e-06,2.745965957728913e-06,2.259519988001557e-06,2.7246981062489795e-06,2.3029951989883557e-06,4.26359429184231e-06,3.1967397262633312e-06,2.4637979549879674e-06
370,12124160,0.0002483400000000024,3.098296495803434,3.505719291645911,0.515625,0.5104166666666666,0.04247581213712692,51.89348220825195,1.3045787454757374e-05,0.0,-0.8300719261169434,1,0,0.9999488592147827,503.69490891945827,0.9999488592147827,2.440470052533783e-05,2.3923805656522745e-06,2.0853642581641907e-06,2.268004209327046e-06,2.744772245932836e-06,2.2585418264498003e-06,2.7235162178840255e-06,2.3019983927952126e-06,4.261740286892746e-06,3.1953497909853468e-06,2.4627290713397088e-06
371,12156928,0.0002482000000000024,3.7810450555087756,3.511192466923712,0.546875,0.5151041666666666,0.13314224779605865,72.5384521484375,1.3033932191319764e-05,0.0,-0.8302563428878784,1,0,0.9999489784240723,503.9107962661187,0.9999489784240723,2.4380115064559504e-05,2.390579084021738e-06,2.0837958345509833e-06,2.2662984520138707e-06,2.7427108761912677e-06,2.256841071357485e-06,2.7214678084419575e-06,2.3002648958936334e-06,4.258522949385224e-06,3.192950089214719e-06,2.460876885379548e-06
372,12189696,0.00024806000000000236,3.60133248006181,3.5215788922886233,0.4375,0.5166666666666666,0.004164017736911774,57.977596282958984,1.3023864084971137e-05,0.0,-0.8286265134811401,1,0,0.9999489784240723,504.1162940872142,0.9999489784240723,2.435399619571399e-05,2.3886716462584445e-06,2.082131459246739e-06,2.264490376546746e-06,2.7405196760810213e-06,2.2550402718479745e-06,2.71929661721515e-06,2.2984295355854556e-06,4.255100975569803e-06,3.1903991839499213e-06,2.458911012581666e-06
373,12222464,0.0002479200000000024,3.5815122843717724,3.5531685845269934,0.484375,0.5135416666666666,-0.09746311604976654,53.61113739013672,1.3008217138121836e-05,0.0,-0.8281311988830566,1,0,0.9999490976333618,504.2773003816353,0.9999490976333618,2.4319460862898268e-05,2.3861605313868495e-06,2.079944579236326e-06,2.2621077278017765e-06,2.7376388516131556e-06,2.252669901281479e-06,2.7164353468833724e-06,2.2960132355365204e-06,4.250579422659939e-06,3.187045649610809e-06,2.4563285023759818e-06
374,12255232,0.0002477800000000024,4.340072093979922,3.6562570373909957,0.609375,0.5447916666666666,0.08501371741294861,87.14474487304688,1.2996162695344537e-05,0.0,-0.8268964290618896,1,0,0.9999490976333618,504.3979424387936,0.9999490976333618,2.428833431622479e-05,2.3838654215069255e-06,2.07794596462918e-06,2.2599342628382146e-06,2.735005864451523e-06,2.250503030154505e-06,2.713825097089284e-06,2.2938049824006157e-06,4.24649124397547e-06,3.183979970344808e-06,2.453963816151372e-06
375,12288000,0.0002476400000000024,4.082000877982026,3.686811582189616,0.53125,0.546875,0.04682765156030655,42.378822326660156,1.298525239690207e-05,0.0,-0.8267712593078613,1,0,0.9999490976333618,504.54336569078055,0.9999490976333618,2.42602782236645e-05,2.3817817691451637e-06,2.076131522699143e-06,2.2579565666092094e-06,2.7326150302542374e-06,2.2485360204882454e-06,2.711450406422955e-06,2.2918000013305573e-06,4.242779141350184e-06,3.1811966891837073e-06,2.451821046633995e-06
376,12320768,0.00024750000000000244,4.073411595276969,3.7387151472124556,0.453125,0.5328125,-0.02375151589512825,65.1490707397461,1.2971228898095433e-05,0.0,-0.825955867767334,1,0,0.9999493360519409,504.734739816637,0.9999493360519409,2.4236302124336362e-05,2.380015757807996e-06,2.074608119073673e-06,2.2562867343367543e-06,2.730591631916468e-06,2.2468709630629746e-06,2.709442469495116e-06,2.29010083785397e-06,4.239609097567154e-06,3.178841325279791e-06,2.450002966725151e-06
377,12353536,0.00024736000000000246,4.1636677917156515,3.779069365081463,0.5,0.51875,-0.01627761870622635,73.55763244628906,1.296261962124845e-05,0.0,-0.8272194266319275,1,0,0.9999493360519409,504.9298065469879,0.9999493360519409,2.4214103177655488e-05,2.3783707092661643e-06,2.0731918084493373e-06,2.2547314983967226e-06,2.728701701926184e-06,2.2453223209595308e-06,2.7075673187937355e-06,2.288522409799043e-06,4.236674612911884e-06,3.1766408028488513e-06,2.4483072138536954e-06
378,12386304,0.0002472200000000025,4.011269751793042,3.8300079831790503,0.5625,0.5171875,0.08090285956859589,75.81615447998047,1.295457059313776e-05,0.0,-0.8285564184188843,1,0,0.9999493360519409,505.12679711670296,0.9999493360519409,2.4193350327550434e-05,2.376837755946326e-06,2.071855760732433e-06,2.253278353236965e-06,2.726942739172955e-06,2.2438750875153346e-06,2.7058222258347087e-06,2.2870472093927674e-06,4.2339438550698105e-06,3.174593757648836e-06,2.446729467919795e-06
379,12419072,0.0002470800000000025,4.2330052200124255,3.8965613646505823,0.625,0.5265625,0.029565900564193726,66.7946548461914,1.2949539268447552e-05,0.0,-0.8286906480789185,1,0,0.9999493360519409,505.37170711503006,0.9999493360519409,2.4180340915336274e-05,2.3758746010571485e-06,2.071024255201337e-06,2.252365220556385e-06,2.7258379304839764e-06,2.242967866550316e-06,2.7047258299717214e-06,2.2861206616653362e-06,4.232232186041074e-06,3.173307277393178e-06,2.4457401650579413e-06
380,12451840,0.0002469400000000025,3.864554295919444,3.973187144662184,0.453125,0.5203125,-0.024064529687166214,52.22149658203125,1.2941673048771918e-05,0.0,-0.8300027251243591,1,0,0.9999493360519409,505.5810227592691,0.9999493360519409,2.416005554550793e-05,2.374370751567767e-06,2.0697270883829333e-06,2.2509434529638384e-06,2.7241123916610377e-06,2.241552465420682e-06,2.7030134788219584e-06,2.2846777483209735e-06,4.229553724144353e-06,3.171298430970637e-06,2.4441919777018484e-06
381,12484608,0.00024680000000000253,4.982454993061555,4.093328138417462,0.59375,0.525,-0.023153655230998993,68.97419738769531,1.2933169273310341e-05,0.0,-0.8310526013374329,1,0,0.9999494552612305,505.7802181538409,0.9999494552612305,2.414432674413547e-05,2.373202732997015e-06,2.0687227788585005e-06,2.2498452381114475e-06,2.722769977481221e-06,2.240458343294449e-06,2.701684024941642e-06,2.283558160343091e-06,4.22746461481438e-06,3.169735691699316e-06,2.4429850782325957e-06
382,12517376,0.0002466600000000025,3.978305975341259,4.131025487945406,0.5,0.53125,-0.02374732494354248,77.37495422363281,1.291924127144739e-05,0.0,-0.83150315284729,1,0,0.9999494552612305,505.8749831199341,0.9999494552612305,2.41084326262353e-05,2.370538140894496e-06,2.0664040221163305e-06,2.247316842840519e-06,2.719712711041211e-06,2.2379429083230207e-06,2.6986479042534484e-06,2.280994294778793e-06,4.222718416713178e-06,3.1661768389312783e-06,2.440242269585724e-06
383,12550144,0.0002465200000000025,4.645851243919315,4.237459383900161,0.453125,0.528125,0.001589425839483738,57.33168411254883,1.2906987649330404e-05,0.0,-0.8313055038452148,1,0,0.9999494552612305,505.9981367443603,0.9999494552612305,2.4076887711999007e-05,2.3682018763793167e-06,2.064369255094789e-06,2.245099722131272e-06,2.7170294742973056e-06,2.2357348825607914e-06,2.695985813261359e-06,2.2787439775129315e-06,4.218556114210514e-06,3.163053179378039e-06,2.4378371108468855e-06
384,12582912,0.00024638000000000253,4.478886267534352,4.251340801255604,0.5,0.5171875,0.1421729326248169,89.61701202392578,1.2896963198727462e-05,0.0,-0.8325680494308472,1,0,0.99994957447052,506.1994540566123,0.99994957447052,2.4057173504843377e-05,2.3667391815251904e-06,2.0630998278647894e-06,2.243717290184577e-06,2.7153539576829644e-06,2.2343558612192282e-06,2.6943255306832725e-06,2.2773388081986923e-06,4.215950866637286e-06,3.1611025406164117e-06,2.436331214994425e-06
385,12615680,0.0002462400000000025,4.7956264042116405,4.322703353878564,0.625,0.5265625,-0.04058792069554329,46.14511489868164,1.289075953536667e-05,0.0,-0.8317059278488159,1,0,0.99994957447052,506.3821828405552,0.99994957447052,2.4041210053837858e-05,2.365563204875798e-06,2.062102794297971e-06,2.2426177110901335e-06,2.7139817575516645e-06,2.2332612843456445e-06,2.692964244488394e-06,2.2762205844628625e-06,4.213820375298383e-06,3.1595050131727476e-06,2.4351163574465318e-06
386,12648448,0.0002461000000000025,4.591634379658924,4.374525632316761,0.484375,0.5296875,-0.026458173990249634,66.49462127685547,1.2883421732112765e-05,0.0,-0.8325362801551819,1,0,0.99994957447052,506.56604788467416,0.99994957447052,2.4022370780585334e-05,2.364153942835401e-06,2.0608956674550427e-06,2.2412834823626326e-06,2.712367177082342e-06,2.2319368326861877e-06,2.6913619421975454e-06,2.2748663468519226e-06,4.211313353152946e-06,3.1576223591400776e-06,2.4336654860235285e-06
387,12681216,0.0002459600000000025,4.558744515634876,4.414033304708683,0.5625,0.5359375,-0.06411148607730865,89.33357238769531,1.2875341781182215e-05,0.0,-0.8333809971809387,1,0,0.99994957447052,506.740876581399,0.99994957447052,2.4001625206437893e-05,2.3626075744687114e-06,2.0595750811480684e-06,2.2398198780138046e-06,2.710587978071999e-06,2.230479140052921e-06,2.6895943392446497e-06,2.273376367156743e-06,4.208547125017503e-06,3.155548029099009e-06,2.4320690954482416e-06
388,12713984,0.00024582000000000244,5.247175696099887,4.537623899139368,0.6666666666666666,0.5463541666666667,-0.1540083885192871,63.49899673461914,1.2871063518105075e-05,0.0,-0.8340765237808228,1,0,0.99994957447052,506.9208118951805,0.99994957447052,2.3990616682567634e-05,2.3617965325684054e-06,2.0589113773894496e-06,2.2390574940800434e-06,2.709639602471725e-06,2.2297222130873706e-06,2.6886530122283148e-06,2.2726046609022887e-06,4.207074653095333e-06,3.1544436751573812e-06,2.431234179312014e-06
389,12746752,0.00024568000000000246,4.117304807176543,4.52605385785578,0.609375,0.5447916666666667,-0.013584300875663757,72.9765625,1.2861040886491537e-05,0.0,-0.8347772359848022,1,0,0.9999496936798096,507.1180564739454,0.9999496936798096,2.3970929760253057e-05,2.360333382966928e-06,2.057659457932459e-06,2.237676426375401e-06,2.7079581741418224e-06,2.22834705709829e-06,2.6869872726820176e-06,2.271198582093348e-06,4.204459855827736e-06,3.1524866699328413e-06,2.429725554975448e-06
390,12779520,0.0002455400000000025,4.5541992725445795,4.5950183555182935,0.703125,0.5697916666666666,0.0683540552854538,75.0251693725586,1.2854775377491023e-05,0.0,-0.8350377082824707,1,0,0.9999496936798096,507.3121695459689,0.9999496936798096,2.395479714323301e-05,2.3591314857185353e-06,2.056643097603228e-06,2.236543650724343e-06,2.7065793801739346e-06,2.227216555183986e-06,2.6856191652768757e-06,2.2700467070535524e-06,4.202318905299762e-06,3.1508816391578875e-06,2.428488642181037e-06
391,12812288,0.00024540000000000244,4.457895588966648,4.542562415108803,0.625,0.5729166666666666,-0.013389140367507935,70.87528991699219,1.2849887752963696e-05,0.0,-0.8350083827972412,1,0,0.9999496936798096,507.5455680483052,0.9999496936798096,2.3942278858157806e-05,2.3581912955705775e-06,2.0558666165015893e-06,2.2356671252055094e-06,2.7054979909735266e-06,2.2263457140070386e-06,2.684543460418354e-06,2.269152901135385e-06,4.200644070806447e-06,3.1496226711169584e-06,2.427520712444675e-06
392,12845056,0.00024526000000000246,4.238434998145094,4.568575317389187,0.640625,0.5869791666666666,0.03502712771296501,82.22187805175781,1.2844860975746997e-05,0.0,-0.8361138105392456,1,0,0.9999496936798096,507.7951391909142,0.9999496936798096,2.3929336748551577e-05,2.3572288228024263e-06,2.0550276076392038e-06,2.234752855656552e-06,2.70439159066882e-06,2.2254375835473184e-06,2.6834482014237437e-06,2.2682268081553048e-06,4.198926035314798e-06,3.1483341444982216e-06,2.4265277716040146e-06
393,12877824,0.0002451200000000025,4.14818191105123,4.518808384102377,0.53125,0.5947916666666666,-0.003070913255214691,48.20046615600586,1.2838620932598133e-05,0.0,-0.8354610204696655,1,0,0.9999496936798096,508.0123245226923,0.9999496936798096,2.3913344193715602e-05,2.3560335193906212e-06,2.054014657915104e-06,2.233627810710459e-06,2.70301438831666e-06,2.2243173134484095e-06,2.6820794118975755e-06,2.2670806174573954e-06,4.196784630039474e-06,3.1467313874600222e-06,2.425292223051656e-06
394,12910592,0.0002449800000000025,4.339917262217018,4.504911483570645,0.5625,0.6010416666666666,0.0024051088839769363,64.10842895507812,1.2829107618017588e-05,0.0,-0.8350021243095398,1,0,0.9999498128890991,508.21367306188216,0.9999498128890991,2.3894974219729193e-05,2.354667913095909e-06,2.052830041066045e-06,2.2323331450024853e-06,2.7014480110665318e-06,2.223027877334971e-06,2.68052485807857e-06,2.2657668523606844e-06,4.194352186459582e-06,3.1449078505829675e-06,2.423886598990066e-06
395,12943360,0.0002448400000000025,5.070002811215188,4.532349124270999,0.796875,0.6182291666666666,-0.0016779955476522446,118.68010711669922,1.2819375115213916e-05,0.0,-0.8353590965270996,1,0,0.9999498128890991,508.3146544161359,0.9999498128890991,2.3870008590165526e-05,2.3528136807726696e-06,2.0512800347205484e-06,2.230605332442792e-06,2.6992897801392246e-06,2.221303248006734e-06,2.6783859539136756e-06,2.2639997041551396e-06,4.1910011532309e-06,3.14239537146932e-06,2.4219596070906846e-06
396,12976128,0.00024470000000000253,4.556599829029274,4.528845669208033,0.671875,0.6369791666666667,0.06649250537157059,76.22486877441406,1.2817365131922998e-05,0.0,-0.8353127241134644,1,0,0.9999498128890991,508.57900327760905,0.9999498128890991,2.3864842660259455e-05,2.35243692259246e-06,2.0509671685431385e-06,2.230252221124829e-06,2.6988393528881716e-06,2.2209515009308234e-06,2.677936663531e-06,2.263641363242641e-06,4.1903058445313945e-06,3.1418710477737477e-06,2.4215692064899486e-06
397,13008896,0.00024456000000000255,5.400697920894818,4.613041009734028,0.75,0.6557291666666666,0.15595299005508423,132.79562377929688,1.2811976375814993e-05,0.0,-0.8345876932144165,1,0,0.9999498128890991,508.75362066584887,0.9999498128890991,2.3851031073718332e-05,2.351398507016711e-06,2.0501026938291034e-06,2.229276105936151e-06,2.6976481422025245e-06,2.219981752205058e-06,2.676754320418695e-06,2.2626488771493314e-06,4.188452294329181e-06,3.140484068353544e-06,2.42050032284169e-06
398,13041664,0.00024442000000000257,5.068606050701321,4.595184045194172,0.625,0.6515625,-0.05296923965215683,81.41680908203125,1.2806140148313716e-05,0.0,-0.8345053791999817,1,0,0.9999498128890991,508.9547135904288,0.9999498128890991,2.3836044420022517e-05,2.350275053686346e-06,2.0491490886342945e-06,2.2282154077402083e-06,2.6963568870996824e-06,2.2189251467352733e-06,2.6754730697575724e-06,2.2615679426962743e-06,4.186447313259123e-06,3.1389809009851888e-06,2.4193418539653067e-06
399,13074432,0.0002442800000000026,5.045859621287062,4.688039526605223,0.609375,0.6515625,-0.05751041695475578,50.6698112487793,1.2797968338418286e-05,0.0,-0.8333059549331665,1,0,0.9999499320983887,509.15213222257773,0.9999499320983887,2.38212105614366e-05,2.349161832171376e-06,2.04819775717624e-06,2.2271663056017132e-06,2.6950797291647177e-06,2.2178824110596906e-06,2.674205688890652e-06,2.260500878037419e-06,4.184467798040714e-06,3.13749387714779e-06,2.4181956632673973e-06
400,13107200,0.00024414000000000258,4.65516467132999,4.698136066483765,0.625,0.64375,0.016823019832372665,82.30854797363281,1.2790627806680277e-05,0.0,-0.8315383791923523,1,0,0.9999499320983887,509.3124585515442,0.9999499320983887,2.3802340365364216e-05,2.3477664399251807e-06,2.0470124582061544e-06,2.2258541321207304e-06,2.6934503694064915e-06,2.216575921920594e-06,2.6725915631686803e-06,2.2591689230466727e-06,4.1819389480224345e-06,3.135597353320918e-06,2.4167547962861136e-06
401,13139968,0.00024400000000000257,4.871235997572411,4.73947010734434,0.578125,0.6390625,0.0323914960026741,63.916229248046875,1.2777857591572683e-05,0.0,-0.8335036039352417,1,0,0.9999499320983887,509.3878709718868,0.9999499320983887,2.376956217631232e-05,2.345316033824929e-06,2.044922894128831e-06,2.2235415144677972e-06,2.690634346436127e-06,2.2142749003251083e-06,2.669797140697483e-06,2.256817424495239e-06,4.177562004770152e-06,3.1323186249210266e-06,2.4142298116203165e-06
402,13172736,0.00024386000000000256,4.876850086622842,4.803311616192117,0.609375,0.6359375,0.013922229409217834,113.58880615234375,1.2768185115419328e-05,0.0,-0.8318145275115967,1,0,0.9999500513076782,509.56210688218675,0.9999500513076782,2.3750939362798817e-05,2.343923142689164e-06,2.043731683443184e-06,2.222227521997411e-06,2.689031134650577e-06,2.2129663648229325e-06,2.6682066618377576e-06,2.255479557788931e-06,4.175077265244909e-06,3.130452569166664e-06,2.4127939468598925e-06
403,13205504,0.00024372000000000258,5.095592391144161,4.898052664201408,0.640625,0.646875,-0.023762814700603485,64.77391052246094,1.2762106052832678e-05,0.0,-0.8313208222389221,1,0,0.9999501705169678,509.7764956828931,0.9999501705169678,2.3741386030451395e-05,2.3432105535903247e-06,2.0431471057236195e-06,2.2215665467228973e-06,2.6882059955823934e-06,2.212310391769279e-06,2.6673878892324865e-06,2.2548042579728644e-06,4.1737957872101106e-06,3.129491688014241e-06,2.4120558919094037e-06
404,13238272,0.00024358000000000257,4.984537630975798,4.962514701077287,0.578125,0.6484375,0.038187235593795776,85.75908660888672,1.275718750548549e-05,0.0,-0.8305976390838623,1,0,0.9999501705169678,509.9869136136451,0.9999501705169678,2.3728798623778857e-05,2.3422701360686915e-06,2.0423290152393747e-06,2.220676833530888e-06,2.6871266527450643e-06,2.2114243165560765e-06,2.6663171865948243e-06,2.253899083370925e-06,4.172120497969445e-06,3.128235448457417e-06,2.4110877347993664e-06
405,13271040,0.00024344000000000256,4.8327899336959375,4.938793413325362,0.609375,0.6296875,-0.05893264710903168,64.04115295410156,1.2750803762173746e-05,0.0,-0.830501914024353,1,0,0.9999501705169678,510.1722645372786,0.9999501705169678,2.371246591792442e-05,2.3410461835737806e-06,2.0412971935002133e-06,2.219516545665101e-06,2.685722847672878e-06,2.210269258284825e-06,2.6649240680853836e-06,2.2527194687427254e-06,4.169936346443137e-06,3.1266013138520066e-06,2.4098278572637355e-06
406,13303808,0.00024330000000000255,4.641046244808756,4.94723805490331,0.546875,0.6171875,0.08888694643974304,96.7043685913086,1.274415262741968e-05,0.0,-0.8313906192779541,1,0,0.9999501705169678,510.3667036005416,0.9999501705169678,2.369535286561586e-05,2.339769480386167e-06,2.040195568042691e-06,2.218306235590717e-06,2.684258333829348e-06,2.209063723057625e-06,2.663470468178275e-06,2.2514909687743057e-06,4.167662154941354e-06,3.1248960112861823e-06,2.4085136374196736e-06
407,13336576,0.00024316000000000254,4.737668034360826,4.880935066249911,0.546875,0.596875,0.05119748413562775,107.18463134765625,1.2741037608066108e-05,0.0,-0.8317108750343323,1,0,0.9999501705169678,510.606208731494,0.9999501705169678,2.3687356588197872e-05,2.339182628929848e-06,2.0397014850459527e-06,2.2177603113959776e-06,2.6835646167455707e-06,2.2085223463363945e-06,2.6627822080627084e-06,2.250935040137847e-06,4.166589405940613e-06,3.124088379991008e-06,2.4079072318272665e-06
408,13369344,0.00024302000000000254,4.6083314542366205,4.83490760660344,0.546875,0.5890625,0.11307437717914581,58.713951110839844,1.2734566553262994e-05,0.0,-0.8337819576263428,1,0,0.9999501705169678,510.7958337297577,0.9999501705169678,2.367078013776336e-05,2.337949581487919e-06,2.03865874937037e-06,2.2166100279719103e-06,2.6821239771379624e-06,2.2073788841225905e-06,2.6613529371388722e-06,2.2497652025776915e-06,4.164352958468953e-06,3.1224117265082896e-06,2.4066264359134948e-06
409,13402112,0.00024288000000000253,5.039094182671839,4.834231062741918,0.5,0.578125,-0.03674786910414696,44.901607513427734,1.272363806492649e-05,0.0,-0.8365065455436707,1,0,0.9999502897262573,510.9141415718208,0.9999502897262573,2.3648852220503613e-05,2.3363138552667806e-06,2.037298827417544e-06,2.2150891254568705e-06,2.6802219963428797e-06,2.205868440796621e-06,2.6594657356326934e-06,2.2482124677480897e-06,4.161396191193489e-06,3.120197334283148e-06,2.4049309104157146e-06
410,13434880,0.00024274000000000252,4.721777358013946,4.840892331410314,0.5208333333333334,0.5677083333333333,0.09441642463207245,68.49962615966797,1.2717157915176358e-05,0.0,-0.8363015651702881,1,0,0.9999502897262573,511.0769365688533,0.9999502897262573,2.363230123592075e-05,2.3350796709564747e-06,2.0362576833576895e-06,2.2139251996122766e-06,2.6787859042087803e-06,2.204707470809808e-06,2.6580407848086907e-06,2.2470273961516796e-06,4.159165655437391e-06,3.118525455647614e-06,2.403649205007241e-06
411,13467648,0.0002426000000000025,4.789165395493691,4.8326852712024415,0.65625,0.5755208333333333,0.027810901403427124,90.93470764160156,1.271552719117608e-05,0.0,-0.8369930982589722,1,0,0.9999502897262573,511.33536145271864,0.9999502897262573,2.3628132112207823e-05,2.3347681690211175e-06,2.0360052985779475e-06,2.2136443931231042e-06,2.678420514712343e-06,2.2044296201784164e-06,2.657678351170034e-06,2.2467381768365158e-06,4.158602223469643e-06,3.1181000395008596e-06,2.4033263343881117e-06
412,13500416,0.00024246000000000253,4.6846162645601,4.813461888996168,0.53125,0.5677083333333334,-0.00827215425670147,63.965232849121094,1.270711436518468e-05,0.0,-0.8374744653701782,1,0,0.9999502897262573,511.4984097991931,0.9999502897262573,2.3606489776284434e-05,2.333156544409576e-06,2.0346094515844015e-06,2.212122808487038e-06,2.6765642360260244e-06,2.2029164483683417e-06,2.655836169651593e-06,2.245191581096151e-06,4.155720944254426e-06,3.115939080089447e-06,2.401664914941648e-06
413,13533184,0.00024232000000000255,4.732625459195271,4.777165195801278,0.59375,0.5630208333333334,-0.010297024622559547,83.47107696533203,1.2697553756879643e-05,0.0,-0.8388118743896484,1,0,0.9999502897262573,511.63492977406366,0.9999502897262573,2.358194069529418e-05,2.3313259589485824e-06,2.0330289771663956e-06,2.2103895389591344e-06,2.6744667138700606e-06,2.201190454798052e-06,2.6537552457739366e-06,2.2434323909692466e-06,4.1524599510012195e-06,3.1134970868151868e-06,2.3997783955564955e-06
414,13565952,0.00024218000000000254,5.324961920049334,4.811207624708631,0.765625,0.5817708333333333,0.03714967519044876,83.13214111328125,1.268994492420461e-05,0.0,-0.8389813899993896,1,0,0.9999504089355469,511.79735905709794,0.9999504089355469,2.3568585675093345e-05,2.3303282432607375e-06,2.0321897409303347e-06,2.2094518499216065e-06,2.67330960923573e-06,2.2002566311130067e-06,2.6526065539655974e-06,2.242478331027087e-06,4.150663244217867e-06,3.1121498977881856e-06,2.3987513486645184e-06
415,13598720,0.00024204000000000255,5.931528767090382,4.921081508048077,0.796875,0.6005208333333334,-0.01702544093132019,104.96588134765625,1.2682751730608288e-05,0.0,-0.8394455909729004,1,0,0.9999504089355469,511.9150220124365,0.9999504089355469,2.3550164769403636e-05,2.328948539798148e-06,2.0310660602262942e-06,2.2081649149185978e-06,2.6717139007814694e-06,2.1989790184306912e-06,2.6510235784371616e-06,2.2411613826989196e-06,4.1481903281237464e-06,3.1102927096071653e-06,2.3973263978405157e-06
416,13631488,0.00024190000000000255,5.175018305918753,4.974478714159076,0.671875,0.6130208333333333,-0.08265921473503113,77.71910095214844,1.2675979633058887e-05,0.0,-0.8412571549415588,1,0,0.9999504089355469,512.0722209103268,0.9999504089355469,2.3532807972515002e-05,2.327647052879911e-06,2.0299755760788685e-06,2.2069459646445466e-06,2.670211188160465e-06,2.1977673441142542e-06,2.6495322344999295e-06,2.2399199224309996e-06,4.14585292674019e-06,3.1085430691746296e-06,2.3959848931554006e-06
417,13664256,0.00024176000000000254,5.226180365639108,5.023329947286904,0.71875,0.6302083333333334,-0.00677841529250145,79.50782775878906,1.2670109754253644e-05,0.0,-0.842503547668457,1,0,0.9999504089355469,512.2334141478275,0.9999504089355469,2.3517844965681434e-05,2.32651791520766e-06,2.029017650784226e-06,2.2058748072595336e-06,2.668912657100009e-06,2.196702780565829e-06,2.648243935254868e-06,2.238833076262381e-06,4.143840669712517e-06,3.107031488980283e-06,2.3948223315528594e-06
418,13697024,0.00024162000000000256,5.4473869710840415,5.107235498971647,0.71875,0.6473958333333334,-0.016647912561893463,59.970420837402344,1.2661524124268908e-05,0.0,-0.8412973880767822,1,0,0.9999505281448364,512.4085085869739,0.9999505281448364,2.350199611100834e-05,2.325328978258767e-06,2.0279831005609594e-06,2.2047456695872825e-06,2.6675490971683757e-06,2.1955784177407622e-06,2.646891061885981e-06,2.237689159301226e-06,4.141719273320632e-06,3.1054439659783384e-06,2.393598606431624e-06
419,13729792,0.00024148000000000257,5.471451412085585,5.150471221913021,0.703125,0.6677083333333333,-0.011537378653883934,59.721065521240234,1.2659285857807845e-05,0.0,-0.8417593240737915,1,0,0.9999505281448364,512.638516705075,0.9999505281448364,2.3496326321037486e-05,2.3248987872648286e-06,2.0276272607588908e-06,2.2043398075766163e-06,2.667055696292664e-06,2.1951743747194996e-06,2.646401298989076e-06,2.237275111838244e-06,4.140957571507897e-06,3.1048696200741688e-06,2.3931556825118605e-06
420,13762560,0.0002413400000000026,5.621587851684378,5.2404522712800645,0.6875,0.684375,0.03856508061289787,55.26716613769531,1.2649928066821303e-05,0.0,-0.8420953750610352,1,0,0.999950647354126,512.7757583664943,0.999950647354126,2.3478454750147648e-05,2.3235602384374943e-06,2.026492666118429e-06,2.2030815216567134e-06,2.6655097826733254e-06,2.1939231373835355e-06,2.644867436174536e-06,2.2360000002663583e-06,4.138553777011111e-06,3.1030699574330356e-06,2.391773477938841e-06
421,13795328,0.00024120000000000258,5.681637180090169,5.329699449739712,0.65625,0.684375,0.03273250162601471,52.654441833496094,1.2637337022169959e-05,0.0,-0.8405164480209351,1,0,0.999950647354126,512.8014433730942,0.999950647354126,2.344623499084264e-05,2.3211416646518046e-06,2.0244490315235453e-06,2.2008091491443338e-06,2.6627201350493124e-06,2.191658495576121e-06,2.6420996164233657e-06,2.2336851088766707e-06,4.134221853746567e-06,3.0998226066003554e-06,2.3892814624559833e-06
422,13828096,0.00024106000000000257,5.777283347232446,5.438966158006947,0.703125,0.7015625,-0.07615908235311508,61.269248962402344,1.262991463590879e-05,0.0,-0.8422518968582153,1,0,0.999950647354126,512.949414361182,0.999950647354126,2.3427302949130535e-05,2.319718760190881e-06,2.023223260039231e-06,2.199462187491008e-06,2.66108759205963e-06,2.190316990891006e-06,2.6404800337331835e-06,2.2323179109662306e-06,4.1316920942335855e-06,3.097922217421001e-06,2.3878169486124534e-06
423,13860864,0.00024092000000000257,5.888771725447951,5.554580784632215,0.734375,0.715625,0.011288046836853027,118.40583801269531,1.2624755072465632e-05,0.0,-0.8416016697883606,1,0,0.999950647354126,513.0973786759542,0.999950647354126,2.3414104362018406e-05,2.3187412807601504e-06,2.0224131276336266e-06,2.1985604234942002e-06,2.659930714798975e-06,2.1894211386097595e-06,2.639331796672195e-06,2.2313986391964136e-06,4.129895387450233e-06,3.096575255767675e-06,2.386796950304415e-06
424,13893632,0.00024078000000000256,5.97251020635466,5.619335613262748,0.640625,0.703125,-0.004048096016049385,55.959747314453125,1.2615068044397049e-05,0.0,-0.8416800498962402,1,0,0.9999507665634155,513.2294988696265,0.9999507665634155,2.3395446987706237e-05,2.317346343261306e-06,2.021246700678603e-06,2.197254843849805e-06,2.6583054477669066e-06,2.1881207885598997e-06,2.637719262565952e-06,2.230069185316097e-06,4.127367901674006e-06,3.094683279414312e-06,2.3853453967603855e-06
425,13926400,0.00024064000000000255,5.960936618545079,5.622276398408217,0.765625,0.7,0.047089383006095886,112.45228576660156,1.2612405043910258e-05,0.0,-0.8418801426887512,1,0,0.9999507665634155,513.4230884675806,0.9999507665634155,2.3388618501485325e-05,2.3168295228970237e-06,2.020820602410822e-06,2.196768491558032e-06,2.6577149583317805e-06,2.187636710004881e-06,2.637133093230659e-06,2.229573738077306e-06,4.126454768993426e-06,3.0939957014197716e-06,2.3848176624596817e-06
426,13959168,0.00024050000000000254,5.901905073394444,5.694965075155786,0.734375,0.70625,0.0008534714579582214,54.669158935546875,1.2607190001290292e-05,0.0,-0.843037486076355,1,0,0.9999507665634155,513.5871915564775,0.9999507665634155,2.3375307137030177e-05,2.315826804988319e-06,2.0199809114274103e-06,2.195819888584083e-06,2.6565621737972833e-06,2.1866919723834144e-06,2.6359891762695042e-06,2.2286105831881287e-06,4.124660335946828e-06,3.0926535146136303e-06,2.383783112236415e-06
427,13991936,0.00024036000000000253,5.152540665694072,5.687601105161283,0.609375,0.6953125,-0.08565077185630798,117.66742706298828,1.2602605238498654e-05,0.0,-0.8442538976669312,1,0,0.9999507665634155,513.7920331403275,0.9999507665634155,2.336360739718657e-05,2.3149457319959765e-06,2.019248768192483e-06,2.194990884163417e-06,2.655548769325833e-06,2.18586637856788e-06,2.634983502503019e-06,2.2277672542259097e-06,4.123087819607463e-06,3.091474127359106e-06,2.3828763460187474e-06
428,14024704,0.00024022000000000255,5.625486852456258,5.705411093298505,0.6875,0.6921875,0.09684143215417862,160.71029663085938,1.2596407941600773e-05,0.0,-0.8443201780319214,1,0,0.9999507665634155,513.9333509127101,0.9999507665634155,2.3347814931184985e-05,2.3137515654525487e-06,2.0182574189675506e-06,2.1938774352747714e-06,2.654176569194533e-06,2.1847574771527434e-06,2.63362221630814e-06,2.2266328869591234e-06,4.120956873521209e-06,3.089876599915442e-06,2.3816446628188714e-06
429,14057472,0.00024008000000000254,5.275632256904766,5.6858291777804215,0.578125,0.6796875,-0.02673700451850891,75.01268005371094,1.2586793673108332e-05,0.0,-0.8427144885063171,1,0,0.9999508857727051,514.0681823493677,0.9999508857727051,2.3329321265919134e-05,2.3123643586586695e-06,2.017106908169808e-06,2.1925827695667977e-06,2.6525624434725614e-06,2.1834703147760592e-06,2.6320203687646426e-06,2.2253084352996666e-06,4.1184507608704735e-06,3.0879973564879037e-06,2.3802056148269912e-06
430,14090240,0.00023994000000000253,5.660523287235083,5.689722721335492,0.578125,0.66875,-0.01014021784067154,95.575927734375,1.2580116163007915e-05,0.0,-0.8424685001373291,1,0,0.9999508857727051,514.1931385391046,0.9999508857727051,2.331226278329268e-05,2.311087882844731e-06,2.0160550775472075e-06,2.1913956516073085e-06,2.6510754196351627e-06,2.1822879716637544e-06,2.630545168358367e-06,2.2240992620936595e-06,4.116142008570023e-06,3.086266133323079e-06,2.3788754788256483e-06
431,14123008,0.00023980000000000255,6.007422936508348,5.722301296977311,0.734375,0.6765625,0.18035900592803955,110.70470428466797,1.257781514141243e-05,0.0,-0.8441446423530579,1,0,0.9999508857727051,514.3939357889691,0.9999508857727051,2.3306372895604e-05,2.310644958924968e-06,2.0156935534032527e-06,2.1909881979809143e-06,2.6505622372496873e-06,2.1818823370267637e-06,2.630035851325374e-06,2.2236836230149493e-06,4.115349383937428e-06,3.0856688226776896e-06,2.37841732086963e-06
432,14155776,0.00023966000000000254,5.408374392493949,5.685410401503462,0.625,0.66875,-0.055618174374103546,75.82310485839844,1.2570914805110078e-05,0.0,-0.8461944460868835,1,0,0.9999508857727051,514.544657934066,0.9999508857727051,2.3288686861633323e-05,2.309316414539353e-06,2.0145673715887824e-06,2.1897408259974327e-06,2.649033376656007e-06,2.1806401946378173e-06,2.6285185867891414e-06,2.2224155600270024e-06,4.1129715100396425e-06,3.08388894154632e-06,2.377045575485681e-06
433,14188544,0.00023952000000000253,5.042713609499376,5.600804589908603,0.6458333333333334,0.6598958333333333,0.031922947615385056,115.93930053710938,1.2566280929604545e-05,0.0,-0.8469710350036621,1,0,0.9999508857727051,514.6990956029908,0.9999508857727051,2.3276872525457293e-05,2.3084267013473436e-06,2.013839321080013e-06,2.188912048950442e-06,2.6480076940060826e-06,2.1798168745590374e-06,2.627501089591533e-06,2.221565864601871e-06,4.111379439564189e-06,3.0826950023765676e-06,2.376127667957917e-06
434,14221312,0.00023938000000000252,4.88122501097884,5.491676070371021,0.65625,0.6614583333333333,-0.10625401139259338,52.25397491455078,1.2558744856505655e-05,0.0,-0.8482221961021423,1,0,0.9999510049819946,514.8754088601629,0.9999510049819946,2.3263693947228603e-05,2.3074410364642972e-06,2.013015773627558e-06,2.1879857285966864e-06,2.646864459165954e-06,2.178894419557764e-06,2.6263664949510712e-06,2.2206256744539132e-06,4.109607743885135e-06,3.081363956880523e-06,2.3751106255076593e-06
435,14254080,0.00023924000000000251,5.113260048832434,5.406908413399757,0.703125,0.6552083333333334,0.1056327074766159,77.63166809082031,1.2552728549053427e-05,0.0,-0.8495013117790222,1,0,0.9999511241912842,515.0346445148283,0.9999511241912842,2.3248325305758044e-05,2.306284159203642e-06,2.0120332919759676e-06,2.186888650612673e-06,2.645537279022392e-06,2.1778039354103385e-06,2.6250497739965795e-06,2.2195122255652677e-06,4.10754773838562e-06,3.079818952755886e-06,2.373919869569363e-06
436,14286848,0.0002391000000000025,5.538883986515239,5.370606304711837,0.765625,0.6583333333333334,0.14147701859474182,83.51819610595703,1.254698963748524e-05,0.0,-0.8505229949951172,1,0,0.9999511241912842,515.2328142136884,0.9999511241912842,2.3239794245455414e-05,2.305650696143857e-06,2.0115078314120183e-06,2.186300434914301e-06,2.6447880827618064e-06,2.177216401832993e-06,2.62430626207788e-06,2.2189112769410713e-06,4.106384039914701e-06,3.078946747336886e-06,2.373256620558095e-06
437,14319616,0.0002389600000000025,5.8415025548852135,5.439502493630951,0.78125,0.6755208333333333,0.048248790204524994,81.02073669433594,1.2537169823190197e-05,0.0,-0.8526314496994019,1,0,0.9999511241912842,515.3035376924621,0.9999511241912842,2.321473766642157e-05,2.3037671326164855e-06,2.009943045777618e-06,2.184537152061239e-06,2.6426048407302005e-06,2.175466534026782e-06,2.6221396183245815e-06,2.2171109321789118e-06,4.1029938984138425e-06,3.076404937019106e-06,2.3713064365438186e-06
438,14352384,0.00023882000000000251,5.662829754878079,5.443236783873132,0.734375,0.6802083333333334,-0.03739932179450989,96.89419555664062,1.2534368579508737e-05,0.0,-0.852627158164978,1,0,0.9999511241912842,515.5190809414806,0.9999511241912842,2.3207567210192792e-05,2.3032289391267113e-06,2.009506033573416e-06,2.184043751185527e-06,2.641979790496407e-06,2.1749749521404738e-06,2.621519570311648e-06,2.2166061626194278e-06,4.102019829588244e-06,3.075677568631363e-06,2.3707455056865e-06
439,14385152,0.0002386800000000025,5.556177707209425,5.4712913289035985,0.734375,0.6958333333333334,-0.08896233141422272,67.32264709472656,1.2529715604614466e-05,0.0,-0.8542040586471558,1,0,0.9999511241912842,515.7117211535243,0.9999511241912842,2.319568557140883e-05,2.302337179571623e-06,2.0087663870071992e-06,2.1832211132277735e-06,2.640939328557579e-06,2.1741559521615272e-06,2.620487521198811e-06,2.215768972746446e-06,4.100408204976702e-06,3.0744661216886016e-06,2.369823505432578e-06
440,14417920,0.00023854000000000252,5.642373407143403,5.46947634089443,0.671875,0.7052083333333334,0.025030648335814476,78.61833953857422,1.2520435120677575e-05,0.0,-0.8549407720565796,1,0,0.9999511241912842,515.8311947293207,0.9999511241912842,2.317193866474554e-05,2.3005547973298235e-06,2.0072250208613696e-06,2.181531044698204e-06,2.6388927381049143e-06,2.1724708858528174e-06,2.6184563921560766e-06,2.214051619375823e-06,4.097230885236058e-06,3.0720837003173074e-06,2.367989054619102e-06
441,14450688,0.00023840000000000252,5.409813371198322,5.409715384363428,0.71875,0.7036458333333334,0.1342218518257141,105.47874450683594,1.2511645763879642e-05,0.0,-0.8563317060470581,1,0,0.9999512434005737,515.9944043081691,0.9999512434005737,2.3155571398092434e-05,2.29932697948243e-06,2.0061668237758568e-06,2.1803684830956627e-06,2.637486431922298e-06,2.1713151454605395e-06,2.617061227283557e-06,2.212871777373948e-06,4.095047188457102e-06,3.070446609854116e-06,2.3667248569836374e-06
442,14483456,0.0002382600000000025,5.534887797168471,5.422366724830881,0.734375,0.7145833333333333,-0.037183526903390884,64.44978332519531,1.2506541679613292e-05,0.0,-0.8571120500564575,1,0,0.9999512434005737,516.1702737051418,0.9999512434005737,2.3142525606090203e-05,2.2983535927778576e-06,2.0053155367349973e-06,2.179443754357635e-06,2.6363675260654418e-06,2.170396101064398e-06,2.615950734252692e-06,2.211932951468043e-06,4.093305960850557e-06,3.0691437586938264e-06,2.36572077483288e-06
443,14516224,0.00023812000000000252,5.361405612547207,5.454235925135663,0.734375,0.7234375,-0.0249169934540987,71.99726867675781,1.2500120647018775e-05,0.0,-0.8577433824539185,1,0,0.9999512434005737,516.3211068666183,0.9999512434005737,2.3126198357203975e-05,2.297117589478148e-06,2.004265752475476e-06,2.1782861949759535e-06,2.6349498511990532e-06,2.1692414975404972e-06,2.6145442006964004e-06,2.2107562926976243e-06,4.091104528924916e-06,3.0674934805574594e-06,2.3644488464924507e-06
444,14548992,0.00023798000000000252,6.324071721703975,5.598520596208177,0.828125,0.740625,-0.09139885008335114,50.80276870727539,1.2491265806602314e-05,0.0,-0.8574700355529785,1,0,0.9999512434005737,516.4002962477654,0.9999512434005737,2.3103692001313902e-05,2.295418426001561e-06,2.0027985101478407e-06,2.176680709453649e-06,2.633000349305803e-06,2.1676426058547804e-06,2.6126101602130802e-06,2.209124886576319e-06,4.088082732778275e-06,3.0652240639028605e-06,2.362701707170345e-06
445,14581760,0.0002378400000000025,5.692927757516172,5.656487367076551,0.734375,0.74375,-0.017195746302604675,75.35017395019531,1.2485787010518834e-05,0.0,-0.8582737445831299,1,0,0.9999512434005737,516.5575612806008,0.9999512434005737,2.308970579179004e-05,2.2943613657844253e-06,2.001904931603349e-06,2.175682539018453e-06,2.631788220242015e-06,2.166652848245576e-06,2.6114068987226347e-06,2.2081098904891405e-06,4.0861996239982545e-06,3.0638127554993844e-06,2.3616114503965946e-06
446,14614528,0.0002377000000000025,5.641439607984132,5.66674292922344,0.71875,0.7390625,0.030353063717484474,82.23262023925781,1.2477468771976419e-05,0.0,-0.8577407598495483,1,0,0.9999513626098633,516.7122044849158,0.9999513626098633,2.3074606360751204e-05,2.2932260890229372e-06,2.0009258605568903e-06,2.1746104721387383e-06,2.6304860512027517e-06,2.1655830551026156e-06,2.610114961498766e-06,2.2070194063417148e-06,4.084177817276213e-06,3.0622970825788798e-06,2.3604452508152463e-06
447,14647296,0.0002375600000000025,5.796529810052167,5.662245654740135,0.640625,0.725,0.0092527586966753,57.389892578125,1.246444480784703e-05,0.0,-0.8578482866287231,1,0,0.9999514818191528,516.7678154576203,0.9999514818191528,2.3047427021083422e-05,2.2911849555384833e-06,1.9992073703178903e-06,2.172697350033559e-06,2.628119318615063e-06,2.1636799374391558e-06,2.6077666461787885e-06,2.2050674033380346e-06,4.080491635249928e-06,3.059535856664297e-06,2.3583304482599488e-06
448,14680064,0.00023742000000000248,5.303033243141022,5.626266003566429,0.625,0.7140625,-0.0029893163591623306,70.5300064086914,1.2457214324967936e-05,0.0,-0.8571053743362427,1,0,0.9999514818191528,516.8881534917427,0.9999514818191528,2.3029017029330134e-05,2.289815029143938e-06,1.998035486394656e-06,2.171402684325585e-06,2.626513150971732e-06,2.1623927750624716e-06,2.6061752578243613e-06,2.203751364504569e-06,4.078001893503824e-06,3.0576691187889082e-06,2.3569164113723673e-06
449,14712832,0.00023728000000000247,5.200194496940339,5.590667682539522,0.546875,0.6953125,0.0007145460695028305,100.66378784179688,1.2453101589926518e-05,0.0,-0.8573693633079529,1,0,0.9999514818191528,517.1049411701417,0.9999514818191528,2.301851964148227e-05,2.289027179358527e-06,1.997353365368326e-06,2.1706573534174822e-06,2.62560911323817e-06,2.1616504000121495e-06,2.6052782686747378e-06,2.2029948922863696e-06,4.076602181157796e-06,3.056616378671606e-06,2.3561049147247104e-06
450,14745600,0.00023714000000000246,5.908433761461667,5.617273717971347,0.65625,0.69375,-0.035165827721357346,85.42587280273438,1.2451134352886584e-05,0.0,-0.8580121994018555,1,0,0.9999514818191528,517.321815120449,0.9999514818191528,2.3013515601633117e-05,2.288651558046695e-06,1.9970466382801533e-06,2.1703158381569665e-06,2.6251734652760206e-06,2.161310476367362e-06,2.6048435302072903e-06,2.2026420083420817e-06,4.0759218791208696e-06,3.0561066068912623e-06,2.3557140593766235e-06
451,14778368,0.00023700000000000245,5.347691008774306,5.611061481728946,0.640625,0.6859375,0.012999560683965683,69.39156341552734,1.2448294910427649e-05,0.0,-0.8585930466651917,1,0,0.9999514818191528,517.5264496129929,0.9999514818191528,2.3006228730082512e-05,2.288119048898807e-06,1.996593482544995e-06,2.169812887586886e-06,2.624532498884946e-06,2.1608095721603604e-06,2.6042075660370756e-06,2.2021295080776326e-06,4.074926437169779e-06,3.0553603664884577e-06,2.3551569938717876e-06
452,14811136,0.00023686000000000245,5.167875141260046,5.574360216138103,0.515625,0.6640625,0.03428373485803604,69.52351379394531,1.2440907084965147e-05,0.0,-0.858485221862793,1,0,0.9999516010284424,517.701813163878,0.9999516010284424,2.2993488528300077e-05,2.2871570308780065e-06,1.995790171349654e-06,2.168911123590078e-06,2.6234220058540814e-06,2.1599155388685176e-06,2.6031054858322022e-06,2.201212055297219e-06,4.073202035215218e-06,3.054067292396212e-06,2.3541647351521533e-06
453,14843904,0.00023672000000000246,5.042666315056331,5.542486286389016,0.59375,0.65,0.027535535395145416,92.93429565429688,1.2435852113412693e-05,0.0,-0.8589239120483398,1,0,0.9999516010284424,517.8608317264882,0.9999516010284424,2.2980642825132236e-05,2.2861911475047236e-06,1.9949834495491814e-06,2.168007540603867e-06,2.6222985525237164e-06,2.1590135474980343e-06,2.6019934011856094e-06,2.2002930109010777e-06,4.071458533871919e-06,3.0527626222465187e-06,2.3531656552222557e-06
454,14876672,0.00023658000000000245,5.670640999281745,5.477143214146793,0.5,0.6171875,0.12762068212032318,115.1395263671875,1.2425120985426474e-05,0.0,-0.8594428300857544,1,0,0.9999516010284424,517.9147315241142,0.9999516010284424,2.2953327061259188e-05,2.284120910189813e-06,1.99327951122541e-06,2.166083504562266e-06,2.619911356305238e-06,2.157099515898153e-06,2.5996248496085173e-06,2.198323272750713e-06,4.067755980941001e-06,3.0499836611852515e-06,2.351028115299414e-06
455,14909440,0.00023644000000000245,5.123569124107306,5.420207350805906,0.546875,0.5984375,0.041866473853588104,47.29011154174805,1.241975769517012e-05,0.0,-0.8599706292152405,1,0,0.9999516010284424,518.0832584753997,0.9999516010284424,2.293965189892333e-05,2.2830863599665463e-06,1.9924432308471296e-06,2.165118985431036e-06,2.6187226467300206e-06,2.15614113585616e-06,2.5984425064962124e-06,2.1973360162519384e-06,4.065906068717595e-06,3.0485964543913724e-06,2.34995900427748e-06
456,14942208,0.00023630000000000246,5.766153575045717,5.432678747512066,0.6145833333333334,0.5880208333333333,0.0063865818083286285,75.60743713378906,1.2414215234457515e-05,0.0,-0.8595594167709351,1,0,0.9999516010284424,518.2172825304533,0.9999516010284424,2.2925501980353147e-05,2.2820370304543758e-06,1.991561703107436e-06,2.1641403691319283e-06,2.617489144540741e-06,2.1551686586462893e-06,2.5972210551117314e-06,2.1963367089483654e-06,4.063971118739573e-06,3.0471458103420446e-06,2.3488655642722733e-06
457,14974976,0.00023616000000000246,5.479902381765669,5.401016004683415,0.59375,0.5833333333333333,0.0538145937025547,67.39535522460938,1.2408315342327114e-05,0.0,-0.860851526260376,1,0,0.9999517202377319,518.4336440415235,0.9999517202377319,2.2916543457540683e-05,2.281371735080029e-06,1.9909996353817405e-06,2.163513272535056e-06,2.6167056148551637e-06,2.1545465642702766e-06,2.5964413907786366e-06,2.1956984710413963e-06,4.062747848365689e-06,3.0462281301879557e-06,2.348173438804224e-06
458,15007744,0.00023602000000000245,5.469577316897439,5.417670412059057,0.625,0.5833333333333334,0.016163881868124008,42.03635787963867,1.2401560525177047e-05,0.0,-0.8621029853820801,1,0,0.9999517202377319,518.5886927623202,0.9999517202377319,2.2899326722836122e-05,2.280068883919739e-06,1.9898986920452444e-06,2.1622922758979257e-06,2.615206312839291e-06,2.1533303424803307e-06,2.594955958556966e-06,2.1944529180473182e-06,4.060419996676501e-06,3.044483037228929e-06,2.346830342503381e-06
459,15040512,0.00023588000000000246,6.169441165215813,5.514595078886605,0.796875,0.6083333333333334,-0.03596733510494232,59.819000244140625,1.23945601444575e-05,0.0,-0.8620737195014954,1,0,0.9999517202377319,518.6684324606591,0.9999517202377319,2.288142786710523e-05,2.278773081343388e-06,1.988802296182257e-06,2.1610840121866204e-06,2.6136253836739343e-06,2.1521273083635606e-06,2.5933875349437585e-06,2.193222599089495e-06,4.057957539771451e-06,3.04263676298433e-06,2.345469965803204e-06
460,15073280,0.00023574000000000246,5.801521875031213,5.503903890243558,0.6875,0.6114583333333334,-0.014142869040369987,72.14761352539062,1.2388441064103972e-05,0.0,-0.8630914092063904,1,0,0.9999517202377319,518.7981595831923,0.9999517202377319,2.2865764549351297e-05,2.2776214336772682e-06,1.987835275940597e-06,2.1600021682388615e-06,2.6122474992007483e-06,2.1510541046154685e-06,2.5920228381437482e-06,2.192122792621376e-06,4.05581795348553e-06,3.041035370188183e-06,2.344273525523022e-06
461,15106048,0.00023560000000000245,5.7377907801515615,5.5429138673812846,0.671875,0.6145833333333334,-0.03714635595679283,83.85755920410156,1.2385155969241168e-05,0.0,-0.863818347454071,1,0,0.9999517202377319,518.9878674769443,0.9999517202377319,2.2857391741126776e-05,2.276991835969966e-06,1.987308451134595e-06,2.15940895031963e-06,2.61151990343933e-06,2.150465434169746e-06,2.591300926724216e-06,2.1915207071288023e-06,4.05468927056063e-06,3.0401859021367272e-06,2.3436186893377453e-06
462,15138816,0.00023546000000000247,6.266981838241936,5.652824537079473,0.8125,0.6442708333333333,-0.055739134550094604,96.13613891601562,1.2378942301438656e-05,0.0,-0.8654828071594238,1,0,0.9999517202377319,519.0908742212281,0.9999517202377319,2.2841550162411295e-05,2.275823817399214e-06,1.986341885640286e-06,2.1583384750556434e-06,2.6101258754351875e-06,2.149403599105426e-06,2.5899198590195738e-06,2.190423856518464e-06,4.052516032970743e-06,3.0385567697521765e-06,2.3423988295689924e-06
463,15171584,0.00023532000000000246,5.652977485514615,5.713855654125301,0.65625,0.6505208333333334,-0.006586580537259579,47.18714904785156,1.2368736861390062e-05,0.0,-0.8658561706542969,1,0,0.9999518394470215,519.2158082407476,0.9999518394470215,2.282160858158022e-05,2.27431610255735e-06,1.985077460631146e-06,2.1569169348367723e-06,2.6083869215653976e-06,2.1479875158547657e-06,2.5881940928229596e-06,2.188978669437347e-06,4.049812105222372e-06,3.0365324619197054e-06,2.3408424567605834e-06
464,15204352,0.00023518000000000245,6.049972564006878,5.751788810597814,0.71875,0.6723958333333334,-0.008026640862226486,62.69755554199219,1.2363038877083454e-05,0.0,-0.8666564226150513,1,0,0.9999518394470215,519.3579802262974,0.9999518394470215,2.280709486512933e-05,2.273234258609591e-06,1.984168875424075e-06,2.155896936528734e-06,2.6071161300933454e-06,2.1469718376465607e-06,2.586933305792627e-06,2.1879416181036504e-06,4.047843049193034e-06,3.0350529414135963e-06,2.339726506761508e-06
465,15237120,0.00023504000000000244,5.6809809023414815,5.807529988421233,0.625,0.6802083333333334,0.02771870419383049,65.60633850097656,1.235696254298091e-05,0.0,-0.8685224652290344,1,0,0.9999518394470215,519.4796711893006,0.9999518394470215,2.279157160955947e-05,2.272098527100752e-06,1.9832077668979764e-06,2.1548405584326247e-06,2.605756435514195e-06,2.1459215986396885e-06,2.5855890726234065e-06,2.186861138397944e-06,4.045713012601482e-06,3.0334581424540374e-06,2.3385553049593e-06
466,15269888,0.00023490000000000243,5.706323934973106,5.8015470244139715,0.6875,0.6875,0.03224293515086174,88.5882568359375,1.235034505953081e-05,0.0,-0.8693593144416809,1,0,0.999951958656311,519.6398898512443,0.999951958656311,2.278070678585209e-05,2.271318635393982e-06,1.9825440631393576e-06,2.154115463781636e-06,2.6048001018352807e-06,2.145201733583235e-06,2.5846477456070716e-06,2.1861210370843764e-06,4.044216439069714e-06,3.0323362807394005e-06,2.3377440356853185e-06
467,15302656,0.00023476000000000242,5.844246621039561,5.837981448341361,0.75,0.703125,-0.02167324908077717,80.35148620605469,1.2345975846983492e-05,0.0,-0.8691095113754272,1,0,0.999951958656311,519.7831427879465,0.999951958656311,2.2769545466871932e-05,2.270500090162386e-06,1.9818673990812385e-06,2.1533533072215505e-06,2.603818984425743e-06,2.1444427602546057e-06,2.5836716304183938e-06,2.1853434191143606e-06,4.042689397465438e-06,3.0311916816572193e-06,2.336890247534029e-06
468,15335424,0.0002346200000000024,5.990284205085654,5.890052137160183,0.71875,0.7125,0.09124374389648438,94.60818481445312,1.234294813912129e-05,0.0,-0.8693016171455383,1,0,0.999951958656311,519.9466647028407,0.999951958656311,2.2761771106161177e-05,2.269928472742322e-06,1.981393097594264e-06,2.1528276192839257e-06,2.6031339075416327e-06,2.1439193460537354e-06,2.582994056865573e-06,2.1848059077456128e-06,4.041625288664363e-06,3.0303910989459837e-06,2.3362974843621487e-06
469,15368192,0.0002344800000000024,6.108116497410196,5.883919670379621,0.734375,0.70625,-0.001474384218454361,102.1586685180664,1.2340724424575455e-05,0.0,-0.8695847988128662,1,0,0.999951958656311,520.1296451594499,0.999951958656311,2.2756106773158535e-05,2.269504193463945e-06,1.981034074560739e-06,2.152429260604549e-06,2.6026398245448945e-06,2.1435228063637624e-06,2.5825040665949928e-06,2.1843995909875957e-06,4.040858129883418e-06,3.0298158435471123e-06,2.335856379431789e-06
470,15400960,0.0002343400000000024,5.736688082388744,5.877436291115374,0.734375,0.7109375,0.045060042291879654,59.87812042236328,1.233544844581047e-05,0.0,-0.8704245090484619,1,0,0.9999520778656006,520.3059748309365,0.9999520778656006,2.2748710762243718e-05,2.2689550860377494e-06,1.9805809188255807e-06,2.1519226720556617e-06,2.6019899905804778e-06,2.1430180368042784e-06,2.5818592348514358e-06,2.183881179007585e-06,4.039845407532994e-06,3.0290566428448074e-06,2.3352843072643736e-06
471,15433728,0.0002342000000000024,5.756928188498961,5.879350031950113,0.6875,0.7125,0.006694570183753967,63.93516540527344,1.2328633602010086e-05,0.0,-0.8704747557640076,1,0,0.9999520778656006,520.3979477440142,0.9999520778656006,2.2731361241312698e-05,2.267665649924311e-06,1.979508397198515e-06,2.1507185010705143e-06,2.6004643132182537e-06,2.141821141776745e-06,2.580347654657089e-06,2.182652906412841e-06,4.037469352624612e-06,3.0272747153503587e-06,2.333939391974127e-06
472,15466496,0.0002340600000000024,6.025334882752072,5.855185336401127,0.765625,0.7078125,0.10937724262475967,131.38194274902344,1.2326767318882048e-05,0.0,-0.8710691928863525,1,0,0.9999520778656006,520.5875597807835,0.9999520778656006,2.27265918510966e-05,2.2673043531540316e-06,1.979217586267623e-06,2.1503822154045338e-06,2.600050038381596e-06,2.1414900857053e-06,2.5799342893151334e-06,2.182311391152325e-06,4.0368263398704585e-06,3.0267954116425244e-06,2.3335699097515317e-06
473,15499264,0.00023392000000000242,6.083321158059926,5.898219703655657,0.65625,0.7078125,-0.03363052010536194,43.86731719970703,1.2322390830377117e-05,0.0,-0.8724499940872192,1,0,0.9999520778656006,520.7238645988447,0.9999520778656006,2.2715368686476722e-05,2.266502178827068e-06,1.978530690394109e-06,2.1496316549018957e-06,2.599060962893418e-06,2.140742708434118e-06,2.5789554456423502e-06,2.1815476429765113e-06,4.035278834635392e-06,3.025632167918957e-06,2.3327265807893127e-06
474,15532032,0.00023378000000000244,5.8116575650661275,5.874388203761582,0.828125,0.71875,0.05058427155017853,98.73694610595703,1.2318425433477387e-05,0.0,-0.8728746771812439,1,0,0.9999520778656006,520.874032460507,0.9999520778656006,2.2705233277520165e-05,2.2657611680187983e-06,1.977904275918263e-06,2.148936800949741e-06,2.5981710223277332e-06,2.1400505829660688e-06,2.5780752821447095e-06,2.180840510845883e-06,4.033885943499627e-06,3.0245910238591023e-06,2.331955101908534e-06
475,15564800,0.00023364000000000243,6.275025932387832,5.9337927067662175,0.6875,0.725,0.011164013296365738,72.59999084472656,1.231249189004302e-05,0.0,-0.8733838796615601,1,0,0.9999520778656006,520.9664765037254,0.9999520778656006,2.269012293254491e-05,2.2646356683253543e-06,1.9769724985962966e-06,2.14789997698972e-06,2.596833610368776e-06,2.1390162601164775e-06,2.576745373517042e-06,2.1797820863866946e-06,4.031809112348128e-06,3.023033514182316e-06,2.3307766241487116e-06
476,15597568,0.00023350000000000242,5.709690718697285,5.934129385138637,0.640625,0.7203125,-0.10752087086439133,92.06041717529297,1.230784891959047e-05,0.0,-0.8737097978591919,1,0,0.9999520778656006,521.0882133321599,0.9999520778656006,2.2678312234347686e-05,2.2637548227066873e-06,1.9762505871767644e-06,2.14707665691094e-06,2.595798378024483e-06,2.1382002159953117e-06,2.5757180992513895e-06,2.1789423954032827e-06,4.030202035210095e-06,3.021825932592037e-06,2.3298609903577017e-06
477,15630336,0.00023336000000000244,5.817418599145094,5.931446582949189,0.78125,0.7234375,0.07082651555538177,79.8401107788086,1.2301632523303851e-05,0.0,-0.8753892779350281,1,0,0.9999521970748901,521.2224626427957,0.9999521970748901,2.2668496967526153e-05,2.263036094518611e-06,1.97564804693684e-06,2.146417955373181e-06,2.59492981058429e-06,2.137542196578579e-06,2.574856580395135e-06,2.178269596697646e-06,4.028841885883594e-06,3.020809117515455e-06,2.3291058823815547e-06
478,15663104,0.00023322000000000243,5.089473730129513,5.8413655354535745,0.578125,0.709375,0.05466453731060028,85.04268646240234,1.2297525245230645e-05,0.0,-0.874564528465271,1,0,0.9999521970748901,521.3727082862438,0.9999521970748901,2.265801595058292e-05,2.262243924633367e-06,1.9749907096411334e-06,2.1456789909279905e-06,2.594012130430201e-06,2.1368084617279237e-06,2.5739482225617394e-06,2.177515398216201e-06,4.027417162433267e-06,3.0197377327567665e-06,2.3282843812921783e-06
479,15695872,0.00023308000000000242,5.520645615531803,5.782618447265736,0.5833333333333334,0.6942708333333333,0.024143218994140625,89.19779205322266,1.2293940926610958e-05,0.0,-0.8737130165100098,1,0,0.9999521970748901,521.5074329017312,0.9999521970748901,2.2648962840321474e-05,2.261556119265151e-06,1.9744254586839816e-06,2.145042572010425e-06,2.5932131393346936e-06,2.136176590283867e-06,2.573152869445039e-06,2.1768696569779422e-06,4.026176611660048e-06,3.018810502908309e-06,2.327573838556418e-06
480,15728640,0.00023294000000000244,6.116782102597395,5.820627849286602,0.84375,0.7052083333333333,0.0885424092411995,80.4205322265625,1.22895507956855e-05,0.0,-0.874545156955719,1,0,0.9999521970748901,521.6381867778234,0.9999521970748901,2.2637819711235352e-05,2.2607107439398533e-06,1.97372696675302e-06,2.144263362424681e-06,2.5922313398041297e-06,2.1354005639295792e-06,2.57218130172987e-06,2.176068846893031e-06,4.024656846013386e-06,3.0176679501892067e-06,2.32669503930083e-06
481,15761408,0.00023280000000000243,6.071648810413232,5.852099911478028,0.84375,0.7208333333333334,-0.04680420458316803,101.61925506591797,1.2285880075069144e-05,0.0,-0.8758775591850281,1,0,0.9999521970748901,521.7709954242431,0.9999521970748901,2.2628408260061406e-05,2.260023165945313e-06,1.9731530755962012e-06,2.1436192128021503e-06,2.5914159778039902e-06,2.134761189154233e-06,2.571374352555722e-06,2.175413101213053e-06,4.023367182526272e-06,3.0167038858053274e-06,2.3259826775756665e-06
482,15794176,0.00023266000000000242,5.175960797985689,5.76716250300139,0.734375,0.7177083333333334,0.07461365312337875,80.46356201171875,1.2283229807508178e-05,0.0,-0.877888560295105,1,0,0.9999521970748901,521.9493544654625,0.9999521970748901,2.2621677999268286e-05,2.259512257296592e-06,1.972733343791333e-06,2.143149231415009e-06,2.5908250336215133e-06,2.1342930267564952e-06,2.570788410594105e-06,2.1749276584159816e-06,4.022449957119534e-06,3.0160133519530063e-06,2.3254526695382083e-06
483,15826944,0.00023252000000000242,6.3128954130878006,5.790119928504177,0.8125,0.7333333333333334,0.07862123847007751,70.81452941894531,1.2276752386242151e-05,0.0,-0.8779470324516296,1,0,0.9999521970748901,522.0228016652478,0.9999521970748901,2.260515611851588e-05,2.2582798919756897e-06,1.9717158465937246e-06,2.1420132725324947e-06,2.589365521998843e-06,2.1331657080736477e-06,2.569339812907856e-06,2.173766461055493e-06,4.020183496322716e-06,3.0143139611027436e-06,2.3241711915034102e-06
484,15859712,0.0002323800000000024,6.447419370553366,5.853696109052902,0.90625,0.7411458333333334,0.0724591612815857,83.55177307128906,1.2274064829398412e-05,0.0,-0.8785399794578552,1,0,0.9999521970748901,522.1545366395452,0.9999521970748901,2.2598367650061846e-05,2.2577719391847495e-06,1.9713006622623652e-06,2.1415514765976695e-06,2.5887629817589186e-06,2.132702093149419e-06,2.5687445486255456e-06,2.173289431084413e-06,4.019248081021942e-06,3.0136152417981066e-06,2.323643684576382e-06
485,15892480,0.0002322400000000024,5.826943205904483,5.808887836404567,0.8125,0.7536458333333333,-0.0284564346075058,96.81471252441406,1.2272024832782336e-05,0.0,-0.8784589767456055,1,0,0.9999521970748901,522.3188476974501,0.9999521970748901,2.2593130779569037e-05,2.2573865408048732e-06,1.9709791558852885e-06,2.141196318916627e-06,2.588298912087339e-06,2.132350118699833e-06,2.5682863906695275e-06,2.1729290438088356e-06,4.018524123239331e-06,3.0130697723507183e-06,2.3232382773130666e-06
486,15925248,0.0002321000000000024,5.644284271143746,5.802347191649213,0.828125,0.7723958333333334,0.07350243628025055,109.41091918945312,1.2265156328794546e-05,0.0,-0.8781218528747559,1,0,0.9999523162841797,522.424935564969,0.9999523162841797,2.2581587472814135e-05,2.2565689050679794e-06,1.97027452486509e-06,2.140428705388331e-06,2.5873291633615736e-06,2.131587962139747e-06,2.567329374869587e-06,2.172150061596767e-06,4.016915227111895e-06,3.0118746963125886e-06,2.322394493603497e-06
487,15958016,0.00023196000000000238,5.229354240548467,5.7435407557895495,0.71875,0.7661458333333334,0.058511488139629364,79.57247924804688,1.2261899428267498e-05,0.0,-0.8780215978622437,1,0,0.9999523162841797,522.5792654986634,0.9999523162841797,2.2573211026610807e-05,2.255957724628388e-06,1.9697597508638864e-06,2.139859361705021e-06,2.5866015676001552e-06,2.1310186184564373e-06,2.566609737186809e-06,2.171566165998229e-06,4.0157660805562045e-06,3.0110134048300097e-06,2.321758984180633e-06
488,15990784,0.00023182000000000237,4.99355205855985,5.733948588632583,0.671875,0.7755208333333334,-0.05136696994304657,61.851715087890625,1.2257679372851271e-05,0.0,-0.8778773546218872,1,0,0.9999523162841797,522.7378781548431,0.9999523162841797,2.2562515368917957e-05,2.255144636365003e-06,1.9690928638738114e-06,2.1390962956502335e-06,2.5856643333099782e-06,2.130258735633106e-06,2.5656797788542463e-06,2.17078968489659e-06,4.01430679630721e-06,3.0099222385615576e-06,2.320915200471063e-06
489,16023552,0.00023168000000000236,5.318899266484914,5.713773953727894,0.765625,0.79375,0.011548846960067749,62.04528045654297,1.2254658031451982e-05,0.0,-0.878705620765686,1,0,0.9999523162841797,522.8984640929953,0.9999523162841797,2.2554813767783344e-05,2.2545725641975878e-06,1.9686178802658105e-06,2.1385719719546614e-06,2.584978801678517e-06,2.1297366856742883e-06,2.56499947681732e-06,2.170253537769895e-06,4.013246325484943e-06,3.009124156960752e-06,2.3203176624519983e-06
490,16056320,0.00023154000000000235,5.392460377217398,5.641341781189895,0.6875,0.778125,0.11213018745183945,68.15938568115234,1.2251305633981247e-05,0.0,-0.8796284794807434,1,0,0.9999523162841797,523.0555865966624,0.9999523162841797,2.254625542263966e-05,2.2539531983056804e-06,1.9680924197018612e-06,2.137997171303141e-06,2.584214598755352e-06,2.129165977748926e-06,2.564243686720147e-06,2.1696700969187077e-06,4.012063982372638e-06,3.0082348985160934e-06,2.3196673737402307e-06
491,16089088,0.00023140000000000234,5.680889955939613,5.602265895742532,0.65625,0.759375,-0.03644374758005142,50.48632049560547,1.2245124707987998e-05,0.0,-0.8792990446090698,1,0,0.9999523162841797,523.1558462075442,0.9999523162841797,2.2530519345309585e-05,2.252776084787911e-06,1.967120169865666e-06,2.1369041860452853e-06,2.5828348952927627e-06,2.128082087438088e-06,2.562877170930733e-06,2.1685527826775797e-06,4.009907115687383e-06,3.0066171348153148e-06,2.3184488782135304e-06
492,16121856,0.00023126000000000234,6.0403595537888615,5.68870577132285,0.8125,0.7671875,-0.009252786636352539,95.67710876464844,1.224159677803982e-05,0.0,-0.8795580863952637,1,0,0.9999523162841797,523.2797325132669,0.9999523162841797,2.2521433493238874e-05,2.252142166980775e-06,1.9665690160763916e-06,2.136305283784168e-06,2.5820618247962557e-06,2.127483412550646e-06,2.562109784776112e-06,2.1679447854694445e-06,4.008645191788673e-06,3.0056742161832517e-06,2.3177965431386838e-06
493,16154624,0.00023112000000000233,5.6812959673977055,5.62554582675384,0.75,0.7609375,0.020272688940167427,92.24465942382812,1.2237664122949354e-05,0.0,-0.8803834915161133,1,0,0.9999523162841797,523.4083884017327,0.9999523162841797,2.251131991215516e-05,2.2514227566716727e-06,1.965953742910642e-06,2.1356288470997242e-06,2.581175522209378e-06,2.126811978087062e-06,2.561237579357112e-06,2.167256525353878e-06,4.007254119642312e-06,3.0046307983866427e-06,2.3170453005150193e-06
494,16187392,0.00023098000000000232,5.440102960063538,5.524814185704858,0.796875,0.75,0.0779743641614914,75.86476135253906,1.2230806532897986e-05,0.0,-0.8797469139099121,1,0,0.9999524354934692,523.5161491312049,0.9999524354934692,2.2499820261145942e-05,2.2506008008349454e-06,1.9652511582535226e-06,2.1348594145820243e-06,2.5801666652114363e-06,2.126045501427143e-06,2.560238954174565e-06,2.1664736777893268e-06,4.0056647776509635e-06,3.003436631843215e-06,2.316188329132274e-06
495,16220160,0.0002308400000000023,5.415124156346724,5.483632280749082,0.703125,0.7390625,0.07504861801862717,118.46163940429688,1.2226615581312217e-05,0.0,-0.8820605874061584,1,0,0.9999524354934692,523.6509665134139,0.9999524354934692,2.248911368951667e-05,2.2498261387227103e-06,1.9645933662104653e-06,2.134141141141299e-06,2.5792146516323555e-06,2.125332002833602e-06,2.5592967176635284e-06,2.1657424440491013e-06,4.0041791180556174e-06,3.0023254566913238e-06,2.315371148142731e-06
496,16252928,0.0002307000000000023,6.027645494792997,5.521968403114007,0.8125,0.7375,-0.0940767303109169,55.713966369628906,1.2222167242725845e-05,0.0,-0.8812281489372253,1,0,0.9999524354934692,523.7652761200383,0.9999524354934692,2.2477728634839877e-05,2.248998043796746e-06,1.9638946469058283e-06,2.1333758013497572e-06,2.578231033112388e-06,2.124570301020867e-06,2.558320829848526e-06,2.1649616428476293e-06,4.002594323537778e-06,3.0011428862053435e-06,2.3145100840338273e-06
497,16285696,0.0002305600000000023,5.61233057748587,5.5602660368077474,0.75,0.740625,-0.07141751796007156,55.78678894042969,1.2217935363878496e-05,0.0,-0.8826504945755005,1,0,0.9999524354934692,523.8907158093575,0.9999524354934692,2.2466927475761622e-05,2.2481960968434578e-06,1.9632277599157533e-06,2.132629333573277e-06,2.577279474280658e-06,2.123828835465247e-06,2.5573788207111647e-06,2.1641978946718154e-06,4.00111775888945e-06,3.000035576405935e-06,2.313675850018626e-06
498,16318464,0.00023042000000000228,5.655923415171879,5.62650317246895,0.65625,0.7390625,0.007227381691336632,115.51687622070312,1.2213035915920045e-05,0.0,-0.8824378252029419,1,0,0.9999524354934692,524.0094824130873,0.9999524354934692,2.2454503778135404e-05,2.247261591037386e-06,1.962462192750536e-06,2.1317650862329174e-06,2.5761787583178375e-06,2.1229700450930977e-06,2.5562865175743354e-06,2.163314775316394e-06,3.9994124563236255e-06,2.9987543257448124e-06,2.3126963242248166e-06
499,16351232,0.00023028000000000227,6.242540595277694,5.718867305348228,0.75,0.7375,0.019283685833215714,71.95976257324219,1.2209333362989128e-05,0.0,-0.8827785849571228,1,0,0.9999524354934692,524.1157409163247,0.9999524354934692,2.244499592052307e-05,2.2465949314209865e-06,1.961884208867559e-06,2.1311368527676677e-06,2.575348389655119e-06,2.1223424937488744e-06,2.555465016484959e-06,2.1626754005410476e-06,3.998096872237511e-06,2.997770707224845e-06,2.312003971383092e-06
500,16384000,0.00023014000000000227,5.775853664891755,5.757206634115663,0.75,0.74375,-0.05389678105711937,80.99127197265625,1.2206951396365184e-05,0.0,-0.8823564648628235,1,0,0.9999524354934692,524.2605779983367,0.9999524354934692,2.2438831365434453e-05,2.246168833153206e-06,1.9615119981608586e-06,2.1307303086359752e-06,2.5748179268703097e-06,2.1219418613327434e-06,2.5549413749104133e-06,2.1622629446937935e-06,3.997246494691353e-06,2.997133151438902e-06,2.311562866452732e-06
501,16416768,0.00023000000000000226,6.1919301287718955,5.808310651398892,0.75,0.753125,0.04726867377758026,77.92774963378906,1.220359445142094e-05,0.0,-0.8825850486755371,1,0,0.9999524354934692,524.353695436465,0.9999524354934692,2.2430189346778207e-05,2.24556038119772e-06,1.960980625881348e-06,2.1301534616213758e-06,2.574091240603593e-06,2.121367060681223e-06,2.5542226467223372e-06,2.1616772301058518e-06,3.996034593001241e-06,2.996232751684147e-06,2.310932813998079e-06
502,16449536,0.00022986000000000225,5.283525904725249,5.732627286492531,0.765625,0.7484375,0.07590528577566147,98.4637680053711,1.2197080650366843e-05,0.0,-0.883318305015564,1,0,0.9999525547027588,524.4779041274433,0.9999525547027588,2.241956281068269e-05,2.244800725748064e-06,1.960328290806501e-06,2.1294367797963787e-06,2.5731685582286445e-06,2.120651515724603e-06,2.553309514041757e-06,2.16094781535503e-06,3.994568032794632e-06,2.9951331725897035e-06,2.3101486021914752e-06
503,16482304,0.00022972000000000224,6.099578069493714,5.7744554967021315,0.875,0.7609375,0.0029056668281555176,76.92325592041016,1.2194933333375957e-05,0.0,-0.8835103511810303,1,0,0.9999525547027588,524.6224932411935,0.9999525547027588,2.241404763481114e-05,2.2444153273681877e-06,1.959991777766845e-06,2.129073209289345e-06,2.572687662905082e-06,2.1202915831963765e-06,2.5528345304337563e-06,2.16058106161654e-06,3.993805876234546e-06,2.99456200991699e-06,2.3097475150279934e-06
504,16515072,0.00022958000000000223,5.4313193758677265,5.77357713828255,0.859375,0.7671875,-0.011943032965064049,57.87094497680664,1.2189983863208909e-05,0.0,-0.8829700350761414,1,0,0.9999525547027588,524.7310764934431,0.9999525547027588,2.2401420210371725e-05,2.2434758193412563e-06,1.959218025149312e-06,2.1281941826600814e-06,2.571573986642761e-06,2.119418240908999e-06,2.5517322228552075e-06,2.159682935598539e-06,3.992076926806476e-06,2.993265752593288e-06,2.308774128323421e-06
505,16547840,0.00022944000000000222,5.745527701747324,5.80661749282261,0.84375,0.78125,0.023855779320001602,104.30675506591797,1.2186569620098453e-05,0.0,-0.8832172155380249,1,0,0.9999525547027588,524.8675751493157,0.9999525547027588,2.2392767277779058e-05,2.242823256892734e-06,1.9586836970120203e-06,2.1275996004987974e-06,2.570804326751386e-06,2.1188279788475484e-06,2.5509682473057183e-06,2.1590690266748425e-06,3.990885943494504e-06,2.9923724014224717e-06,2.308087232449907e-06
506,16580608,0.00022930000000000224,6.168992805176038,5.8207522238609135,0.9375,0.79375,0.0339740514755249,77.11993408203125,1.2181209967820905e-05,0.0,-0.8807888627052307,1,0,0.9999525547027588,524.9579339752784,0.9999525547027588,2.237906119262334e-05,2.2418246317101875e-06,1.957839685928775e-06,2.1266664589347783e-06,2.5695883323351154e-06,2.117898702636012e-06,2.549761575210141e-06,2.158118149964139e-06,3.98899101128336e-06,2.990951543324627e-06,2.3070442694006488e-06
507,16613376,0.00022916000000000223,6.170554433079838,5.876574609420311,0.890625,0.8078125,-0.05862896144390106,56.331539154052734,1.2179234545328654e-05,0.0,-0.8809820413589478,1,0,0.9999525547027588,525.1003737482965,0.9999525547027588,2.2374068066710606e-05,2.2414526483771624e-06,1.957531821972225e-06,2.126325625795289e-06,2.569147454778431e-06,2.1175594611122506e-06,2.5493241082585882e-06,2.1577682218776317e-06,3.988306161772925e-06,2.990438133565476e-06,2.306659098394448e-06
508,16646144,0.00022902000000000222,5.994262036801877,5.910408471583311,0.875,0.8296875,0.1494387686252594,109.32640075683594,1.2176666132290848e-05,0.0,-0.8801279067993164,1,0,0.9999525547027588,525.2357862140512,0.9999525547027588,2.2367497876985e-05,2.2409865323425038e-06,1.9571284610719886e-06,2.1258856577333063e-06,2.5685594664537348e-06,2.117123131029075e-06,2.548740667407401e-06,2.1573216599790612e-06,3.987393483839696e-06,2.989753738802392e-06,2.3061732008500258e-06
509,16678912,0.00022888000000000224,5.18950612264236,5.8051050243197775,0.8125,0.8359375,-0.031149085611104965,50.82448959350586,1.2170607988082338e-05,0.0,-0.8807373642921448,1,0,0.9999525547027588,525.333442081808,0.9999525547027588,2.235212377854623e-05,2.239845798612805e-06,1.9561562112357933e-06,2.1248176835797494e-06,2.5671952244010754e-06,2.116061295964755e-06,2.5473896130279172e-06,2.1562336769420654e-06,3.985279818152776e-06,2.9881687169108773e-06,2.3049813080433523e-06
510,16711680,0.00022874000000000226,6.08941051619764,5.836460709450366,0.890625,0.85,0.1211567372083664,66.29331970214844,1.2164034160377923e-05,0.0,-0.8819471001625061,1,0,0.9999526739120483,525.4406589088364,0.9999526739120483,2.2341511794365942e-05,2.2390472622646485e-06,1.9555036487872712e-06,2.1240805381239625e-06,2.5662529878900386e-06,2.1153314264665823e-06,2.5464523787377402e-06,2.1554812974500237e-06,3.983813257946167e-06,2.9870693651901092e-06,2.304141844433616e-06
511,16744448,0.00022860000000000225,5.524278775635132,5.769695574136689,0.8125,0.85625,-0.01972084864974022,80.61083221435547,1.2160911865066737e-05,0.0,-0.8819063901901245,1,0,0.9999526739120483,525.5788667651815,0.9999526739120483,2.233354462077841e-05,2.238449496871908e-06,1.9550168417481473e-06,2.1235275653452845e-06,2.5655556328274542e-06,2.11477868106158e-06,2.545762754380121e-06,2.154914000129793e-06,3.98272732127225e-06,2.986254685310996e-06,2.3035270260152174e-06
512,16777216,0.00022846000000000224,5.773286452982505,5.818671628962415,0.84375,0.8640625,0.0026989541947841644,78.8668441772461,1.2156513548688963e-05,0.0,-0.8824281096458435,1,0,0.9999526739120483,525.6839812809234,0.9999526739120483,2.2322428776533343e-05,2.2376041215466103e-06,1.9543326743587386e-06,2.122757905453909e-06,2.5645672394603025e-06,2.114016524501494e-06,2.544781864344259e-06,2.1541293335758382e-06,3.981193003710359e-06,2.985104401886929e-06,2.3026482267596293e-06
513,16809984,0.00022832000000000223,5.584964954072304,5.7672103174202745,0.765625,0.853125,-0.12827178835868835,57.69165802001953,1.2152861017966643e-05,0.0,-0.8833068013191223,1,0,0.9999526739120483,525.8101212092146,0.9999526739120483,2.231312646472361e-05,2.2369044927472714e-06,1.9537569642125163e-06,2.1221142105787294e-06,2.5637432372604962e-06,2.113377377099823e-06,2.5439665023441194e-06,2.153471996280132e-06,3.979909706686158e-06,2.9841423838661285e-06,2.3019235868559917e-06
514,16842752,0.00022818000000000225,5.670752595257984,5.791153639359299,0.796875,0.846875,0.05907348543405533,78.00149536132812,1.2148343557782937e-05,0.0,-0.8835195899009705,1,0,0.9999526739120483,525.9057650209489,0.9999526739120483,2.2301597709883936e-05,2.2360641196428332e-06,1.953048922587186e-06,2.12133727472974e-06,2.56272164733673e-06,2.112605670845369e-06,2.5429528704989934e-06,2.1526752789213788e-06,3.978315817221301e-06,2.9829475352016743e-06,2.3010502445686143e-06
515,16875520,0.00022804000000000224,5.223305981546277,5.738931467339195,0.734375,0.8359375,0.025929078459739685,70.27555847167969,1.2142842933826614e-05,0.0,-0.8836195468902588,1,0,0.9999527931213379,526.0476951805359,0.9999527931213379,2.2293646907201037e-05,2.235469537481549e-06,1.952553930095746e-06,2.1207897589192726e-06,2.5620131509640487e-06,2.112062020387384e-06,2.542249831094523e-06,2.152117303921841e-06,3.977216238126857e-06,2.982123078254517e-06,2.3004338345344877e-06
516,16908288,0.00022790000000000226,5.427740361658633,5.664806222987456,0.78125,0.8203125,0.012214912101626396,85.9827651977539,1.2137747944507282e-05,0.0,-0.883955717086792,1,0,0.9999527931213379,526.1548293137927,0.9999527931213379,2.228076664323453e-05,2.2344868284562835e-06,1.951736749106203e-06,2.119859345839359e-06,2.5608869691495784e-06,2.1111357000336284e-06,2.5411322894797195e-06,2.151171202058322e-06,3.97546818931005e-06,2.9808120416419115e-06,2.2994227037997916e-06
517,16941056,0.00022776000000000225,5.360830918603889,5.583833871539861,0.8125,0.8125,0.07258521765470505,81.38549041748047,1.2131110452173743e-05,0.0,-0.8835974931716919,1,0,0.9999527931213379,526.2193494453327,0.9999527931213379,2.226390097348485e-05,2.2332383196044248e-06,1.950698333530454e-06,2.1187033780734055e-06,2.559402673796285e-06,2.1099924651935e-06,2.5396620912943035e-06,2.1499922695511486e-06,3.973141247115564e-06,2.9790669486828847e-06,2.2981248548603617e-06
518,16973824,0.00022762000000000224,5.504295059654213,5.534837173825094,0.765625,0.8015625,0.06475703418254852,69.8719253540039,1.2126751244068146e-05,0.0,-0.8832814693450928,1,0,0.9999529123306274,526.3776457096164,0.9999529123306274,2.2258875105762854e-05,2.2328597424348118e-06,1.9503934254316846e-06,2.1183518583711702e-06,2.558961114118574e-06,2.1096425371069927e-06,2.5392214411112946e-06,2.1496314275282202e-06,3.972455942857778e-06,2.9785533115500584e-06,2.297730588907143e-06
519,17006592,0.00022748000000000223,5.627105440054381,5.5785971055662955,0.8125,0.8015625,0.057708434760570526,83.76649475097656,1.212256211147178e-05,0.0,-0.8827307224273682,1,0,0.9999529123306274,526.4882302962079,0.9999529123306274,2.2248283130466007e-05,2.2320634798234096e-06,1.949740635609487e-06,2.1176106201892253e-06,2.5580241072020726e-06,2.1089103938720655e-06,2.5382964849995915e-06,2.148877229046775e-06,3.970997568103485e-06,2.977459871544852e-06,2.296902493981179e-06
520,17039360,0.00022734000000000222,5.530051383961014,5.522661192342634,0.78125,0.790625,0.12127581238746643,106.23746490478516,1.21190842037322e-05,0.0,-0.8830244541168213,1,0,0.9999529123306274,526.6060187394913,0.9999529123306274,2.223941555712372e-05,2.231414327980019e-06,1.949192210304318e-06,2.1170110358070815e-06,2.5572289814590476e-06,2.108311036863597e-06,2.537509772082558e-06,2.1482665033545345e-06,3.969762929045828e-06,2.976534460685798e-06,2.2962190087127965e-06
521,17072128,0.00022720000000000222,6.168816861813935,5.587115000960514,0.796875,0.7890625,0.03772324323654175,108.93566131591797,1.211510334542254e-05,0.0,-0.8826829791069031,1,0,0.9999529123306274,526.6845680261508,0.9999529123306274,2.222921648353804e-05,2.2306885512080044e-06,1.948571480170358e-06,2.1163348264963133e-06,2.5563367671566084e-06,2.1076396024000132e-06,2.536626880100812e-06,2.1475739231391344e-06,3.9683513932686765e-06,2.9754758088529343e-06,2.2954704945732374e-06
522,17104896,0.0002270600000000022,5.107610183181242,5.520547373980388,0.703125,0.775,0.06527721136808395,93.38239288330078,1.211296967085218e-05,0.0,-0.8828015327453613,1,0,0.9999529123306274,526.8338528744135,0.9999529123306274,2.222374860139098e-05,2.2302992874756455e-06,1.9482372408674564e-06,2.115971483362955e-06,2.555853825469967e-06,2.1072780782560585e-06,2.536147803766653e-06,2.1472055777849164e-06,3.9675942389294505e-06,2.974908284159028e-06,2.295065542057273e-06
523,17137664,0.0002269200000000022,6.246979717178638,5.586748850291021,0.75,0.7734375,0.10278844833374023,102.22109985351562,1.210860864375718e-05,0.0,-0.8837816715240479,1,0,0.9999529123306274,526.90744752136,0.9999529123306274,2.221255999756977e-05,2.2294934751698747e-06,1.9475498902465915e-06,2.115222969223396e-06,2.5548742996761575e-06,2.10653251997428e-06,2.535180783524993e-06,2.1464438759721816e-06,3.966043095715577e-06,2.973745267809136e-06,2.294225168952835e-06
524,17170432,0.00022678000000000222,5.520084001876543,5.571681990952877,0.8020833333333334,0.7739583333333333,-0.06348034739494324,81.68656158447266,1.2103733752155676e-05,0.0,-0.8834032416343689,1,0,0.9999529123306274,526.9529426094028,0.9999529123306274,2.220004353148397e-05,2.228613311672234e-06,1.946781139849918e-06,2.1143880530871684e-06,2.553821786932531e-06,2.1057010144431842e-06,2.534136456233682e-06,2.14559668165748e-06,3.96428504245705e-06,2.9724380965490127e-06,2.2933129457669565e-06
525,17203200,0.0002266400000000022,5.7741268259998915,5.6267640753982375,0.90625,0.7911458333333333,-0.026011424139142036,78.39064025878906,1.21030279842671e-05,0.0,-0.8838459253311157,1,0,0.9999529123306274,527.1139599351754,0.9999529123306274,2.2198202714207582e-05,2.2284857550403103e-06,1.9466694993752753e-06,2.114266862918157e-06,2.5536708108120365e-06,2.105580279021524e-06,2.533991164455074e-06,2.1454738998727407e-06,3.964031748182606e-06,2.9722482395300176e-06,2.293181751156226e-06
526,17235968,0.0002265000000000022,6.1192561379815364,5.695915653030529,0.921875,0.8052083333333334,0.07610554248094559,57.74567413330078,1.2098034858354367e-05,0.0,-0.8828006386756897,1,0,0.9999529123306274,527.1903488960253,0.9999529123306274,2.2185548004927114e-05,2.2275296487350715e-06,1.9458750557532767e-06,2.1133719201316126e-06,2.552550768086803e-06,2.1046930669399444e-06,2.5328772608190775e-06,2.144563495676266e-06,3.962289156334009e-06,2.9709419777645962e-06,2.292193357789074e-06
527,17268736,0.0002263600000000022,5.874163235446377,5.747248884714777,0.890625,0.8130208333333334,-0.09220367670059204,87.85478973388672,1.2090629752492532e-05,0.0,-0.8836954832077026,1,0,0.999953031539917,527.2595831787587,0.999953031539917,2.217264409409836e-05,2.2266124233283335e-06,1.9450849322311115e-06,2.112509719154332e-06,2.551436409703456e-06,2.1038342765677953e-06,2.531776544856257e-06,2.1436865154100815e-06,3.960495178034762e-06,2.969596835100674e-06,2.2912408894626424e-06
528,17301504,0.00022622000000000218,6.067165412274626,5.803535919976818,0.875,0.8239583333333333,-0.0345594696700573,66.96685028076172,1.2086847164027859e-05,0.0,-0.8841056823730469,1,0,0.999953031539917,527.357064205705,0.999953031539917,2.2163048924994655e-05,2.225903244834626e-06,1.944487621585722e-06,2.1118532913533272e-06,2.550575118220877e-06,2.103182623613975e-06,2.530922074583941e-06,2.1430159904411994e-06,3.959158220823156e-06,2.968594344565645e-06,2.290489192091627e-06
529,17334272,0.00022608000000000217,6.276693728984702,5.868494748869851,0.921875,0.8348958333333334,0.08875031769275665,95.76113891601562,1.2083806723239832e-05,0.0,-0.8853808641433716,1,0,0.999953031539917,527.471607885062,0.999953031539917,2.215535641880706e-05,2.2253259430726757e-06,1.944013092725072e-06,2.1113173716003075e-06,2.5498943614366e-06,2.1026489775977097e-06,2.5302485937572783e-06,2.142468474630732e-06,3.958100933232345e-06,2.967801947306725e-06,2.2898907445778605e-06
530,17367040,0.00022594000000000216,5.82344654000305,5.897834264474055,0.875,0.8442708333333334,-0.06110937520861626,52.222145080566406,1.2079243788321037e-05,0.0,-0.8862762451171875,1,0,0.999953031539917,527.5656609143981,0.999953031539917,2.2143822206999175e-05,2.224443278464605e-06,1.9432977751421276e-06,2.110512241415563e-06,2.5488707251497544e-06,2.1018490770075005e-06,2.529230641812319e-06,2.1416392428363906e-06,3.9565156839671545e-06,2.966613237731508e-06,2.288973746544798e-06
531,17399808,0.00022580000000000218,6.5896437018012985,5.93991694847279,0.9375,0.8583333333333334,-0.00759456492960453,83.63511657714844,1.2072618119418621e-05,0.0,-0.8849271535873413,1,0,0.999953031539917,527.6106058287794,0.999953031539917,2.2127062038634904e-05,2.223175215476658e-06,1.9422600416874047e-06,2.1093310351716354e-06,2.54738597504911e-06,2.100676738336915e-06,2.5277597615058767e-06,2.140432343367138e-06,3.954211479140213e-06,2.9648851977981394e-06,2.287655433974578e-06
532,17432576,0.0002256600000000022,6.345048950999065,6.063660825254573,0.953125,0.8833333333333334,-0.03598802536725998,94.51945495605469,1.2067653187841643e-05,0.0,-0.8857457041740417,1,0,0.999953031539917,527.6639320129647,0.999953031539917,2.2114361854619347e-05,2.2222616280487273e-06,1.94148037735431e-06,2.108480202878127e-06,2.546273663028842e-06,2.0998293166485382e-06,2.526658136048354e-06,2.139564912795322e-06,3.952447059418773e-06,2.9635623377544107e-06,2.28670478463755e-06
533,17465344,0.0002255200000000022,6.423671398354681,6.081329993372177,0.96875,0.9052083333333334,0.046102046966552734,94.91178894042969,1.2064647307852283e-05,0.0,-0.8873223662376404,1,0,0.999953031539917,527.7677326736136,0.999953031539917,2.2106729375082068e-05,2.221695694970549e-06,1.941011987582897e-06,2.1079515590827214e-06,2.545593588365591e-06,2.0993047655792907e-06,2.525986019463744e-06,2.1390223992057145e-06,3.951395228796173e-06,2.9627738058479736e-06,2.286115886818152e-06
534,17498112,0.00022538000000000218,6.089230785596419,6.1382446717441645,0.859375,0.9109375,-0.1391269713640213,90.87191009521484,1.205661737913033e-05,0.0,-0.8885002136230469,1,0,0.9999531507492065,527.8250458620754,0.9999531507492065,2.2092357539804652e-05,2.22063681576401e-06,1.9401238660066156e-06,2.1069770355097717e-06,2.544319841035758e-06,2.0983345621061744e-06,2.524722049201955e-06,2.1380271846282994e-06,3.949398887925781e-06,2.9612770049425308e-06,2.2850110781291733e-06
535,17530880,0.00022524000000000217,6.131787072353922,6.174010696379568,0.90625,0.9109375,0.01650126278400421,80.89261627197266,1.205199532705592e-05,0.0,-0.8883436918258667,1,0,0.9999531507492065,527.9044438585963,0.9999531507492065,2.2080561393522657e-05,2.219781663370668e-06,1.9393985439819517e-06,2.106181455019396e-06,2.5432839265704388e-06,2.0975460301997373e-06,2.5236940928152762e-06,2.137217961717397e-06,3.947757249989081e-06,2.960046003863681e-06,2.2841220470581902e-06
536,17563648,0.00022510000000000216,5.864476519330687,6.1485327345144825,0.875,0.90625,0.025596950203180313,70.46483612060547,1.2047215932398103e-05,0.0,-0.8894191980361938,1,0,0.9999531507492065,527.9848408106234,0.9999531507492065,2.2068459657020867e-05,2.2188817183632636e-06,1.93864616448991e-06,2.105345856762142e-06,2.5422070848435396e-06,2.0967140699212905e-06,2.5226256639143685e-06,2.1363600808399497e-06,3.946078322769608e-06,2.958787035822752e-06,2.283183675899636e-06
537,17596416,0.00022496000000000218,6.022770370078451,6.16339344797769,0.875,0.9046875,0.07853540778160095,55.64707946777344,1.2040775800414849e-05,0.0,-0.8903562426567078,1,0,0.9999531507492065,528.0421522791925,0.9999531507492065,2.2052088752388954e-05,2.217678002125467e-06,1.937638671734021e-06,2.1042278603999875e-06,2.540760078773019e-06,2.0956065327482065e-06,2.5211923002643744e-06,2.135215254384093e-06,3.943817773688352e-06,2.957094693556428e-06,2.2819340301794e-06
538,17629184,0.00022482000000000217,6.5156350826755425,6.208240415017782,0.921875,0.909375,0.11661047488451004,60.75959396362305,1.2035173313051928e-05,0.0,-0.8902753591537476,1,0,0.9999531507492065,528.08991212326,0.9999531507492065,2.203776966780424e-05,2.216629354734323e-06,1.936755779752275e-06,2.103259021168924e-06,2.539507931942353e-06,2.09464133149595e-06,2.5199519768648315e-06,2.134223677785485e-06,3.9418282540282235e-06,2.9556001663877396e-06,2.2808417270425707e-06
539,17661952,0.00022468000000000217,6.560638413865238,6.236634883505834,0.90625,0.9078125,0.004763594828546047,49.85680389404297,1.2031417099933606e-05,0.0,-0.8898947238922119,1,0,0.9999531507492065,528.1756905066533,0.9999531507492065,2.202821269747801e-05,2.2159340460348176e-06,1.9361646081961226e-06,2.1026130525569897e-06,2.538665057727485e-06,2.0939962723787175e-06,2.519120698707411e-06,2.1335663404897787e-06,3.9404903873219155e-06,2.9545997222157894e-06,2.2801198156230384e-06
540,17694720,0.00022454000000000216,7.191008633345073,6.373391092840037,0.921875,0.9125,0.021285418421030045,69.51591491699219,1.202355542773148e-05,0.0,-0.8917011618614197,1,0,0.9999532699584961,528.2121462633261,0.9999532699584961,2.201426832471043e-05,2.214922233179095e-06,1.9353008156031137e-06,2.1016710434196284e-06,2.5374311007908545e-06,2.0930601749569178e-06,2.517896064091474e-06,2.1326086425688118e-06,3.938544523407472e-06,2.9531381642300403e-06,2.2790547973272623e-06
541,17727488,0.00022440000000000215,6.314213097342815,6.345848032394189,0.890625,0.9078125,0.011653589084744453,83.34249877929688,1.2016535038128495e-05,0.0,-0.8919622898101807,1,0,0.9999532699584961,528.2487599673013,0.9999532699584961,2.199641130573582e-05,2.21362165575556e-06,1.934201009134995e-06,2.1004568679927615e-06,2.5358392576890765e-06,2.0918530481139896e-06,2.516321274015354e-06,2.131370365532348e-06,3.936062967113685e-06,2.951280066554318e-06,2.2776989681005944e-06
542,17760256,0.00022426000000000214,6.098601770503328,6.321203314344616,0.8125,0.89375,0.027496200054883957,62.88299560546875,1.201298800879158e-05,0.0,-0.891336977481842,1,0,0.9999532699584961,528.3461743181722,0.9999532699584961,2.198739275627304e-05,2.212962954217801e-06,1.9336443983775098e-06,2.0998459149268456e-06,2.5350389023515163e-06,2.091246415147907e-06,2.515524556656601e-06,2.1307484985300107e-06,3.934809228667291e-06,2.950340103780036e-06,2.277006160511519e-06
543,17793024,0.00022412000000000213,6.22132063851493,6.300968238360641,0.78125,0.875,0.0171506367623806,75.72200012207031,1.2008182238787413e-05,0.0,-0.8913511633872986,1,0,0.9999532699584961,528.4231201570489,0.9999532699584961,2.1975170966470614e-05,2.2120598259789404e-06,1.932888380906661e-06,2.099001221722574e-06,2.5339631974929944e-06,2.090405132548767e-06,2.5144597657345003e-06,2.1298851606843527e-06,3.9331207517534494e-06,2.949074087155168e-06,2.276074610563228e-06
544,17825792,0.00022398000000000212,6.775556567407861,6.3696008165417854,0.84375,0.8734375,0.034073080867528915,70.34138488769531,1.2002128642052412e-05,0.0,-0.8910140991210938,1,0,0.9999532699584961,528.4633425635284,0.9999532699584961,2.1959836885798723e-05,2.2109190922492417e-06,1.931930000864668e-06,2.0979425698897103e-06,2.5325957722088788e-06,2.089356939904974e-06,2.5131075744866394e-06,2.1288026346155675e-06,3.930994353140704e-06,2.9474770144588547e-06,2.27488544624066e-06
545,17858560,0.0002238400000000021,6.281394925664997,6.384561601872893,0.796875,0.8625,-0.0532710924744606,60.44053268432617,1.1994726264674682e-05,0.0,-0.8917778730392456,1,0,0.9999532699584961,528.4828215503351,0.9999532699584961,2.1941077648079954e-05,2.2095257463661255e-06,1.9307474303786876e-06,2.0966381271136925e-06,2.5309345801360905e-06,2.0880620468233246e-06,2.5114593427133514e-06,2.1274754544720054e-06,3.92840138374595e-06,2.9455327421601396e-06,2.273445488754078e-06
546,17891328,0.0002237000000000021,6.5033944417370595,6.44845339411353,0.734375,0.8484375,0.05612657591700554,113.03654479980469,1.198763038701145e-05,0.0,-0.8927165865898132,1,0,0.9999533891677856,528.551957513104,0.9999533891677856,2.1929095964878798e-05,2.2086578610469587e-06,1.9300077838124707e-06,2.09582890420279e-06,2.5298634227510775e-06,2.0872539607807994e-06,2.5103986445174087e-06,2.1266521343932254e-06,3.926731551473495e-06,2.9442803679557983e-06,2.272530991831445e-06
547,17924096,0.00022356000000000212,6.190046204407492,6.465180977546434,0.8125,0.8421875,-0.021135136485099792,80.1126708984375,1.1980932868027594e-05,0.0,-0.8926042318344116,1,0,0.9999533891677856,528.5621084011318,0.9999533891677856,2.191195380873978e-05,2.2074491425883025e-06,1.928955271068844e-06,2.094685896736337e-06,2.5283536615461344e-06,2.086115500787855e-06,2.5089077553275274e-06,2.1254923012747895e-06,3.924342763639288e-06,2.9424923013721127e-06,2.271267931064358e-06
548,17956864,0.00022342000000000214,6.07078769107392,6.420696238386272,0.90625,0.840625,-0.05362343788146973,52.06980514526367,1.197932033392135e-05,0.0,-0.8923102021217346,1,0,0.9999533891677856,528.6973145330285,0.9999533891677856,2.19078592635924e-05,2.2071587864047615e-06,1.9287015220470494e-06,2.0944123662047787e-06,2.5279896362917498e-06,2.0858449261140777e-06,2.5085487322940025e-06,2.125212404280319e-06,3.923773874703329e-06,2.942063019872876e-06,2.2709623408445623e-06
549,17989632,0.00022328000000000213,5.661925143038275,6.330824911303575,0.890625,0.8390625,-0.07091327011585236,49.951133728027344,1.1977036592725199e-05,0.0,-0.8926805257797241,1,0,0.9999533891677856,528.8257947589739,0.9999533891677856,2.190203122154344e-05,2.2067335976316826e-06,1.9283409073977964e-06,2.0940187823725864e-06,2.5274714516854146e-06,2.08545111490821e-06,2.5080366867769044e-06,2.124811317116837e-06,3.922962150681997e-06,2.9414570690278197e-06,2.270507593493676e-06
550,18022400,0.00022314000000000212,5.90947779937528,6.202671827906596,0.890625,0.8359375,0.007984187453985214,109.01824951171875,1.1974375411227811e-05,0.0,-0.8937367796897888,1,0,0.9999533891677856,528.9504822938202,0.9999533891677856,2.189517908846028e-05,2.2062538391764974e-06,1.927925268319086e-06,2.093565626637428e-06,2.526883235987043e-06,2.0850020518992096e-06,2.507455747036147e-06,2.124351567545091e-06,3.922008090739837e-06,2.9407417514448753e-06,2.270014192617964e-06
551,18055168,0.00022300000000000211,5.6772056552349905,6.138971083695814,0.890625,0.8359375,0.029001954942941666,100.29630279541016,1.1972006177529693e-05,0.0,-0.8950113654136658,1,0,0.9999533891677856,529.0797812707234,0.9999533891677856,2.1889189156354405e-05,2.2058163722249446e-06,1.9275539671070874e-06,2.0931584003847092e-06,2.526348225728725e-06,2.0845961898885434e-06,2.506924829503987e-06,2.1239343368506525e-06,3.921177722077118e-06,2.940116246463731e-06,2.269555125167244e-06
552,18087936,0.0002228600000000021,6.29586458135208,6.158697364780688,0.921875,0.846875,0.06386033445596695,104.410888671875,1.1967174941673875e-05,0.0,-0.8957750201225281,1,0,0.9999533891677856,529.1575351097192,0.9999533891677856,2.18768745980924e-05,2.204907559644198e-06,1.9267931747890543e-06,2.092315980917192e-06,2.525257059460273e-06,2.0837594547629124e-06,2.505846623535035e-06,2.1230775928415824e-06,3.919469236279838e-06,2.9388381790340645e-06,2.26861175178783e-06
553,18120704,0.00022272000000000212,5.629090461833941,6.099474347112589,0.859375,0.8546875,0.019021879881620407,58.08110046386719,1.1960740266658831e-05,0.0,-0.8974515199661255,1,0,0.9999533891677856,529.210428163717,0.9999533891677856,2.186060737585649e-05,2.2037070266378578e-06,1.9257790881965775e-06,2.091202759402222e-06,2.5237957288481994e-06,2.08265282708453e-06,2.504396888980409e-06,2.1219398149696644e-06,3.917196863767458e-06,2.9371344680839684e-06,2.267344143547234e-06
554,18153472,0.00022258000000000211,5.669495569504264,5.988868247322229,0.90625,0.8609375,-0.048636294901371,64.89720153808594,1.1958372851950116e-05,0.0,-0.8984273076057434,1,0,0.9999533891677856,529.3407492538578,0.9999533891677856,2.1854562874068506e-05,2.203267968070577e-06,1.9254061953688506e-06,2.090795987896854e-06,2.523261628084583e-06,2.0822476471948903e-06,2.50386892730603e-06,2.121525085385656e-06,3.916356945410371e-06,2.93650168714521e-06,2.266890078317374e-06
555,18186240,0.0002224400000000021,6.036661410781807,5.964394895833911,0.90625,0.871875,0.10283677279949188,92.686767578125,1.1951809938182123e-05,0.0,-0.8992612361907959,1,0,0.9999535083770752,529.4335058396739,0.9999535083770752,2.1844021830474958e-05,2.2024701138434466e-06,1.9247511318098987e-06,2.090062935167225e-06,2.52231870945252e-06,2.0815173229493666e-06,2.5029355583683355e-06,2.1207747522566933e-06,3.914889930456411e-06,2.935404381787521e-06,2.266060619149357e-06
556,18219008,0.00022230000000000212,6.194824457737614,5.9335378974339665,0.84375,0.8828125,0.01910962536931038,64.54353332519531,1.1950107364100404e-05,0.0,-0.8988590836524963,1,0,0.9999535083770752,529.559090303976,0.9999535083770752,2.1839710825588554e-05,2.2021529275662033e-06,1.924483058246551e-06,2.0897678041364998e-06,2.5219314920832403e-06,2.0812253751500975e-06,2.5025512968568364e-06,2.12047552849981e-06,3.914288754458539e-06,2.934950998678687e-06,2.265729790451587e-06
557,18251776,0.00022216000000000211,6.1684317849207435,5.931376455485291,0.90625,0.8921875,0.032163459807634354,45.05084991455078,1.1945538972213399e-05,0.0,-0.8979743719100952,1,0,0.9999535083770752,529.6520320979573,0.9999535083770752,2.1828194803674705e-05,2.2012898170942208e-06,1.9237456854170887e-06,2.0889588085992727e-06,2.5209023988281842e-06,2.0804200175916776e-06,2.501530161680421e-06,2.119650616805302e-06,3.912691227014875e-06,2.933753194156452e-06,2.264828935949481e-06
558,18284544,0.0002220200000000021,5.975520894468198,5.921849775824719,0.921875,0.89375,-0.01686979830265045,78.91258239746094,1.1942684068344533e-05,0.0,-0.8987402319908142,1,0,0.9999535083770752,529.7689399338161,0.9999535083770752,2.1820993424626067e-05,2.2007398001733236e-06,1.9232998056395445e-06,2.088454721160815e-06,2.520260522942408e-06,2.079920022879378e-06,2.5008907869050745e-06,2.1191374344198266e-06,3.911691237590276e-06,2.9330035431485157e-06,2.264254362671636e-06
559,18317312,0.0002218800000000021,5.910483798589759,5.946705641379867,0.875,0.8921875,0.027770450338721275,84.47406005859375,1.1935236216231715e-05,0.0,-0.8989742994308472,1,0,0.9999536275863647,529.8426347482712,0.9999536275863647,2.180818046326749e-05,2.1997916519467253e-06,1.922503997775493e-06,2.0875709196843673e-06,2.519136160117341e-06,2.0790396320080617e-06,2.4997775653901044e-06,2.118232259817887e-06,3.909909082722152e-06,2.9316670406842604e-06,2.2632659693044843e-06
560,18350080,0.0002217400000000021,6.162239633551808,5.9719818247975205,0.859375,0.8890625,0.15713785588741302,82.99795532226562,1.19310216177837e-05,0.0,-0.8990895748138428,1,0,0.9999536275863647,529.9368847302733,0.9999536275863647,2.1797492081532255e-05,2.198977881562314e-06,1.921844159369357e-06,2.0868262708972907e-06,2.518189603506471e-06,2.0783022591785993e-06,2.4988407858472783e-06,2.1174687390157487e-06,3.908432518073823e-06,2.9305599582585273e-06,2.262424459331669e-06
561,18382848,0.00022160000000000208,5.988679559379705,6.003129215211992,0.9375,0.89375,-0.014940985478460789,72.53216552734375,1.1922737940039951e-05,0.0,-0.9009890556335449,1,0,0.9999537467956543,529.9932258120468,0.9999537467956543,2.1782552721560933e-05,2.1978962649882305e-06,1.9209153379051713e-06,2.085814230667893e-06,2.516845597710926e-06,2.077293629554333e-06,2.4975070118671283e-06,2.1164371446502628e-06,3.9063429539965e-06,2.9289958547451533e-06,2.261285771965049e-06
562,18415616,0.00022146000000000207,6.469292611725138,6.020472018249298,0.8125,0.8828125,0.0868041068315506,73.98098754882812,1.1914544302271679e-05,0.0,-0.8998705148696899,1,0,0.9999538660049438,530.0509533678542,0.9999538660049438,2.176777161366772e-05,2.196815103161498e-06,1.9199997041141614e-06,2.0848137864959426e-06,2.5155309231195133e-06,2.0763000065926462e-06,2.4962025690911105e-06,2.1154146452317946e-06,3.904280220012879e-06,2.927449031631113e-06,2.2601559521717718e-06
563,18448384,0.00022132000000000206,5.839683939543176,6.041531366020221,0.84375,0.88125,0.1280118077993393,90.10893249511719,1.1909827662748285e-05,0.0,-0.9008064270019531,1,0,0.9999538660049438,530.1423965192356,0.9999538660049438,2.1755879060947336e-05,2.195910155933234e-06,1.9192384570487775e-06,2.0839611352130305e-06,2.5144756818917813e-06,2.0754505385411903e-06,2.4951600607892033e-06,2.1145492610230576e-06,3.902645403286442e-06,2.926220986410044e-06,2.259216671518516e-06
564,18481152,0.00022118000000000205,5.593217067802029,6.033903515849998,0.71875,0.8625,-0.02020110934972763,60.83183288574219,1.190541843243409e-05,0.0,-0.8998801708221436,1,0,0.9999538660049438,530.2302756485641,0.9999538660049438,2.174475957872346e-05,2.1950813788862433e-06,1.9185429209755966e-06,2.0831901110796025e-06,2.513482968424796e-06,2.0746847440022975e-06,2.494175078027183e-06,2.1137627754796995e-06,3.9010978980513755e-06,2.925063199654687e-06,2.258354925288586e-06
565,18513920,0.00022104000000000204,5.589932986408957,5.989230673412713,0.734375,0.8453125,0.16244903206825256,98.157958984375,1.1902764526894316e-05,0.0,-0.899964451789856,1,0,0.9999538660049438,530.3440082351168,0.9999538660049438,2.173798202420585e-05,2.1945998014416546e-06,1.9181256902811583e-06,2.0827371827181196e-06,2.512883838790003e-06,2.074233634630218e-06,2.4935827696026536e-06,2.1133032532816287e-06,3.9001524783088826e-06,2.9243519747979008e-06,2.2578531115868827e-06
566,18546688,0.00022090000000000204,5.591946010106662,5.928942828649617,0.75,0.8359375,0.030963823199272156,71.48287200927734,1.1900034223799594e-05,0.0,-0.8995832204818726,1,0,0.9999538660049438,530.4721796088191,0.9999538660049438,2.173105713154655e-05,2.194107992181671e-06,1.917697773023974e-06,2.082272658299189e-06,2.5122608349192888e-06,2.0737707018270157e-06,2.492971589163062e-06,2.1128316802787594e-06,3.899185685440898e-06,2.9236268801469123e-06,2.2573406113224337e-06
567,18579456,0.00022076000000000203,5.749616541507821,5.887061304308324,0.671875,0.8125,0.11569120734930038,82.15434265136719,1.1895247553184163e-05,0.0,-0.8998627662658691,1,0,0.9999538660049438,530.5604653055362,0.9999538660049438,2.1718895368394442e-05,2.193198042732547e-06,1.9169444840372307e-06,2.0814309209526982e-06,2.5111803552135825e-06,2.0729344214487355e-06,2.491897248546593e-06,2.1119715256645577e-06,3.8975053939793725e-06,2.9223695037217112e-06,2.2564001938008005e-06
568,18612224,0.00022062000000000202,6.430451470574019,5.932554361918907,0.71875,0.7921875,0.06823499500751495,62.92479705810547,1.1893239388882648e-05,0.0,-0.9009109735488892,1,0,0.9999538660049438,530.6882650871302,0.9999538660049438,2.171380037907511e-05,2.1928278783889255e-06,1.9166300262440927e-06,2.0810816749872174e-06,2.510725607862696e-06,2.0725885860883864e-06,2.4914456844271626e-06,2.111617277478217e-06,3.896799626090797e-06,2.921837449321174e-06,2.2560170691576786e-06
569,18644992,0.00022048000000000204,5.570958382141433,5.8986018202740755,0.671875,0.771875,-0.049121275544166565,54.13076400756836,1.1889743291249033e-05,0.0,-0.9018751978874207,1,0,0.9999538660049438,530.8091362153939,0.9999538660049438,2.170498191844672e-05,2.1921503048361046e-06,1.9160779629601166e-06,2.080454578390345e-06,2.509942760298145e-06,2.071963990601944e-06,2.490666702215094e-06,2.110976993208169e-06,3.895580903190421e-06,2.9209234071458923e-06,2.2553135750058573e-06
570,18677760,0.00022034000000000203,5.808710987810934,5.863248955699987,0.7395833333333334,0.7598958333333333,0.012391116470098495,76.152587890625,1.1886122592841275e-05,0.0,-0.9019647836685181,1,0,0.9999538660049438,530.8980046146876,0.9999538660049438,2.1695772375096567e-05,2.191487737945863e-06,1.9155079371557804e-06,2.079835439872113e-06,2.509131263650488e-06,2.071347580567817e-06,2.489868847987964e-06,2.1103487597429194e-06,3.894295332429465e-06,2.9199600248830393e-06,2.2546257696376415e-06
571,18710528,0.00022020000000000202,5.680466223004022,5.832427622062419,0.890625,0.7552083333333333,0.07499845325946808,73.5773696899414,1.1877427823492326e-05,0.0,-0.9024785757064819,1,0,0.9999539852142334,530.953122359945,0.9999539852142334,2.1679848941857927e-05,2.190280611102935e-06,1.9145111309626373e-06,2.0787012999790022e-06,2.507729732315056e-06,2.070218442895566e-06,2.488477775841602e-06,2.1091941562190186e-06,3.892101631208789e-06,2.9183174774516374e-06,2.2533854462380987e-06
572,18743296,0.00022006000000000204,6.174066540530205,5.802905014942926,0.875,0.7614583333333333,0.06946996599435806,75.54295349121094,1.187099223898258e-05,0.0,-0.9030411243438721,1,0,0.9999539852142334,530.9985148708556,0.9999539852142334,2.166366539313458e-05,2.1890482457820326e-06,1.9134761259920197e-06,2.0775401026185136e-06,2.5062929580599302e-06,2.0690654309873935e-06,2.487052142896573e-06,2.1080156784591964e-06,3.8898710954526905e-06,2.916642870331998e-06,2.2521094251715112e-06
573,18776064,0.00021992000000000206,6.044741918337299,5.823410812822338,0.921875,0.7692708333333333,0.13524645566940308,105.69757843017578,1.1866703971463721e-05,0.0,-0.9016944169998169,1,0,0.9999539852142334,531.0885499358983,0.9999539852142334,2.1652904251823202e-05,2.1882217424717965e-06,1.912791958602611e-06,2.076777491311077e-06,2.505332076907507e-06,2.0683078219008166e-06,2.4860962639650097e-06,2.107234195136698e-06,3.888380433636485e-06,2.915524646596168e-06,2.2512460873258533e-06
574,18808832,0.00021978000000000205,5.801161000313014,5.844205206073438,0.96875,0.7942708333333334,0.028880558907985687,56.77141571044922,1.1861275197588839e-05,0.0,-0.9016252756118774,1,0,0.9999539852142334,531.1632614246563,0.9999539852142334,2.1639240003423765e-05,2.1871680928597925e-06,1.9119108856102685e-06,2.0757795482495567e-06,2.504125859559281e-06,2.0673141989391297e-06,2.484901642674231e-06,2.106221472786274e-06,3.886508238792885e-06,2.914123570008087e-06,2.2501621970150154e-06
575,18841600,0.00021964000000000204,6.270650725756722,5.912276980008214,0.84375,0.8052083333333334,0.08677680790424347,81.55593872070312,1.1857405297632795e-05,0.0,-0.9019672274589539,1,0,0.9999539852142334,531.2577197739561,0.9999539852142334,2.16295629797969e-05,2.1864195787202334e-06,1.911276513055782e-06,2.075072870866279e-06,2.5032684334291844e-06,2.066612523776712e-06,2.4840533114911523e-06,2.105504336213926e-06,3.885177648044191e-06,2.9131260816939175e-06,2.249392082376289e-06
576,18874368,0.00021950000000000203,6.1743560979736065,5.970517988794908,0.890625,0.8192708333333334,0.06869049370288849,72.6283187866211,1.185372457257472e-05,0.0,-0.9024685621261597,1,0,0.9999539852142334,531.3592134709149,0.9999539852142334,2.162032251362689e-05,2.1857126739632804e-06,1.9106935269519454e-06,2.0744098492286867e-06,2.502450115571264e-06,2.0659542769863037e-06,2.4832384042383637e-06,2.1048297185188858e-06,3.8839070839458145e-06,2.9121733859938104e-06,2.2486626676254673e-06
577,18907136,0.00021936000000000202,5.878042060584125,5.983360540702537,0.90625,0.8427083333333334,0.09996411204338074,119.5561294555664,1.1851035196741577e-05,0.0,-0.9022421836853027,1,0,0.9999539852142334,531.4868581978532,0.9999539852142334,2.1613601347780786e-05,2.18519176087284e-06,1.910246965053375e-06,2.073915538858273e-06,2.501853487046901e-06,2.0654615582316183e-06,2.4826467779348604e-06,2.104328132190858e-06,3.882980763592059e-06,2.911479214162682e-06,2.2481267478724476e-06
578,18939904,0.000219220000000002,6.335331124147802,5.973848506059916,0.9375,0.8645833333333334,-0.07615943253040314,61.178924560546875,1.1848718713736162e-05,0.0,-0.9014567136764526,1,0,0.9999539852142334,531.6115183905222,0.9999539852142334,2.160774965886958e-05,2.1847436073585413e-06,1.9098754364677006e-06,2.0734903500851942e-06,2.501340532035101e-06,2.065038188447943e-06,2.4821354145387886e-06,2.1038945305917878e-06,3.8821849557280075e-06,2.9108796297805384e-06,2.2476635876955697e-06
579,18972672,0.000219080000000002,6.456185038626504,6.062371171708423,0.890625,0.8864583333333333,0.05065698176622391,77.4501724243164,1.1844518667203374e-05,0.0,-0.9018967151641846,1,0,0.999954104423523,531.7328901986548,0.999954104423523,2.1603218556265347e-05,2.1843979993718676e-06,1.9095916741207475e-06,2.073174300676328e-06,2.5009328510350315e-06,2.064725322270533e-06,2.4817331905069295e-06,2.103571887346334e-06,3.881552402162924e-06,2.910408056777669e-06,2.2473038825410185e-06
580,19005440,0.000218940000000002,5.9276209245150575,6.074262165378835,0.84375,0.896875,0.1712818145751953,83.16661834716797,1.1838648788398132e-05,0.0,-0.9037871360778809,1,0,0.999954104423523,531.7936266046969,0.999954104423523,2.158843017241452e-05,2.1832815946254414e-06,1.9086376141785877e-06,2.072122697427403e-06,2.499618858564645e-06,2.0636780391214415e-06,2.480429429851938e-06,2.102500957334996e-06,3.8795133150415495e-06,2.9088764676998835e-06,2.2461510980065214e-06
581,19038208,0.00021880000000000198,6.2821621538094075,6.134431758459374,0.84375,0.8921875,0.020749129354953766,65.76300811767578,1.1834837096103001e-05,0.0,-0.9036039113998413,1,0,0.999954104423523,531.8755809217793,0.999954104423523,2.1578860469162464e-05,2.18254467654333e-06,1.908040758280549e-06,2.0714549009426264e-06,2.498761205060873e-06,2.0630131984944455e-06,2.479577915437403e-06,2.10180519388814e-06,3.878181814798154e-06,2.907877842517337e-06,2.2453884866990848e-06
582,19070976,0.00021866000000000198,5.845612336850224,6.101586338091376,0.84375,0.8890625,-0.08621861040592194,82.18490600585938,1.1830999937956221e-05,0.0,-0.903982400894165,1,0,0.999954104423523,531.9570659395176,0.999954104423523,2.1569148884736933e-05,2.181837317039026e-06,1.9074384454143e-06,2.070799155262648e-06,2.4978937744890573e-06,2.062359953924897e-06,2.478715032339096e-06,2.101139898513793e-06,3.876821210724302e-06,2.906860117946053e-06,2.244649977001245e-06
583,19103744,0.00021852000000000197,5.945435930720588,6.091655739329705,0.828125,0.8796875,0.03363954275846481,66.21826171875,1.1827067282865755e-05,0.0,-0.9057469367980957,1,0,0.999954104423523,532.0457784155119,0.999954104423523,2.155919537472073e-05,2.181094487241353e-06,1.906818170027691e-06,2.0701038465631427e-06,2.4970029244286707e-06,2.0616676010831725e-06,2.477838279446587e-06,2.1004286736570066e-06,3.87544559998787e-06,2.9058262498438125e-06,2.243870767415501e-06
584,19136512,0.00021838000000000196,6.002034653637809,6.111743104662184,0.765625,0.859375,-0.04424401745200157,63.15422821044922,1.1824204193544574e-05,0.0,-0.9055825471878052,1,0,0.999954104423523,532.1448608293389,0.999954104423523,2.1551937607000582e-05,2.1805703909194563e-06,1.906370926008094e-06,2.069608399324352e-06,2.4963790110632544e-06,2.0611762465705397e-06,2.4772168671916006e-06,2.0999259504606016e-06,3.874425601679832e-06,2.9050700049992884e-06,2.243329390694271e-06
585,19169280,0.00021824000000000198,6.3039482804884654,6.115072860135358,0.75,0.85,0.21260929107666016,96.10356140136719,1.1819209248642437e-05,0.0,-0.9066759347915649,1,0,0.999954104423523,532.2023287572852,0.999954104423523,2.153928107873071e-05,2.179624289055937e-06,1.9055838720305474e-06,2.0687284632003866e-06,2.4952603325800737e-06,2.0602994936780306e-06,2.476109102644841e-06,2.09902486858482e-06,3.87265981771634e-06,2.9037487365712877e-06,2.2423432710638735e-06
586,19202048,0.000218100000000002,6.089287424182492,6.106565992756248,0.8125,0.8421875,-0.016618048772215843,66.22543334960938,1.1815982361440547e-05,0.0,-0.9084631204605103,1,0,0.999954104423523,532.2969550637265,0.999954104423523,2.1531148377107456e-05,2.179021521442337e-06,1.9050787614105502e-06,2.068166395474691e-06,2.494537056918489e-06,2.059743565041572e-06,2.475393330314546e-06,2.098452341670054e-06,3.8715224945917726e-06,2.9028958579147e-06,2.241717083961703e-06
587,19234816,0.00021796000000000199,6.0452031715348475,6.123282103851319,0.765625,0.828125,-0.025419509038329124,72.87873840332031,1.181381412607152e-05,0.0,-0.9079559445381165,1,0,0.999954104423523,532.4051153801574,0.999954104423523,2.152560409740545e-05,2.1786308934679255e-06,1.9047372461500345e-06,2.067795549010043e-06,2.4940495677583385e-06,2.059374310192652e-06,2.4749119802436326e-06,2.098076265610871e-06,3.870750788337318e-06,2.902314463426592e-06,2.241308720840607e-06
588,19267584,0.00021782000000000198,5.9593859936135285,6.0856875907978925,0.734375,0.8078125,-0.10597280412912369,103.82156372070312,1.1809451279987115e-05,0.0,-0.908315896987915,1,0,0.9999542236328125,532.5135493946443,0.9999542236328125,2.152053639292717e-05,2.1782739167974796e-06,1.904425062093651e-06,2.0674567622336326e-06,2.4936146019172156e-06,2.0590368876582943e-06,2.4744851998548256e-06,2.0977324766136007e-06,3.87003865398583e-06,2.901783545894432e-06,2.2409392386180116e-06
589,19300352,0.00021768000000000197,6.26370837915481,6.066439924850724,0.78125,0.796875,0.15599936246871948,132.03839111328125,1.180605249828659e-05,0.0,-0.9080241918563843,1,0,0.9999542236328125,532.596638890065,0.9999542236328125,2.1511899831239134e-05,2.177636361011537e-06,1.903892894006276e-06,2.0668574052251643e-06,2.492844259904814e-06,2.0584459434758173e-06,2.4737255444051698e-06,2.09712425203179e-06,3.8688435779477e-06,2.9008870114921592e-06,2.2402789454645244e-06
590,19333120,0.00021754000000000199,6.535665350407733,6.127244367439991,0.765625,0.7890625,-0.0750812292098999,54.049320220947266,1.1802170774899423e-05,0.0,-0.9078314304351807,1,0,0.9999542236328125,532.661715861628,0.9999542236328125,2.150211548723746e-05,2.176911721107899e-06,1.9032829641218996e-06,2.066187335003633e-06,2.4919693260017084e-06,2.057782467090874e-06,2.472859705449082e-06,2.0964384930266533e-06,3.867474788421532e-06,2.8998581456107786e-06,2.2395161067834124e-06
591,19365888,0.00021740000000000198,6.585146746364249,6.157542826695474,0.8125,0.7859375,0.1133948415517807,94.30162048339844,1.1798676496255212e-05,0.0,-0.9078296422958374,1,0,0.9999542236328125,532.7346774603234,0.9999542236328125,2.1493278836715035e-05,2.1762598407804035e-06,1.9027276039196295e-06,2.0655843400163576e-06,2.491171017027227e-06,2.0571819732140284e-06,2.4720675355638377e-06,2.0958245841029566e-06,3.8662319639115594e-06,2.8989261409151368e-06,2.2388221623259597e-06
592,19398656,0.00021726000000000197,5.918040703781128,6.164785663388566,0.75,0.7765625,0.06101243570446968,92.7294921875,1.1793770681833848e-05,0.0,-0.9084832668304443,1,0,0.9999542236328125,532.7928052684066,0.9999542236328125,2.1480860596057028e-05,2.175353074562736e-06,1.901958398775605e-06,2.064741238427814e-06,2.4900784865167225e-06,2.056342509604292e-06,2.4709834178793244e-06,2.0949653389834566e-06,3.864488462568261e-06,2.8976189696550136e-06,2.2378828816727037e-06
593,19431424,0.000217120000000002,5.404265503563879,6.110668620672895,0.78125,0.771875,-0.0189600121229887,74.98291778564453,1.1791082215495408e-05,0.0,-0.9083355665206909,1,0,0.9999542236328125,532.8908405197153,0.9999542236328125,2.1473959350259975e-05,2.174863311665831e-06,1.9015303678315831e-06,2.064276486635208e-06,2.4895086880860617e-06,2.055879804174765e-06,2.4704202132852515e-06,2.0944939933542628e-06,3.8635121200059075e-06,2.8968950118724024e-06,2.2373794763552723e-06
594,19464192,0.00021698000000000198,5.827771942338099,6.0932423495429235,0.890625,0.784375,0.026517391204833984,40.6202507019043,1.1785020433308091e-05,0.0,-0.9088420867919922,1,0,0.9999542236328125,532.9286186435361,0.9999542236328125,2.1458667106344365e-05,2.173708480768255e-06,1.9005749436473707e-06,2.063206238744897e-06,2.488143763912376e-06,2.0548154680000152e-06,2.4690705231478205e-06,2.0933996438543545e-06,3.861375262204092e-06,2.8952929369552294e-06,2.236182581327739e-06
595,19496960,0.000216840000000002,6.308008122781195,6.093648333772196,0.90625,0.8,0.12951111793518066,113.0206069946289,1.1781048669945449e-05,0.0,-0.91054767370224,1,0,0.9999542236328125,532.9924824641043,0.9999542236328125,2.1448557163239457e-05,2.172979066017433e-06,1.8999497797267395e-06,2.062521389234462e-06,2.4872495032468578e-06,2.0541353933367645e-06,2.4681830836925656e-06,2.0927050172758754e-06,3.859965090668993e-06,2.894235421990743e-06,2.2354215616360307e-06
596,19529728,0.000216700000000002,6.116011979676836,6.096320789321631,0.953125,0.8140625,-0.07078005373477936,60.33588790893555,1.1772613106586505e-05,0.0,-0.9092086553573608,1,0,0.999954342842102,533.039146838244,0.999954342842102,2.1433346773847006e-05,2.171827418351313e-06,1.8989970840266324e-06,2.0614695586118614e-06,2.4858791221049614e-06,2.053090156550752e-06,2.466820888002985e-06,2.0916277208016254e-06,3.857835054077441e-06,2.8926383492944296e-06,2.234208977824892e-06
597,19562496,0.000216560000000002,6.531983523630682,6.144998824531214,0.96875,0.834375,-0.08693541586399078,97.55548095703125,1.1769411685236264e-05,0.0,-0.9082159996032715,1,0,0.999954342842102,533.1221754452215,0.999954342842102,2.1425295926746912e-05,2.171218511648476e-06,1.898493678709201e-06,2.060913175228052e-06,2.4851512989698676e-06,2.052538093266776e-06,2.4661012503202073e-06,2.0910572402499383e-06,3.856705461657839e-06,2.891791609727079e-06,2.233569830423221e-06
598,19595264,0.00021642000000000202,6.331564021299984,6.18221662729986,0.875,0.8484375,-0.0047596525400877,98.679931640625,1.1767435353249311e-05,0.0,-0.908048152923584,1,0,0.999954342842102,533.2308148345709,0.999954342842102,2.1420330085675232e-05,2.1708458461944247e-06,1.8981822904606815e-06,2.0605673398677027e-06,2.4847033728292445e-06,2.0521936221484793e-06,2.4656565074110404e-06,2.0907023099425714e-06,3.856010607705684e-06,2.8912702418892877e-06,2.2331844320433447e-06
599,19628032,0.00021628000000000202,6.794467193068015,6.235292508691179,0.9375,0.8640625,-0.05958876013755798,60.23491668701172,1.1763134352804627e-05,0.0,-0.909699559211731,1,0,0.999954342842102,533.2998288126811,0.999954342842102,2.1409507098724134e-05,2.170026164094452e-06,1.897505399028887e-06,2.0598090486600995e-06,2.483734533598181e-06,2.051438286798657e-06,2.4646951715112664e-06,2.08992696570931e-06,3.854507212963654e-06,2.89014292320644e-06,2.2323326902551344e-06
600,19660800,0.00021614000000000203,6.477057972330739,6.229431770883481,0.90625,0.878125,-0.06660043448209763,67.482666015625,1.1759292647184338e-05,0.0,-0.9095422029495239,1,0,0.999954342842102,533.3655847387392,0.999954342842102,2.1399730030680075e-05,2.1693226699426305e-06,1.8968974018207518e-06,2.0591473912645597e-06,2.482879381204839e-06,2.0507809495029505e-06,2.4638559352752054e-06,2.089251438519568e-06,3.853128418995766e-06,2.8891149668197613e-06,2.2316048671200406e-06
601,19693568,0.00021600000000000202,6.759493607710852,6.246866457018141,0.90625,0.8875,0.03782122582197189,101.18846130371094,1.175563556898851e-05,0.0,-0.9102830290794373,1,0,0.999954342842102,533.4399004553717,0.999954342842102,2.1390505935414694e-05,2.168631908716634e-06,1.8963258980875253e-06,2.0585091533575905e-06,2.482051058905199e-06,2.0501433937170077e-06,2.463036025801557e-06,2.0886020593025023e-06,3.85184284823481e-06,2.8881481739517767e-06,2.230883410447859e-06
602,19726336,0.00021586000000000202,6.389668459417055,6.2940292325817335,0.859375,0.8984375,0.004412125796079636,81.4227523803711,1.175048510049237e-05,0.0,-0.9086891412734985,1,0,0.999954342842102,533.4899169167948,0.999954342842102,2.137751471309457e-05,2.16766807170643e-06,1.8955158793687588e-06,2.057614210571046e-06,2.4808844045765e-06,2.0492541352723492e-06,2.461876192683121e-06,2.0876859707641415e-06,3.850028406304773e-06,2.8867875698779244e-06,2.229877281934023e-06
603,19759104,0.000215720000000002,6.363021461307913,6.389904828356137,0.921875,0.9125,0.012516835704445839,70.86384582519531,1.174457611341495e-05,0.0,-0.9069903492927551,1,0,0.999954342842102,533.5163164992706,0.999954342842102,2.1362557163229212e-05,2.1665643998858286e-06,1.8945869442177354e-06,2.0565937575156568e-06,2.4795549506961834e-06,2.0482400486798724e-06,2.460561745465384e-06,2.0866450540779624e-06,3.847929292533081e-06,2.8852161904069362e-06,2.2287290448730346e-06
604,19791872,0.000215580000000002,6.87284590326851,6.494412224449178,0.875,0.9109375,0.07160875201225281,100.134033203125,1.1739803994714748e-05,0.0,-0.9073203802108765,1,0,0.9999544620513916,533.6077150790175,0.9999544620513916,2.1356550860218704e-05,2.166108060919214e-06,1.8942113229059032e-06,2.0561703877319815e-06,2.4790210773062427e-06,2.0478184978856007e-06,2.4600315100542502e-06,2.0862132714682957e-06,3.847096650133608e-06,2.8845890938100638e-06,2.2282576992438408e-06
605,19824640,0.00021544000000000202,6.3749603988865875,6.501107452059718,0.921875,0.9125,0.11185978353023529,136.09930419921875,1.1733178325812332e-05,0.0,-0.9060516357421875,1,0,0.9999545812606812,533.6680167556391,0.9999545812606812,2.134580245183315e-05,2.165327714465093e-06,1.8935434127342887e-06,2.055445293080993e-06,2.4780708827165654e-06,2.0470961317187175e-06,2.4590938210167224e-06,2.0854754438914824e-06,3.845585979433963e-06,2.8834563181590056e-06,2.2274505226960173e-06
606,19857408,0.000215300000000002,6.389342508234652,6.5284405049154985,0.859375,0.903125,0.051492419093847275,57.44548797607422,1.1729117431968916e-05,0.0,-0.9067506790161133,1,0,0.9999545812606812,533.7372569067799,0.9999545812606812,2.133558336936403e-05,2.1645410015480593e-06,1.8929006273538107e-06,2.0547145140881184e-06,2.477161160641117e-06,2.046369900199352e-06,2.458193421261967e-06,2.0847301129833795e-06,3.844173988909461e-06,2.8823978936998174e-06,2.226641299785115e-06
607,19890176,0.000215160000000002,6.10992107184863,6.486234259737294,0.890625,0.8953125,0.09086988866329193,73.53707885742188,1.1721830560418312e-05,0.0,-0.9058743715286255,1,0,0.9999547004699707,533.7924908713202,0.9999547004699707,2.132326153514441e-05,2.1636269593727775e-06,1.89212823897833e-06,2.0538661829050398e-06,2.476051577104954e-06,2.0455252069950802e-06,2.4570917958044447e-06,2.083859726553783e-06,3.8424441299866885e-06,2.88110391011287e-06,2.225677917522262e-06
608,19922944,0.00021502000000000202,6.456889023206596,6.498766759927955,0.875,0.8953125,-0.0377577506005764,61.21234130859375,1.1717224879248533e-05,0.0,-0.9068556427955627,1,0,0.9999547004699707,533.8537794246387,0.9999547004699707,2.13115090446081e-05,2.1627852220262866e-06,1.8914029169536661e-06,2.0530749225144973e-06,2.4750174816290382e-06,2.044735538220266e-06,2.456065885780845e-06,2.0830550511163892e-06,3.840802946797339e-06,2.8798704079235904e-06,2.2248057121032616e-06
609,19955712,0.00021488000000000204,6.107926108348794,6.4301126514560325,0.796875,0.88125,-0.00433577224612236,70.16375732421875,1.1712246305251028e-05,0.0,-0.909196674823761,1,0,0.9999547004699707,533.916817696192,0.9999547004699707,2.1298974388628267e-05,2.161851170967566e-06,1.8906167724708212e-06,2.0522059003269533e-06,2.47388470597798e-06,2.043869699264178e-06,2.454946525176638e-06,2.082168975903187e-06,3.83904898626497e-06,2.8785552785848267e-06,2.2238277779251803e-06
610,19988480,0.00021474000000000203,6.203505728914614,6.4027574271144205,0.84375,0.875,-0.06331638991832733,72.01388549804688,1.1708545571309514e-05,0.0,-0.9106237888336182,1,0,0.9999547004699707,533.9965697446128,0.9999547004699707,2.128963024006225e-05,2.1611583633784903e-06,1.8900327631854452e-06,2.0515581127256155e-06,2.473049562468077e-06,2.043228505499428e-06,2.4541177481296472e-06,2.081509819618077e-06,3.837742497125873e-06,2.8775780265277717e-06,2.223111096100183e-06
611,20021248,0.00021460000000000202,6.2574615959539095,6.352554225938727,0.75,0.859375,-0.014766905456781387,66.01324462890625,1.1704687494784594e-05,0.0,-0.9111686944961548,1,0,0.9999547004699707,534.067048770815,0.9999547004699707,2.127986772393342e-05,2.160458052458125e-06,1.8894271534009022e-06,2.0509010028035846e-06,2.4721771296754014e-06,2.042573896687827e-06,2.4532566840207437e-06,2.0808411136385985e-06,3.836373707599705e-06,2.8765518891304964e-06,2.222377361249528e-06
612,20054016,0.000214460000000002,6.14034306576968,6.327621686573989,0.78125,0.8515625,-0.04648877680301666,78.2122802734375,1.1698973139573354e-05,0.0,-0.9119066596031189,1,0,0.9999548196792603,534.1582842112512,0.9999548196792603,2.1271431251079775e-05,2.159836185455788e-06,1.8888994191001984e-06,2.050320517810178e-06,2.4714231585676316e-06,2.041997731794254e-06,2.4525086246285355e-06,2.0802522158192005e-06,3.835189090750646e-06,2.8756635401805397e-06,2.221731620011269e-06
613,20086784,0.000214320000000002,5.893910411472488,6.280710581590446,0.75,0.834375,-0.06674277782440186,92.4324951171875,1.1695765351760201e-05,0.0,-0.9125750064849854,1,0,0.9999548196792603,534.2563926066306,0.9999548196792603,2.1263398593873717e-05,2.1592181838059332e-06,1.8883970369643066e-06,2.0497457171586575e-06,2.4707044303795556e-06,2.041423158516409e-06,2.4517976271454245e-06,2.0796628632524516e-06,3.8340767787303776e-06,2.8748272598022595e-06,2.221087697762414e-06
614,20119552,0.000214180000000002,6.345690365984536,6.227995027862049,0.78125,0.825,-0.025696907192468643,52.74521255493164,1.1690890460158698e-05,0.0,-0.9131554365158081,1,0,0.9999548196792603,534.3202992796413,0.9999548196792603,2.1251193174975924e-05,2.158287543352344e-06,1.8876281728807953e-06,2.0488816971919732e-06,2.46960894401127e-06,2.040567096628365e-06,2.450710326229455e-06,2.078778607028653e-06,3.832380571111571e-06,2.8735523756040493e-06,2.220119768026052e-06
615,20152320,0.00021404000000000198,6.22403228478138,6.212902216451528,0.7916666666666666,0.8119791666666666,-0.00792675744742155,86.8150863647461,1.1689338862197474e-05,0.0,-0.9140161275863647,1,0,0.9999548196792603,534.4192615027588,0.9999548196792603,2.1247222321107984e-05,2.1580076463578735e-06,1.8873815861297771e-06,2.0486140783759765e-06,2.469250830472447e-06,2.040298340943991e-06,2.4503551685484126e-06,2.0785068954864983e-06,3.831825324596139e-06,2.8731360544043127e-06,2.219823272753274e-06
616,20185088,0.000213900000000002,5.890383559880888,6.163006321616152,0.90625,0.8166666666666668,-0.006851110607385635,60.261695861816406,1.1683834600262344e-05,0.0,-0.9158926606178284,1,0,0.9999548196792603,534.4815871751669,0.9999548196792603,2.1233448933344334e-05,2.156954224119545e-06,1.8864980120270047e-06,2.047627731371904e-06,2.4680173282831674e-06,2.03931790565548e-06,2.449128714943072e-06,2.0775021312147146e-06,3.8299035622912925e-06,2.871700417017564e-06,2.2187311969901202e-06
617,20217856,0.000213760000000002,6.561284619594023,6.208142676390691,0.90625,0.8182291666666666,-0.05855903774499893,45.445823669433594,1.1679029739752878e-05,0.0,-0.917289137840271,1,0,0.9999548196792603,534.5396519514156,0.9999548196792603,2.122142177540809e-05,2.1560331333603244e-06,1.8857372197089717e-06,2.0467743979679653e-06,2.4669350295880577e-06,2.038470029219752e-06,2.4480568754370324e-06,2.0766303805430653e-06,3.828231456282083e-06,2.8704412216029596e-06,2.2177705432113726e-06
618,20250624,0.00021362000000000198,6.370953644986406,6.199549138568671,0.859375,0.8166666666666667,-0.025210019201040268,67.87060546875,1.1673691915348172e-05,0.0,-0.9177600145339966,1,0,0.9999548196792603,534.5896115235847,0.9999548196792603,2.1208008547546342e-05,2.1550051769736456e-06,1.8848812715077656e-06,2.0458085145946825e-06,2.4657401809236035e-06,2.037508011198952e-06,2.446871121719596e-06,2.075644715660019e-06,3.826373358606361e-06,2.869050831577624e-06,2.216711436631158e-06
619,20283392,0.00021348000000000197,6.359378767034812,6.224694404437273,0.90625,0.8276041666666666,0.01499210111796856,58.79011917114258,1.166583206213545e-05,0.0,-0.9190013408660889,1,0,0.9999549388885498,534.6309090515098,0.9999549388885498,2.119420241797343e-05,2.153994273612625e-06,1.8840188431568095e-06,2.0448646864679176e-06,2.4645084977237275e-06,2.0365700947877485e-06,2.4456514893245185e-06,2.0746831523865694e-06,3.824436589638935e-06,2.8675985959125683e-06,2.2156507384352153e-06
620,20316160,0.00021334000000000197,6.126447094232239,6.2169885409690355,0.859375,0.8291666666666666,0.032522331923246384,53.11888122558594,1.1660524251055904e-05,0.0,-0.9191703796386719,1,0,0.9999549388885498,534.6896881700515,0.9999549388885498,2.118090560543351e-05,2.1529758669203147e-06,1.8831817669706652e-06,2.0439267700567143e-06,2.4633102384541417e-06,2.035634224739624e-06,2.444464598738705e-06,2.07372158911312e-06,3.822580310952617e-06,2.8662070690188557e-06,2.2145966340758605e-06
621,20348928,0.00021320000000000196,6.6385169039127465,6.25509407176492,0.984375,0.8526041666666666,0.007610650733113289,87.78723907470703,1.1655702110147104e-05,0.0,-0.9190641641616821,1,0,0.9999549388885498,534.7418513185448,0.9999549388885498,2.1168751118239015e-05,2.152072738681454e-06,1.8824204062184435e-06,2.0430829863471445e-06,2.4622297587484354e-06,2.0347956706245895e-06,2.44339253185899e-06,2.0728596155095147e-06,3.820878191618249e-06,2.8649333216890227e-06,2.213654624938499e-06
622,20381696,0.00021306000000000195,6.3932265708287535,6.280382422270827,0.921875,0.8666666666666666,0.15684278309345245,86.6131362915039,1.1650617125269491e-05,0.0,-0.9185898303985596,1,0,0.9999549388885498,534.7969846858632,0.9999549388885498,2.1156014554435387e-05,2.151087755919434e-06,1.881623461486015e-06,2.0421693989192136e-06,2.46109334511857e-06,2.0338916328910273e-06,2.442264985802467e-06,2.071930794045329e-06,3.819115590886213e-06,2.8636111437663203e-06,2.212637355114566e-06
623,20414464,0.00021292000000000197,6.508746775786844,6.341866058702263,0.890625,0.8807291666666666,-0.042137615382671356,54.03199768066406,1.1648140571196564e-05,0.0,-0.9192328453063965,1,0,0.9999549388885498,534.8972295864478,0.9999549388885498,2.1149822714505717e-05,2.1506118628167314e-06,1.8812251028066385e-06,2.041723291767994e-06,2.4605394628451904e-06,2.0334455257398076e-06,2.4417151962552452e-06,2.07147218134196e-06,3.8182561183930375e-06,2.862967221517465e-06,2.2121460006019333e-06
624,20447232,0.00021278000000000196,6.552538755557891,6.362550897659598,0.828125,0.8854166666666666,0.010186973959207535,76.6864013671875,1.1644318874459714e-05,0.0,-0.9197999238967896,1,0,0.9999549388885498,534.975734382624,0.9999549388885498,2.114030394295696e-05,2.1498715341294883e-06,1.880608238025161e-06,2.0410382148838835e-06,2.4596834009571467e-06,2.032762949966127e-06,2.4408652734564384e-06,2.0707732346636476e-06,3.8169305298652034e-06,2.8619706426979974e-06,2.2113802060630405e-06
625,20480000,0.00021264000000000195,6.519110523294389,6.392058721510899,0.875,0.89375,0.05696416646242142,75.09701538085938,1.1640403499768581e-05,0.0,-0.9207521677017212,1,0,0.9999549388885498,535.0520121784285,0.9999549388885498,2.1130488676135428e-05,2.149127567463438e-06,1.8799839835992316e-06,2.0403492726472905e-06,2.4587943698861636e-06,2.0320787825767184e-06,2.4399855647061486e-06,2.0700683762697736e-06,3.815554919128772e-06,2.860936319848406e-06,2.2105957668827614e-06
626,20512768,0.00021250000000000194,6.3075054962049375,6.433770915143303,0.84375,0.8875,-0.02843572571873665,60.88245391845703,1.1636723684205208e-05,0.0,-0.9209097623825073,1,0,0.9999549388885498,535.1225060749532,0.9999549388885498,2.112126094289124e-05,2.1484306671482045e-06,1.8794032712321496e-06,2.0397112621139968e-06,2.457957407386857e-06,2.031445092143258e-06,2.43915519604343e-06,2.0694208160421113e-06,3.814252522715833e-06,2.8599622510228073e-06,2.2098622594057815e-06
627,20545536,0.00021236000000000196,6.89919807309986,6.467562260493888,0.90625,0.8875,-0.00745818018913269,71.49110412597656,1.1631834240688477e-05,0.0,-0.9209820628166199,1,0,0.9999550580978394,535.2099424143462,0.9999550580978394,2.1114958144607954e-05,2.14795136344037e-06,1.8790092326526064e-06,2.0392678834468825e-06,2.4573880637035472e-06,2.0310096715547843e-06,2.4385901724599535e-06,2.0689690245490056e-06,3.813372813965543e-06,2.8593001388799166e-06,2.2093652205512626e-06
628,20578304,0.00021222000000000195,6.586957642670008,6.489162660262248,0.84375,0.8859375,0.03707277029752731,90.54532623291016,1.162981970992405e-05,0.0,-0.9202149510383606,1,0,0.9999550580978394,535.3072320970276,0.9999550580978394,2.1109904992044903e-05,2.147583018086152e-06,1.878693751677929e-06,2.0389256860653404e-06,2.4569333163526608e-06,2.030668838415295e-06,2.4381438379350584e-06,2.0686218249466037e-06,3.8126599974930286e-06,2.858768311853055e-06,2.208977548434632e-06
629,20611072,0.00021208000000000197,6.750031501246759,6.528227933683442,0.890625,0.884375,0.008577554486691952,63.66570281982422,1.16240998977446e-05,0.0,-0.921318769454956,1,0,0.9999550580978394,535.3431247634982,0.9999550580978394,2.1095556803629734e-05,2.1464854853547877e-06,1.8777839159156429e-06,2.0379068246256793e-06,2.455645244481275e-06,2.029652250712388e-06,2.4368650883843657e-06,2.0675804535130737e-06,3.8106609281385317e-06,2.8572692372108577e-06,2.207836132583907e-06
630,20643840,0.00021194000000000196,6.694607968142353,6.585044021074454,0.90625,0.8890625,0.0892258957028389,79.40522766113281,1.1617829841270577e-05,0.0,-0.9215691685676575,1,0,0.9999550580978394,535.3705965108945,0.9999550580978394,2.1079909856780432e-05,2.1452799501275877e-06,1.8767741494229995e-06,2.036774048974621e-06,2.454245304761571e-06,2.028526068897918e-06,2.4354712877538987e-06,2.066427441604901e-06,3.8084842799435137e-06,2.855637603715877e-06,2.2065858047426445e-06
631,20676608,0.00021180000000000195,6.3189587997028624,6.553088210653465,0.890625,0.8796875,0.08313184231519699,89.63383483886719,1.1612823982432019e-05,0.0,-0.9221798181533813,1,0,0.9999550580978394,535.4191790907793,0.9999550580978394,2.1067347915959544e-05,2.1443370314955246e-06,1.8759868680717773e-06,2.0358945675980067e-06,2.4531125291105127e-06,2.0276518171158386e-06,2.4343473796761828e-06,2.0655288608395495e-06,3.8067234982008813e-06,2.8543170174089028e-06,2.205596956628142e-06
632,20709376,0.00021166000000000194,6.543525819713816,6.568118135541972,0.828125,0.8703125,0.0026681460440158844,44.30060577392578,1.1608134627749678e-05,0.0,-0.922369122505188,1,0,0.9999550580978394,535.4728241162221,0.9999550580978394,2.1055620891274884e-05,2.1434332211356377e-06,1.875246198324021e-06,2.0350521481304895e-06,2.452060016366886e-06,2.0268125808797777e-06,2.4333073724847054e-06,2.064670297841076e-06,3.8050934563216288e-06,2.853095111277071e-06,2.2046631329430966e-06
633,20742144,0.00021152000000000193,6.573826668315704,6.574626124794858,0.890625,0.8703125,0.0028915666043758392,82.43095397949219,1.1605531653913204e-05,0.0,-0.9235174655914307,1,0,0.9999550580978394,535.5651880160304,0.9999550580978394,2.1049054339528084e-05,2.1429489152069436e-06,1.8748349930319819e-06,2.034597855526954e-06,2.451470663800137e-06,2.0263605620129965e-06,2.4327180199179566e-06,2.064207592411549e-06,3.8041755487938644e-06,2.8524066237878287e-06,2.20415449803113e-06
634,20774912,0.00021138000000000195,6.545970708484935,6.573969320087562,0.75,0.8625,-0.09310807287693024,52.406883239746094,1.1602080121519975e-05,0.0,-0.9241005182266235,1,0,0.9999550580978394,535.63701635271,0.9999550580978394,2.1040425053797662e-05,2.1422931695269654e-06,1.874284407676896e-06,2.033984856097959e-06,2.4506946374458494e-06,2.025751882683835e-06,2.431952452752739e-06,2.0635857254092116e-06,3.802964101851103e-06,2.8515009944385383e-06,2.203471240136423e-06
635,20807680,0.00021124000000000194,6.657253578158697,6.587783625573993,0.71875,0.846875,0.003715168684720993,64.01998901367188,1.1596779586398043e-05,0.0,-0.9247297644615173,1,0,0.9999551773071289,535.7233718546632,0.9999551773071289,2.1033143639215268e-05,2.1417295101855416e-06,1.8738198832579656e-06,2.0334614418970887e-06,2.4500407107552746e-06,2.0252325612091227e-06,2.431303528283024e-06,2.0630507151508937e-06,3.8019493331375998e-06,2.85073997474683e-06,2.2028896182746394e-06
636,20840448,0.00021110000000000193,6.342538149216054,6.591286890875105,0.75,0.8375,-0.04796558991074562,62.372108459472656,1.1592914233915508e-05,0.0,-0.9261907339096069,1,0,0.9999551773071289,535.789912656576,0.9999551773071289,2.1023499357397668e-05,2.1409759938251227e-06,1.8732052922132425e-06,2.032771135418443e-06,2.4491762360412395e-06,2.0245431642251788e-06,2.4304413273057435e-06,2.06233835342573e-06,3.80060805582616e-06,2.8497288440121338e-06,2.202108134952141e-06
637,20873216,0.00021096000000000192,6.6730458275795375,6.568671666323072,0.78125,0.825,0.0964711531996727,88.00813293457031,1.1587619155761786e-05,0.0,-0.927181601524353,1,0,0.9999551773071289,535.8350968671494,0.9999551773071289,2.1010308046243154e-05,2.1399489469331456e-06,1.872365828603506e-06,2.0318213955761166e-06,2.4479877538396977e-06,2.0236011550878175e-06,2.4292639864142984e-06,2.061367240457912e-06,3.798763373197289e-06,2.848348458428518e-06,2.201043798777391e-06
638,20905984,0.00021082000000000192,6.920567388415465,6.602032640897619,0.8229166666666666,0.8229166666666666,-0.038480374962091446,76.09516906738281,1.1584398635022808e-05,0.0,-0.9278963208198547,1,0,0.9999551773071289,535.8863898243442,0.9999551773071289,2.1002215362386778e-05,2.1393409497250104e-06,1.8718588989941054e-06,2.0312559172452893e-06,2.4472617496940074e-06,2.02303567675699e-06,2.428543439236819e-06,2.0607853912224527e-06,3.7976294606778538e-06,2.8475012641138164e-06,2.200405560870422e-06
639,20938752,0.00021068000000000193,6.6744414627287965,6.594473637045821,0.984375,0.8322916666666668,0.013521820306777954,55.547943115234375,1.1578606972761918e-05,0.0,-0.9284544587135315,1,0,0.9999551773071289,535.9146772928515,0.9999551773071289,2.0987761672586203e-05,2.1382149952842155e-06,1.8709449705056613e-06,2.030208179348847e-06,2.4459691303491127e-06,2.0219940779497847e-06,2.4272633254440734e-06,2.0597085494955536e-06,3.795627435465576e-06,2.8459971872507595e-06,2.1992452730046352e-06
640,20971520,0.00021054000000000192,6.804398454748849,6.605452685706472,0.953125,0.8369791666666666,0.0741720199584961,64.54202270507812,1.1574418749660254e-05,0.0,-0.9284884929656982,1,0,0.9999551773071289,535.9731193166355,0.9999551773071289,2.0977293388568796e-05,2.137413957825629e-06,1.8702795614444767e-06,2.029455117735779e-06,2.4450316686852602e-06,2.021246245931252e-06,2.4263326849904843e-06,2.0589445739460643e-06,3.794176109295222e-06,2.844906248355983e-06,2.198415131715592e-06
641,21004288,0.00021040000000000192,6.221219434035033,6.595678749139688,0.953125,0.8432291666666666,0.06321156024932861,87.21868133544922,1.157030237664003e-05,0.0,-0.929063081741333,1,0,0.9999551773071289,536.0383178359698,0.9999551773071289,2.0967032469343394e-05,2.1366170130932005e-06,1.869626885309117e-06,2.028723656621878e-06,2.4441037567157764e-06,2.020517740675132e-06,2.425411821604939e-06,2.058196514553856e-06,3.79273615180864e-06,2.8438266781449784e-06,2.1975808977003908e-06
642,21037056,0.00021026000000000193,6.3767588330517935,6.579002050473487,0.890625,0.8494791666666666,-0.03691539540886879,59.963253021240234,1.1564781743800268e-05,0.0,-0.9302785396575928,1,0,0.9999551773071289,536.0750484178695,0.9999551773071289,2.0953180865035392e-05,2.1355740500439424e-06,1.8687551346374676e-06,2.0277564090065425e-06,2.4428547931165667e-06,2.0195582237647614e-06,2.4241701339633437e-06,2.0572133507812396e-06,3.790790970015223e-06,2.8423735329852207e-06,2.196499735873658e-06
643,21069824,0.00021012000000000193,6.826182128874161,6.604237596529332,0.9375,0.8541666666666666,0.09958359599113464,69.75627136230469,1.1555898709048051e-05,0.0,-0.9299064874649048,1,0,0.9999552965164185,536.0836135729936,0.9999552965164185,2.093688271997962e-05,2.1343444132071454e-06,1.8677257003218983e-06,2.0266220417397562e-06,2.4413855044258526e-06,2.0184302229608875e-06,2.4227167614299105e-06,2.056050561805023e-06,3.7884997254877817e-06,2.8406502678990364e-06,2.1952225779386936e-06
644,21102592,0.00020998000000000192,6.406707426567875,6.590311268337627,0.90625,0.8697916666666666,-0.033491648733615875,67.0774917602539,1.1550615454325452e-05,0.0,-0.9311988353729248,1,0,0.9999552965164185,536.1301085478547,0.9999552965164185,2.092372960760258e-05,2.1333230506570544e-06,1.8668744132810389e-06,2.0256711650290526e-06,2.4402004328294424e-06,2.0174852579657454e-06,2.4215410121541936e-06,2.0550783119688276e-06,3.786661409321823e-06,2.8392744297889294e-06,2.1941596060059965e-06
645,21135360,0.0002098400000000019,6.514476425043359,6.576033553026093,0.90625,0.8885416666666666,-0.0437459871172905,73.4478530883789,1.1546862879185937e-05,0.0,-0.93252032995224,1,0,0.9999552965164185,536.198551765374,0.9999552965164185,2.0914314518449828e-05,2.132619101757882e-06,1.8662816501091584e-06,2.0250165562174516e-06,2.4393514195253374e-06,2.0168329228908988e-06,2.4206981379393255e-06,2.0544100607367e-06,3.785343551498954e-06,2.838283535311348e-06,2.193429281760473e-06
646,21168128,0.0002097000000000019,6.876639679279117,6.629443706032399,0.9375,0.9072916666666666,-0.02272070199251175,49.176902770996094,1.1542999345692806e-05,0.0,-0.9320864677429199,1,0,0.9999552965164185,536.2600982682856,0.9999552965164185,2.0904662960674614e-05,2.131884912159876e-06,1.8656641032066545e-06,2.0243289782229112e-06,2.438479214106337e-06,2.016152393480297e-06,2.4198302526201587e-06,2.053708840321633e-06,3.7839863580302335e-06,2.8372685392241692e-06,2.1926657609583344e-06
647,21200896,0.0002095600000000019,6.824943501143093,6.644633473388754,0.953125,0.9244791666666666,0.01026860997080803,67.80157470703125,1.1538868420757353e-05,0.0,-0.9326842427253723,1,0,0.9999552965164185,536.3193889510912,0.9999552965164185,2.0894338376820087e-05,2.131090241164202e-06,1.8650149513632641e-06,2.0235859210515628e-06,2.437558350720792e-06,2.015414111156133e-06,2.418916665192228e-06,2.052947138508898e-06,3.782550265896134e-06,2.836194653355051e-06,2.191846306232037e-06
648,21233664,0.00020942000000000188,6.275514984411748,6.580128232988382,0.84375,0.9265625,0.003021332435309887,69.21920013427734,1.153507037088275e-05,0.0,-0.9329007863998413,1,0,0.9999552965164185,536.3859590031411,0.9999552965164185,2.088479777739849e-05,2.1303749235812575e-06,1.8644155943547958e-06,2.0229240362823475e-06,2.436693876006757e-06,2.0147567738604266e-06,2.4180587843147805e-06,2.052269792329753e-06,3.7812089885846945e-06,2.83518875221489e-06,2.1911064322921447e-06
649,21266432,0.00020928000000000187,6.0309547488866,6.5157795616041625,0.859375,0.9140625,-0.05154009908437729,33.990379333496094,1.1531596101121977e-05,0.0,-0.9318773746490479,1,0,0.9999552965164185,536.4568248018509,0.9999552965164185,2.087611392198596e-05,2.1297207695170073e-06,1.863866259554925e-06,2.0223183128109667e-06,2.435899205011083e-06,2.0141574168519583e-06,2.4172747998818522e-06,2.051655428658705e-06,3.779982762353029e-06,2.8342640234768623e-06,2.1904209006606834e-06
650,21299200,0.00020914000000000186,6.648749366186238,6.500214652747902,0.90625,0.909375,-0.07583440095186234,73.81268310546875,1.1526623893587384e-05,0.0,-0.9317342638969421,1,0,0.999955415725708,536.5372841174836,0.999955415725708,2.0869647414656356e-05,2.1292171368259005e-06,1.8634611933521228e-06,2.021859927481273e-06,2.4353187200176762e-06,2.0137003957643174e-06,2.4166943148884457e-06,2.0511861293925904e-06,3.7790750866406597e-06,2.833588723660796e-06,2.1899013518122956e-06
651,21331968,0.00020900000000000188,6.499304131504412,6.528023122494839,0.84375,0.8984375,-0.02995368465781212,40.701812744140625,1.1518457540660165e-05,0.0,-0.9314358234405518,1,0,0.9999555349349976,536.5636693312605,0.9999555349349976,2.0855204638792202e-05,2.128109372279141e-06,1.8625535176397534e-06,2.0208383375575067e-06,2.4340117761312285e-06,2.012686991292867e-06,2.415399649180472e-06,2.050139983111876e-06,3.777050551434513e-06,2.8320655474090017e-06,2.188744701925316e-06
652,21364736,0.00020886000000000187,6.560946729160874,6.546441912105747,0.828125,0.8921875,0.02036994695663452,53.90372848510742,1.1512574019434396e-05,0.0,-0.9314882755279541,1,0,0.9999555349349976,536.5910414223815,0.9999555349349976,2.0840432625846006e-05,2.1270134311635047e-06,1.861617647591629e-06,2.019815156018012e-06,2.4326775474037277e-06,2.011668357226881e-06,2.414077698631445e-06,2.049096110567916e-06,3.7749694001831813e-06,2.830504627127084e-06,2.187599193348433e-06
653,21397504,0.00020872000000000186,6.400617199024903,6.503885419120822,0.8125,0.8796875,0.028477706015110016,65.81332397460938,1.151065771409776e-05,0.0,-0.9312666654586792,1,0,0.9999555349349976,536.6927245543889,0.9999555349349976,2.0835645045735873e-05,2.1266423573251814e-06,1.8613141037349124e-06,2.0194818262098124e-06,2.4322389435837977e-06,2.0113382106501376e-06,2.4136450065270765e-06,2.048752321570646e-06,3.7742886433989042e-06,2.82999735645717e-06,2.1872110664844513e-06
654,21430272,0.00020858000000000186,6.124428787768399,6.475657555240874,0.890625,0.878125,0.12231852859258652,89.24674987792969,1.150605112343328e-05,0.0,-0.9325255155563354,1,0,0.9999555349349976,536.7506596099663,0.9999555349349976,2.082412174786441e-05,2.125764467564295e-06,1.8605863942866563e-06,2.0186655547149712e-06,2.4312071218446363e-06,2.0105271687498316e-06,2.4126231892296346e-06,2.0479183149291202e-06,3.7726729260612046e-06,2.8287884106248384e-06,2.186301799156354e-06
655,21463040,0.00020844000000000185,6.569556844511187,6.481165597187657,0.78125,0.865625,0.06334489583969116,47.989036560058594,1.150213120126864e-05,0.0,-0.9331920146942139,1,0,0.9999555349349976,536.8214586997467,0.9999555349349976,2.081431375700049e-05,2.125018454535166e-06,1.8599691884446656e-06,2.017974338741624e-06,2.430326276225969e-06,2.0098407276236685e-06,2.4117489374475554e-06,2.0472132291615708e-06,3.7712986795668257e-06,2.8277527235331945e-06,2.1855285012861714e-06
656,21495808,0.00020830000000000184,6.8890443978706575,6.482406069046812,0.890625,0.8609375,0.09589821100234985,99.47261047363281,1.1497410014271736e-05,0.0,-0.9334520101547241,1,0,0.9999555349349976,536.8701387146764,0.9999555349349976,2.080254489555955e-05,2.124106913470314e-06,1.8592171500131371e-06,2.0171453343209578e-06,2.429255573588307e-06,2.0090146790607832e-06,2.4106866476358846e-06,2.0463680812099483e-06,3.7696374874940375e-06,2.826506943165441e-06,2.184580353059573e-06
657,21528576,0.00020816000000000186,6.488936858048139,6.448805404737316,0.796875,0.8453125,-0.03376440703868866,37.52859878540039,1.1492790690681431e-05,0.0,-0.9341415166854858,1,0,0.9999555349349976,536.9237618510169,0.9999555349349976,2.0790983398910612e-05,2.1232319795672083e-06,1.8584831877888064e-06,2.016329744947143e-06,2.428217840133584e-06,2.0082043192815036e-06,2.409656872259802e-06,2.0455329377000453e-06,3.7680129025829956e-06,2.825291630870197e-06,2.183672222599853e-06
658,21561344,0.00020802000000000185,6.802596156981684,6.501513521994309,0.84375,0.8453125,0.002528861165046692,67.1841812133789,1.14861059046234e-05,0.0,-0.9339656829833984,1,0,0.9999556541442871,536.9820587172918,0.9999556541442871,2.0780300474143587e-05,2.1223979729256826e-06,1.8577923128759721e-06,2.0155437141511356e-06,2.4272599148389418e-06,2.007423290706356e-06,2.408705768175423e-06,2.044733491857187e-06,3.7665297440980794e-06,2.8241793188499287e-06,2.182812522733002e-06
659,21594112,0.00020788000000000184,6.699642918588683,6.568382338964518,0.859375,0.8453125,-0.03879564255475998,51.448509216308594,1.1479125532787293e-05,0.0,-0.9336920976638794,1,0,0.9999556541442871,536.9962106330491,0.9999556541442871,2.0762869098689407e-05,2.1210503291513305e-06,1.856683638834511e-06,2.014284973483882e-06,2.425695356578217e-06,2.0061718259967165e-06,2.4071537154668476e-06,2.0434488305909326e-06,3.7640986647602404e-06,2.8223564640939003e-06,2.181412128265947e-06
660,21626880,0.00020774000000000183,6.151272985545421,6.518634700900435,0.765625,0.83125,0.020986784249544144,78.28144073486328,1.1473674021544866e-05,0.0,-0.9333763122558594,1,0,0.9999556541442871,537.0538716071328,0.9999556541442871,2.074936855933629e-05,2.119994860549923e-06,1.85577005140658e-06,2.0132822555751773e-06,2.424485728624859e-06,2.0051713818247663e-06,2.405953409834183e-06,2.0424299691512715e-06,3.762225105674588e-06,2.820949248416582e-06,2.1803264189657057e-06
661,21659648,0.00020760000000000182,6.642297040946255,6.53293399184462,0.78125,0.825,0.06943462044000626,104.34049987792969,1.1466624528111424e-05,0.0,-0.9327350854873657,1,0,0.9999556541442871,537.0577056186028,0.9999556541442871,2.0731882614200003e-05,2.1186244794080267e-06,1.8546413684816798e-06,2.0120080534979934e-06,2.4229116206697654e-06,2.003907638936653e-06,2.4043911253102124e-06,2.0411252990015782e-06,3.75977901967417e-06,2.819120481944992e-06,2.178912836825475e-06
662,21692416,0.0002074600000000018,6.818458329814536,6.5586851519099865,0.984375,0.840625,0.05922737345099449,50.12913513183594,1.1461032045190223e-05,0.0,-0.9338970184326172,1,0,0.9999556541442871,537.087332534158,0.9999556541442871,2.0717869119835086e-05,2.1175660549488384e-06,1.853757112257881e-06,2.011029664572561e-06,2.421655153739266e-06,2.0029312963742996e-06,2.4031462544371607e-06,2.0401250822033035e-06,3.7578074625344016e-06,2.817639369823155e-06,2.177820078941295e-06
663,21725184,0.0002073200000000018,6.492309529216481,6.567854384929144,0.875,0.846875,-0.019892431795597076,28.45400047302246,1.1453625120338984e-05,0.0,-0.9349258542060852,1,0,0.9999557733535767,537.1422225783987,0.9999557733535767,2.0705389033537358e-05,2.116589030265459e-06,1.8529267435951624e-06,2.0101037989661563e-06,2.420537839498138e-06,2.0020113424834562e-06,2.402037807769375e-06,2.0391873931657756e-06,3.756073738259147e-06,2.816339474520646e-06,2.1768155420431867e-06
664,21757952,0.0002071800000000018,6.64472585720238,6.619884091872542,0.921875,0.85,0.05764284357428551,73.09545135498047,1.1447708857303951e-05,0.0,-0.9352977275848389,1,0,0.9999557733535767,537.1770786553043,0.9999557733535767,2.0690742530860007e-05,2.1154428395675495e-06,1.8519567674957216e-06,2.00902081815002e-06,2.4192268028855324e-06,2.0009347281302325e-06,2.4007347292354098e-06,2.0380853129609022e-06,3.7540396533586318e-06,2.8148115234216675e-06,2.1756345631729346e-06
665,21790720,0.00020704000000000179,6.574710619729463,6.6203994693943695,0.9375,0.865625,-0.06058722734451294,65.65534973144531,1.1442431059549563e-05,0.0,-0.9370167851448059,1,0,0.9999557733535767,537.2141550094024,0.9999557733535767,2.0677603970398195e-05,2.1144203401490813e-06,1.851125148277788e-06,2.008066985581536e-06,2.4180460513889557e-06,1.999990445256117e-06,2.3995628453121753e-06,2.0371116988826543e-06,3.7522033835557522e-06,2.8134377316746395e-06,2.174582732550334e-06
666,21823488,0.00020690000000000178,6.450416669921838,6.576536696599488,0.890625,0.865625,-0.0804721787571907,53.20090866088867,1.1438542060204782e-05,0.0,-0.9375753998756409,1,0,0.9999557733535767,537.2749820163483,0.9999557733535767,2.0667943317675963e-05,2.1136643226782326e-06,1.850510898293578e-06,2.007356670219451e-06,2.4171815766749205e-06,1.999284677367541e-06,2.398707010797807e-06,2.0363854673632886e-06,3.7508616514969617e-06,2.8124343316449085e-06,2.1738051145803183e-06
667,21856256,0.0002067600000000018,6.296242791907948,6.557267289985468,0.890625,0.875,0.1242133229970932,69.16609191894531,1.1433313375164289e-05,0.0,-0.9377450346946716,1,0,0.9999557733535767,537.3019052562893,0.9999557733535767,2.0654801119235344e-05,2.1126907085999846e-06,1.8496886013963376e-06,2.006447630265029e-06,2.4159992335626157e-06,1.998379275391926e-06,2.397531716269441e-06,2.0354609659989364e-06,3.749009465536801e-06,2.811045305861626e-06,2.1727914827351924e-06
668,21889024,0.00020662000000000179,5.8304190320668,6.460049577493981,0.78125,0.86875,0.0665874108672142,53.952293395996094,1.1428439393057488e-05,0.0,-0.9390186071395874,1,0,0.9999557733535767,537.3701719716354,0.9999557733535767,2.064269210677594e-05,2.11174187825236e-06,1.8488774458091939e-06,2.0055560980836162e-06,2.4149117052729707e-06,1.9974932001787238e-06,2.3964526008057874e-06,2.0345605662441812e-06,3.747322125491337e-06,2.8097801987314597e-06,2.1718137759307865e-06
669,21921792,0.00020648000000000178,6.604941769902625,6.450579462625375,0.875,0.8703125,0.028915580362081528,52.08943176269531,1.142580367741175e-05,0.0,-0.9395550489425659,1,0,0.9999557733535767,537.4616211192442,0.9999557733535767,2.0636176486732438e-05,2.111234607582446e-06,1.8484472548152553e-06,2.0050740658916766e-06,2.4143269001797307e-06,1.9970134417235386e-06,2.3958766632858897e-06,2.0340678474894958e-06,3.7464217257365817e-06,2.8090998966945335e-06,2.1712919533456443e-06
670,21954560,0.00020634000000000177,6.330602543496296,6.468512418420462,0.84375,0.878125,-0.03222455084323883,45.17264175415039,1.1422011994000059e-05,0.0,-0.9401004314422607,1,0,0.9999557733535767,537.5326157405863,0.9999557733535767,2.0626732293749228e-05,2.110509740305133e-06,1.847840962909686e-06,2.0043974018335575e-06,2.4134751583915204e-06,1.9963392787758494e-06,2.3950292415975127e-06,2.0333793600002537e-06,3.7450965919560986e-06,2.8081087748432765e-06,2.1705384369852254e-06
671,21987328,0.0002062000000000018,6.075769167691462,6.411859631094982,0.84375,0.884375,0.07909149676561356,62.29628372192383,1.1415126209612936e-05,0.0,-0.9399822950363159,1,0,0.9999558925628662,537.5858101601675,0.9999558925628662,2.0615425455616787e-05,2.1096650471008616e-06,1.8471292833055486e-06,2.0036120531585766e-06,2.412476760582649e-06,1.9955591596954037e-06,2.3940385744936066e-06,2.0325790046626935e-06,3.7434936075442238e-06,2.806909606078989e-06,2.16966100197169e-06
672,22020096,0.0002060600000000018,6.44645345563908,6.374659143677437,0.90625,0.8765625,-0.004128661006689072,64.9426498413086,1.1410000297473744e-05,0.0,-0.9390289783477783,1,0,0.9999558925628662,537.6296737945291,0.9999558925628662,2.0602690710802563e-05,2.1086673314130167e-06,1.8463263131707208e-06,2.002691417146707e-06,2.4113267045322573e-06,1.994645799641148e-06,2.3928946575324517e-06,2.0316331301728496e-06,3.74170895156567e-06,2.8055687835149e-06,2.1686266791220987e-06
673,22052864,0.0002059200000000018,7.0301512753408435,6.428443318289874,0.859375,0.875,0.014372013509273529,76.07948303222656,1.1404652468627319e-05,0.0,-0.9400232434272766,1,0,0.9999558925628662,537.658086294823,0.9999558925628662,2.0589393898262642e-05,2.107635964421206e-06,1.845481278905936e-06,2.001742359425407e-06,2.410119577689329e-06,1.9937024262617342e-06,2.391699126746971e-06,2.030662699326058e-06,3.739839712579851e-06,2.8041642963216873e-06,2.167551656384603e-06
674,22085632,0.0002057800000000018,6.160055055602574,6.379976238129894,0.78125,0.8609375,-0.012689830735325813,44.981163024902344,1.1400263247196563e-05,0.0,-0.9406796097755432,1,0,0.9999558925628662,537.719642676789,0.9999558925628662,2.0578458133968525e-05,2.1067917259642854e-06,1.8447880165695096e-06,2.0009576928714523e-06,2.409129365332774e-06,1.992922989302315e-06,2.39071869145846e-06,2.029860979746445e-06,3.7383028939075302e-06,2.8030146950186463e-06,2.166675358239445e-06
675,22118400,0.00020564000000000178,6.094245862671,6.331929762424047,0.78125,0.8453125,-0.02177826315164566,57.508113861083984,1.1394461580493953e-05,0.0,-0.9421788454055786,1,0,0.9999558925628662,537.7619827184307,0.9999558925628662,2.0564059013850056e-05,2.1056653167761397e-06,1.8438717006574734e-06,1.9999142750748433e-06,2.4078292426565895e-06,1.991885710594943e-06,2.3894283458503196e-06,2.0287945972086163e-06,3.7362854072853224e-06,2.801502205329598e-06,2.1655102955264738e-06
676,22151168,0.00020550000000000177,6.98171159289831,6.385059254721694,0.828125,0.8390625,0.08570951223373413,67.29984283447266,1.1390035069780424e-05,0.0,-0.9440443515777588,1,0,0.9999558925628662,537.8127101878814,0.9999558925628662,2.055304139503278e-05,2.1048217604402453e-06,1.843170252868731e-06,1.9991362023574766e-06,2.4068258426268585e-06,1.9911108211090323e-06,2.38843085753615e-06,2.0279978798498632e-06,3.7347290344769135e-06,2.800332140395767e-06,2.164628540413105e-06
677,22183936,0.00020536000000000176,6.579684851318223,6.413403460662721,0.890625,0.8390625,0.07178589701652527,51.585357666015625,1.1379612260498106e-05,0.0,-0.9444458484649658,1,0,0.9999560117721558,537.8053007608966,0.9999560117721558,2.05330979952123e-05,2.1032587937952485e-06,1.8418963918520603e-06,1.9977089777967194e-06,2.405011173323146e-06,1.9896949652320473e-06,2.3866321043897187e-06,2.026528591159149e-06,3.7319127841328736e-06,2.798223704303382e-06,2.163004864996765e-06
678,22216704,0.00020522000000000175,6.1341372094447575,6.443775278400517,0.796875,0.840625,-0.08325044065713882,51.713233947753906,1.1375369467714336e-05,0.0,-0.9453185200691223,1,0,0.9999560117721558,537.8722194021889,0.9999560117721558,2.0522567865555175e-05,2.1024427496740827e-06,1.8412237068332615e-06,1.996949094973388e-06,2.4040573407546617e-06,1.9889380382664967e-06,2.3856855477788486e-06,2.0257537016732385e-06,3.730432581505738e-06,2.7971134386461927e-06,2.1621551695716335e-06
679,22249472,0.00020508000000000174,6.3969570520077355,6.422976806611028,0.765625,0.8296875,-0.0007642358541488647,58.35727310180664,1.1373444067430682e-05,0.0,-0.9459267854690552,1,0,0.9999560117721558,537.9635829388656,0.9999560117721558,2.051773299172055e-05,2.102081680277479e-06,1.840921754592273e-06,1.9966100808233023e-06,2.4036216927925125e-06,1.9885983419953845e-06,2.385253310421831e-06,2.025408093686565e-06,3.7297529615898384e-06,2.7966066227236297e-06,2.1617777292703977e-06
680,22282240,0.00020494000000000173,5.93389953024281,6.383306505285679,0.796875,0.825,0.09021072089672089,72.40171813964844,1.1371233085810672e-05,0.0,-0.9466277956962585,1,0,0.9999560117721558,538.0595657611616,0.9999560117721558,2.0512236005743034e-05,2.101650807162514e-06,1.8405706896373886e-06,1.996208311538794e-06,2.4031267003010726e-06,1.9882002106896834e-06,2.3847621832828736e-06,2.0249965473340126e-06,3.7289885312929982e-06,2.796030685203732e-06,2.161334577976959e-06
681,22315008,0.00020480000000000173,6.075538289059702,6.383283417422504,0.703125,0.8109375,0.07962872087955475,74.51641845703125,1.1367566003173124e-05,0.0,-0.9471930265426636,1,0,0.9999560117721558,538.1236247206774,0.9999560117721558,2.0503081032074988e-05,2.1009595911891665e-06,1.8399949794911663e-06,1.995565071410965e-06,2.402304062343319e-06,1.9875610632880125e-06,2.3839479581511114e-06,2.0243419385224115e-06,3.7276906823535683e-06,2.795060026983265e-06,2.160615395041532e-06
682,22347776,0.00020466000000000172,6.262429729757695,6.364881044834365,0.78125,0.7984375,0.14809611439704895,76.4342269897461,1.1363975318090525e-05,0.0,-0.9488093852996826,1,0,0.9999560117721558,538.1946915779873,0.9999560117721558,2.0494147975114174e-05,2.100286337736179e-06,1.8394230210105889e-06,1.9949409306718735e-06,2.401483925495995e-06,1.986941697396105e-06,2.3831341877667e-06,2.023700972131337e-06,3.7264180718921125e-06,2.794105967041105e-06,2.159900304832263e-06
683,22380544,0.00020452000000000173,5.840416173184195,6.2459075346187,0.765625,0.7890625,-0.011069164611399174,78.978515625,1.136095670517534e-05,0.0,-0.94975745677948,1,0,0.9999560117721558,538.2858164548855,0.9999560117721558,2.048664646281395e-05,2.099701532642939e-06,1.8389441720501054e-06,1.9943986444559414e-06,2.400808625679929e-06,1.9863996385538485e-06,2.382461616434739e-06,2.0231475446053082e-06,3.7253701066219946e-06,2.7933176625083433e-06,2.1592948087345576e-06
684,22413312,0.00020438000000000173,5.554739185748047,6.185375947633247,0.6770833333333334,0.7786458333333333,0.03809882327914238,66.76792907714844,1.1356788490957115e-05,0.0,-0.9486234188079834,1,0,0.9999560117721558,538.3675749960759,0.9999560117721558,2.0476330973906443e-05,2.0988886717532296e-06,1.838265575315745e-06,1.9936342141591012e-06,2.399879122094717e-06,1.985642256840947e-06,2.3815391614334658e-06,2.022370154008968e-06,3.7239278753986582e-06,2.79223604593426e-06,2.1584589831036283e-06
685,22446080,0.00020424000000000172,5.834442830558032,6.159395644421951,0.765625,0.7770833333333333,-0.044992342591285706,51.5966796875,1.1352491128491238e-05,0.0,-0.9490398168563843,1,0,0.9999560117721558,538.4449997972412,0.9999560117721558,2.046561348834075e-05,2.098068080158555e-06,1.8375820900473627e-06,1.9928700112359365e-06,2.3989043711480917e-06,1.984883056138642e-06,2.3805739601812093e-06,2.021588898060145e-06,3.7224151583359344e-06,2.7911021334148245e-06,2.157611334041576e-06
686,22478848,0.00020410000000000174,5.788725458892014,6.040097031021321,0.765625,0.7708333333333334,0.11959213018417358,62.00272750854492,1.1347512554493733e-05,0.0,-0.9484860301017761,1,0,0.9999561309814453,538.549986259821,0.9999561309814453,2.045919609372504e-05,2.0975683128199307e-06,1.8371705436948105e-06,1.9923991203540936e-06,2.398327978880843e-06,1.984415575861931e-06,2.3800046164978994e-06,2.0211091396049596e-06,3.7215247630228987e-06,2.7904316084459424e-06,2.1570929220615653e-06
687,22511616,0.00020396000000000173,6.72161619323078,6.054290165212577,0.84375,0.7661458333333334,-0.06252619624137878,62.572967529296875,1.1343818187015131e-05,0.0,-0.9490885734558105,1,0,0.9999561309814453,538.6156285825322,0.9999561309814453,2.0449968360480852e-05,2.0968761873518815e-06,1.8365872165304609e-06,1.991757017094642e-06,2.3974864689080277e-06,1.9837777927023126e-06,2.3791694729879964e-06,2.0204538486723322e-06,3.7202187286311528e-06,2.789452537399484e-06,2.156366917915875e-06
688,22544384,0.00020382000000000172,6.793132863074605,6.120189730575562,0.90625,0.7770833333333333,0.07187013328075409,84.62954711914062,1.133924706664402e-05,0.0,-0.9489197731018066,1,0,0.9999561309814453,538.6710313118466,0.9999561309814453,2.0438641513464972e-05,2.0959887478966266e-06,1.835839384511928e-06,1.9909252841898706e-06,2.396462605247507e-06,1.9829512893920764e-06,2.3781485651852563e-06,2.019608245973359e-06,3.7186227928032167e-06,2.788260871966486e-06,2.1554478735197335e-06
689,22577152,0.0002036800000000017,5.999203672901378,6.080414392664926,0.828125,0.7833333333333334,-0.021495461463928223,51.50165939331055,1.1335268027323764e-05,0.0,-0.949749231338501,1,0,0.9999561309814453,538.7425453405215,0.9999561309814453,2.0428720745258033e-05,2.095231366183725e-06,1.8352041024627397e-06,1.9902188341802685e-06,2.395562432866427e-06,1.9822480226139305e-06,2.3772597614879487e-06,2.0188879261695547e-06,3.7172328575252322e-06,2.787213361443719e-06,2.1546584321185946e-06
690,22609920,0.0002035400000000017,6.179987742949141,6.10502321393556,0.796875,0.7833333333333334,-0.01369873434305191,56.51531982421875,1.1328614164085593e-05,0.0,-0.9490029811859131,1,0,0.9999561309814453,538.781384374611,0.9999561309814453,2.041224615823012e-05,2.093942612191313e-06,1.834115664678393e-06,1.9890082967322087e-06,2.3940822302392917e-06,1.9810424873867305e-06,2.3757868348184275e-06,2.017654423980275e-06,3.7149291074456414e-06,2.7854916879732627e-06,2.1533276139962254e-06
691,22642688,0.0002034000000000017,6.319399956241703,6.129409380653758,0.875,0.8005208333333333,0.13017234206199646,68.89419555664062,1.1323711987643037e-05,0.0,-0.9496562480926514,1,0,0.9999561309814453,538.8399843428384,0.9999561309814453,2.040014078374952e-05,2.0929883248754777e-06,1.8333148545934819e-06,1.988105623240699e-06,2.3929910639708396e-06,1.9801468624791596e-06,2.3747038540022913e-06,2.01673856281559e-06,3.713236083058291e-06,2.7842220333695877e-06,2.152346041839337e-06
692,22675456,0.00020326000000000168,5.778115162202356,6.080977923898225,0.734375,0.7958333333333334,0.03378839045763016,52.109718322753906,1.1319406439724844e-05,0.0,-0.9494022727012634,1,0,0.9999561309814453,538.9271878028313,0.9999561309814453,2.0389503333717585e-05,2.0921540908602765e-06,1.8325946484765154e-06,1.987313453355455e-06,2.392034957665601e-06,1.9793558294622926e-06,2.373757297391421e-06,2.015932750509819e-06,3.7117563351785066e-06,2.7831097213493194e-06,2.151488388335565e-06
693,22708224,0.00020312000000000167,6.252055380795586,6.122141844659363,0.859375,0.8052083333333334,0.028338145464658737,47.0614013671875,1.1308547982480377e-05,0.0,-0.9507926106452942,1,0,0.9999563694000244,538.9610996823051,0.9999563694000244,2.037440390267875e-05,2.0909778868372086e-06,1.8316201249035657e-06,1.986216830118792e-06,2.390669578744564e-06,1.978267391677946e-06,2.3724001039227005e-06,2.014816573137068e-06,3.709633801918244e-06,2.7815210614789976e-06,2.1502621621038998e-06
694,22740992,0.00020298000000000166,5.272193111370267,6.093887237221585,0.671875,0.8046875,0.09614910185337067,57.853607177734375,1.1305438420095015e-05,0.0,-0.9502378702163696,1,0,0.9999563694000244,539.0664398277182,0.9999563694000244,2.036674959526863e-05,2.090375801344635e-06,1.8310995528736385e-06,1.9856429389619734e-06,2.389979044892243e-06,1.9776978206209606e-06,2.3717168460279936e-06,2.014234269154258e-06,3.7085653730173362e-06,2.7807172955363058e-06,2.149643023585668e-06
695,22773760,0.00020284000000000168,5.929653033427485,6.103408257508531,0.84375,0.8125,-0.012208485044538975,65.03434753417969,1.130022337747505e-05,0.0,-0.9511152505874634,1,0,0.9999563694000244,539.1326557851095,0.9999563694000244,2.0353818399598822e-05,2.0893712644465268e-06,1.830258042900823e-06,1.984696154977428e-06,2.3888167106633773e-06,1.9767549019888975e-06,2.3705636067461455e-06,2.013272478507133e-06,3.7067622997710714e-06,2.7793653316621203e-06,2.1486059722519713e-06
696,22806528,0.0002027000000000017,5.422495239093621,6.066785235528692,0.71875,0.8078125,-0.02183745801448822,37.23118591308594,1.1295489457552321e-05,0.0,-0.952677845954895,1,0,0.9999563694000244,539.2061910410896,0.9999563694000244,2.0342096831882372e-05,2.0884508558083326e-06,1.8294867913937196e-06,1.983825768547831e-06,2.387766926403856e-06,1.9758879261644324e-06,2.3695192794548348e-06,2.0123857211729046e-06,3.7051295294077136e-06,2.778143652903964e-06,2.147659415641101e-06
697,22839296,0.0002025600000000017,5.895584756610346,5.984182091866648,0.734375,0.796875,-0.06513151526451111,26.40403938293457,1.1289762369415257e-05,0.0,-0.9537616968154907,1,0,0.9999563694000244,539.2588231641213,0.9999563694000244,2.032788142969366e-05,2.0873437733825995e-06,1.8285464875589241e-06,1.9827837149932748e-06,2.3864918148319703e-06,1.9748517843254376e-06,2.368258947171853e-06,2.011324568229611e-06,3.7031581996416207e-06,2.7766604944190476e-06,2.146516862921999e-06
698,22872064,0.00020242000000000168,6.0591898028764595,5.910787785846834,0.859375,0.7921875,0.08371789753437042,46.64468765258789,1.1285677828709595e-05,0.0,-0.9542289972305298,1,0,0.9999563694000244,539.3284227249528,0.9999563694000244,2.0317804228398018e-05,2.0865516034973552e-06,1.827871869863884e-06,1.982029289138154e-06,2.38558618548268e-06,1.9741003143280977e-06,2.3673578652960714e-06,2.010559228438069e-06,3.7017493923485745e-06,2.7756066174333682e-06,2.1457021830428857e-06
699,22904832,0.0002022800000000017,6.044508809325455,5.915318299489242,0.796875,0.7890625,-0.054403845220804214,62.591331481933594,1.1280446415184997e-05,0.0,-0.9548745155334473,1,0,0.9999563694000244,539.3808911116579,0.9999563694000244,2.0304845747887157e-05,2.0855370621575275e-06,1.8270039845447172e-06,1.9810690901067574e-06,2.384428398727323e-06,1.9731423890334554e-06,2.366209173487732e-06,2.0095853869861457e-06,3.6999529129388975e-06,2.7742596557800425e-06,2.1446608116093557e-06
700,22937600,0.00020214000000000172,5.812570262626813,5.87857655145701,0.734375,0.7828125,-0.018104417249560356,32.99449920654297,1.1272129086137284e-05,0.0,-0.955166220664978,1,0,0.999956488609314,539.438719196287,0.999956488609314,2.0290195607231e-05,2.084384050249355e-06,1.8260008118886617e-06,1.9799738311121473e-06,2.3831103135307785e-06,1.9720534965017578e-06,2.3649006379855564e-06,2.0084746665816056e-06,3.69790745935461e-06,2.7727257929655025e-06,2.1434752852655947e-06
701,22970368,0.00020200000000000174,6.154603878720943,5.862096943704932,0.765625,0.771875,0.10989245027303696,87.46574401855469,1.126753068092512e-05,0.0,-0.9548852443695068,1,0,0.999956488609314,539.5064234139297,0.999956488609314,2.0278857846278697e-05,2.083495701299398e-06,1.82523297098669e-06,1.9791300474025775e-06,2.382094407948898e-06,1.9712131233973196e-06,2.363890871492913e-06,2.007616558330483e-06,3.696327894431306e-06,2.771544131974224e-06,2.142561697837664e-06
702,23003136,0.00020186000000000173,6.393935759966921,5.923679003481389,0.734375,0.771875,-0.006263656076043844,49.39491271972656,1.1261629879300017e-05,0.0,-0.9547644257545471,1,0,0.999956488609314,539.5592736046375,0.999956488609314,2.026435686275363e-05,2.082349510601489e-06,1.8242341184304678e-06,1.97804115487088e-06,2.3807817797205644e-06,1.970126731976052e-06,2.362592567806132e-06,2.006512204388855e-06,3.694297902256949e-06,2.7700166356225964e-06,2.141380946341087e-06
703,23035904,0.00020172000000000172,6.198103436862256,5.918283809088057,0.75,0.7609375,-0.005510152317583561,65.06826782226562,1.1259064194746315e-05,0.0,-0.9550780057907104,1,0,0.999956488609314,539.6530223386022,0.999956488609314,2.0258059521438554e-05,2.0818492885155138e-06,1.8238184793517576e-06,1.9775736745941686e-06,2.380212208663579e-06,1.969662662304472e-06,2.362024588364875e-06,2.0060338101757225e-06,3.6934102354280185e-06,2.769353613985004e-06,2.140868446076638e-06
704,23068672,0.0002015800000000017,7.003909848742875,6.091455482825317,0.8125,0.775,-0.01051403023302555,66.14433288574219,1.1257402547926176e-05,0.0,-0.9560254216194153,1,0,0.999956488609314,539.7441290886491,0.999956488609314,2.025390676863026e-05,2.081525735775358e-06,1.8235417655887431e-06,1.977268084374373e-06,2.379842271693633e-06,1.9693566173373256e-06,2.361655333515955e-06,2.0057218534930144e-06,3.6928327062923927e-06,2.76892319561739e-06,2.140535571015789e-06
705,23101440,0.0002014400000000017,6.0278841752502395,6.1012785970075925,0.84375,0.775,0.036395929753780365,53.916526794433594,1.1253206139372196e-05,0.0,-0.9572393894195557,1,0,0.999956488609314,539.8023217701385,0.999956488609314,2.0243516701157205e-05,2.0807297005376313e-06,1.822874082790804e-06,1.9765252545767e-06,2.378895942456438e-06,1.968620608749916e-06,2.360718553973129e-06,2.0049646991537884e-06,3.6913679650751874e-06,2.767819751170464e-06,2.139711114068632e-06
706,23134208,0.0002013000000000017,6.31145146401499,6.190174219499729,0.7604166666666666,0.7791666666666667,0.02392430789768696,59.036373138427734,1.1250690477027092e-05,0.0,-0.9575974941253662,1,0,0.999956488609314,539.8775700538803,0.999956488609314,2.023728120548185e-05,2.080249487335095e-06,1.822475951485103e-06,1.9760843770200154e-06,2.378324325036374e-06,1.968181095435284e-06,2.360151256652898e-06,2.0045133624080336e-06,3.690480752993608e-06,2.767154455796117e-06,2.139203161277692e-06
707,23166976,0.0002011600000000017,6.471745135967883,6.247790257435483,0.859375,0.7916666666666667,0.007895521819591522,44.60694885253906,1.1246635040151887e-05,0.0,-0.9577845931053162,1,0,0.999956488609314,539.9372441979066,0.999956488609314,2.0227249478921294e-05,2.0794579995708773e-06,1.8218036075268174e-06,1.975334271264728e-06,2.3774191504344344e-06,1.9674344002851285e-06,2.3592556317453273e-06,2.0037509784742724e-06,3.689076720547746e-06,2.7661046715365956e-06,2.1383893908932805e-06
708,23199744,0.0002010200000000017,6.813078737769193,6.323179150924757,0.90625,0.7963541666666666,0.10410352796316147,82.47767639160156,1.123888523579808e-05,0.0,-0.9585025310516357,1,0,0.9999566078186035,539.9785018544992,0.9999566078186035,2.0214061805745587e-05,2.0784173102583736e-06,1.8209196923635318e-06,1.9743495158763835e-06,2.3762274850014364e-06,1.9664555566123454e-06,2.358072606511996e-06,2.0027500795549713e-06,3.6872270356980152e-06,2.764717692116392e-06,2.1373170966398902e-06
709,23232512,0.0002008800000000017,6.375022391842824,6.356230509176494,0.859375,0.8026041666666666,0.008270815014839172,65.98135375976562,1.1234656085434835e-05,0.0,-0.9592544436454773,1,0,0.9999566078186035,540.0207203738263,0.9999566078186035,2.020348074438516e-05,2.077632643704419e-06,1.8202529190602945e-06,1.973617145267781e-06,2.375273652432952e-06,1.9657261418615235e-06,2.357126049901126e-06,2.0020031570311403e-06,3.6857261420664145e-06,2.7635919650492724e-06,2.1365040083765052e-06
710,23265280,0.00020074000000000169,6.23926784623548,6.3989002675373605,0.84375,0.8135416666666666,-0.029312781989574432,33.14341354370117,1.1229105439269915e-05,0.0,-0.9604857563972473,1,0,0.9999566078186035,540.0610453150238,0.9999566078186035,2.0189689166727476e-05,2.0765592125826515e-06,1.8193435380453593e-06,1.9726012396859005e-06,2.3740324195387075e-06,1.9647156932478538e-06,2.3558945940749254e-06,2.000968834181549e-06,3.6838002870354103e-06,2.762148142210208e-06,2.1353935153456405e-06
711,23298048,0.00020060000000000168,6.3865782662997015,6.422097706295237,0.84375,0.8213541666666666,0.0450124517083168,55.87187194824219,1.1225149137317203e-05,0.0,-0.9606945514678955,1,0,0.9999566078186035,540.1376623532989,0.9999566078186035,2.017995029746089e-05,2.0757947822858114e-06,1.818677560549986e-06,1.9718752355402103e-06,2.3731608962407336e-06,1.9639926449599443e-06,2.355029891987215e-06,2.0002323708467884e-06,3.6824444578087423e-06,2.761134055617731e-06,2.1346077119233087e-06
712,23330816,0.00020046000000000167,6.959101650140048,6.478614295312549,0.890625,0.8369791666666666,-0.04234924912452698,48.569801330566406,1.1221372915315442e-05,0.0,-0.9605692028999329,1,0,0.9999566078186035,540.2027224699967,0.9999566078186035,2.0170637071714737e-05,2.0750624116772087e-06,1.8180357983510476e-06,1.971179472093354e-06,2.3723237063677516e-06,1.9632998373708688e-06,2.3541990685771452e-06,1.9995266029582126e-06,3.6811452446272597e-06,2.7601599867921323e-06,2.1338546503102407e-06
713,23363584,0.00020032000000000166,6.53530820697777,6.512334772324101,0.890625,0.8510416666666666,0.06858457624912262,45.628387451171875,1.1217075552849565e-05,0.0,-0.961092472076416,1,0,0.9999566078186035,540.2721807169567,0.9999566078186035,2.016003963944968e-05,2.074227495540981e-06,1.8173043372371467e-06,1.970386392713408e-06,2.3713689643045655e-06,1.9625097138487035e-06,2.3532516024715733e-06,1.9987221548944945e-06,3.6796641325054225e-06,2.759049266387592e-06,2.132996087311767e-06
714,23396352,0.00020018000000000165,6.621369738973458,6.4740807613471585,0.90625,0.8604166666666666,0.04690425097942352,42.222259521484375,1.1212899153179023e-05,0.0,-0.9623184204101562,1,0,0.9999566078186035,540.3429519270547,0.9999566078186035,2.0149756892351434e-05,2.073420546366833e-06,1.8166145991926896e-06,1.969619916053489e-06,2.3704444629402133e-06,1.9617464204202406e-06,2.3523339223174844e-06,1.9979445369244786e-06,3.678232587844832e-06,2.75797356152907e-06,2.1321664007700747e-06
715,23429120,0.00020004000000000164,6.13878136093512,6.485170479915647,0.78125,0.8541666666666666,0.07742156088352203,48.84330749511719,1.1204941984033212e-05,0.0,-0.9639795422554016,1,0,0.9999567270278931,540.401590106632,0.9999567270278931,2.0136025341344066e-05,2.072337565550697e-06,1.8156778196498635e-06,1.9685908227984328e-06,2.369208459640504e-06,1.960721647265018e-06,2.3511074687121436e-06,1.996902938117273e-06,3.676314690892468e-06,2.7565354230318917e-06,2.1310545434971573e-06
716,23461888,0.00019990000000000163,6.019635754760362,6.455988908990184,0.796875,0.8578125,0.10846468061208725,62.26295471191406,1.1200122571608517e-05,0.0,-0.9643538594245911,1,0,0.9999567270278931,540.475261308562,0.9999567270278931,2.0124160073464736e-05,2.0714010133815464e-06,1.8148589333577547e-06,1.967701336980099e-06,2.3681377570028417e-06,1.9598355720518157e-06,2.3500449515267974e-06,1.9960002646257635e-06,3.6746532714460045e-06,2.7552896426641382e-06,2.130091615981655e-06
717,23494656,0.00019976000000000162,6.252043606055027,6.434018755998897,0.796875,0.8515625,0.14359116554260254,52.91914367675781,1.119763601309387e-05,0.0,-0.9643235206604004,1,0,0.9999567270278931,540.5745158152962,0.9999567270278931,2.0118039174121805e-05,2.0709189811896067e-06,1.8144367004424566e-06,1.967243406397756e-06,2.3675868305872427e-06,1.9593794604588766e-06,2.3494981178373564e-06,1.9955359675805084e-06,3.673798346426338e-06,2.7546486762730638e-06,2.129595941369189e-06
718,23527424,0.00019962000000000162,6.200155754448858,6.3727264576668645,0.78125,0.8390625,0.01665809005498886,57.64619445800781,1.1190802069904748e-05,0.0,-0.9635037183761597,1,0,0.9999568462371826,540.6541516506633,0.9999568462371826,2.010703246924095e-05,2.0700622371805366e-06,1.8136861399398185e-06,1.966429636013345e-06,2.366605031056679e-06,1.9585688733059214e-06,2.348523821638082e-06,1.994708327401895e-06,3.6722751701745437e-06,2.753506350927637e-06,2.1287128220137674e-06
719,23560192,0.0001994800000000016,6.411372028304029,6.3763614213129856,0.796875,0.8328125,0.03644108399748802,70.08415222167969,1.1185930816282053e-05,0.0,-0.9616885781288147,1,0,0.9999568462371826,540.717078202017,0.9999568462371826,2.0095030777156353e-05,2.0691188638011226e-06,1.8128595229427447e-06,1.9655333289847476e-06,2.365528871450806e-06,1.9576762042561313e-06,2.34745562011085e-06,1.9937995148211485e-06,3.670601472549606e-06,2.752254204096971e-06,2.127742618540651e-06
720,23592960,0.00019934000000000163,5.898951599087937,6.342329796598231,0.875,0.8359375,0.030702002346515656,53.127960205078125,1.1183401511516422e-05,0.0,-0.9622185230255127,1,0,0.9999568462371826,540.8159729839273,0.9999568462371826,2.0088784367544577e-05,2.068629555651569e-06,1.8124549114872934e-06,1.9650685771921417e-06,2.3649693048355402e-06,1.9572134988266043e-06,2.346900600969093e-06,1.9933279418182792e-06,3.669733359856764e-06,2.751603233264177e-06,2.1272394405968953e-06
721,23625728,0.00019920000000000164,5.711184460267038,6.274790415994964,0.734375,0.825,0.016727104783058167,62.89910125732422,1.1176573934790213e-05,0.0,-0.9637002348899841,1,0,0.9999568462371826,540.8663209921652,0.9999568462371826,2.0071915059816092e-05,2.0673064682341646e-06,1.8113005353370681e-06,1.963811428140616e-06,2.3634540866623865e-06,1.9559613519959385e-06,2.345396978853387e-06,1.992054649235797e-06,3.6673893646366196e-06,2.749840632532141e-06,2.125880882886122e-06
722,23658496,0.00019906000000000163,6.074727190590685,6.186352970040028,0.796875,0.815625,-0.01134692132472992,44.574180603027344,1.1174620340170804e-05,0.0,-0.9639212489128113,1,0,0.9999568462371826,540.9735304663435,0.9999568462371826,2.006709109991789e-05,2.0669278910645517e-06,1.8109794837073423e-06,1.9634519503597403e-06,2.3630216219316935e-06,1.9556032384571154e-06,2.34496769735415e-06,1.991689941860386e-06,3.6667179301730357e-06,2.7493369998410344e-06,2.125491619153763e-06
723,23691264,0.00019892000000000163,5.357911453606696,6.068613294702921,0.75,0.8015625,0.06667444109916687,45.90774154663086,1.1167269803991076e-05,0.0,-0.96453458070755,1,0,0.9999569654464722,541.0604861690811,0.9999569654464722,2.0054869310115464e-05,2.0659642814280232e-06,1.8101369505529874e-06,1.9625369986897567e-06,2.3619222702109255e-06,1.9546916973922634e-06,2.3438767584593734e-06,1.9907615751435515e-06,3.6650085348810535e-06,2.7480580229166662e-06,2.1245007246761816e-06
724,23724032,0.00019878000000000162,5.191768360828997,5.925653156888475,0.6875,0.7796875,-0.04161138832569122,58.122493743896484,1.1164792340423446e-05,0.0,-0.9646991491317749,1,0,0.9999569654464722,541.1657704348339,0.9999569654464722,2.004878842853941e-05,2.0654836134781362e-06,1.8097226757163298e-06,1.9620802049757913e-06,2.361372708037379e-06,1.9542367226677015e-06,2.3433315163856605e-06,1.990298187592998e-06,3.6641558835981414e-06,2.74741864814132e-06,2.1240066416794434e-06
725,23756800,0.0001986400000000016,5.747988490130127,5.886573869807975,0.703125,0.771875,0.03341563791036606,47.606040954589844,1.1160324902448338e-05,0.0,-0.9658695459365845,1,0,0.9999569654464722,541.2491313956933,0.9999569654464722,2.003773806791287e-05,2.0646209577535046e-06,1.8089668856191565e-06,1.961260750249494e-06,2.3603863610333065e-06,1.9534206785465358e-06,2.342352900086553e-06,1.9894653178198496e-06,3.6626222481572768e-06,2.7462713205750333e-06,2.123117383234785e-06
726,23789568,0.0001985000000000016,4.797193095051284,5.7643296038370675,0.609375,0.753125,0.026689745485782623,35.50941467285156,1.1155507309013046e-05,0.0,-0.9662673473358154,1,0,0.9999569654464722,541.3437112808928,0.9999569654464722,2.002589280891698e-05,2.063683950837003e-06,1.8081599364450085e-06,1.9603705823101336e-06,2.3593152036482934e-06,1.952535967575386e-06,2.3412899281538557e-06,1.988564235944068e-06,3.6609635571949184e-06,2.7450248580862535e-06,2.1221558199613355e-06
727,23822336,0.0001983600000000016,5.524797304262026,5.691604973657768,0.609375,0.734375,0.0505678653717041,53.33411407470703,1.1151750186400022e-05,0.0,-0.9655410647392273,1,0,0.9999569654464722,541.4434797906665,0.9999569654464722,2.0016652342746966e-05,2.062957946691313e-06,1.8075253365168464e-06,1.9596809579525143e-06,2.358483015996171e-06,1.9518492990755476e-06,2.3404638795909705e-06,1.9878648345184047e-06,3.659675257949857e-06,2.7440567009762162e-06,2.12140912481118e-06
728,23855104,0.00019822000000000158,5.6539516819924875,5.6369845664121305,0.6875,0.725,0.10049877315759659,57.39298629760742,1.1145259122713469e-05,0.0,-0.9650046825408936,1,0,0.9999569654464722,541.4842767519461,0.9999569654464722,2.0000661606900394e-05,2.06169715966098e-06,1.8064603182210703e-06,1.9584961137297796e-06,2.3570348730572732e-06,1.9506692296999972e-06,2.3390268779621692e-06,1.986655433938722e-06,3.6574215300788637e-06,2.7423716346675064e-06,2.120106728398241e-06
729,23887872,0.00019808000000000157,5.5942239163216305,5.5552697552138905,0.6979166666666666,0.7151041666666667,0.06657081842422485,56.44868469238281,1.1141337381559424e-05,0.0,-0.9649856090545654,1,0,0.9999569654464722,541.5555111059025,0.9999569654464722,1.9991070075775497e-05,2.0609345483535435e-06,1.8058194655168336e-06,1.9577773855417036e-06,2.356160621275194e-06,1.94995504898543e-06,2.338159220016678e-06,1.9859242001984967e-06,3.656068429336301e-06,2.7413543648435734e-06,2.1193204702285584e-06
730,23920640,0.00019794000000000156,5.654825475186417,5.530857142823739,0.828125,0.7104166666666667,0.05958156660199165,56.814483642578125,1.1132477993669454e-05,0.0,-0.9639872908592224,1,0,0.9999570846557617,541.6016166530512,0.9999570846557617,1.9975141185568646e-05,2.059669213849702e-06,1.8047352341454825e-06,1.956586856977083e-06,2.354716571062454e-06,1.9487692952679936e-06,2.3367263111140346e-06,1.9847125258820597e-06,3.6538237964123255e-06,2.7396743007557234e-06,2.1180212570470758e-06
731,23953408,0.00019780000000000156,5.596258233565543,5.519364520153589,0.828125,0.7197916666666666,-0.04506475478410721,50.03718948364258,1.1128527148684952e-05,0.0,-0.9653088450431824,1,0,0.9999570846557617,541.6894361114131,0.9999570846557617,1.996542778215371e-05,2.058903419310809e-06,1.8040640270555741e-06,1.9558592612156644e-06,2.3538386813015677e-06,1.9480444279906806e-06,2.335855015189736e-06,1.9839731066895183e-06,3.6524654660752276e-06,2.7386529382056324e-06,2.117231815645937e-06
732,23986176,0.00019766000000000157,5.308239508041829,5.442715751898704,0.765625,0.7166666666666666,-0.05873076245188713,28.898727416992188,1.1119436749140732e-05,0.0,-0.9663183689117432,1,0,0.9999570846557617,541.7230800537137,0.9999570846557617,1.9942952349083498e-05,2.0571487766574137e-06,1.8025335748461657e-06,1.95419238480099e-06,2.3518348370998865e-06,1.946384600159945e-06,2.333866632397985e-06,1.9822839476546505e-06,3.6493524930847343e-06,2.736321675911313e-06,2.1154294245206984e-06
733,24018944,0.0001975200000000016,6.201090141378174,5.5270336206758515,0.890625,0.7307291666666667,0.05404723808169365,50.684295654296875,1.1115430424979422e-05,0.0,-0.9668689370155334,1,0,0.9999570846557617,541.7993969941796,0.9999570846557617,1.99331043404527e-05,2.0563741145451786e-06,1.8018564560406958e-06,1.953454557224177e-06,2.3509467155236052e-06,1.945649501067237e-06,2.332985332031967e-06,1.9815354335150914e-06,3.64797801921668e-06,2.735288489930099e-06,2.1146308881725417e-06
734,24051712,0.00019738000000000158,6.361031528225348,5.643959937415486,0.84375,0.7463541666666667,0.09741339832544327,45.610443115234375,1.1112247193523217e-05,0.0,-0.9675509333610535,1,0,0.9999570846557617,541.8847621791682,0.9999570846557617,1.9925273591070436e-05,2.0557563402689993e-06,1.8013186036114348e-06,1.9528695247572614e-06,2.350240720261354e-06,1.9450669697107514e-06,2.3322847937379265e-06,1.980940169232781e-06,3.646882305474719e-06,2.7344669888407225e-06,2.1139956061233534e-06
735,24084480,0.00019724000000000157,6.360786679826968,5.70523975638517,0.84375,0.7604166666666666,0.010979155078530312,44.1536750793457,1.110414359573042e-05,0.0,-0.9686535000801086,1,0,0.9999572038650513,541.934477217024,0.9999572038650513,1.9911238268832676e-05,2.0546472114801873e-06,1.8003621562456829e-06,1.951816102518933e-06,2.3489749310101615e-06,1.944017640198581e-06,2.3310285541811027e-06,1.9798733319476014e-06,3.6449148410611087e-06,2.7329942895448767e-06,2.1128569187567336e-06
736,24117248,0.00019710000000000157,6.110446540422701,5.8365651009223125,0.828125,0.7822916666666666,-0.007749602198600769,30.444808959960938,1.1098555660282727e-05,0.0,-0.9701587557792664,1,0,0.9999572038650513,541.9892673498455,0.9999572038650513,1.9897439415217377e-05,2.0535578642011387e-06,1.7994318568526069e-06,1.9507813249219907e-06,2.3477298327634344e-06,1.9429887743172003e-06,2.3297927782550687e-06,1.978824002435431e-06,3.642982619567192e-06,2.7315454644849524e-06,2.1117371034051757e-06
737,24150016,0.00019696000000000156,6.232114582115848,5.907296828707694,0.828125,0.8041666666666666,0.0741986557841301,60.54847717285156,1.1090747648268007e-05,0.0,-0.9715743660926819,1,0,0.9999573230743408,542.048525171861,0.9999573230743408,1.9884084395016544e-05,2.0525087620626437e-06,1.7985125850827899e-06,1.949784746102523e-06,2.3465304366254713e-06,1.941996060850215e-06,2.3286024770641234e-06,1.977812871700735e-06,3.641121338660014e-06,2.730149844865082e-06,2.1106582153151976e-06
738,24182784,0.00019682000000000155,6.363370243405315,5.978238684848977,0.90625,0.8260416666666666,0.025171928107738495,45.89760208129883,1.108540436689509e-05,0.0,-0.9727010726928711,1,0,0.9999573230743408,542.0993220867034,0.9999573230743408,1.987094947253354e-05,2.051479441433912e-06,1.7976104800254689e-06,1.9488068119244417e-06,2.3453492303815437e-06,1.9410204004088882e-06,2.327430138393538e-06,1.9768190213653725e-06,3.6392953006725293e-06,2.7287753709970275e-06,2.109595470756176e-06
739,24215552,0.00019668000000000157,6.040223144888979,6.022838607705712,0.765625,0.8328125,0.042238812893629074,45.71831512451172,1.1075355359935202e-05,0.0,-0.9747441411018372,1,0,0.9999573230743408,542.0913083498891,0.9999573230743408,1.9846271243295632e-05,2.049527893177583e-06,1.7959312117454829e-06,1.9469603103061672e-06,2.3431223326042527e-06,1.939181174748228e-06,2.325220748389256e-06,1.9749440980376676e-06,3.6358333090902306e-06,2.726184447965352e-06,2.1075925360491965e-06
740,24248320,0.00019654000000000158,5.809991183454264,6.0383551785324965,0.765625,0.8265625,0.04108965024352074,42.202117919921875,1.106972740672063e-05,0.0,-0.9751052260398865,1,0,0.9999573230743408,542.1505388476044,0.9999573230743408,1.9832403268083e-05,2.04843377105135e-06,1.794989429981797e-06,1.9459246232145233e-06,2.341866775168455e-06,1.938153218361549e-06,2.3239747406478273e-06,1.9738934042834444e-06,3.6338919926492963e-06,2.72472402684798e-06,2.1064633983769454e-06
741,24281088,0.0001964000000000016,5.879566773223578,6.066686032498301,0.703125,0.8140625,-0.10143472254276276,39.22881317138672,1.1065360013162717e-05,0.0,-0.97512286901474,1,0,0.9999573230743408,542.2251035808578,0.9999573230743408,1.98216821445385e-05,2.0475861219892977e-06,1.794256831999519e-06,1.9451192656561034e-06,2.3408979359373916e-06,1.9373510440345854e-06,2.323013177374378e-06,1.9730766780412523e-06,3.6323881431599148e-06,2.723596480791457e-06,2.1055918750789715e-06
742,24313856,0.0001962600000000016,6.068505849492272,6.142712666643345,0.734375,0.8109375,0.029175113886594772,49.73638153076172,1.1058062227675691e-05,0.0,-0.9749208688735962,1,0,0.9999574422836304,542.2853028604694,0.9999574422836304,1.9809629520750605e-05,2.046631607299787e-06,1.7934276002051774e-06,1.9442124994384358e-06,2.339806542295264e-06,1.9364463241799967e-06,2.3219301965582417e-06,1.972155132534681e-06,3.6306914807937574e-06,2.722326826187782e-06,2.104610302922083e-06
743,24346624,0.00019612000000000158,6.209316079870412,6.143535260492568,0.78125,0.8,-0.049965210258960724,49.26184844970703,1.1053093658119906e-05,0.0,-0.9755213856697083,1,0,0.9999574422836304,542.3429108173351,0.9999574422836304,1.979748412850313e-05,2.0456695892789867e-06,1.7925913198268972e-06,1.9432986846368294e-06,2.338706735827145e-06,1.935534328367794e-06,2.3208388029161142e-06,1.971228130059899e-06,3.6289816307544243e-06,2.721047394516063e-06,2.1036210000602296e-06
744,24379392,0.00019598000000000158,6.589899435365611,6.166422051206594,0.859375,0.8015625,0.04944143071770668,58.66459274291992,1.1048641681554727e-05,0.0,-0.9761239886283875,1,0,0.9999574422836304,542.3970421399459,0.9999574422836304,1.9786535631283186e-05,2.044811026280513e-06,1.7918529238158953e-06,1.942485368999769e-06,2.337711975997081e-06,1.9347260149515932e-06,2.319851773791015e-06,1.9704029909917153e-06,3.627445039455779e-06,2.719890062508057e-06,2.10273628908908e-06
745,24412160,0.00019584000000000157,6.529354612706013,6.1832788444945,0.78125,0.7953125,0.10326215624809265,64.9681396484375,1.1044601706089452e-05,0.0,-0.9759470224380493,1,0,0.9999574422836304,542.4594494816018,0.9999574422836304,1.9776593035203405e-05,2.044023631242453e-06,1.7911900158651406e-06,1.9417464045545785e-06,2.336807483516168e-06,1.9339915979799116e-06,2.3189536477730144e-06,1.9696494746312965e-06,3.62603736903111e-06,2.7188370950170793e-06,2.1019204723415896e-06
746,24444928,0.00019570000000000156,5.973666313673119,6.169600821819541,0.8125,0.79375,0.10388948768377304,58.43731689453125,1.1039280252589379e-05,0.0,-0.9771671891212463,1,0,0.9999574422836304,542.50620590913,0.9999574422836304,1.9763510863413103e-05,2.04299090000859e-06,1.7903037132782629e-06,1.940766878760769e-06,2.3356265046459157e-06,1.9330179839016637e-06,2.3177819912234554e-06,1.9686563064169604e-06,3.62420860255952e-06,2.717463075896376e-06,2.100860228892998e-06
747,24477696,0.00019556000000000155,5.818173196103148,6.128206683218271,0.65625,0.7765625,0.14539894461631775,75.436279296875,1.1034650924557354e-05,0.0,-0.9778082370758057,1,0,0.9999574422836304,542.583448137727,0.9999574422836304,1.9752091247937642e-05,2.0420945929799927e-06,1.7895200699058478e-06,1.9399176380829886e-06,2.334604232601123e-06,1.932170107465936e-06,2.316767677257303e-06,1.967792741197627e-06,3.6226190331944963e-06,2.716274138947483e-06,2.099940957123181e-06
748,24510464,0.00019542000000000157,6.056674367587019,6.097537095636442,0.6875,0.7546875,-0.09965375065803528,44.737823486328125,1.1029748748114798e-05,0.0,-0.9783117771148682,1,0,0.9999574422836304,542.6498229903432,0.9999574422836304,1.9740095012821257e-05,2.0411443983903155e-06,1.7887113017422962e-06,1.9390258785279e-06,2.3335112473432673e-06,1.9312824406370055e-06,2.315683104825439e-06,1.9668884760903893e-06,3.6209230529493652e-06,2.715002437980729e-06,2.0989577933505643e-06
749,24543232,0.00019528000000000156,6.836022622034096,6.177117043350953,0.765625,0.7546875,-0.04561857134103775,39.856201171875,1.1024792911484838e-05,0.0,-0.9782759547233582,1,0,0.9999575614929199,542.7181283405816,0.9999575614929199,1.9733717635972425e-05,2.040661911451025e-06,1.7883056671053055e-06,1.9385749965294963e-06,2.3329266696237028e-06,1.930833377628005e-06,2.315104893568787e-06,1.9664310002553975e-06,3.6200156046106713e-06,2.7143191800860222e-06,2.0984555249015102e-06
750,24576000,0.00019514000000000155,6.327215020508485,6.228839427056375,0.828125,0.7609375,0.07596708089113235,63.99422836303711,1.1016220014425926e-05,0.0,-0.9780057668685913,1,0,0.9999576807022095,542.7502082090161,0.9999576807022095,1.971849997062236e-05,2.039455921476474e-06,1.7872760054160608e-06,1.9374331259314204e-06,2.3315476482821396e-06,1.9296994651085697e-06,2.3137365587899694e-06,1.965268893400207e-06,3.617876245698426e-06,2.7127150588057702e-06,2.0972156562493183e-06
751,24608768,0.00019500000000000154,6.384332774312195,6.279316027165237,0.71875,0.7625,-0.002185255289077759,35.1853141784668,1.1013572475349065e-05,0.0,-0.978508710861206,1,0,0.9999576807022095,542.8368803138566,0.9999576807022095,1.971199526451528e-05,2.0389427390909987e-06,1.786850020835118e-06,1.9369454093975946e-06,2.3309607968258206e-06,1.9292135675641475e-06,2.313154027433484e-06,1.9647741282824427e-06,3.6169653867546003e-06,2.7120322556584142e-06,2.0966874672012636e-06
752,24641536,0.00019486000000000153,6.214682370516089,6.293933679267619,0.71875,0.7609375,-0.007016351446509361,61.46125030517578,1.1008956789737567e-05,0.0,-0.978060245513916,1,0,0.9999576807022095,542.8943605247518,0.9999576807022095,1.9700624761753716e-05,2.038044613072998e-06,1.7860866137198173e-06,1.9360923033673316e-06,2.329936023670598e-06,1.9283656911284197e-06,2.3121351659938227e-06,1.9639105630631093e-06,3.6153721794107696e-06,2.71083990810439e-06,2.0957638753316132e-06
753,24674304,0.00019472000000000152,6.502427344258696,6.323244805706447,0.890625,0.771875,-0.03983687609434128,48.16623306274414,1.1003934559994377e-05,0.0,-0.9783968925476074,1,0,0.9999576807022095,542.9511904798803,0.9999576807022095,1.96883047465235e-05,2.037068952631671e-06,1.7852555629360722e-06,1.9351709852344356e-06,2.3288209831662243e-06,1.9274482383480063e-06,2.3110285383154405e-06,1.9629724192782305e-06,3.613641638366971e-06,2.709545242396416e-06,2.094762976412312e-06
754,24707072,0.00019458000000000154,5.478281935826463,6.212083055752533,0.734375,0.759375,0.04412339627742767,50.28583526611328,1.0999340702255722e-05,0.0,-0.978894829750061,1,0,0.9999576807022095,543.0407949801131,0.9999576807022095,1.9676985175465234e-05,2.036179466813337e-06,1.784474420674087e-06,1.934324245667085e-06,2.3278039407159667e-06,1.9266065010015154e-06,2.310019226570148e-06,1.9621152205218095e-06,3.612063665059395e-06,2.7083594886789797e-06,2.0938459783792496e-06
755,24739840,0.00019444000000000153,5.626609913305741,6.121808585812506,0.78125,0.759375,0.06986890733242035,42.64430236816406,1.0994246622431092e-05,0.0,-0.9783369302749634,1,0,0.9999576807022095,543.1127043267404,0.9999576807022095,1.966452873602975e-05,2.0351931198092643e-06,1.7836117649494554e-06,1.933389057739987e-06,2.326676622033119e-06,1.925673586811172e-06,2.308900320713292e-06,1.961164798558457e-06,3.610314252000535e-06,2.7070502710557776e-06,2.0928339381498517e-06
756,24772608,0.00019430000000000152,6.1643530630893535,6.140877260754129,0.875,0.765625,0.015085600316524506,44.666378021240234,1.0985736480506603e-05,0.0,-0.9801071286201477,1,0,0.999957799911499,543.1634226978574,0.999957799911499,1.9649460227810778e-05,2.034006001849775e-06,1.7825713030106272e-06,1.9322592379467096e-06,2.3253169274539687e-06,1.9245483144914033e-06,2.3075535864336416e-06,1.960018835234223e-06,3.6082080896449042e-06,2.705465931285289e-06,2.091611122523318e-06
757,24805376,0.00019416000000000152,6.116325803823772,6.17069252152619,0.8125,0.78125,-0.015249356627464294,27.230712890625,1.097303356800694e-05,0.0,-0.9795436859130859,1,0,0.999957799911499,543.1390458775621,0.999957799911499,1.9618226360762492e-05,2.031551730397041e-06,1.7804203480409342e-06,1.92992797565239e-06,2.3225113636726746e-06,1.9222261471441016e-06,2.304769168404164e-06,1.9576541490096133e-06,3.6038543385075172e-06,2.702201300053275e-06,2.089087274725898e-06
758,24838144,0.0001940200000000015,6.121324632384189,6.177157548005907,0.8125,0.79375,-0.005334004759788513,52.97977828979492,1.0964641660393681e-05,0.0,-0.9790508151054382,1,0,0.999957799911499,543.1737360605476,0.999957799911499,1.959756264113821e-05,2.029928737101727e-06,1.7789981257010368e-06,1.9283861547592096e-06,2.320658040844137e-06,1.9206922843295615e-06,2.3029281237541e-06,1.956091864485643e-06,3.6009755604027305e-06,2.7000453428627225e-06,2.0874185793218203e-06
759,24870912,0.0001938800000000015,6.372640435118035,6.130819329314302,0.875,0.8046875,0.11318795382976532,52.365814208984375,1.0957161066471599e-05,0.0,-0.9796574115753174,1,0,0.999957799911499,543.2006625874008,0.999957799911499,1.9579199943109415e-05,2.02848355002061e-06,1.7777362018023268e-06,1.9270148641226115e-06,2.319003215234261e-06,1.919322812682367e-06,2.301288077433128e-06,1.9546969269867986e-06,3.5984112400910817e-06,2.698122443689499e-06,2.085933829221176e-06
760,24903680,0.0001937400000000015,6.430546842615723,6.141152511525026,0.828125,0.8046875,0.09971556067466736,48.125457763671875,1.0949047464237083e-05,0.0,-0.9797688722610474,1,0,0.9999579191207886,543.2559185102821,0.9999579191207886,1.956511005118955e-05,2.027371465374017e-06,1.776760086613649e-06,1.925956894410774e-06,2.3177344701252878e-06,1.9182725736754946e-06,2.300026608281769e-06,1.9536273612175137e-06,3.5964387734566117e-06,2.6966438326780917e-06,2.0847885480179684e-06
761,24936448,0.0001936000000000015,6.416144781869875,6.144333712280793,0.890625,0.821875,0.08122998476028442,48.057456970214844,1.0943817869701888e-05,0.0,-0.9799181222915649,1,0,0.9999579191207886,543.3107924144963,0.9999579191207886,1.9552240701159462e-05,2.026366473728558e-06,1.7758793546818197e-06,1.9250019249739125e-06,2.3165830498328432e-06,1.917319650601712e-06,2.2988865566730965e-06,1.9526571577443974e-06,3.5946559364674613e-06,2.6953039196087047e-06,2.0837549072894035e-06
762,24969216,0.0001934600000000015,6.1321546625595476,6.136080941485139,0.828125,0.8328125,0.0792529433965683,35.8387451171875,1.0938874765997753e-05,0.0,-0.9798064827919006,1,0,0.9999579191207886,543.3716822109034,0.9999579191207886,1.954014260263648e-05,2.025406047323486e-06,1.7750394363247324e-06,1.9240917481511133e-06,2.3154852897278033e-06,1.916411065394641e-06,2.2977969820203725e-06,1.9517317468853435e-06,3.592952225517365e-06,2.6940294901578454e-06,2.082769697153708e-06
763,25001984,0.0001933200000000015,6.609815173930221,6.146819724452293,0.90625,0.834375,0.07002295553684235,45.90211486816406,1.093444643629482e-05,0.0,-0.9787180423736572,1,0,0.9999579191207886,543.4236412922,0.9999579191207886,1.952931961568538e-05,2.0245465748303104e-06,1.7742914906193619e-06,1.923273430293193e-06,2.314505309186643e-06,1.9155997961206594e-06,2.296822003700072e-06,1.950905698322458e-06,3.5914276850235183e-06,2.6928864826913923e-06,2.081883849314181e-06
764,25034752,0.0001931800000000015,6.444993576454248,6.243490888515071,0.859375,0.846875,-0.09054240584373474,37.14717483520508,1.0931146789516788e-05,0.0,-0.9790793657302856,1,0,0.9999579191207886,543.4969186617434,0.9999579191207886,1.9521237845765427e-05,2.0239058358129114e-06,1.7737296502673416e-06,1.922664523590356e-06,2.3137724838306895e-06,1.914993617901928e-06,2.29609509005968e-06,1.950287924046279e-06,3.590291271393653e-06,2.6920340587821556e-06,2.0812249204027466e-06
765,25067520,0.0001930400000000015,6.954591298395311,6.376289027024027,0.875,0.85625,-0.0008317381143569946,49.21796417236328,1.0927212315436918e-05,0.0,-0.9786580801010132,1,0,0.9999579191207886,543.5539089002906,0.9999579191207886,1.951161539182067e-05,2.0231416328897467e-06,1.7730600347931613e-06,1.921938519444666e-06,2.312898686795961e-06,1.9142705696140183e-06,2.2952278868615394e-06,1.9495514607115183e-06,3.5889352147933096e-06,2.6910176984529244e-06,2.080439116980415e-06
766,25100288,0.0001929000000000015,6.613833095556808,6.421237030270774,0.828125,0.8515625,-0.0615093968808651,33.35584259033203,1.0918437510554213e-05,0.0,-0.9803823232650757,1,0,0.9999579191207886,543.567272525675,0.9999579191207886,1.9490042177494615e-05,2.021446334765642e-06,1.7715725562084117e-06,1.9203300780645804e-06,2.310958507223404e-06,1.9126644019706873e-06,2.293304987688316e-06,1.947915961864055e-06,3.5859279705618974e-06,2.688762378966203e-06,2.078697662000195e-06
767,25133056,0.00019276000000000148,6.8802490727032035,6.497629357158717,0.890625,0.859375,-0.04586870223283768,52.71028518676758,1.090970454242779e-05,0.0,-0.9808095693588257,1,0,0.9999580383300781,543.5903694734426,0.9999580383300781,1.947451164596714e-05,2.020215106313117e-06,1.7705003756418591e-06,1.919158648888697e-06,2.3095531105354894e-06,1.9115011582471197e-06,2.291908003826393e-06,1.9467315723886713e-06,3.583744046409265e-06,2.687124833755661e-06,2.0774295990122482e-06
768,25165824,0.00019262000000000147,6.203381100591782,6.505835003979475,0.75,0.853125,0.04253681004047394,48.20283508300781,1.0906851457548328e-05,0.0,-0.980862021446228,1,0,0.9999580383300781,543.6706367626492,0.9999580383300781,1.9467528545646928e-05,2.0196582681819564e-06,1.7700259604680468e-06,1.918631369335344e-06,2.3089144178811694e-06,1.9109725144517142e-06,2.2912763597560115e-06,1.9461931515252218e-06,3.582756562536815e-06,2.686384277694742e-06,2.076859118460561e-06
769,25198592,0.00019248000000000146,6.450901614250252,6.513661121892698,0.8125,0.846875,-0.028583120554685593,24.80805206298828,1.0900362212851178e-05,0.0,-0.9819789528846741,1,0,0.9999581575393677,543.7368014421362,0.9999581575393677,1.9457451344351284e-05,2.0188610960758524e-06,1.7693308791422169e-06,1.917874214996118e-06,2.3080033315636683e-06,1.9102185433439445e-06,2.2903720946487738e-06,1.9454250832495745e-06,3.5813422982755583e-06,2.6853244889935013e-06,2.0760396637342637e-06
770,25231360,0.00019234000000000148,6.532737206256147,6.523880158256739,0.765625,0.840625,0.0697050616145134,50.831512451171875,1.0895794730458874e-05,0.0,-0.980280876159668,1,0,0.9999581575393677,543.7934157078288,0.9999581575393677,1.9446248188614845e-05,2.017977976720431e-06,1.7685564444036572e-06,1.917032932396978e-06,2.3069953840604285e-06,1.9093845367024187e-06,2.28936983148742e-06,1.9445756151981186e-06,3.579775011530728e-06,2.6841489670914598e-06,2.0751290321641136e-06
771,25264128,0.0001922000000000015,6.350309733698602,6.517296653439613,0.703125,0.821875,0.026348767802119255,36.84333038330078,1.0890343219216447e-05,0.0,-0.9806826710700989,1,0,0.9999581575393677,543.8513646406623,0.9999581575393677,1.943286224559415e-05,2.016923417613725e-06,1.767632397786656e-06,1.9160313513566507e-06,2.305790076206904e-06,1.908386821014574e-06,2.288173618580913e-06,1.943559482242563e-06,3.5779048630502075e-06,2.682746526261326e-06,2.074044687105925e-06
772,25296896,0.0001920600000000015,6.125162679494787,6.516597455133136,0.765625,0.815625,0.10246540606021881,43.696922302246094,1.0884375114983413e-05,0.0,-0.9817774295806885,1,0,0.9999581575393677,543.9091963192828,0.9999581575393677,1.9418208466959186e-05,2.0157697235845262e-06,1.7666212670519599e-06,1.9149356376146898e-06,2.3044710815156577e-06,1.9072949726250954e-06,2.2868646283313865e-06,1.942447852343321e-06,3.5758580452238675e-06,2.6812119813257596e-06,2.0728584786411375e-06
773,25329664,0.00019192000000000148,6.158028011121833,6.4714187388522975,0.671875,0.7921875,-0.013170884922146797,47.91677474975586,1.0881735761358868e-05,0.0,-0.9826173186302185,1,0,0.9999581575393677,544.0002189415869,0.9999581575393677,1.941174741659779e-05,2.015262225540937e-06,1.766176524142793e-06,1.9144533780490747e-06,2.3038908238959266e-06,1.9068151004830725e-06,2.2862889181851642e-06,1.9419587715674425e-06,3.5749578728427878e-06,2.680537136257044e-06,2.0723366560559953e-06
774,25362432,0.00019178000000000147,6.736372992820153,6.500556680488889,0.734375,0.7796875,0.05581078305840492,39.02653121948242,1.087295913748676e-05,0.0,-0.981878399848938,1,0,0.9999582767486572,544.0308996083638,0.9999582767486572,1.939607500389684e-05,2.0140250853728503e-06,1.7650974086791393e-06,1.9132780835207086e-06,2.3024742858979153e-06,1.9056428754993249e-06,2.2848855678603286e-06,1.94076483239769e-06,3.5727630347537342e-06,2.678888904483756e-06,2.0710645003418904e-06
775,25395200,0.00019164000000000147,6.047928413906106,6.4098903920399675,0.7083333333333334,0.7630208333333333,0.06658145785331726,35.28188705444336,1.0866617230931297e-05,0.0,-0.9833052158355713,1,0,0.9999582767486572,544.0588536659358,0.9999582767486572,1.9380599042051472e-05,2.0127924926782725e-06,1.7640238638705341e-06,1.912107109092176e-06,2.301067524967948e-06,1.9044780401600292e-06,2.2834869923826773e-06,1.939578851306578e-06,3.570576609490672e-06,2.6772520413942402e-06,2.0697968921012944e-06
776,25427968,0.00019150000000000146,6.448290505912809,6.393336133075567,0.8125,0.7614583333333333,0.036454491317272186,32.33296585083008,1.0860127076739445e-05,0.0,-0.9826492667198181,1,0,0.9999582767486572,544.0879851110609,0.9999582767486572,1.9364673789823428e-05,2.0115335246373434e-06,1.7629273543207091e-06,1.9109111235593446e-06,2.2996284769760678e-06,1.9032869431612198e-06,2.2820588583272183e-06,1.9383658127480885e-06,3.5683431178767933e-06,2.6755776616482763e-06,2.0685022263933206e-06
777,25460736,0.00019136000000000145,5.927466789944376,6.298057904799685,0.828125,0.7552083333333334,-0.08857202529907227,42.043792724609375,1.0853089406737126e-05,0.0,-0.9833929538726807,1,0,0.9999582767486572,544.1288946921695,0.9999582767486572,1.934743340825662e-05,2.0101681457163068e-06,1.7617405774217332e-06,1.90961600310402e-06,2.2980673293204745e-06,1.9019952333110268e-06,2.280509988850099e-06,1.937050228661974e-06,3.5659213608596474e-06,2.6737639018392656e-06,2.0671002403105376e-06
778,25493504,0.00019122000000000144,6.252901562611835,6.303009951001689,0.84375,0.7645833333333334,0.09625335037708282,54.19894027709961,1.084745326807024e-05,0.0,-0.9824731349945068,1,0,0.9999582767486572,544.1775767630505,0.9999582767486572,1.9333656382514164e-05,2.0090794805582846e-06,1.7607867448532488e-06,1.9085800886387005e-06,2.2968229131947737e-06,1.9009651168744313e-06,2.2792748950450914e-06,1.936001126523479e-06,3.5639900488604326e-06,2.6723134851636132e-06,2.0659788333432516e-06
779,25526272,0.00019108000000000143,5.99760388775039,6.257680178351704,0.78125,0.7614583333333333,-0.003185812383890152,33.50996017456055,1.0839135029527824e-05,0.0,-0.9835222363471985,1,0,0.9999583959579468,544.2271386341945,0.9999583959579468,1.9319115381222218e-05,2.007926923397463e-06,1.759776296239579e-06,1.9074848296440905e-06,2.2955048279982293e-06,1.8998742916664924e-06,2.2779668142902665e-06,1.934889951371588e-06,3.561945050023496e-06,2.670780077096424e-06,2.0647933069994906e-06
780,25559040,0.00019094000000000142,6.170733314263138,6.2214797891524025,0.828125,0.7677083333333334,0.09734253585338593,28.45962142944336,1.0834769454959314e-05,0.0,-0.9834712147712708,1,0,0.9999583959579468,544.2958783541198,0.9999583959579468,1.930839425767772e-05,2.0070845039299456e-06,1.7590379002285772e-06,1.906684587993368e-06,2.2945419004827272e-06,1.899077233247226e-06,2.2770111627323786e-06,1.9340782273502555e-06,3.5604509776021587e-06,2.66965957962384e-06,2.063927013296052e-06
781,25591808,0.0001908000000000014,6.270414260002669,6.213490241782809,0.828125,0.7802083333333334,-0.02989114820957184,39.340797424316406,1.0832202860910911e-05,0.0,-0.9842921495437622,1,0,0.9999583959579468,544.3853387868511,0.9999583959579468,1.930208054545801e-05,2.0065924672962865e-06,1.7586052081242087e-06,1.906219040392898e-06,2.2939773316466017e-06,1.8986099803441903e-06,2.276453187732841e-06,1.933602334247553e-06,3.5595783174358075e-06,2.6690054255595896e-06,2.0634231532312697e-06
782,25624576,0.0001906600000000014,6.8317126404869475,6.284145237882026,0.90625,0.7942708333333334,-0.030355798080563545,35.56285858154297,1.0828384802152868e-05,0.0,-0.9846855401992798,1,0,0.9999583959579468,544.4524508833754,0.9999583959579468,1.9292694560135715e-05,2.0058521386090433e-06,1.7579579889570596e-06,1.9055158873015898e-06,2.2931328658160055e-06,1.8979111473527155e-06,2.2756132693757536e-06,1.9328906546434155e-06,3.5582645523390966e-06,2.6680229439079994e-06,2.0626619061658857e-06
783,25657344,0.0001905200000000014,6.530185582298079,6.32136099499965,0.84375,0.8114583333333334,0.004325155168771744,36.94690704345703,1.08218864625087e-05,0.0,-0.9838709235191345,1,0,0.9999583959579468,544.4888080811105,0.9999583959579468,1.9276749299024232e-05,2.0045974906679476e-06,1.756858409862616e-06,1.9043221755055129e-06,2.2916990474186605e-06,1.8967242567669018e-06,2.2741901375411544e-06,1.9316821635584347e-06,3.5560392461775336e-06,2.6663515200198162e-06,2.0613699689420173e-06
784,25690112,0.00019038000000000139,6.485221567366057,6.296245852454241,0.84375,0.8223958333333334,0.017897870391607285,30.39755630493164,1.0813025255629327e-05,0.0,-0.9864327311515808,1,0,0.9999583959579468,544.5045371044401,0.9999583959579468,1.9255032384535298e-05,2.0028855942655355e-06,1.7553563793626381e-06,1.9026957716050674e-06,2.2897393137100153e-06,1.8951024003399652e-06,2.272247684231843e-06,1.9300302938063396e-06,3.5530022159946384e-06,2.6640718715498224e-06,2.059609187199385e-06
785,25722880,0.00019024000000000138,6.358643131546096,6.327317324218241,0.796875,0.83125,-0.09044516086578369,28.461605072021484,1.0805483725562226e-05,0.0,-0.988381564617157,1,0,0.9999585151672363,544.5627218393768,0.9999585151672363,1.9242441339883953e-05,2.0018887880723923e-06,1.754482923388423e-06,1.901748873933684e-06,2.2885999442223692e-06,1.8941593680210644e-06,2.271117182317539e-06,1.929070094774943e-06,3.551234158294392e-06,2.6627462830219883e-06,2.058584186670487e-06
786,25755648,0.00019010000000000137,6.2855089899790535,6.311039172624864,0.8125,0.83125,-0.04154292866587639,30.663509368896484,1.0797758477565367e-05,0.0,-0.9874337911605835,1,0,0.9999585151672363,544.5716336956662,0.9999585151672363,1.9223585695726797e-05,2.000384938583011e-06,1.7532033780298661e-06,1.900333018056699e-06,2.2868764517625095e-06,1.8927490827991278e-06,2.2694066501571797e-06,1.9276262719358783e-06,3.548559561750153e-06,2.660740847204579e-06,2.0570378183037974e-06
787,25788416,0.00018996000000000136,6.08600405546274,6.3268928991767,0.828125,0.83125,0.05629534274339676,37.32051467895508,1.0793564797495492e-05,0.0,-0.9875491261482239,1,0,0.9999585151672363,544.6353011899888,0.9999585151672363,1.9213302948628552e-05,1.999568439714494e-06,1.7524945405966719e-06,1.8995593791260035e-06,2.2859453565615695e-06,1.8919786270998884e-06,2.2684805571770994e-06,1.92683978639252e-06,3.547111418811255e-06,2.6596576390147675e-06,2.056198354694061e-06
788,25821184,0.00018982000000000135,5.899895808917602,6.2915923238072775,0.71875,0.81875,0.007774269208312035,35.096282958984375,1.0787905011966359e-05,0.0,-0.9874591827392578,1,0,0.9999585151672363,544.6866915807116,0.9999585151672363,1.9199436792405322e-05,1.998474090214586e-06,1.7515354784336523e-06,1.8985197129950393e-06,2.284694346599281e-06,1.89094316738192e-06,2.267238869535504e-06,1.92578545465949e-06,3.545170102370321e-06,2.65820199274458e-06,2.055073309747968e-06
789,25853952,0.00018968000000000134,6.171174850515542,6.308949420083794,0.75,0.815625,-0.09065746515989304,36.18708038330078,1.0780300726764835e-05,0.0,-0.9893436431884766,1,0,0.9999585151672363,544.7087347625547,0.9999585151672363,1.9180863091605715e-05,1.9970016182924155e-06,1.750246383380727e-06,1.8971188637806335e-06,2.2830085981695447e-06,1.8895495941251284e-06,2.2655683551420225e-06,1.924368007166777e-06,3.5425578062131535e-06,2.656242941156961e-06,2.053560592685244e-06
790,25886720,0.00018954000000000136,6.068630608921771,6.298739149549656,0.765625,0.809375,-0.02959747612476349,32.57292556762695,1.077394699677825e-05,0.0,-0.9900444746017456,1,0,0.9999585151672363,544.7377778856114,0.9999585151672363,1.9165392586728558e-05,1.995773800445022e-06,1.749170223774854e-06,1.8959520957650966e-06,2.2816045657236828e-06,1.8883860093410476e-06,2.2641750092589064e-06,1.9231827081966912e-06,3.5403791116550565e-06,2.6546072149358224e-06,2.0522961676761042e-06
791,25919488,0.00018940000000000135,6.722170987655709,6.34391482231496,0.796875,0.80625,0.010705852881073952,29.507415771484375,1.0766820196295157e-05,0.0,-0.9905748963356018,1,0,0.9999586343765259,544.7918046917849,0.9999586343765259,1.915370194183197e-05,1.9948490717069944e-06,1.7483647525295964e-06,1.8950756839331007e-06,2.280550006616977e-06,1.8875145997299114e-06,2.2631261344940867e-06,1.922293677125708e-06,3.5387390653340844e-06,2.6533823529462097e-06,2.0513473373284796e-06
792,25952256,0.00018926000000000134,6.488433190387644,6.30958687730503,0.921875,0.8078125,-0.06159999594092369,34.606727600097656,1.0762780220829882e-05,0.0,-0.9907370805740356,1,0,0.9999586343765259,544.8536932042485,0.9999586343765259,1.9143895769957453e-05,1.994069180000224e-06,1.747679675645486e-06,1.8943349004985066e-06,2.2796582470618887e-06,1.8867750668505323e-06,2.262241423522937e-06,1.9215403881389648e-06,3.537355723892688e-06,2.652342573128408e-06,2.0505433440121124e-06
793,25985024,0.00018912000000000136,6.910070585274414,6.347575377602663,0.828125,0.80625,-0.053634583950042725,37.79055404663086,1.0754773029475473e-05,0.0,-0.9906904697418213,1,0,0.9999586343765259,544.8672114725401,0.9999586343765259,1.9124279788229614e-05,1.9925180367863504e-06,1.7463285075791646e-06,1.892861291707959e-06,2.277882913404028e-06,1.8853091887649498e-06,2.260481778648682e-06,1.9200458609702764e-06,3.534604047672474e-06,2.650276883287006e-06,2.0489480903052026e-06
794,26017792,0.00018898000000000138,6.52788323661467,6.351841544527524,0.796875,0.8015625,-0.07497404515743256,33.717987060546875,1.0747685337264556e-05,0.0,-0.9908419251441956,1,0,0.9999586343765259,544.8977949623704,0.9999586343765259,1.9106941181235015e-05,1.9911426534235943e-06,1.7451332041673595e-06,1.8915601458502351e-06,2.2763128981750924e-06,1.8840113398255198e-06,2.258921313114115e-06,1.918725729410653e-06,3.532164328134968e-06,2.648450163178495e-06,2.0475338260439457e-06
795,26050560,0.00018884000000000137,6.517069178286555,6.367684149201571,0.734375,0.7953125,-0.0031903404742479324,38.40742111206055,1.0742145605036058e-05,0.0,-0.9919854998588562,1,0,0.9999586343765259,544.9452179677024,0.9999586343765259,1.90933897101786e-05,1.9900721781596076e-06,1.7441946056351298e-06,1.8905431033999776e-06,2.275088718306506e-06,1.8829983901014202e-06,2.2577066829398973e-06,1.917694135045167e-06,3.530265303197666e-06,2.6470258944755187e-06,2.046433110081125e-06
796,26083328,0.00018870000000000136,5.702760326108686,6.309409282814534,0.734375,0.7875,-0.051146939396858215,52.029518127441406,1.0733149792940821e-05,0.0,-0.9922387003898621,1,0,0.9999587535858154,544.9907345680202,0.9999587535858154,1.907720979943406e-05,1.988793428608915e-06,1.7430742218493833e-06,1.8893285869125975e-06,2.273627160320757e-06,1.8817885347743868e-06,2.2562564936379204e-06,1.91646199709794e-06,3.52799725078512e-06,2.645325366756879e-06,2.045118208116037e-06
797,26116096,0.00018856000000000135,6.767103999740942,6.377519277242354,0.8020833333333334,0.7848958333333333,0.09015624225139618,44.098724365234375,1.0730705071182456e-05,0.0,-0.9920463562011719,1,0,0.9999587535858154,545.0648089747001,0.9999587535858154,1.9071281712967902e-05,1.9883193544956157e-06,1.742656991154945e-06,1.888876340672141e-06,2.273082827741746e-06,1.881340040199575e-06,2.2557183001481462e-06,1.916003384394571e-06,3.52715596818598e-06,2.6446921310707694e-06,2.0446307189558866e-06
798,26148864,0.00018842000000000137,5.776570140577494,6.365186710408342,0.84375,0.7973958333333333,-0.03091561421751976,32.623077392578125,1.0727380868047476e-05,0.0,-0.9919500350952148,1,0,0.9999587535858154,545.1301310966784,0.9999587535858154,1.906313445942942e-05,1.987674750125734e-06,1.742093786560872e-06,1.8882657286667381e-06,2.2723481833963888e-06,1.8807302240020363e-06,2.254987066407921e-06,1.915384018502664e-06,3.526012505972176e-06,2.6438374334247783e-06,2.043967697318294e-06
799,26181632,0.0001882800000000014,6.0605792795815905,6.354127153314947,0.75,0.7973958333333334,-0.04430413246154785,29.843502044677734,1.0723252671596128e-05,0.0,-0.992174506187439,1,0,0.9999587535858154,545.1957865092887,0.9999587535858154,1.905302815430332e-05,1.986876895898604e-06,1.741392679832643e-06,1.8875076648328104e-06,2.2714339138474315e-06,1.8799769350152928e-06,2.2540818918059813e-06,1.9146152681059903e-06,3.5245971048425417e-06,2.6427762804814847e-06,2.0431491520866985e-06
800,26214400,0.0001881400000000014,6.346859130406451,6.381950005463415,0.828125,0.8036458333333334,-0.07745981216430664,27.784347534179688,1.071594851964619e-05,0.0,-0.9923102855682373,1,0,0.9999587535858154,545.2298020402368,0.9999587535858154,1.9035067452932708e-05,1.9854696802212857e-06,1.740159291330201e-06,1.8861688886318007e-06,2.2698250177199952e-06,1.8786433884088183e-06,2.252485273857019e-06,1.913257165142568e-06,3.522100541886175e-06,2.6409018119011307e-06,2.0417000996530987e-06
801,26247168,0.0001880000000000014,6.760228561563618,6.385755762854207,0.890625,0.8130208333333334,0.12066922336816788,48.59135437011719,1.0708778972912114e-05,0.0,-0.9924549460411072,1,0,0.9999587535858154,545.2433103379726,0.9999587535858154,1.901757605082821e-05,1.9840820186800556e-06,1.738943183227093e-06,1.8848527361114975e-06,2.2682388589601032e-06,1.877332579169888e-06,2.250911393275601e-06,1.911922026920365e-06,3.5196394492231775e-06,2.639058720887988e-06,2.0402753762027714e-06
802,26279936,0.0001878600000000014,6.52586310863974,6.389498754679417,0.8125,0.8020833333333334,0.12959441542625427,53.593223571777344,1.0696930985432118e-05,0.0,-0.9927904605865479,1,0,0.9999589920043945,545.2635616405073,0.9999589920043945,1.9000250176759437e-05,1.9827148207696155e-06,1.7377449239575071e-06,1.8835522723748e-06,2.2666758923151065e-06,1.8760371176540502e-06,2.249360250061727e-06,1.9106028048554435e-06,3.5172140542272246e-06,2.637237685121363e-06,2.0388672510307515e-06
803,26312704,0.00018772000000000138,6.519981224215424,6.350489818573516,0.828125,0.8020833333333334,0.029637595638632774,42.86690139770508,1.0692439900594763e-05,0.0,-0.9935187697410583,1,0,0.9999589920043945,545.3130244227171,0.9999589920043945,1.898932532640174e-05,1.9818453438347206e-06,1.7369877696182812e-06,1.882726110125077e-06,2.2656815872323932e-06,1.8752144796962966e-06,2.248373675683979e-06,1.9097649328614352e-06,3.5156715512130177e-06,2.6360812626080588e-06,2.0379729903652333e-06
804,26345472,0.00018758000000000137,6.795775517365007,6.377279046648551,0.875,0.8098958333333334,-0.015189491212368011,35.18439483642578,1.068613892130088e-05,0.0,-0.9933217763900757,1,0,0.9999589920043945,545.3434747520425,0.9999589920043945,1.897392030514311e-05,1.9806229829555377e-06,1.7359180901621585e-06,1.8815665043803165e-06,2.264284148623119e-06,1.874059421425045e-06,2.2469869236374507e-06,1.9085887288383674e-06,3.51350286109664e-06,2.6344575871917186e-06,2.0367183424241375e-06
805,26378240,0.0001874400000000014,5.845723051672072,6.310144433987103,0.75,0.8114583333333334,0.12515360116958618,48.875213623046875,1.0679918887035456e-05,0.0,-0.9937358498573303,1,0,0.9999589920043945,545.3844396709194,0.9999589920043945,1.8958726286655292e-05,1.97942381419125e-06,1.7348653500448563e-06,1.88042565696378e-06,2.2629135401075473e-06,1.8729230077951797e-06,2.245626546937274e-06,1.907431169456686e-06,3.511376007736544e-06,2.63286028712173e-06,2.03548324861913e-06
806,26411008,0.00018730000000000138,5.924391350422315,6.332307536418466,0.890625,0.8270833333333334,0.041701480746269226,34.13677215576172,1.0672432836145163e-05,0.0,-0.9943055510520935,1,0,0.9999589920043945,545.402986551228,0.9999589920043945,1.8940492736874148e-05,1.977968850042089e-06,1.733603539832984e-06,1.8790451576933265e-06,2.2612500742980046e-06,1.8715481928666122e-06,2.2439760414272314e-06,1.906031229736982e-06,3.5087948617729126e-06,2.6309276108804625e-06,2.033988948824117e-06
807,26443776,0.00018716000000000137,6.500070231708703,6.305604159615241,0.875,0.834375,-0.03639184683561325,28.799877166748047,1.0668216418707743e-05,0.0,-0.9957013130187988,1,0,0.9999589920043945,545.4449977130183,0.9999589920043945,1.893025364552159e-05,1.9771484858210897e-06,1.7328911781078205e-06,1.8782676534101483e-06,2.2603142042498803e-06,1.8707720528254868e-06,2.243045173599967e-06,1.905242584143707e-06,3.507339670250076e-06,2.6298389457224403e-06,2.0331453924882226e-06
808,26476544,0.0001870200000000014,6.063199108283461,6.334267056385839,0.71875,0.821875,0.13607944548130035,53.22663116455078,1.0658813152986113e-05,0.0,-0.9951914548873901,1,0,0.9999591112136841,545.477786698143,0.9999591112136841,1.8913040548795834e-05,1.97579174709972e-06,1.731701786411577e-06,1.876978558357223e-06,2.2587630610360065e-06,1.8694881873670965e-06,2.241505853817216e-06,1.903934958136233e-06,3.504932692521834e-06,2.628034053486772e-06,2.031750227615703e-06
809,26509312,0.00018688000000000138,6.751763919582478,6.403385520385927,0.84375,0.83125,-0.07396344840526581,38.245121002197266,1.0650931471900549e-05,0.0,-0.995508074760437,1,0,0.9999591112136841,545.4784925149069,0.9999591112136841,1.8893859305535443e-05,1.9742658423638204e-06,1.730364715513133e-06,1.8755274595605442e-06,2.2570188775716815e-06,1.868042772912304e-06,2.239774858026067e-06,1.9024630546482513e-06,3.5022260362893576e-06,2.626002242323011e-06,2.0301793028920656e-06
810,26542080,0.00018674000000000137,6.497662139627358,6.418465821308018,0.921875,0.840625,0.07730835676193237,41.77664566040039,1.0646183000062592e-05,0.0,-0.9962430000305176,1,0,0.9999591112136841,545.5174117427912,0.9999591112136841,1.888225961010903e-05,1.9733436147362227e-06,1.7295594716415508e-06,1.8746530940916273e-06,2.255964318464976e-06,1.8671718180485186e-06,2.238728484371677e-06,1.9015759562535095e-06,3.500589855320868e-06,2.6247778350807494e-06,2.0292327462811954e-06
811,26574848,0.0001866000000000014,5.840273722569023,6.3264703374085585,0.765625,0.828125,-0.00039087794721126556,29.333393096923828,1.0642049346643034e-05,0.0,-0.9965565204620361,1,0,0.9999591112136841,545.5813396751483,0.9999591112136841,1.887217877083458e-05,1.9725493984878995e-06,1.7288601839027251e-06,1.873895257631375e-06,2.255054369015852e-06,1.8664188701222884e-06,2.2378278572432464e-06,1.9008070921699982e-06,3.4991815027751727e-06,2.623716682137456e-06,2.0284142010496e-06
812,26607616,0.00018646000000000138,6.628202768544867,6.33670430339907,0.75,0.821875,0.10655272006988525,39.125999450683594,1.0636595106916502e-05,0.0,-0.9978909492492676,1,0,0.9999591112136841,545.6171955731119,0.9999591112136841,1.8858898329199292e-05,1.9714887002919568e-06,1.727937274154101e-06,1.8728893564912141e-06,2.253844286315143e-06,1.8654150153452065e-06,2.236624595752801e-06,1.8997868664882844e-06,3.4972997582372045e-06,2.622308102218085e-06,2.0273234895284986e-06
813,26640384,0.00018632000000000137,6.282012520983169,6.3129074330758455,0.8125,0.8203125,-0.0164349302649498,34.954246520996094,1.0632440535118803e-05,0.0,-0.9992461204528809,1,0,0.9999591112136841,545.6794161742116,0.9999591112136841,1.884877565316856e-05,1.970684479601914e-06,1.7272320746997138e-06,1.8721268588706153e-06,2.2529243324243e-06,1.864655587269226e-06,2.2357116904458962e-06,1.8990133412444266e-06,3.4958725336764473e-06,2.6212408101855544e-06,2.026498350460315e-06
814,26673152,0.00018618000000000137,6.3055840068733655,6.263888282026683,0.703125,0.803125,-0.001750446856021881,42.175537109375,1.0626120456436183e-05,0.0,-1.0003100633621216,1,0,0.9999592304229736,545.7352805346761,0.9999592304229736,1.8839165932149626e-05,1.969920049305074e-06,1.7265620044781826e-06,1.871398808361846e-06,2.2520480342791416e-06,1.8639323116076412e-06,2.2348442598740803e-06,1.898274831546587e-06,3.494516477076104e-06,2.620221266624867e-06,2.0257120922906324e-06
815,26705920,0.00018604000000000138,5.849762938398157,6.26429227069929,0.734375,0.8015625,-0.00503103993833065,31.133852005004883,1.0622550689731725e-05,0.0,-1.000739336013794,1,0,0.9999592304229736,545.8025199705511,0.9999592304229736,1.8830489352694713e-05,1.96923065232113e-06,1.72595787262253e-06,1.8707420395003282e-06,2.2512601844937308e-06,1.863278157543391e-06,2.234062321804231e-06,1.897608740364376e-06,3.49329366144957e-06,2.6193017674813746e-06,2.025001322181197e-06
816,26738688,0.00018590000000000137,5.989558962921358,6.270809031949193,0.671875,0.7796875,0.004635188728570938,41.997154235839844,1.061772582033882e-05,0.0,-1.001207947731018,1,0,0.9999592304229736,545.8503048964176,0.9999592304229736,1.881876596598886e-05,1.9682915990415495e-06,1.7251448980459827e-06,1.8698519852478057e-06,2.2501890271087177e-06,1.8623898085934343e-06,2.232997303508455e-06,1.8967059531860286e-06,3.4916281492769485e-06,2.618055987113621e-06,2.024035893555265e-06
817,26771456,0.00018576000000000137,6.385792987105205,6.259381307488844,0.71875,0.7640625,0.053212083876132965,32.7894287109375,1.0611603102006484e-05,0.0,-1.0010323524475098,1,0,0.9999592304229736,545.8798514531038,0.9999592304229736,1.8803875718731433e-05,1.9671056179504376e-06,1.724105459288694e-06,1.868723529696581e-06,2.2488309241452953e-06,1.861267719505122e-06,2.2316519334708573e-06,1.8955612404170097e-06,3.4895242606580723e-06,2.6164757400692906e-06,2.0228162611601874e-06
818,26804224,0.00018562000000000136,6.119031853088063,6.264964581969304,0.703125,0.7625,-0.007161494344472885,45.236083984375,1.0606595424178522e-05,0.0,-1.0019580125808716,1,0,0.9999592304229736,545.9284273507742,0.9999592304229736,1.8791632101056166e-05,1.9661340502352687e-06,1.723253944874159e-06,1.8678007336347946e-06,2.2477204311144305e-06,1.8603485614221427e-06,2.2305496258923085e-06,1.8946250293083722e-06,3.487800995571888e-06,2.6151833480980713e-06,2.02181718123029e-06
819,26836992,0.00018548000000000135,6.53040448118872,6.242828638129928,0.65625,0.74375,-0.0053592249751091,35.541770935058594,1.0600282621453516e-05,0.0,-1.0018134117126465,1,0,0.9999592304229736,545.9465697148884,0.9999592304229736,1.8776314391288906e-05,1.964908278750954e-06,1.722182787489146e-06,1.8666397636479815e-06,2.2463209461420774e-06,1.8591903199194348e-06,2.2291587811196223e-06,1.893447347356414e-06,3.485626393739949e-06,2.6135578536923276e-06,2.0205586679367116e-06
820,26869760,0.00018534000000000137,6.3063821867580465,6.2237006428429975,0.75,0.7265625,0.0923195332288742,45.97465515136719,1.0594567356747575e-05,0.0,-1.0015649795532227,1,0,0.9999592304229736,545.9670997703265,0.9999592304229736,1.8762440959108062e-05,1.9637993773358176e-06,1.7212107650266262e-06,1.8655824760571704e-06,2.245051064164727e-06,1.8581392851046985e-06,2.227900722573395e-06,1.8923750531030237e-06,3.4836589293263387e-06,2.6120778784388676e-06,2.0194163425912848e-06
821,26902528,0.00018520000000000136,5.750782568912558,6.2147515274773495,0.859375,0.7359375,0.05545390769839287,29.875995635986328,1.0586557436909061e-05,0.0,-1.003356695175171,1,0,0.9999593496322632,546.0034929244437,0.9999593496322632,1.8748816728475504e-05,1.962702299351804e-06,1.7202509070557426e-06,1.8645440604814212e-06,2.2437991447077366e-06,1.857103029578866e-06,2.226656306447694e-06,1.8913216308646952e-06,3.4817130654118955e-06,2.6106235964107327e-06,2.0182901607768144e-06
822,26935296,0.00018506000000000135,5.97926931831399,6.149858182454262,0.90625,0.7515625,0.11550028622150421,35.64362335205078,1.0580788512015715e-05,0.0,-1.0043392181396484,1,0,0.9999593496322632,546.0339673154081,0.9999593496322632,1.8734819605015218e-05,1.9615831661212724e-06,1.7192717223224463e-06,1.8634791558724828e-06,2.2425197130360175e-06,1.856042445069761e-06,2.225386651844019e-06,1.8902416059063398e-06,3.479728093225276e-06,2.609132934594527e-06,2.0171373762423173e-06
823,26968064,0.00018492000000000137,6.190229627659875,6.140679893121933,0.8125,0.7515625,0.0868447870016098,32.338623046875,1.0574657608231064e-05,0.0,-1.00374174118042,1,0,0.9999593496322632,546.0678189888972,0.9999593496322632,1.8719891158980317e-05,1.960390363819897e-06,1.7182277360916487e-06,1.8623474034029641e-06,2.2411556983570335e-06,1.854915353760589e-06,2.2240330963541055e-06,1.8890937099058647e-06,3.477611471680575e-06,2.607548367450363e-06,2.0159125142527046e-06
824,27000832,0.00018478000000000136,5.641406998595831,6.07426219229418,0.828125,0.7640625,-0.012668874114751816,24.574045181274414,1.0569739970378578e-05,0.0,-1.0034306049346924,1,0,0.9999593496322632,546.1172384353374,0.9999593496322632,1.870791493274737e-05,1.9594388049881672e-06,1.717393729450123e-06,1.8614418877405114e-06,2.2400661237043096e-06,1.8540150676926714e-06,2.222953980890452e-06,1.888175120257074e-06,3.4759239042614354e-06,2.6062805318360915e-06,2.0149341253272723e-06
825,27033600,0.00018464000000000135,5.913143238377611,6.080600222292125,0.921875,0.7828125,0.05630413070321083,30.544837951660156,1.056524706655182e-05,0.0,-1.0046511888504028,1,0,0.9999593496322632,546.1626214569475,0.9999593496322632,1.8697017367230728e-05,1.9585663721954916e-06,1.7166322550110635e-06,1.860611405390955e-06,2.23906863539014e-06,1.8531877685745712e-06,2.221963995907572e-06,1.8873324734158814e-06,3.474375944279018e-06,2.605117288112524e-06,2.0140348624408944e-06
826,27066368,0.00018450000000000134,6.329720873600594,6.114616413360049,0.875,0.803125,-0.015664104372262955,36.132808685302734,1.0558865142229479e-05,0.0,-1.0054800510406494,1,0,0.9999593496322632,546.178509017957,0.9999593496322632,1.8681565052247606e-05,1.9573265035432996e-06,1.7155522300527082e-06,1.8594333823784837e-06,2.237651187897427e-06,1.8520146340961219e-06,2.2205576897249557e-06,1.8861378521251027e-06,3.472176786090131e-06,2.6034683742182096e-06,2.012759978242684e-06
827,27099136,0.00018436000000000133,6.554696947868675,6.131506809436397,0.953125,0.8265625,0.046493981033563614,26.420146942138672,1.0552857929724269e-05,0.0,-1.0059967041015625,1,0,0.9999594688415527,546.2167217529549,0.9999594688415527,1.8672750229598023e-05,1.9566232367651537e-06,1.7149374116343097e-06,1.8587670638225973e-06,2.2368469672073843e-06,1.8513508166506654e-06,2.2197593807504745e-06,1.8854617565011722e-06,3.4709289593592985e-06,2.6025352326541906e-06,2.0120385215705028e-06
828,27131904,0.00018422000000000132,5.770984984895827,6.096702122617172,0.875,0.84375,0.010258439928293228,40.16339874267578,1.0549048965913244e-05,0.0,-1.0072216987609863,1,0,0.9999594688415527,546.2739050877955,0.9999594688415527,1.8663527953322046e-05,1.9558824533305597e-06,1.7142881461040815e-06,1.8580652749733417e-06,2.236002501376788e-06,1.8506500509829493e-06,2.2189190076460363e-06,1.8847498495233594e-06,3.4696151942625875e-06,2.601552523628925e-06,2.011276819757768e-06
829,27164672,0.00018408000000000131,6.04649972274228,6.048311646772529,0.828125,0.8609375,-0.13230153918266296,16.081192016601562,1.0541837582422886e-05,0.0,-1.0095676183700562,1,0,0.9999594688415527,546.2841254662716,0.9999594688415527,1.8645951058715582e-05,1.9544841052265838e-06,1.713062374619767e-06,1.856736730587727e-06,2.2344038370647468e-06,1.8493268498787074e-06,2.217332621512469e-06,1.8834022057490074e-06,3.467134092716151e-06,2.599692379590124e-06,2.0098391360079404e-06
830,27197440,0.0001839400000000013,6.081753068201558,6.025848734916879,0.8125,0.8671875,0.006635043770074844,47.047264099121094,1.0538995411479846e-05,0.0,-1.0103578567504883,1,0,0.9999594688415527,546.3448625964561,0.9999594688415527,1.8639088011696003e-05,1.9539324966899585e-06,1.7125789781857748e-06,1.8562126342658303e-06,2.2337731024890672e-06,1.8488049136067275e-06,2.216706889157649e-06,1.8828706060958211e-06,3.4661557037907187e-06,2.5989586447394686e-06,2.0092718386877095e-06
831,27230208,0.0001838000000000013,5.723446356653405,6.023115113690965,0.796875,0.8609375,0.00026219896972179413,29.005212783813477,1.0534581633692142e-05,0.0,-1.0101271867752075,1,0,0.9999594688415527,546.383401553302,0.9999594688415527,1.8628406905918382e-05,1.953075525307213e-06,1.7118279629357858e-06,1.8553948848420987e-06,2.2327913029585034e-06,1.8479922800906934e-06,2.215734639321454e-06,1.882041260614642e-06,3.46463525602303e-06,2.597813818283612e-06,2.0083884919586126e-06
832,27262976,0.00018366000000000131,5.766883455818831,6.001876527441448,0.796875,0.85,0.03162512555718422,41.96728515625,1.0529580322327092e-05,0.0,-1.0099031925201416,1,0,0.9999594688415527,546.4199512421122,0.9999594688415527,1.8616241504787467e-05,1.9521032754710177e-06,1.7109758800870623e-06,1.8544716340329614e-06,2.231679900432937e-06,1.8470725535735255e-06,2.214631876995554e-06,1.8811044810718158e-06,3.4629110814421438e-06,2.5965207441913662e-06,2.007388957281364e-06
833,27295744,0.0001835200000000013,5.349091361908068,5.917762700866268,0.78125,0.846875,-0.0348513238132,34.128387451171875,1.0523042874410748e-05,0.0,-1.008985996246338,1,0,0.9999594688415527,546.4515798354385,0.9999594688415527,1.8600323528517038e-05,1.9508377135935007e-06,1.7098666376114124e-06,1.8532693957240554e-06,2.2302331217360916e-06,1.8458750901118037e-06,2.21319601223513e-06,1.8798850760504138e-06,3.4606662211444927e-06,2.59483749687206e-06,2.006087470363127e-06
834,27328512,0.0001833800000000013,5.833994964240713,5.937021497430756,0.828125,0.846875,-0.0213805940002203,27.895233154296875,1.0513546840229537e-05,0.0,-1.0087628364562988,1,0,0.9999595880508423,546.4675471941495,0.9999595880508423,1.858303767221514e-05,1.9494582375045866e-06,1.7086574644054053e-06,1.8519622244639322e-06,2.228657876912621e-06,1.8445713294568122e-06,2.2116309992270544e-06,1.8785590327752288e-06,3.458218316154671e-06,2.593007138784742e-06,2.0046707049914403e-06
835,27361280,0.0001832400000000013,5.695812619013951,5.915288435494391,0.734375,0.828125,0.14180094003677368,28.02522850036621,1.0508154446142726e-05,0.0,-1.0090365409851074,1,0,0.9999595880508423,546.5093972865027,0.9999595880508423,1.856991002568975e-05,1.9484173208184075e-06,1.7077451275326894e-06,1.850971557360026e-06,2.2274680304690264e-06,1.843584755079064e-06,2.2104500203568023e-06,1.8775542685034452e-06,3.4563722692837473e-06,2.5916201593645383e-06,2.00359841073805e-06
836,27394048,0.0001831000000000013,5.658202621037204,5.848136610238051,0.75,0.815625,0.03349526971578598,35.563392639160156,1.0502909390197601e-05,0.0,-1.0095674991607666,1,0,0.9999595880508423,546.5381563148768,0.9999595880508423,1.855718255683314e-05,1.947399368873448e-06,1.7068527995434124e-06,1.8500027181289624e-06,2.2263020582613535e-06,1.8426214865030488e-06,2.209295189459226e-06,1.8765714457913418e-06,3.4545662401797017e-06,2.5902638753905194e-06,2.0025515823363094e-06
837,27426816,0.0001829600000000013,5.147217765060322,5.707388691957216,0.703125,0.790625,-0.04955551028251648,34.880523681640625,1.0495566129975487e-05,0.0,-1.0094563961029053,1,0,0.9999597072601318,546.5887612915861,0.9999597072601318,1.8545153579907492e-05,1.9464357592369197e-06,1.706010039015382e-06,1.8490892443878693e-06,2.225200887551182e-06,1.8417117644276004e-06,2.2082022042013705e-06,1.875644784377073e-06,3.4528572996350704e-06,2.5889846710924758e-06,2.0015627342218067e-06
838,27459584,0.00018282000000000132,6.027503509874878,5.73304054445512,0.625,0.765625,-0.0806092917919159,20.883533477783203,1.0490768545423634e-05,0.0,-1.008432388305664,1,0,0.9999597072601318,546.6206745108464,0.9999597072601318,1.8533484762883745e-05,1.9455060282780323e-06,1.7051952454494312e-06,1.8482077166481758e-06,2.2241401893552393e-06,1.8408321693641483e-06,2.2071474177209893e-06,1.8747508647720679e-06,3.451207930993405e-06,2.58775048678217e-06,2.000606627916568e-06
839,27492352,0.0001826800000000013,6.290935168324231,5.757484089013316,0.796875,0.7625,0.0732479989528656,50.419677734375,1.0482311154191848e-05,0.0,-1.0093408823013306,1,0,0.9999598264694214,546.6442760971307,0.9999598264694214,1.8518770957598463e-05,1.944328460012912e-06,1.7041630826497567e-06,1.8470873328624293e-06,2.2227916360861855e-06,1.839717810980801e-06,2.205811370004085e-06,1.8736142237685272e-06,3.449119049037108e-06,2.586181835795287e-06,1.9993958630948327e-06
840,27525120,0.0001825400000000013,6.5384866027177875,5.803157442464939,0.71875,0.753125,0.05873074382543564,38.568382263183594,1.0472612302692141e-05,0.0,-1.009324312210083,1,0,0.9999599456787109,546.6510413033375,0.9999599456787109,1.8500944861443713e-05,1.942914650499006e-06,1.7029219634423498e-06,1.8457440091879107e-06,2.2211772829905385e-06,1.8383780115982518e-06,2.204207248723833e-06,1.8722515733315959e-06,3.4466106626496185e-06,2.5843010007520206e-06,1.9979397620772943e-06
841,27557888,0.0001824000000000013,6.172278565776772,5.848040663377276,0.71875,0.7453125,0.16095757484436035,36.016090393066406,1.0468365871929564e-05,0.0,-1.0094010829925537,1,0,0.9999599456787109,546.6954004020998,0.9999599456787109,1.8490660295356065e-05,1.9420938315306557e-06,1.702204372122651e-06,1.8449643448548159e-06,2.2202368654689053e-06,1.8376034631728544e-06,2.2032763808965683e-06,1.8714607676884043e-06,3.4451547890057554e-06,2.5832093797362177e-06,1.9970975699834526e-06
842,27590656,0.00018226000000000128,6.191315638578812,5.890483881653274,0.71875,0.7375,-0.013792622834444046,38.813331604003906,1.046393663273193e-05,0.0,-1.0091924667358398,1,0,0.9999599456787109,546.7381203669379,0.9999599456787109,1.8479888240108266e-05,1.9412327674217522e-06,1.7014497188938549e-06,1.8441480733599747e-06,2.2192546111909905e-06,1.8367886696069036e-06,2.2022993562131887e-06,1.8706329001361155e-06,3.443627292654128e-06,2.58206659964344e-06,1.996212404264952e-06
843,27623424,0.00018212000000000127,6.066406152041349,5.962215360666602,0.7083333333333334,0.7302083333333333,-0.10888799279928207,28.981475830078125,1.0459209988766816e-05,0.0,-1.0086402893066406,1,0,0.9999599456787109,546.7556561374917,0.9999599456787109,1.8468435882823542e-05,1.9403182704991195e-06,1.7006466350721894e-06,1.8432760953146499e-06,2.2182071006682236e-06,1.8359216937824385e-06,2.2012618501321413e-06,1.8697480754781282e-06,3.442005208853516e-06,2.5808453756326344e-06,1.9952703951275907e-06
844,27656192,0.00018198000000000126,6.201857748123434,5.999001639054873,0.875,0.7348958333333333,-0.05198953300714493,26.334733963012695,1.0454064067744184e-05,0.0,-1.0088740587234497,1,0,0.9999599456787109,546.7852825194456,0.9999599456787109,1.845595397753641e-05,1.939315552590415e-06,1.6997694274323294e-06,1.842326923906512e-06,2.2170629563333932e-06,1.8349746824242175e-06,2.2001245270075742e-06,1.868785602709977e-06,3.440226691964199e-06,2.579517058620695e-06,1.9942413018725347e-06
845,27688960,0.00018184000000000125,6.413362410287392,6.070756618182218,0.921875,0.7536458333333333,-0.06748296320438385,32.97404479980469,1.0450233276060317e-05,0.0,-1.009474754333496,1,0,0.9999599456787109,546.8181538505683,0.9999599456787109,1.8446626199875027e-05,1.938575906024198e-06,1.699119479781075e-06,1.841622520259989e-06,2.2162175810080953e-06,1.8342731209486374e-06,2.1992855181451887e-06,1.8680710809348966e-06,3.438914518483216e-06,2.5785307116166223e-06,1.993478690565098e-06
846,27721728,0.00018170000000000125,6.884264701536393,6.193362826232137,0.9375,0.7723958333333334,0.19383598864078522,43.52366638183594,1.0441502126923297e-05,0.0,-1.0095710754394531,1,0,0.9999600648880005,546.8184441110474,0.9999600648880005,1.843120662670117e-05,1.937347178682103e-06,1.6980441159830661e-06,1.8404551838102634e-06,2.2148105927044526e-06,1.8331121509618242e-06,2.197891262767371e-06,1.8668869188331882e-06,3.4367346870567417e-06,2.5768958948901854e-06,1.9922169940400636e-06
847,27754496,0.00018156000000000124,5.597707423675294,6.238411792093634,0.796875,0.7817708333333334,0.13352642953395844,39.43427276611328,1.04367845779052e-05,0.0,-1.0093817710876465,1,0,0.9999600648880005,546.8643196748249,0.9999600648880005,1.8419768821331672e-05,1.9364329091331456e-06,1.6972411458482384e-06,1.8395847973806667e-06,2.21376535591844e-06,1.8322451751373592e-06,2.1968539840599988e-06,1.86600414053828e-06,3.435112830629805e-06,2.5756776267371606e-06,1.991274757529027e-06
848,27787264,0.00018142000000000123,6.27703266685224,6.2633647077913706,0.859375,0.8052083333333334,0.1225307509303093,33.35503005981445,1.0432457202114165e-05,0.0,-1.0101068019866943,1,0,0.9999600648880005,546.9060262141184,0.9999600648880005,1.84092659765156e-05,1.9355945823917864e-06,1.6965063878160436e-06,1.8387886484561022e-06,2.212806975876447e-06,1.8314520957574132e-06,2.1959028799756197e-06,1.86519628186943e-06,3.4336258067924064e-06,2.574562586232787e-06,1.990412556551746e-06
849,27820032,0.00018128000000000122,6.237901483740234,6.25806133933297,0.890625,0.8145833333333334,-0.024531126022338867,23.815439224243164,1.0428214409330394e-05,0.0,-1.011807918548584,1,0,0.9999600648880005,546.9470606885036,0.9999600648880005,1.8398979591438547e-05,1.934771489686682e-06,1.6957849311438622e-06,1.8380065966994152e-06,2.2118661036074627e-06,1.8306733409190201e-06,2.1949690562905744e-06,1.8644029751158087e-06,3.43216561304871e-06,2.5734675546118524e-06,1.989566499105422e-06
850,27852800,0.0001811400000000012,5.893375724075678,6.19355025146876,0.84375,0.8270833333333334,0.014082308858633041,29.54159164428711,1.042116855387576e-05,0.0,-1.011955738067627,1,0,0.9999600648880005,546.9504394474475,0.9999600648880005,1.838191383285448e-05,1.933402927534189e-06,1.6946015648500179e-06,1.8367064740232308e-06,2.210301545346738e-06,1.8293783341505332e-06,2.1934167762083234e-06,1.8630843214850756e-06,3.4297379443160025e-06,2.5716474283399293e-06,1.9881590560544282e-06
851,27885568,0.0001810000000000012,6.027520075840437,6.179074402475127,0.78125,0.8333333333333334,0.002281416207551956,22.65855598449707,1.0413616109872237e-05,0.0,-1.0123413801193237,1,0,0.9999600648880005,546.9647037036791,0.9999600648880005,1.8363552953815088e-05,1.93194136954844e-06,1.6933205415625707e-06,1.8353196082898648e-06,2.2086305762059055e-06,1.8279971527590533e-06,2.1917583126196405e-06,1.861677674241946e-06,3.4271447475475725e-06,2.5697058845253196e-06,1.986657935049152e-06
852,27918336,0.0001808600000000012,5.819444229979634,6.141887261615208,0.84375,0.8458333333333334,-0.0079910634085536,31.36865234375,1.040672850649571e-05,0.0,-1.0118529796600342,1,0,0.99996018409729,547.0028528964891,0.99996018409729,1.8352682673139498e-05,1.931070300997817e-06,1.6925569070735946e-06,1.8344906038691988e-06,2.207634679507464e-06,1.827171104196168e-06,2.190770146626164e-06,1.8608363916428061e-06,3.4255997434229357e-06,2.5685444597911555e-06,1.9857600364048267e-06
853,27951104,0.00018072000000000118,6.0010751526589345,6.1353541616769665,0.84375,0.859375,0.0488879531621933,30.07642364501953,1.040113693306921e-05,0.0,-1.0125118494033813,1,0,0.99996018409729,547.0311190412639,0.99996018409729,1.833910573623143e-05,1.9299820905871456e-06,1.6916050071813515e-06,1.833458554756362e-06,2.2063909455027897e-06,1.8261433751831646e-06,2.1895359623158583e-06,1.859789790614741e-06,3.4236693409184227e-06,2.567099500083714e-06,1.9846431769110495e-06
854,27983872,0.0001805800000000012,6.403936732666228,6.155562060131247,0.875,0.859375,0.03430599346756935,41.29652786254883,1.0396603101980872e-05,0.0,-1.0140448808670044,1,0,0.99996018409729,547.0608761887294,0.99996018409729,1.832812631619163e-05,1.9291044281999348e-06,1.6908371662793797e-06,1.8326263671042398e-06,2.2053895918361377e-06,1.8253128928336082e-06,2.188540065617417e-06,1.858945665844658e-06,3.422112513362663e-06,2.5659348921180936e-06,1.9837407307932153e-06
855,28016640,0.0001804400000000012,6.135689274932893,6.127794746595796,0.8125,0.8484375,0.00015268847346305847,33.12758255004883,1.0389315320935566e-05,0.0,-1.0151978731155396,1,0,0.99996018409729,547.0656826542503,0.99996018409729,1.8310445739189163e-05,1.9276883449492743e-06,1.6896153738343855e-06,1.8312812244403176e-06,2.2037704638933064e-06,1.8239729797642212e-06,2.186933443226735e-06,1.8575810827314854e-06,3.419600488996366e-06,2.5640511012170464e-06,1.9822844024020014e-06
856,28049408,0.0001803000000000012,6.237316128509992,6.063099889293158,0.875,0.8421875,-0.036834727972745895,30.39767837524414,1.0382013897469733e-05,0.0,-1.0152909755706787,1,0,0.99996018409729,547.067390296662,0.99996018409729,1.8292732420377433e-05,1.9262788555352017e-06,1.6883783473531366e-06,1.8299402881893911e-06,2.2021570202923613e-06,1.822639319470909e-06,2.185334324167343e-06,1.8562210470918217e-06,3.417100060687517e-06,2.562173904152587e-06,1.980834895221051e-06
857,28082176,0.0001801600000000012,6.406817320150559,6.144010878940683,0.921875,0.8546875,0.04906613007187843,33.87329864501953,1.0378616934758611e-05,0.0,-1.0155456066131592,1,0,0.99996018409729,547.1126562693382,0.99996018409729,1.8284516045241617e-05,1.925619699250092e-06,1.687801955085888e-06,1.8293158063897863e-06,2.201405322921346e-06,1.8220154061054927e-06,2.1845862647751346e-06,1.8555873566583614e-06,3.415930450501037e-06,2.561299197623157e-06,1.980156866920879e-06
858,28114944,0.0001800200000000012,6.372903444187318,6.153597956674191,0.8125,0.85,-0.008384697139263153,38.00452423095703,1.0371806638431735e-05,0.0,-1.0168217420578003,1,0,0.9999603033065796,547.1459123136494,0.9999603033065796,1.8273865862283856e-05,1.9247568161517847e-06,1.6870442323124735e-06,1.8284944189872476e-06,2.2004192032909486e-06,1.8211974293080857e-06,2.183607648476027e-06,1.8547542595115374e-06,3.4143999982916284e-06,2.5601493689464405e-06,1.979267835849896e-06
859,28147712,0.00017988000000000118,6.388764437201203,6.168684252020287,0.859375,0.846875,-0.02798776514828205,17.94480323791504,1.0366354217694607e-05,0.0,-1.0170865058898926,1,0,0.9999603033065796,547.1578838746702,0.9999603033065796,1.8260712749906816e-05,1.9236942989664385e-06,1.6861160929693142e-06,1.8274851072419551e-06,2.1992022993799765e-06,1.8201936882178416e-06,2.1824023406225024e-06,1.8537303958510165e-06,3.412515070522204e-06,2.55873578680621e-06,1.9781773517024703e-06
860,28180480,0.00017974000000000118,6.033080366288354,6.182654716241555,0.796875,0.8421875,0.09571021795272827,33.01774597167969,1.0360572559875436e-05,0.0,-1.018507480621338,1,0,0.9999603033065796,547.1797531032142,0.9999603033065796,1.8246804756927304e-05,1.9225662981625646e-06,1.685132360762509e-06,1.826415200412157e-06,2.197914909629617e-06,1.8191265098721487e-06,2.181122681577108e-06,1.8526453686718014e-06,3.410514409551979e-06,2.557238303779741e-06,1.977017291210359e-06
861,28213248,0.0001796000000000012,6.4834239954883754,6.228245108206349,0.859375,0.85,0.13661010563373566,34.023216247558594,1.0354337064200081e-05,0.0,-1.0197036266326904,1,0,0.9999603033065796,547.1767487507221,0.9999603033065796,1.8231721696793102e-05,1.9213566702092066e-06,1.6840976968524046e-06,1.8252731024404056e-06,2.1965215637465008e-06,1.8179904373027966e-06,2.1797416138724657e-06,1.8514849671191769e-06,3.40835526912997e-06,2.5556144009897253e-06,1.9757674181164475e-06
862,28246016,0.00017946000000000119,6.426620898064118,6.288962775014797,0.828125,0.8484375,0.020570416003465652,24.855182647705078,1.0349964213673957e-05,0.0,-1.0198915004730225,1,0,0.9999603033065796,547.2050807301509,0.9999603033065796,1.8221118807559833e-05,1.9205067474104e-06,1.6833525933179772e-06,1.824465584832069e-06,2.1955477222945774e-06,1.817186216612754e-06,2.1787755031255074e-06,1.850664034463989e-06,3.4068441436829744e-06,2.5544838990754215e-06,1.9748933937080437e-06
863,28278784,0.0001793200000000012,6.399917044071415,6.328846964156045,0.765625,0.840625,0.14011044800281525,35.918609619140625,1.0343243047827855e-05,0.0,-1.0218971967697144,1,0,0.9999603033065796,547.2031146729728,0.9999603033065796,1.8204915249953046e-05,1.9191993487766013e-06,1.6822084489831468e-06,1.8232253751193639e-06,2.194057287852047e-06,1.8159508954340708e-06,2.17729439100367e-06,1.8494077949071652e-06,3.4045285701722605e-06,2.5527474463160615e-06,1.973548933165148e-06
864,28311552,0.00017918000000000122,6.063944876836747,6.294847778573098,0.75,0.828125,0.0734819769859314,32.94282531738281,1.0339765140088275e-05,0.0,-1.0224273204803467,1,0,0.9999603033065796,547.2390752998233,0.9999603033065796,1.819656608859077e-05,1.9185222299711313e-06,1.6816278503029025e-06,1.822582134991535e-06,2.1932833078608382e-06,1.815312089092913e-06,2.176526322728023e-06,1.8487552324586431e-06,3.403327355044894e-06,2.5518465918139555e-06,1.972852942344616e-06
865,28344320,0.0001790400000000012,5.812226807746709,6.26250153185448,0.6875,0.815625,-0.024419642984867096,37.421207427978516,1.0333183126931544e-05,0.0,-1.023122787475586,1,0,0.9999604225158691,547.2770465206614,0.9999604225158691,1.8186401575803757e-05,1.9177030026185093e-06,1.6809144653961994e-06,1.821802129597927e-06,2.192344481954933e-06,1.8145350395570858e-06,2.175596819142811e-06,1.8479640857549384e-06,3.4018739825114608e-06,2.550754743424477e-06,1.972010522877099e-06
866,28377088,0.0001789000000000012,6.447402458381591,6.283510164841639,0.7395833333333334,0.8020833333333334,-0.018818646669387817,33.96259307861328,1.0326687515771482e-05,0.0,-1.0229860544204712,1,0,0.9999605417251587,547.301263079904,0.9999605417251587,1.8176504454459064e-05,1.9169021925335983e-06,1.6802125628601061e-06,1.8210414509667316e-06,2.191427256548195e-06,1.8137758388547809e-06,2.1746864149463363e-06,1.847190787884756e-06,3.400450623303186e-06,2.5496899525023764e-06,1.971187202798319e-06
867,28409856,0.0001787600000000012,6.25750403905061,6.268578836731644,0.875,0.7973958333333333,-0.056355588138103485,27.298137664794922,1.0320593901269604e-05,0.0,-1.0233871936798096,1,0,0.9999605417251587,547.318050724891,0.9999605417251587,1.8161757907364517e-05,1.915720076794969e-06,1.6791778989500017e-06,1.8199198166257702e-06,2.190077566410764e-06,1.8126587519873283e-06,2.1733451376348967e-06,1.846053010012838e-06,3.398352873773547e-06,2.54811948252609e-06,1.9699712083820486e-06
868,28442624,0.0001786200000000012,6.696748946068819,6.300963386919794,0.921875,0.8083333333333333,0.005067523568868637,28.111148834228516,1.031843203236349e-05,0.0,-1.0236749649047852,1,0,0.9999605417251587,547.37726728,0.9999605417251587,1.8156544683733955e-05,1.9153053472109605e-06,1.6788127368272399e-06,1.819524186430499e-06,2.189601445934386e-06,1.8122645997209474e-06,2.172874474126729e-06,1.8456516954756808e-06,3.3976170925598126e-06,2.5475656002527103e-06,1.9695448827405926e-06
869,28475392,0.00017848000000000118,6.482628726059676,6.310349815805641,0.875,0.8098958333333334,0.014162488281726837,51.7122917175293,1.0316106454411056e-05,0.0,-1.0241594314575195,1,0,0.9999605417251587,547.4326420210366,0.9999605417251587,1.8150900359614752e-05,1.9148524188494775e-06,1.6784189256213722e-06,1.8190957007391262e-06,2.1890878088015597e-06,1.8118395246347063e-06,2.1723626559833065e-06,1.8452188896844746e-06,3.396816964595928e-06,2.54696533374954e-06,1.969079221453285e-06
870,28508160,0.0001783400000000012,7.229966860730256,6.430038465249831,0.9375,0.8239583333333333,0.04025055468082428,33.42119598388672,1.030828570947051e-05,0.0,-1.023818850517273,1,0,0.9999605417251587,547.4209632876989,0.9999605417251587,1.8131991964764893e-05,1.913337200676324e-06,1.677087652751652e-06,1.817654606384167e-06,2.1873513560421998e-06,1.810402523005905e-06,2.1706416646338766e-06,1.8437552853356465e-06,3.394125997147057e-06,2.544947619753657e-06,1.967521257029148e-06
871,28540928,0.0001782000000000012,6.567198109191327,6.438415876620127,0.875,0.8255208333333334,-0.011935945600271225,25.403553009033203,1.0301271686330438e-05,0.0,-1.0231517553329468,1,0,0.9999605417251587,547.4261577648393,0.9999605417251587,1.8115017155651003e-05,1.911974777613068e-06,1.6758949641371146e-06,1.8163619870392722e-06,2.1857958927284926e-06,1.8091150195687078e-06,2.169096205761889e-06,1.842444135036203e-06,3.3917090149770956e-06,2.5431379526708042e-06,1.9661201804410666e-06
872,28573696,0.00017806000000000118,6.321785901357059,6.427932376949421,0.859375,0.8286458333333334,0.008950343355536461,22.019615173339844,1.029390114126727e-05,0.0,-1.0233122110366821,1,0,0.9999606609344482,547.4523865906418,0.9999606609344482,1.8102964531863108e-05,1.9110104858555133e-06,1.6750483382566017e-06,1.8154443068851833e-06,2.184691538786865e-06,1.808200977393426e-06,2.1680023110093316e-06,1.8415132672089385e-06,3.3899984828167362e-06,2.5418530640308745e-06,1.9651286038424587e-06
873,28606464,0.0001779200000000012,6.770507037324994,6.464991376274779,0.953125,0.8473958333333333,0.05438563972711563,39.65573501586914,1.0289430974808056e-05,0.0,-1.0253031253814697,1,0,0.9999607801437378,547.4718251484148,0.9999607801437378,1.8092216123477556e-05,1.910139872052241e-06,1.674288228059595e-06,1.8146171214539208e-06,2.1836981431988534e-06,1.8073787941830233e-06,2.1670164187526098e-06,1.8406760773359565e-06,3.3884575714182574e-06,2.5406948225281667e-06,1.9642332063085632e-06
874,28639232,0.0001777800000000012,6.317073674876999,6.490304256078805,0.828125,0.8552083333333333,-0.00607743114233017,32.9720573425293,1.0280770766257774e-05,0.0,-1.0262832641601562,1,0,0.9999607801437378,547.4827660523916,0.9999607801437378,1.8077054846799e-05,1.9089216038992163e-06,1.6732221865822794e-06,1.813461381061643e-06,2.1823054794367636e-06,1.806226009648526e-06,2.1656321678165114e-06,1.8395020333628054e-06,3.386292974028038e-06,2.5390766040800372e-06,1.962980377356871e-06
875,28672000,0.00017764000000000118,6.190184308944434,6.528100006198576,0.734375,0.8598958333333334,0.04968690127134323,23.603069305419922,1.0273179213982075e-05,0.0,-1.028874158859253,1,0,0.9999607801437378,547.4933376328659,0.9999607801437378,1.80586885107914e-05,1.9074457213719143e-06,1.6719283166821697e-06,1.81205939497886e-06,2.1806204131280538e-06,1.8048312995233573e-06,2.163960061807302e-06,1.8380816300123115e-06,3.3836781767604407e-06,2.537113687139936e-06,1.961462885446963e-06
876,28704768,0.00017750000000000117,6.560566896620076,6.539416450022425,0.859375,0.871875,0.05317956209182739,27.0573673248291,1.026921654556645e-05,0.0,-1.0287320613861084,1,0,0.9999607801437378,547.5286700737599,0.9999607801437378,1.80490969796665e-05,1.9066782215304556e-06,1.6712557453502086e-06,1.8113302076017135e-06,2.179742750740843e-06,1.8041051816908293e-06,2.1630894480040297e-06,1.8373419834460947e-06,3.3823166631918866e-06,2.5360927793371957e-06,1.960673444045824e-06
877,28737536,0.0001773600000000012,6.846679325679936,6.598333978685358,0.90625,0.875,-0.14046305418014526,20.34111785888672,1.0265006494591944e-05,0.0,-1.0296239852905273,1,0,0.9999607801437378,547.5574950712266,0.9999607801437378,1.8038927009911276e-05,1.9058638827118557e-06,1.6705403140804265e-06,1.8105547496816143e-06,2.178807562813745e-06,1.8033310880127829e-06,2.1621633550239494e-06,1.836553678913333e-06,3.380868747626664e-06,2.5350070700369542e-06,1.9598360267991666e-06
878,28770304,0.00017722000000000118,6.726996017878039,6.6013586858662805,0.875,0.8703125,0.06449414789676666,34.826507568359375,1.025904839480063e-05,0.0,-1.0308587551116943,1,0,0.9999608993530273,547.5954164193128,0.9999608993530273,1.8030328647000715e-05,1.9051698245675652e-06,1.6699335674275062e-06,1.809897412385908e-06,2.1780183487862814e-06,1.8026778434432345e-06,2.1613780063489685e-06,1.8358884972258238e-06,3.3796407024055952e-06,2.5340864340250846e-06,1.9591223008319503e-06
879,28803072,0.00017708000000000117,6.349361017447588,6.588031915005071,0.8125,0.8640625,-0.032673463225364685,19.329851150512695,1.025509845931083e-05,0.0,-1.0314323902130127,1,0,0.9999608993530273,547.6357533703422,0.9999608993530273,1.8020737115875818e-05,1.9044032342208084e-06,1.6692616782165715e-06,1.8091690208166256e-06,2.177142050641123e-06,1.8019526351054083e-06,2.160508302040398e-06,1.8351497601543088e-06,3.3782810078264447e-06,2.5330666630907217e-06,1.9583339962991886e-06
880,28835840,0.0001769400000000012,6.592713860184506,6.524306614950495,0.859375,0.85625,0.03342186287045479,21.032207489013672,1.0250039849779569e-05,0.0,-1.0323271751403809,1,0,0.9999608993530273,547.6609340853373,0.9999608993530273,1.8008522602031007e-05,1.9034226852454594e-06,1.668400614107668e-06,1.8082358792526065e-06,2.176019052058109e-06,1.801023245207034e-06,2.15939599002013e-06,1.8342030898566009e-06,3.376541599209304e-06,2.531760173951625e-06,1.9573258214222733e-06
881,28868608,0.00017680000000000118,6.997364569597663,6.567323260991129,0.84375,0.853125,-0.013314219191670418,28.174333572387695,1.0243236829410307e-05,0.0,-1.0326931476593018,1,0,0.9999608993530273,547.6659211853116,0.9999608993530273,1.7992058928939514e-05,1.9021052821699413e-06,1.6672474885126576e-06,1.8069862335323705e-06,2.174514975195052e-06,1.7997782606471446e-06,2.1579014628514415e-06,1.8329354816160048e-06,3.3742046525730984e-06,2.5300105335190892e-06,1.955971356437658e-06
882,28901376,0.00017666000000000117,6.980232167569898,6.633167887612413,0.859375,0.853125,-0.005858583375811577,27.548036575317383,1.0237397873424925e-05,0.0,-1.0342373847961426,1,0,0.9999608993530273,547.6733835465316,0.9999608993530273,1.79779963218607e-05,1.9009736433872604e-06,1.666254092924646e-06,1.8059092781186337e-06,2.1732193999923766e-06,1.7987058527069166e-06,2.156617711079889e-06,1.8318431784791755e-06,3.37219717039261e-06,2.528502818677225e-06,1.9548076579667395e-06
883,28934144,0.00017652000000000116,6.836435504982708,6.639760734378184,0.84375,0.8421875,-0.0261069443076849,25.92623519897461,1.023027016344713e-05,0.0,-1.0337443351745605,1,0,0.9999608993530273,547.6715798370636,0.9999608993530273,1.796079050109256e-05,1.8995928030562936e-06,1.6650467387080425e-06,1.804597445698164e-06,2.1716386982006952e-06,1.7973974308915786e-06,2.1550488327193307e-06,1.8305106550542405e-06,3.369744490555604e-06,2.5266660941269947e-06,1.953387481989921e-06
884,28966912,0.00017638000000000115,6.813211246949576,6.6893744915854425,0.875,0.846875,0.0035000909119844437,38.31113052368164,1.0221868251392152e-05,0.0,-1.0346482992172241,1,0,0.9999610185623169,547.6780599013041,0.9999610185623169,1.7946238585864194e-05,1.8984229654961382e-06,1.6640213971186313e-06,1.8034863842331106e-06,2.170301286241738e-06,1.7962908032131963e-06,2.1537221073231194e-06,1.8293835637450684e-06,3.3676692510198336e-06,2.525110403439612e-06,1.952184447873151e-06
885,28999680,0.00017624000000000115,6.319709477813957,6.702327008472395,0.796875,0.853125,-0.010855033062398434,20.170089721679688,1.021562366076978e-05,0.0,-1.035165786743164,1,0,0.9999610185623169,547.6851603558385,0.9999610185623169,1.7931166439666413e-05,1.897212200674403e-06,1.6629601304885e-06,1.802337806111609e-06,2.1689190816687187e-06,1.7951467725652037e-06,2.1523483155760914e-06,1.8282185010320973e-06,3.365521479281597e-06,2.5235019620595267e-06,1.9509395770000992e-06
886,29032448,0.00017610000000000114,6.3309427995513765,6.679364598765526,0.734375,0.840625,-0.019154634326696396,26.568775177001953,1.0208810635958798e-05,0.0,-1.0346949100494385,1,0,0.9999610185623169,547.6982320175957,0.9999610185623169,1.7914706404553726e-05,1.8958900227517006e-06,1.6618012068647658e-06,1.801081680241623e-06,2.1674097752111265e-06,1.7938973542186432e-06,2.150850605175947e-06,1.8269462316311547e-06,3.363179303050856e-06,2.521743681427324e-06,1.949580109794624e-06
887,29065216,0.00017596000000000113,6.806112277074274,6.675307893904959,0.765625,0.8265625,0.015418779104948044,44.854461669921875,1.0205162652709987e-05,0.0,-1.0343549251556396,1,0,0.9999610185623169,547.7452401990247,0.9999610185623169,1.7905891581904143e-05,1.8951850506709889e-06,1.6611832052149111e-06,1.800410245778039e-06,2.1665996428055223e-06,1.7932269429365988e-06,2.1500486582226586e-06,1.8262634284837986e-06,3.361925564604462e-06,2.5208034912793664e-06,1.9488550151436357e-06
888,29097984,0.00017582000000000112,7.279072532620381,6.730515545379193,0.84375,0.8234375,0.07394109666347504,31.85687828063965,1.0199231837759726e-05,0.0,-1.0345803499221802,1,0,0.9999610185623169,547.7534053026268,0.9999610185623169,1.7891519746626727e-05,1.8940396557809436e-06,1.6601792367509915e-06,1.7993220353673678e-06,2.1652899704349693e-06,1.7921431663125986e-06,2.1487492176675005e-06,1.825159415602684e-06,3.359893526067026e-06,2.519279632906546e-06,1.9476769921311643e-06
889,29130752,0.0001756800000000011,6.650112815904624,6.760590725224897,0.8541666666666666,0.8276041666666666,-0.04492709040641785,34.98319625854492,1.0194156857323833e-05,0.0,-1.0337541103363037,1,0,0.9999610185623169,547.7735092977352,0.9999610185623169,1.7879274309962057e-05,1.8930535361505463e-06,1.6593149894106318e-06,1.7983870748139452e-06,2.164166971851955e-06,1.791213549040549e-06,2.1476325855473988e-06,1.8242128589918138e-06,3.358147296239622e-06,2.517970642657019e-06,1.946663132912363e-06
890,29163520,0.0001755400000000011,7.026139996242384,6.803933338830684,0.890625,0.8307291666666667,-0.02098747342824936,17.978609085083008,1.018592229229398e-05,0.0,-1.034773349761963,1,0,0.9999611377716064,547.7886785185186,0.9999611377716064,1.786512802937068e-05,1.8919203057521372e-06,1.658321707509458e-06,1.7973088688449934e-06,2.1628673039231217e-06,1.790137844182027e-06,2.1463449684233638e-06,1.823117486310366e-06,3.356133902343572e-06,2.516460881452076e-06,1.9454978428257164e-06
891,29196288,0.0001754000000000011,7.385586044064497,6.842755486277367,0.9375,0.8401041666666667,0.010515211150050163,29.27823829650879,1.0180375284107868e-05,0.0,-1.0353587865829468,1,0,0.9999611377716064,547.7985180817699,0.9999611377716064,1.7851725715445355e-05,1.8908489209934487e-06,1.657382426856202e-06,1.7962910305868718e-06,2.1616426693071844e-06,1.7891239849632257e-06,2.145129201380769e-06,1.8220848687633406e-06,3.3542335131642176e-06,2.5150359306280734e-06,1.9443959899945185e-06
892,29229056,0.00017526000000000108,7.2671601444424585,6.871448283964623,0.953125,0.8494791666666666,-0.06234688311815262,22.332378387451172,1.0177165677305311e-05,0.0,-1.0366475582122803,1,0,0.9999611377716064,547.8330620532341,0.9999611377716064,1.7844015019363724e-05,1.890226826617436e-06,1.656837298469327e-06,1.795701678020123e-06,2.160933490813477e-06,1.7885372471937444e-06,2.1444236608658684e-06,1.821487217057438e-06,3.3531300687172916e-06,2.51421079155989e-06,1.9437563878454966e-06
893,29261824,0.00017512000000000107,7.025671187336691,6.890371852200022,0.953125,0.8604166666666666,0.07877177745103836,27.85931396484375,1.0169530469283927e-05,0.0,-1.0370205640792847,1,0,0.9999611377716064,547.8261011385357,0.9999611377716064,1.7825594113674015e-05,1.8887438955061953e-06,1.655537403166818e-06,1.7942929844139144e-06,2.1592400116787758e-06,1.7871356021714746e-06,2.142743369404343e-06,1.8200597651230055e-06,3.350502311150194e-06,2.5122385522990953e-06,1.9422311652306234e-06
894,29294592,0.00017498000000000107,7.119924510658183,6.9210431785708835,0.921875,0.8651041666666666,0.09927301108837128,30.42481231689453,1.016194437397644e-05,0.0,-1.0365557670593262,1,0,0.9999611377716064,547.8198875581323,0.9999611377716064,1.780726233846508e-05,1.8872747205023188e-06,1.6542496723559452e-06,1.7928971374203684e-06,2.1575604023382766e-06,1.7857454395198147e-06,2.1410764929896686e-06,1.8186440229328582e-06,3.347896154082264e-06,2.5102840481849853e-06,1.940720267157303e-06
895,29327360,0.00017484000000000106,6.8885807341107625,6.977930304200562,0.90625,0.8760416666666666,-0.028954364359378815,16.960281372070312,1.0152733921131585e-05,0.0,-1.037506103515625,1,0,0.999961256980896,547.8232040993726,0.999961256980896,1.779076410457492e-05,1.8859541341953445e-06,1.6530922266611014e-06,1.7916410115503822e-06,2.15604882214393e-06,1.784494429557526e-06,2.1395785552158486e-06,1.817369934542512e-06,3.345553977851523e-06,2.5085255401791073e-06,1.939362846314907e-06
896,29360128,0.00017470000000000105,6.99250765496048,7.044086789741473,0.953125,0.8979166666666666,0.07269350439310074,26.130712509155273,1.0146281965717208e-05,0.0,-1.0380594730377197,1,0,0.999961256980896,547.8271010925721,0.999961256980896,1.777524630597327e-05,1.8847010778699769e-06,1.6519937844350352e-06,1.790452301975165e-06,2.1546163679886376e-06,1.7833084484664141e-06,2.1381549686338985e-06,1.8161622392653953e-06,3.343327534821583e-06,2.5068609375011874e-06,1.9380738649488194e-06
897,29392896,0.00017456000000000104,6.8027683633352725,7.043752398367573,0.84375,0.9057291666666666,0.046682316809892654,30.46735954284668,1.0141874554392416e-05,0.0,-1.0381563901901245,1,0,0.999961256980896,547.8590088248051,0.999961256980896,1.7764656149665825e-05,1.8838439928003936e-06,1.6512423144376953e-06,1.7896378494697274e-06,2.1536384338105563e-06,1.7824993392423494e-06,2.1371843104134314e-06,1.8153378960050759e-06,3.3418102702853503e-06,2.5057206585188396e-06,1.9371925645828014e-06
898,29425664,0.00017442000000000103,7.163142331367218,7.032159378242257,0.890625,0.9104166666666667,0.036597080528736115,21.88458251953125,1.013580822473159e-05,0.0,-1.0385057926177979,1,0,0.999961256980896,547.8710748745592,0.999961256980896,1.77500223799143e-05,1.8826691530193784e-06,1.650212880122126e-06,1.7885203078549239e-06,2.1522914721572306e-06,1.7813844124248135e-06,2.1358496269385796e-06,1.8142027329304256e-06,3.3397234346921323e-06,2.5041561002581147e-06,1.9359845282451715e-06
899,29458432,0.00017428000000000105,6.614539917229941,7.028602088374788,0.875,0.9125,0.06991589069366455,23.546035766601562,1.0132798706763424e-05,0.0,-1.0383100509643555,1,0,0.999961256980896,547.915890610601,0.999961256980896,1.7742746422300115e-05,1.882084120552463e-06,1.6496999251103261e-06,1.7879643792184652e-06,2.151622311430401e-06,1.7808307575251092e-06,2.135185923179961e-06,1.813638618841651e-06,3.3386852464900585e-06,2.503377572793397e-06,1.9353826701262733e-06
900,29491200,0.00017414000000000104,7.113616933281775,7.037349782078728,0.84375,0.9078125,-0.00551687553524971,29.554039001464844,1.0126042070623953e-05,0.0,-1.0380778312683105,1,0,0.999961256980896,547.9215381552746,0.999961256980896,1.7726424630382098e-05,1.880776039797638e-06,1.6485533933519037e-06,1.7867234873847337e-06,2.1501291485037655e-06,1.7795948679122375e-06,2.133701855200343e-06,1.8123798781743972e-06,3.3363651255058357e-06,2.5016402105393354e-06,1.9340377548360266e-06
901,29523968,0.00017400000000000103,6.831914245401411,6.981982602212419,0.875,0.9015625,0.010879883542656898,33.67827606201172,1.0120400474988855e-05,0.0,-1.038127064704895,1,0,0.999961256980896,547.9373235924835,0.999961256980896,1.7712889530230314e-05,1.8796803260556771e-06,1.6475930806336692e-06,1.7856825706985546e-06,2.148878820662503e-06,1.7785597492547822e-06,2.1324608496797737e-06,1.8113260011887178e-06,3.3344244911859278e-06,2.5001829726534197e-06,1.932911345647881e-06
902,29556736,0.00017386000000000105,7.124769800065101,6.967743567774683,0.890625,0.8953125,0.03695749491453171,27.21048927307129,1.0108658898388967e-05,0.0,-1.0387381315231323,1,0,0.9999613761901855,547.9207038200714,0.9999613761901855,1.7690268578007817e-05,1.8778728190227412e-06,1.646008627176343e-06,1.7839654447016073e-06,2.1468101749633206e-06,1.7768476254786947e-06,2.130408120137872e-06,1.8095823861585814e-06,3.331214884383371e-06,2.4977784960356075e-06,1.931052338477457e-06
903,29589504,0.00017372000000000104,6.878909409839727,6.953067390024988,0.84375,0.884375,-0.010465793311595917,36.46213912963867,1.0102552550961263e-05,0.0,-1.0396623611450195,1,0,0.9999613761901855,547.9364282231988,0.9999613761901855,1.7675565686658956e-05,1.8766893390420591e-06,1.644971348468971e-06,1.7828394902608125e-06,2.1454552552313544e-06,1.7757263321982464e-06,2.12906547858438e-06,1.80844028818683e-06,3.329112132632872e-06,2.4962021143437596e-06,1.9298354345664848e-06
904,29622272,0.00017358000000000103,6.651096915691162,6.906184630528284,0.765625,0.86875,0.22306779026985168,37.223876953125,1.0096298865391873e-05,0.0,-1.0393154621124268,1,0,0.9999613761901855,547.9478118343505,0.9999613761901855,1.766050081641879e-05,1.8754764141704072e-06,1.6439080354757607e-06,1.7816871604736662e-06,2.1440703221742297e-06,1.774580141500337e-06,2.127691686837352e-06,1.8072730654239422e-06,3.3269604955421528e-06,2.4945886707428144e-06,1.9285878352093277e-06
905,29655040,0.00017344000000000102,7.074181285768535,6.924744685694063,0.8125,0.859375,-0.04851086810231209,20.360916137695312,1.0090435353049543e-05,0.0,-1.0390520095825195,1,0,0.9999613761901855,547.9597802578495,0.9999613761901855,1.764640910550952e-05,1.8743373857432744e-06,1.6429096376668895e-06,1.78060668076796e-06,2.1427681531349663e-06,1.7735023902787361e-06,2.1263972485030536e-06,1.80617541900574e-06,3.324943008919945e-06,2.4930759536800906e-06,1.927416860780795e-06
906,29687808,0.00017330000000000101,7.028412885599533,6.928335208757967,0.84375,0.8484375,-0.027170367538928986,20.583988189697266,1.0075154932565056e-05,0.0,-1.0409014225006104,1,0,0.9999616146087646,547.9294539781123,0.9999616146087646,1.7621105143916793e-05,1.8722994354902767e-06,1.6411232763857697e-06,1.7786690023058327e-06,2.140436436093296e-06,1.771572442521574e-06,2.1240850855974713e-06,1.804209887268371e-06,3.3213245842489414e-06,2.490362930984702e-06,1.925321157614235e-06
907,29720576,0.000173160000000001,6.916803282508983,6.939738700675339,0.8125,0.8453125,0.08776196092367172,26.65631103515625,1.0060406566481106e-05,0.0,-1.04154634475708,1,0,0.9999616146087646,547.8589271659353,0.9999616146087646,1.7585531168151647e-05,1.8694429400056833e-06,1.6386194374717888e-06,1.7759568891051458e-06,2.1371729417296592e-06,1.7688712432573084e-06,2.1208445559750544e-06,1.8014591205428587e-06,3.3162541512865573e-06,2.4865655632311245e-06,1.9223837171011837e-06
908,29753344,0.000173020000000001,6.737501226118502,6.897174590150466,0.8125,0.8375,0.005554623901844025,32.619720458984375,1.0053026016976219e-05,0.0,-1.042842984199524,1,0,0.9999616146087646,547.8591466907583,0.9999616146087646,1.7567796021467075e-05,1.8680099174162024e-06,1.6373635389754781e-06,1.7745958302839426e-06,2.1355347143980907e-06,1.7675155277174781e-06,2.1192190615693107e-06,1.8000781665250543e-06,3.313712568342453e-06,2.484659944457235e-06,1.920910563057987e-06
909,29786112,0.000172880000000001,6.912073822075341,6.926927980635007,0.703125,0.8203125,0.09003739058971405,25.15795135498047,1.0049610864371061e-05,0.0,-1.0434327125549316,1,0,0.9999616146087646,547.899861367035,0.9999616146087646,1.755962148308754e-05,1.8673475778996362e-06,1.6367828266083961e-06,1.7739664599503158e-06,2.1347773326851893e-06,1.7668884311206057e-06,2.11846713682462e-06,1.7994397012444097e-06,3.3125370464404114e-06,2.4837788714648923e-06,1.920228896779008e-06
910,29818880,0.00017274000000000098,6.850906732274745,6.900656960534304,0.78125,0.8140625,0.12639161944389343,26.48926544189453,1.0040800589194987e-05,0.0,-1.0450420379638672,1,0,0.9999617338180542,547.905836455818,0.9999617338180542,1.7544141883263364e-05,1.8661032754607731e-06,1.6356922287741327e-06,1.7727826389091206e-06,2.1333548829716165e-06,1.7657114312896738e-06,2.117057874784223e-06,1.7982408735406352e-06,3.3103267469414277e-06,2.4821210899972357e-06,1.9189496924809646e-06
911,29851648,0.00017260000000000097,6.805541057434239,6.898019641737586,0.90625,0.8171875,0.14434993267059326,38.93564224243164,1.0036505045718513e-05,0.0,-1.0452792644500732,1,0,0.9999617338180542,547.9149600496498,0.9999617338180542,1.753390461090021e-05,1.8652705193744623e-06,1.6349624729627976e-06,1.7719917195790913e-06,2.132403096766211e-06,1.7649233541305875e-06,2.1161133645364316e-06,1.797438471839996e-06,3.3088497275457485e-06,2.4810135528241517e-06,1.91809317584557e-06
912,29884416,0.00017246000000000096,7.027123590621169,6.888255020793194,0.90625,0.81875,-0.02650514617562294,15.133967399597168,1.0028140422946308e-05,0.0,-1.0473541021347046,1,0,0.9999617338180542,547.9001394102987,0.9999617338180542,1.751368290570099e-05,1.8636419554241002e-06,1.6335486634488916e-06,1.770447738635994e-06,2.13054295272741e-06,1.7633840343478369e-06,2.1142654986761045e-06,1.7958706166609772e-06,3.3059636734833475e-06,2.4788496375549585e-06,1.916418341352255e-06
913,29917184,0.00017232000000000095,6.500398960446865,6.850403975853906,0.90625,0.825,0.05387268587946892,21.306747436523438,1.002134467853466e-05,0.0,-1.0467078685760498,1,0,0.9999617338180542,547.9081702873914,0.9999617338180542,1.7497422959422693e-05,1.8623235291670426e-06,1.6323932641171268e-06,1.7691954781184904e-06,2.1290359200065723e-06,1.7621366623643553e-06,2.112769834639039e-06,1.7946003936231136e-06,3.3036253626050893e-06,2.4770963591436157e-06,1.9150627394992625e-06
914,29949952,0.00017218000000000097,6.748497686027645,6.860144052887556,0.921875,0.840625,0.0058418745175004005,19.70648193359375,1.0013697647082154e-05,0.0,-1.048647403717041,1,0,0.9999617338180542,547.9067659683533,0.9999617338180542,1.7479042071499862e-05,1.8608411664899904e-06,1.631093709875131e-06,1.7677854202702292e-06,2.127339257640415e-06,1.760733994160546e-06,2.1110861325723818e-06,1.793171691133466e-06,3.3009953313012375e-06,2.4751243472564965e-06,1.913538426379091e-06
915,29982720,0.00017204000000000096,6.954243036367469,6.84815022794745,0.9375,0.853125,-0.0041362568736076355,21.20515251159668,1.0004115210904274e-05,0.0,-1.0496946573257446,1,0,0.9999618530273438,547.9045665517174,0.9999618530273438,1.7461734387325123e-05,1.859445092122769e-06,1.6298687341986806e-06,1.7664610822976101e-06,2.125743321812479e-06,1.759413294166734e-06,2.1095045212859986e-06,1.7918266621563816e-06,3.29851627611788e-06,2.473265567459748e-06,1.912103016366018e-06
916,30015488,0.00017190000000000095,6.8848415600260235,6.833793095390098,0.90625,0.859375,-0.003631655126810074,26.63698959350586,9.99734675133368e-06,0.0,-1.0504522323608398,1,0,0.9999618530273438,547.8996225999488,0.9999618530273438,1.7445505363866687e-05,1.8581299627840053e-06,1.6287187918351265e-06,1.7652115502642118e-06,2.1242396996967727e-06,1.7581686506673577e-06,2.1080122678540647e-06,1.7905590539157856e-06,3.2961829674604814e-06,2.4715159270272125e-06,1.910750370370806e-06
917,30048256,0.00017176000000000094,6.2212039322677715,6.764233160365977,0.890625,0.8671875,-0.0015230774879455566,29.627460479736328,9.991854312829673e-06,0.0,-1.0507603883743286,1,0,0.9999618530273438,547.9215543026972,0.9999618530273438,1.743239954521414e-05,1.8570634665593388e-06,1.6277872418868355e-06,1.764196667863871e-06,2.123018475685967e-06,1.757159452608903e-06,2.1068003661639523e-06,1.78953143858962e-06,3.2942909911071183e-06,2.4700975700397976e-06,1.9096537471341435e-06
918,30081024,0.00017162000000000094,6.077768468218487,6.698259884575975,0.859375,0.871875,0.008210048079490662,29.216609954833984,9.984680218622088e-06,0.0,-1.0511316061019897,1,0,0.9999618530273438,547.9190697913257,0.9999618530273438,1.7415202819393016e-05,1.8556612531028804e-06,1.6265581734842272e-06,1.7628663044888526e-06,2.1214177650108468e-06,1.7558328408995294e-06,2.1052117062936304e-06,1.7881802705232985e-06,3.291803750471445e-06,2.468232651153812e-06,1.908211970658158e-06
919,30113792,0.00017148000000000095,6.3679242863630385,6.643844931004746,0.90625,0.8921875,-0.04966217651963234,23.07539176940918,9.977029549190775e-06,0.0,-1.0517174005508423,1,0,0.9999618530273438,547.9205586582456,0.9999618530273438,1.739687468216289e-05,1.8541770714364247e-06,1.625258732929069e-06,1.7614546550248633e-06,2.1197206478973385e-06,1.7544283537063166e-06,2.1035259578638943e-06,1.7867499764179229e-06,3.2891739465412684e-06,2.466260639266693e-06,1.9066856111749075e-06
920,30146560,0.00017134000000000094,6.618472865869201,6.620601544364192,0.84375,0.8984375,0.0170002318918705,34.46986389160156,9.970278370019514e-06,0.0,-1.0510525703430176,1,0,0.9999619722366333,547.9502795153329,0.9999619722366333,1.7386397303198464e-05,1.8533321508584777e-06,1.6245182905549882e-06,1.7606520259505487e-06,2.118754991897731e-06,1.7536291352371336e-06,2.102567577821901e-06,1.7859359786598361e-06,3.287675326646422e-06,2.4651369585626526e-06,1.9058169300478767e-06
921,30179328,0.00017120000000000094,6.799023653916542,6.619949804012421,0.890625,0.896875,0.046836040914058685,42.28236770629883,9.966469406208489e-06,0.0,-1.052022933959961,1,0,0.9999619722366333,547.9814139374065,0.9999619722366333,1.7377296899212524e-05,1.8525901168686687e-06,1.6238677744695451e-06,1.759947053869837e-06,2.1179066607146524e-06,1.7529268916405272e-06,2.1017253857280593e-06,1.7852208884505671e-06,3.2863586056919303e-06,2.4641499294375535e-06,1.9050537503062515e-06
922,30212096,0.00017106000000000093,6.556742676441893,6.572911712594494,0.875,0.89375,0.0818386822938919,21.674760818481445,9.959612725651823e-06,0.0,-1.051252841949463,1,0,0.9999619722366333,547.9944416567413,0.9999619722366333,1.736079684633296e-05,1.8512602082410012e-06,1.6227004380198196e-06,1.7586853573448025e-06,2.1163862129469635e-06,1.7516683783469489e-06,2.1002188077545725e-06,1.7839391830420936e-06,3.2839964205777505e-06,2.4623784611321753e-06,1.9036860976484604e-06
923,30244864,0.00017092000000000092,6.782116541394451,6.601083470689252,0.8125,0.884375,0.08941943943500519,22.088899612426758,9.952592336048838e-06,0.0,-1.0518968105316162,1,0,0.9999619722366333,548.0039563625992,0.9999619722366333,1.7343949366477318e-05,1.8498976714909077e-06,1.621507749405282e-06,1.7573909190105041e-06,2.114830522259581e-06,1.7503793969808612e-06,2.098672894135234e-06,1.7826264411269221e-06,3.281579438407789e-06,2.460568566675647e-06,1.902285134747217e-06
924,30277632,0.0001707800000000009,6.820027484228136,6.608236450509301,0.890625,0.88125,-0.02852451801300049,21.614866256713867,9.948313163476996e-06,0.0,-1.0511165857315063,1,0,0.9999619722366333,548.0332378125007,0.9999619722366333,1.7333699361188337e-05,1.8490687807570794e-06,1.6207795852096751e-06,1.7566017049830407e-06,2.1138787360541755e-06,1.7495950714874198e-06,2.0977304302505217e-06,1.7818274500314146e-06,3.280105602243566e-06,2.4594637579866685e-06,1.9014325971511425e-06
925,30310400,0.0001706400000000009,6.918311549098702,6.604643301782424,0.875,0.875,0.06035543233156204,30.11691665649414,9.941940334101673e-06,0.0,-1.0512151718139648,1,0,0.9999619722366333,548.0430763418698,0.9999619722366333,1.7318365280516446e-05,1.8478331185178831e-06,1.6196979686355917e-06,1.755427888383565e-06,2.112468337145401e-06,1.7484255749877775e-06,2.0963286715414142e-06,1.7806366940931184e-06,3.277901214460144e-06,2.457822347423644e-06,1.900161919365928e-06
926,30343168,0.0001705000000000009,7.090166139125461,6.625175759692368,0.921875,0.8765625,0.04777301847934723,25.000295639038086,9.934152330970392e-06,0.0,-1.0516966581344604,1,0,0.9999620914459229,548.0531426894837,0.9999620914459229,1.730540498101618e-05,1.8467902691554627e-06,1.6187839264603099e-06,1.7544372212796588e-06,2.111275989591377e-06,1.7474388869231916e-06,2.0951458736817585e-06,1.7796319298213348e-06,3.276051529610413e-06,2.45643536800344e-06,1.8990896251125378e-06
927,30375936,0.00017036000000000088,7.7373302646373405,6.7767883929293244,0.921875,0.8796875,-0.08481110632419586,18.91272735595703,9.925991435011383e-06,0.0,-1.0529876947402954,1,0,0.9999620914459229,548.0290615810486,0.9999620914459229,1.7285810827161185e-05,1.8452059293849743e-06,1.6173952417375403e-06,1.7529320075482246e-06,2.109464730892796e-06,1.7459398122809944e-06,2.0933482574037043e-06,1.7781051155907335e-06,3.273240736234584e-06,2.4543280687794322e-06,1.8974603790411493e-06
928,30408704,0.00017022000000000087,7.50565827673138,6.919577373780615,0.890625,0.8828125,-0.0098112802952528,21.03890037536621,9.91982869891217e-06,0.0,-1.0540258884429932,1,0,0.9999620914459229,548.0289527673804,0.9999620914459229,1.7270996977458708e-05,1.8440097164784675e-06,1.6163467080332339e-06,1.7517955939183594e-06,2.1080973056086805e-06,1.744807946124638e-06,2.0919910639349837e-06,1.7769522173693986e-06,3.2711188850953477e-06,2.452736680425005e-06,1.8962302874570014e-06
929,30441472,0.0001700800000000009,7.310856260846195,7.013870571228931,0.875,0.8796875,0.1081610769033432,26.472023010253906,9.91576598607935e-06,0.0,-1.0542958974838257,1,0,0.9999620914459229,548.0515735019666,0.9999620914459229,1.726128175505437e-05,1.843223799369298e-06,1.6156561741809128e-06,1.7510490124550415e-06,2.1071969058539253e-06,1.7440643205191009e-06,2.0910993043798953e-06,1.7761949493433349e-06,3.2697246297175298e-06,2.451689169902238e-06,1.8954219740408007e-06
930,30474240,0.0001699400000000009,6.9055696091282694,7.042580245554836,0.8125,0.8765625,0.06730439513921738,24.23126792907715,9.903897989715915e-06,0.0,-1.0545463562011719,1,0,0.9999620914459229,548.0087629604894,0.9999620914459229,1.723281093291007e-05,1.8409189124213299e-06,1.61363743700349e-06,1.7488609955762513e-06,2.104565737681696e-06,1.7418834659110871e-06,2.0884867808490526e-06,1.7739739632816054e-06,3.265639406890841e-06,2.4486257643729914e-06,1.8930519445348182e-06
931,30507008,0.0001698000000000009,6.2848220467373626,6.991160084836919,0.75,0.8625,0.03984050452709198,30.04613494873047,9.893444257613737e-06,0.0,-1.054283857345581,1,0,0.9999622106552124,548.0105713787536,0.9999622106552124,1.7213513274327852e-05,1.8393537857264164e-06,1.6122638726301375e-06,1.747374199112528e-06,2.10277471524023e-06,1.7404024674760876e-06,2.086710992443841e-06,1.7724657936923904e-06,3.2628627195663285e-06,2.4465414298902033e-06,1.8914424799731933e-06
932,30539776,0.0001696600000000009,6.096496495401496,6.945135466732879,0.671875,0.8421875,-0.040995895862579346,20.916744232177734,9.886921361612622e-06,0.0,-1.0535582304000854,1,0,0.9999622106552124,548.0277543095152,0.9999622106552124,1.7197924535139464e-05,1.8380893607172766e-06,1.6111571312649176e-06,1.746171506056271e-06,2.1013290734117618e-06,1.7392063682564185e-06,2.085274672936066e-06,1.7712474118525279e-06,3.2606169497739756e-06,2.444862275297055e-06,1.8901423572970089e-06
933,30572544,0.00016952000000000088,6.459225701596685,6.912846382753102,0.734375,0.834375,-0.08280326426029205,16.009092330932617,9.877337106445339e-06,0.0,-1.0540868043899536,1,0,0.999962329864502,548.0291532182326,0.999962329864502,1.7180664144689217e-05,1.836689648371248e-06,1.6099303365990636e-06,1.7448433027311694e-06,2.0997308638470713e-06,1.7378816892232862e-06,2.0836887415498495e-06,1.769898517522961e-06,3.258136757722241e-06,2.4430003122688504e-06,1.8887029682446155e-06
934,30605312,0.00016938000000000088,7.075580767253426,6.938401711055631,0.7708333333333334,0.8223958333333334,0.01943228766322136,32.28180694580078,9.872822374745738e-06,0.0,-1.0545759201049805,1,0,0.999962329864502,548.0334055418475,0.999962329864502,1.716990300337784e-05,1.8358140323471162e-06,1.6091643146864953e-06,1.7440098645238322e-06,2.0987256448279368e-06,1.737053139549971e-06,2.0826935269724345e-06,1.7690548475002288e-06,3.256580384913832e-06,2.4418332031928003e-06,1.8878024548030226e-06
935,30638080,0.00016924000000000087,6.802734400423699,6.926843996188131,0.875,0.8223958333333332,0.0487850159406662,17.324443817138672,9.864803359960206e-06,0.0,-1.0538365840911865,1,0,0.999962329864502,548.019622260073,0.999962329864502,1.7150674466392957e-05,1.8342529983783606e-06,1.607795979907678e-06,1.7425270470994292e-06,2.0969412162230583e-06,1.7355762338411296e-06,2.080922513414407e-06,1.7675505432634964e-06,3.253811200920609e-06,2.439757054162328e-06,1.886197310341231e-06
936,30670848,0.00016910000000000088,6.540431159663676,6.871870498241952,0.8125,0.8114583333333334,-0.042158253490924835,20.0672607421875,9.853459232544992e-06,0.0,-1.0541423559188843,1,0,0.9999624490737915,548.0085543944172,0.9999624490737915,1.7129246771219186e-05,1.8325152950637857e-06,1.6062743952716119e-06,1.7408777921446017e-06,2.0949566987837898e-06,1.7339319811071618e-06,2.078953002637718e-06,1.765875936143857e-06,3.250728696002625e-06,2.4374455733777722e-06,1.8844104943127604e-06
937,30703616,0.00016896000000000088,6.989046004724365,6.797042072250656,0.9375,0.8130208333333334,0.02864035591483116,32.584468841552734,9.851276445260737e-06,0.0,-1.0534393787384033,1,0,0.9999624490737915,548.0542995203049,0.9999624490737915,1.7124084479291923e-05,1.8320906747248955e-06,1.6059083236541483e-06,1.7404727259417996e-06,2.0944712559867185e-06,1.733530098135816e-06,2.07846937883005e-06,1.7654667772148969e-06,3.2499754070158815e-06,2.436883278278401e-06,1.883973709482234e-06
938,30736384,0.00016882000000000087,6.833436890892994,6.729819933666816,0.90625,0.8145833333333334,0.10442689806222916,34.25894546508789,9.846710781857837e-06,0.0,-1.0537467002868652,1,0,0.9999624490737915,548.075442562167,0.9999624490737915,1.71131978277117e-05,1.831199824664509e-06,1.6051274087658385e-06,1.7396264411217999e-06,2.0934528492944082e-06,1.7326872239209479e-06,2.0774584754690295e-06,1.764608327903261e-06,3.248395159971551e-06,2.4356984340556664e-06,1.8830576209438732e-06
939,30769152,0.00016868000000000086,6.61258224782083,6.65999253236428,0.875,0.8145833333333334,-0.01618194952607155,26.455524444580078,9.842308827501256e-06,0.0,-1.0539476871490479,1,0,0.9999624490737915,548.0977603738694,0.9999624490737915,1.710270589683205e-05,1.8303425122212502e-06,1.6043775303842267e-06,1.738813693918928e-06,2.092474460368976e-06,1.7318760683338041e-06,2.076488044622238e-06,1.763782165653538e-06,3.2468774406879675e-06,2.4345581550733186e-06,1.8821760932041798e-06
940,30801920,0.00016854000000000085,6.99596692358639,6.6690322638100925,0.9375,0.8270833333333334,0.06695346534252167,20.760473251342773,9.833645890466869e-06,0.0,-1.0540852546691895,1,0,0.9999624490737915,548.0763002455278,0.9999624490737915,1.7081985788536258e-05,1.8286606291439966e-06,1.6029016478569247e-06,1.7372142337990226e-06,2.0905479232169455e-06,1.7302845662925392e-06,2.074577878374839e-06,1.7621614460949786e-06,3.2438877042295644e-06,2.4323182969965274e-06,1.8804465753419208e-06
941,30834688,0.00016840000000000084,6.843579181762074,6.724907977312563,0.90625,0.8427083333333334,-0.005450056865811348,26.102279663085938,9.829428563534748e-06,0.0,-1.0554612874984741,1,0,0.9999624490737915,548.1008583803082,0.9999624490737915,1.7071923139155842e-05,1.8278393554282957e-06,1.6021818964873091e-06,1.7364340010317392e-06,2.0896111436741194e-06,1.7295076304435497e-06,2.0736463284265483e-06,1.7613699583307607e-06,3.242434104322456e-06,2.431228494970128e-06,1.879601995824487e-06
942,30867456,0.00016826000000000083,6.667379514690621,6.781996279241476,0.828125,0.8583333333333334,-0.08300940692424774,20.940244674682617,9.821066669246648e-06,0.0,-1.0558199882507324,1,0,0.999962568283081,548.1127284555862,0.999962568283081,1.7057667719200253e-05,1.8266808865519124e-06,1.6011678098948323e-06,1.7353349903714843e-06,2.088288511004066e-06,1.7284113482674002e-06,2.07233392757189e-06,1.7602534398974967e-06,3.2403820569015807e-06,2.4296873561979737e-06,1.8784106714520021e-06
943,30900224,0.00016812000000000085,6.7187531494241375,6.807949024024221,0.78125,0.8630208333333333,0.08547704666852951,34.3696403503418,9.814675649977289e-06,0.0,-1.0554101467132568,1,0,0.999962568283081,548.1119766110297,0.999962568283081,1.7042431863956153e-05,1.825433855628944e-06,1.6000778941815952e-06,1.734148781906697e-06,2.0868590127065545e-06,1.7272313925786875e-06,2.0709173895738786e-06,1.7590521110832924e-06,3.238164026697632e-06,2.428026391498861e-06,1.87712839760934e-06
944,30932992,0.00016798000000000084,7.205256792178517,6.820916626516731,0.890625,0.875,0.047708045691251755,45.21416473388672,9.808789400267415e-06,0.0,-1.0559953451156616,1,0,0.999962568283081,548.120037873004,0.999962568283081,1.702836379990913e-05,1.8242886881125742e-06,1.599074153091351e-06,1.733060798869701e-06,2.085550022457028e-06,1.7261480707020382e-06,2.069618176392396e-06,1.757948439262691e-06,3.236132670281222e-06,2.426503442620742e-06,1.8759507156573818e-06
945,30965760,0.00016784000000000083,6.783603134473957,6.819003499921756,0.78125,0.865625,0.019985103979706764,37.05691909790039,9.802919521462172e-06,0.0,-1.056570053100586,1,0,0.999962568283081,548.1376065054206,0.999962568283081,1.701437031442765e-05,1.8231477270092e-06,1.598074049979914e-06,1.7319787275482668e-06,2.084249672407168e-06,1.725068386804196e-06,2.068325557047501e-06,1.756849087541923e-06,3.2341147289116634e-06,2.4249882244475884e-06,1.8747775811789325e-06
946,30998528,0.00016770000000000082,7.263591745216238,6.891319558477012,0.84375,0.86875,-0.005512947216629982,18.47815704345703,9.793394383450504e-06,0.0,-1.0577187538146973,1,0,0.999962568283081,548.0984390740834,0.999962568283081,1.69916693266714e-05,1.8212951999885263e-06,1.5964517388056265e-06,1.7302187416134984e-06,2.0821316866204143e-06,1.7233155631402042e-06,2.066224169539055e-06,1.7550639768160181e-06,3.2308284971804824e-06,2.42252417592681e-06,1.8728725308392313e-06
947,31031296,0.00016756000000000081,6.795654444783852,6.871980402482961,0.8125,0.85625,-0.05216198042035103,19.69864845275879,9.787019735085778e-06,0.0,-1.0572375059127808,1,0,0.9999626874923706,548.1313693908749,0.9999626874923706,1.6982177839963697e-05,1.820517354644835e-06,1.5957714367687004e-06,1.7294798908551456e-06,2.0812426555494312e-06,1.7225797819264699e-06,2.065341959678335e-06,1.7543144394949195e-06,3.229448793717893e-06,2.4214896257035434e-06,1.8720728576226975e-06
948,31064064,0.0001674200000000008,7.00086987537753,6.888723700931415,0.875,0.853125,0.035203222185373306,22.123807907104492,9.776151273399591e-06,0.0,-1.0584096908569336,1,0,0.9999628067016602,548.1044965825471,0.9999628067016602,1.6961996152531356e-05,1.818862187974446e-06,1.5943249991323682e-06,1.7279073745157802e-06,2.079350224448717e-06,1.7210134046763415e-06,2.063463853119174e-06,1.7527192994748475e-06,3.226512490073219e-06,2.419287739030551e-06,1.8703706246014917e-06
949,31096832,0.00016728000000000082,6.679017049388125,6.895367181088145,0.796875,0.8453125,0.09202441573143005,37.487205505371094,9.772598787094466e-06,0.0,-1.058586835861206,1,0,0.9999628067016602,548.140107358103,0.9999628067016602,1.695358514552936e-05,1.818168357203831e-06,1.5937185935399611e-06,1.727248331917508e-06,2.078557145068771e-06,1.7203568631884991e-06,2.062676912828465e-06,1.7520509345558821e-06,3.2252817163680447e-06,2.4183650566556025e-06,1.8696572396947886e-06
950,31129600,0.00016714000000000082,6.403969701453283,6.836167458874833,0.734375,0.825,0.1110612079501152,26.28355598449707,9.762050467543304e-06,0.0,-1.058046579360962,1,0,0.9999628067016602,548.1103667634601,0.9999628067016602,1.692844853096176e-05,1.816116650843469e-06,1.5919199540803675e-06,1.725299171084771e-06,2.07620951186982e-06,1.7184155467475648e-06,2.060349061139277e-06,1.7500736930742278e-06,3.2216387353400933e-06,2.415633616692503e-06,1.8675473256735131e-06
951,31162368,0.0001670000000000008,7.017265191954141,6.85353605989404,0.765625,0.8109375,-0.1287975311279297,12.040922164916992,9.757021871337201e-06,0.0,-1.058442234992981,1,0,0.9999628067016602,548.129832200395,0.9999628067016602,1.691642501100432e-05,1.8151382619180367e-06,1.5910638921923237e-06,1.7243681895706686e-06,2.07509128813399e-06,1.7174897948279977e-06,2.0592372038663598e-06,1.7491310018158401e-06,3.2199034194491105e-06,2.4143348582583712e-06,1.8665413108465145e-06
952,31195136,0.00016686000000000082,5.967157394006492,6.783513847825627,0.765625,0.8046875,0.003464825451374054,27.983741760253906,9.747209332999773e-06,0.0,-1.0577163696289062,1,0,0.9999629259109497,548.128544014235,0.9999629259109497,1.689878808974754e-05,1.8136903463528142e-06,1.589802309354127e-06,1.7229940567631274e-06,2.0734375993924914e-06,1.7161196410597768e-06,2.0575964754243614e-06,1.7477353821959696e-06,3.217337734895409e-06,2.412408548480016e-06,1.8650523543328745e-06
953,31227904,0.00016672000000000082,6.740217385067224,6.7856602713899346,0.71875,0.7984375,0.07840587943792343,26.025667190551758,9.743284863361623e-06,0.0,-1.0584112405776978,1,0,0.9999629259109497,548.1560099870571,0.9999629259109497,1.6889458493096754e-05,1.8129223917640047e-06,1.5891291695879772e-06,1.7222646420123056e-06,2.0725599370052805e-06,1.715393068479898e-06,2.056725179500063e-06,1.746995621942915e-06,3.215975766579504e-06,2.4113874133036006e-06,1.8642626855580602e-06
954,31260672,0.0001665800000000008,7.007435919310132,6.765878184103097,0.84375,0.79375,-0.02538091316819191,28.59202766418457,9.74139038589783e-06,0.0,-1.0591516494750977,1,0,0.9999629259109497,548.2054472815348,0.9999629259109497,1.6884965589269996e-05,1.8125558653991902e-06,1.5888080042714137e-06,1.7219164192283642e-06,2.0721408873214386e-06,1.715046323624847e-06,2.0563095404213527e-06,1.746642396938114e-06,3.2153254778677365e-06,2.4108999241434503e-06,1.8638857000041753e-06
955,31293440,0.0001664400000000008,6.61048243358852,6.748566114014554,0.84375,0.8,-0.08133668452501297,33.51387405395508,9.736533684190363e-06,0.0,-1.0591731071472168,1,0,0.9999629259109497,548.2197832401096,0.9999629259109497,1.687347139522899e-05,1.8116053297489998e-06,1.5880111732258229e-06,1.721011926747451e-06,2.071050403174013e-06,1.714147060738469e-06,2.055229288089322e-06,1.7457265357734286e-06,3.213633362975088e-06,2.4096334527712315e-06,1.8629082205734449e-06
956,31326208,0.0001663000000000008,6.475739743711072,6.669780913864036,0.765625,0.7921875,0.011285752058029175,26.68834686279297,9.730015335662756e-06,0.0,-1.059341311454773,1,0,0.9999629259109497,548.2175922237798,0.9999629259109497,1.6857980881468393e-05,1.8103309002981405e-06,1.5868969285293133e-06,1.7198026398546062e-06,2.0695954390248517e-06,1.7129409570770804e-06,2.053785237876582e-06,1.744498376865522e-06,3.211375315004261e-06,2.4079379272734514e-06,1.8615977523950278e-06
957,31358976,0.0001661600000000008,6.804496535614936,6.6706651229471445,0.7916666666666666,0.7901041666666667,-0.03715866804122925,34.96788024902344,9.727998076414224e-06,0.0,-1.0592635869979858,1,0,0.9999629259109497,548.251095213332,0.9999629259109497,1.6853226043167524e-05,1.8099406133842422e-06,1.5865671230130829e-06,1.719430315461068e-06,2.069147285510553e-06,1.712571929601836e-06,2.053340494967415e-06,1.744122300806339e-06,3.2106802336784313e-06,2.40741906054609e-06,1.8611964378578705e-06
958,31391744,0.0001660200000000008,6.650144425732419,6.635592577982633,0.9375,0.7963541666666667,0.026288509368896484,34.197750091552734,9.725809832161758e-06,0.0,-1.0592480897903442,1,0,0.9999629259109497,548.2901953233849,0.9999629259109497,1.684800190560054e-05,1.8095091718350886e-06,1.5862040072534e-06,1.7190220660268096e-06,2.068657977360999e-06,1.7121652717833058e-06,2.0528530058072647e-06,1.743706548040791e-06,3.2099212603498017e-06,2.406847670499701e-06,1.8607528318170807e-06
959,31424512,0.00016588000000000082,6.486186642517849,6.6163095372956064,0.90625,0.8072916666666666,0.0008368548005819321,21.56376838684082,9.717596185510047e-06,0.0,-1.058893084526062,1,0,0.9999629259109497,548.2730262351721,0.9999629259109497,1.6828475054353476e-05,1.8079067558574025e-06,1.5848038401600206e-06,1.717498207653989e-06,2.066823981294874e-06,1.7106490304286126e-06,2.0510333342826925e-06,1.742162453410856e-06,3.207075224054279e-06,2.4047160422924208e-06,1.8591050547911436e-06
960,31457280,0.0001657400000000008,6.129633265006644,6.588875893650943,0.78125,0.8119791666666666,0.11499302834272385,31.677410125732422,9.70904602581868e-06,0.0,-1.0587775707244873,1,0,0.9999630451202393,548.2890312315669,0.9999630451202393,1.6813844922580756e-05,1.8067039491143078e-06,1.5837493947401526e-06,1.7163555412480491e-06,2.0654488253057934e-06,1.7095109114961815e-06,2.0496686374826822e-06,1.7410033024134464e-06,3.2049415494839195e-06,2.4031160137383267e-06,1.8578681419967324e-06
961,31490048,0.0001656000000000008,7.392613260309464,6.626410700486476,0.890625,0.8244791666666667,-0.057699352502822876,19.974529266357422,9.702922397991642e-06,0.0,-1.059159755706787,1,0,0.9999630451202393,548.2881155306992,0.9999630451202393,1.6799260265543126e-05,1.8055137616102002e-06,1.5827076822461095e-06,1.715226403575798e-06,2.0640884486056166e-06,1.708383138065983e-06,2.048320311587304e-06,1.739856315907673e-06,3.2028301575337537e-06,2.4015307644731365e-06,1.8566441895018215e-06
962,31522816,0.0001654600000000008,6.791368865958455,6.708831847681672,0.875,0.8354166666666666,0.07572761923074722,27.319387435913086,9.696402230474632e-06,0.0,-1.0599998235702515,1,0,0.9999630451202393,548.2826274669092,0.9999630451202393,1.678390435699839e-05,1.8042400142803672e-06,1.5816000313861878e-06,1.7140164345619269e-06,2.0626321202144027e-06,1.7071810134439147e-06,2.0468751245061867e-06,1.7386290664944681e-06,3.2005707453208743e-06,2.3998363758437335e-06,1.8553344034444308e-06
963,31555584,0.00016532000000000078,6.145058569650548,6.649315966140004,0.8125,0.8447916666666666,0.11093969643115997,25.72544288635254,9.69088614510838e-06,0.0,-1.0608197450637817,1,0,0.9999630451202393,548.2974227936539,0.9999630451202393,1.6770798538345844e-05,1.8031614672509022e-06,1.5806560895725852e-06,1.71299336670927e-06,2.061399072772474e-06,1.7061588550859597e-06,2.045649807769223e-06,1.7375896277371794e-06,3.198657623215695e-06,2.3984041490621166e-06,1.854225160968781e-06
964,31588352,0.00016518000000000077,6.426232999810303,6.591195674190021,0.890625,0.8494791666666666,0.08215810358524323,24.782974243164062,9.685769327916205e-06,0.0,-1.0611250400543213,1,0,0.9999630451202393,548.3123682076072,0.9999630451202393,1.6758713172748685e-05,1.8021609093921143e-06,1.579778995619563e-06,1.7120428310590796e-06,2.060255155811319e-06,1.7052122984750895e-06,2.0445147583814105e-06,1.7366254496664624e-06,3.196882744305185e-06,2.3970733309397474e-06,1.853196408774238e-06
965,31621120,0.00016504000000000076,6.888393875457686,6.618986818376937,0.90625,0.8557291666666667,0.0012555606663227081,18.658143997192383,9.677439265942667e-06,0.0,-1.0620460510253906,1,0,0.9999632835388184,548.2987925065081,0.9999632835388184,1.6744657841627486e-05,1.8009982341027353e-06,1.5787672964506783e-06,1.7109366581280483e-06,2.058925929304678e-06,1.7041137425621855e-06,2.043197582679568e-06,1.7355049521938781e-06,3.194820010321564e-06,2.395524461462628e-06,1.8520006506150821e-06
966,31653888,0.00016490000000000078,6.925445480451576,6.663957392050987,0.90625,0.8697916666666666,0.01312195509672165,21.316408157348633,9.668717211752664e-06,0.0,-1.063700795173645,1,0,0.9999632835388184,548.2880664067595,0.9999632835388184,1.6729683920857497e-05,1.799756887521653e-06,1.5776865893712966e-06,1.7097590898629278e-06,2.0575068901962368e-06,1.7029375385391177e-06,2.0417871837707935e-06,1.734308852974209e-06,3.1926181236485718e-06,2.3938755475683138e-06,1.8507241748011438e-06
967,31686656,0.00016476000000000077,6.755689190393577,6.6590766575288525,0.84375,0.875,0.02611423470079899,29.908645629882812,9.66072275332408e-06,0.0,-1.0639071464538574,1,0,0.9999632835388184,548.2631758916984,0.9999632835388184,1.6710742784198374e-05,1.7981955124923843e-06,1.576324052621203e-06,1.7082791146094678e-06,2.0557220068440074e-06,1.7014634750012192e-06,2.040016170212766e-06,1.7328059129795292e-06,3.1898487122816732e-06,2.391799171164166e-06,1.8491188029656769e-06
968,31719424,0.00016462000000000077,6.627772296935367,6.656839444649147,0.90625,0.871875,-0.0738837867975235,15.864741325378418,9.649692401580978e-06,0.0,-1.0656572580337524,1,0,0.9999632835388184,548.2133386086663,0.9999632835388184,1.6684531146893278e-05,1.7960463765120949e-06,1.5744401480333181e-06,1.706237526377663e-06,2.053265006907168e-06,1.699429844848055e-06,2.037577814917313e-06,1.7307348798567546e-06,3.1860363378655165e-06,2.3889404019428184e-06,1.8469088445272064e-06
969,31752192,0.00016448000000000076,7.084808180409514,6.7167015984383145,0.9375,0.875,-0.06307467073202133,23.49701499938965,9.643006706028245e-06,0.0,-1.0655155181884766,1,0,0.9999632835388184,548.1917779487961,0.9999632835388184,1.6668755051796325e-05,1.7947400010598358e-06,1.5733022564745625e-06,1.7049947018676903e-06,2.0517716166068567e-06,1.6981954331640736e-06,2.0360976122901775e-06,1.7294776171183912e-06,3.1837184906180482e-06,2.387200538578327e-06,1.84556540716585e-06
970,31784960,0.00016434000000000075,6.927165507237591,6.796454822661407,0.890625,0.8859375,0.012919452041387558,23.544795989990234,9.628046427678782e-06,0.0,-1.0657696723937988,1,0,0.9999635219573975,548.1353743929843,0.9999635219573975,1.6644613424432464e-05,1.7927492308444926e-06,1.5715780818936764e-06,1.703110115158779e-06,2.049493559752591e-06,1.6963182360996143e-06,2.0338354715931928e-06,1.7275625623369706e-06,3.180183966833283e-06,2.3845523173804395e-06,1.8435164292895934e-06
971,31817728,0.00016420000000000074,7.0602327612054445,6.763216772751005,0.859375,0.8828125,-0.04913509637117386,22.707748413085938,9.626310202293098e-06,0.0,-1.0658482313156128,1,0,0.9999635219573975,548.1822380935793,0.9999635219573975,1.664051706029568e-05,1.792407260836626e-06,1.5712814729340607e-06,1.7027884950948646e-06,2.049104750767583e-06,1.6959962749751867e-06,2.0334512100816937e-06,1.7272363947995473e-06,3.1795807444723323e-06,2.3840977974032285e-06,1.843166614889924e-06
972,31850496,0.00016406000000000073,6.59127562754121,6.743207448909281,0.84375,0.8796875,-0.054794639348983765,27.738981246948242,9.623294317862019e-06,0.0,-1.0675568580627441,1,0,0.9999635219573975,548.2158914667007,0.9999635219573975,1.663339207880199e-05,1.7918159755936358e-06,1.5707690863564494e-06,1.7022266547428444e-06,2.0484287688304903e-06,1.6954367083599209e-06,2.032780457739136e-06,1.7266665963688865e-06,3.1785314149601618e-06,2.3833113118598703e-06,1.8425586176817887e-06
973,31883264,0.00016392000000000072,6.303034051462891,6.759004997090516,0.71875,0.8703125,-0.01094270683825016,20.919960021972656,9.617773685022257e-06,0.0,-1.067617416381836,1,0,0.9999635219573975,548.2249689451932,0.9999635219573975,1.6620360838714987e-05,1.7907364053826313e-06,1.5698300330768689e-06,1.7012026773954858e-06,2.0471925381571054e-06,1.6944167100518825e-06,2.0315535493864445e-06,1.7256278397326241e-06,3.1766130632604472e-06,2.381875219725771e-06,1.8414482383377617e-06
974,31916032,0.00016378000000000074,6.34173560118001,6.750555257227487,0.859375,0.8671875,0.05672525614500046,30.156761169433594,9.615439921617508e-06,0.0,-1.0679075717926025,1,0,0.9999635219573975,548.2732201450021,0.9999635219573975,1.6614845662843436e-05,1.7902787021739641e-06,1.5694304238422774e-06,1.7007662336254725e-06,2.0466693513299106e-06,1.693983676887001e-06,2.031032636296004e-06,1.7251851431865362e-06,3.175801339239115e-06,2.3812640392861795e-06,1.8409741642244626e-06
975,31948800,0.00016364000000000073,6.339749742578565,6.695690843939575,0.734375,0.85,-0.017906397581100464,26.22039794921875,9.60817669692915e-06,0.0,-1.068178653717041,1,0,0.9999635219573975,548.2668671889913,0.9999635219573975,1.6597710782662034e-05,1.7888553429656895e-06,1.5682006733186427e-06,1.6994206362141995e-06,2.0450420379347634e-06,1.692643309070263e-06,2.0294196474424098e-06,1.7238202190128504e-06,3.1732768093206687e-06,2.379372972427518e-06,1.8395141978544416e-06
976,31981568,0.00016350000000000072,6.627606014024089,6.665906897296827,0.703125,0.8296875,0.022593263536691666,29.692806243896484,9.603982107364573e-06,0.0,-1.0682456493377686,1,0,0.9999635219573975,548.2968786014796,0.9999635219573975,1.6587804566370323e-05,1.7880366840472561e-06,1.567482968312106e-06,1.698642904557346e-06,2.044106167886639e-06,1.6918687606448657e-06,2.0284910533518996e-06,1.7230312323590624e-06,3.1718243462819373e-06,2.3782840798958205e-06,1.8386722331342753e-06
977,32014336,0.0001633600000000007,7.232179041614462,6.713555882418914,0.796875,0.825,-0.03314080089330673,23.23052406311035,9.59454155236017e-06,0.0,-1.0688855648040771,1,0,0.999963641166687,548.286145474973,0.999963641166687,1.657107895880472e-05,1.7866595953819342e-06,1.5662875512134633e-06,1.6973377796603017e-06,2.042527739831712e-06,1.6905705706449226e-06,2.0269249034754466e-06,1.721707462820632e-06,3.1693693927081767e-06,2.3764434899931075e-06,1.837254444581049e-06
978,32047104,0.0001632200000000007,6.705666113927402,6.721345264118118,0.734375,0.8078125,-0.03924669325351715,18.26814842224121,9.590018635208253e-06,0.0,-1.0704102516174316,1,0,0.999963641166687,548.3112437375125,0.999963641166687,1.6560366930207238e-05,1.7857772718343767e-06,1.5655140259696054e-06,1.6964995666057803e-06,2.0415193375811214e-06,1.6897339492061292e-06,2.0259219581930665e-06,1.7208556073455838e-06,3.1678041523264255e-06,2.3752697870804695e-06,1.836345404626627e-06
979,32079872,0.0001630800000000007,7.03638066228904,6.71650251230607,0.8125,0.7953125,0.07487988471984863,24.06806755065918,9.586976375430822e-06,0.0,-1.0708019733428955,1,0,0.999963641166687,548.3515072691542,0.999963641166687,1.655315099924337e-05,1.7851845086624962e-06,1.5649944771212176e-06,1.6959365893853828e-06,2.0408417640283005e-06,1.689174951025052e-06,2.02525166059786e-06,1.7202861499754363e-06,3.166753231198527e-06,2.374481482547708e-06,1.835737748479005e-06
980,32112640,0.00016294000000000069,6.796378790731341,6.703423840655445,0.875,0.79375,0.08317548036575317,33.74308776855469,9.582536222296767e-06,0.0,-1.070093035697937,1,0,0.999963641166687,548.350283310227,0.999963641166687,1.6542702724109404e-05,1.7843165096564917e-06,1.564235162732075e-06,1.695112018751388e-06,2.0398495053086663e-06,1.6883534499356756e-06,2.02426667783584e-06,1.7194496422234806e-06,3.1652134566684254e-06,2.373326879023807e-06,1.834844965742377e-06
981,32145408,0.00016280000000000068,6.705329100892076,6.667933474624109,0.921875,0.8,0.008038492873311043,26.943086624145508,9.575918738846667e-06,0.0,-1.0699553489685059,1,0,0.999963641166687,548.3526014100089,0.999963641166687,1.6527030311408453e-05,1.7830305978350225e-06,1.5631062524334993e-06,1.6938903399932315e-06,2.0383772607601713e-06,1.6871349544089753e-06,2.0228060293447925e-06,1.718207158774021e-06,3.162931989209028e-06,2.3716143005003687e-06,1.8335208551434334e-06
982,32178176,0.00016266000000000067,6.688719781658009,6.677677890035788,0.875,0.803125,-0.062281712889671326,22.713876724243164,9.571355803927872e-06,0.0,-1.070088267326355,1,0,0.999963641166687,548.3720998762324,0.999963641166687,1.651622005738318e-05,1.7821363371695043e-06,1.5623252238583518e-06,1.6930407582549378e-06,2.0373570350784576e-06,1.6862891243363265e-06,2.0217914880049648e-06,1.717347117846657e-06,3.161345830449136e-06,2.3704271825408796e-06,1.832601355999941e-06
983,32210944,0.00016252000000000066,7.01111637612931,6.74848612250243,0.875,0.81875,0.09073255956172943,28.059024810791016,9.560367288941052e-06,0.0,-1.0703866481781006,1,0,0.9999637603759766,548.343513995641,0.9999637603759766,1.649590012675617e-05,1.7804582057578955e-06,1.560861505822686e-06,1.6914465277295676e-06,2.035436637015664e-06,1.6847026245159213e-06,2.0198876882204786e-06,1.715728330964339e-06,3.1583688269165577e-06,2.3681930088059744e-06,1.8308757034901646e-06
984,32243712,0.00016238000000000065,7.024622342558734,6.816774796640301,0.875,0.8203125,0.0019148215651512146,33.481719970703125,9.555720680509694e-06,0.0,-1.0699784755706787,1,0,0.9999637603759766,548.3666805480422,0.9999637603759766,1.6484955267515033e-05,1.7795482563087717e-06,1.5600653568981215e-06,1.6905836446312605e-06,2.0343984488135902e-06,1.6838432657095836e-06,2.018855184360291e-06,1.7148530560007202e-06,3.1567547011945862e-06,2.366984745094669e-06,1.829939947128878e-06
985,32276480,0.00016224000000000064,6.703023350997061,6.8531021574821525,0.9375,0.840625,0.027029477059841156,17.549819946289062,9.551779839966912e-06,0.0,-1.0709121227264404,1,0,0.9999637603759766,548.3955806161983,0.9999637603759766,1.6475682059535757e-05,1.77877791429637e-06,1.5593885791531648e-06,1.6898501371542807e-06,2.0335157842055196e-06,1.6831128277772223e-06,2.0179813873255625e-06,1.7141093167083454e-06,3.1553881854051724e-06,2.3659579255763674e-06,1.8291477772436338e-06
986,32309248,0.00016210000000000066,6.857845598927309,6.876126115972474,0.84375,0.8546875,-0.014439314603805542,26.20768928527832,9.54486858972814e-06,0.0,-1.071147084236145,1,0,0.9999637603759766,548.3987600807793,0.9999637603759766,1.6459331163787283e-05,1.7774246998669696e-06,1.5582096466459916e-06,1.6885678633116186e-06,2.031970780080883e-06,1.6818339645396918e-06,2.016448206632049e-06,1.7128085119111347e-06,3.152987801513518e-06,2.3641603092983132e-06,1.8277580693393247e-06
987,32342016,0.00016196000000000065,7.4520909728698355,6.898117309098012,0.90625,0.865625,-0.00968916341662407,32.08323669433594,9.538811355014332e-06,0.0,-1.0723659992218018,1,0,0.9999637603759766,548.3980938809744,0.9999637603759766,1.6445021174149588e-05,1.776247131601849e-06,1.5571816902593127e-06,1.6874473658390343e-06,2.0306224541855045e-06,1.6807180145406164e-06,2.0151121589151444e-06,1.7116719845944317e-06,3.1508989195572212e-06,2.3625916583114304e-06,1.8265469634570763e-06
988,32374784,0.00016182000000000064,7.408891516197228,6.968439849324993,0.953125,0.8875,-0.10066303610801697,17.811552047729492,9.53419385041343e-06,0.0,-1.073230266571045,1,0,0.9999637603759766,548.4046357718526,0.9999637603759766,1.6434143617516384e-05,1.7753477550286334e-06,1.556391794110823e-06,1.6865914176378283e-06,2.0295944977988256e-06,1.6798672959339456e-06,2.0140898868703516e-06,1.7108038719015894e-06,3.149303438476636e-06,2.361395672778599e-06,1.825620529416483e-06
989,32407552,0.00016168000000000063,6.900594430610922,6.954861226157182,0.84375,0.890625,-0.015892155468463898,18.869518280029297,9.531714567856397e-06,0.0,-1.0742267370224,1,0,0.9999637603759766,548.4495860093652,0.9999637603759766,1.642828283365816e-05,1.7748601521816454e-06,1.5559643316009897e-06,1.6861283711477881e-06,2.0290372049203143e-06,1.6794059547464713e-06,2.0135366867179982e-06,1.710334004201286e-06,3.14843850901525e-06,2.3607469756825594e-06,1.8251191704621306e-06
990,32440320,0.00016154000000000063,7.146196862911047,6.989843033375152,0.859375,0.8890625,0.09453797340393066,37.431304931640625,9.525184395897668e-06,0.0,-1.0742119550704956,1,0,0.9999638795852661,548.4727869986555,0.9999638795852661,1.641851122258231e-05,1.7740516113917693e-06,1.5552615195701947e-06,1.685363486103597e-06,2.0281145225453656e-06,1.6786422065706574e-06,2.0126212803006638e-06,1.7095579778469983e-06,3.1470040084968787e-06,2.3596737719344674e-06,1.8242893702336005e-06
991,32473088,0.00016140000000000062,7.381944833911744,7.057504606677119,0.953125,0.8921875,0.11356240510940552,32.87449645996094,9.519700142845977e-06,0.0,-1.0739823579788208,1,0,0.9999638795852661,548.4684421568103,0.9999638795852661,1.6405581845901906e-05,1.7729759065332473e-06,1.5543272411377984e-06,1.6843414414324798e-06,2.026884658334893e-06,1.6776243683125358e-06,2.01140096578456e-06,1.7085212675738148e-06,3.145095888612559e-06,2.3582426820212277e-06,1.8231833109894069e-06
992,32505856,0.0001612600000000006,6.589587309380083,7.047591359449328,0.8125,0.8859375,0.035163186490535736,21.034408569335938,9.512876204098575e-06,0.0,-1.0746911764144897,1,0,0.9999638795852661,548.4685120044486,0.9999638795852661,1.638944559090305e-05,1.7716439515425009e-06,1.5531568351434544e-06,1.68307451531291e-06,2.0253601178410463e-06,1.676364036029554e-06,2.0098880213481607e-06,1.7072362652470474e-06,3.1427332487510284e-06,2.3564691673527705e-06,1.8218117929791333e-06
993,32538624,0.0001611200000000006,6.659312217950607,7.012410943631457,0.859375,0.884375,0.08849726617336273,34.17021560668945,9.507961294730194e-06,0.0,-1.073654294013977,1,0,0.9999638795852661,548.4831069678119,0.9999638795852661,1.6377867723349482e-05,1.7706812514006742e-06,1.552330445520056e-06,1.6821694543978083e-06,2.0242594018782256e-06,1.6754628404669347e-06,2.008795945585007e-06,1.7063166524167173e-06,3.1410254450747743e-06,2.3551883714389987e-06,1.8208218079962535e-06
994,32571392,0.0001609800000000006,6.9263410485408174,7.002582814229664,0.859375,0.8828125,0.0371205136179924,24.61212730407715,9.50367029872723e-06,0.0,-1.0738779306411743,1,0,0.9999638795852661,548.4895623138789,0.9999638795852661,1.6367763237212785e-05,1.7698422425382887e-06,1.551616946926515e-06,1.6813722822917043e-06,2.023300339715206e-06,1.6746671462897211e-06,2.0078421130165225e-06,1.7055062926374376e-06,3.1395338737638667e-06,2.3540724214399233e-06,1.8199589248979464e-06
995,32604160,0.00016084000000000058,6.989011324374664,7.031181611567424,0.84375,0.8734375,-0.007464399561285973,23.09998893737793,9.49738114286447e-06,0.0,-1.0745974779129028,1,0,0.9999638795852661,548.4810619090949,0.9999638795852661,1.635294029256329e-05,1.7686121509541408e-06,1.550540105199616e-06,1.6802036952867638e-06,2.0218940335325897e-06,1.673504925747693e-06,2.006448539759731e-06,1.7043228126567556e-06,3.137355406579445e-06,2.352436240471434e-06,1.8186941588282934e-06
996,32636928,0.00016070000000000057,6.660557840612375,7.011452835735932,0.828125,0.871875,-0.04078254848718643,23.7926025390625,9.491123819316272e-06,0.0,-1.0752555131912231,1,0,0.9999639987945557,548.4950308502257,0.9999639987945557,1.6343823517672718e-05,1.7678535186860245e-06,1.5498840184591245e-06,1.6794814428067184e-06,2.02102478397137e-06,1.672786993367481e-06,2.005587703024503e-06,1.7035916926033678e-06,3.136006171189365e-06,2.351425109736738e-06,1.81791392606101e-06
997,32669696,0.00016056000000000056,7.10889033674411,6.977132772123359,0.84375,0.865625,0.04248112067580223,29.288829803466797,9.48582419368904e-06,0.0,-1.0753004550933838,1,0,0.9999639987945557,548.4928829526098,0.9999639987945557,1.6331372535205446e-05,1.766811919878819e-06,1.5489957831960055e-06,1.678504759183852e-06,2.0198342554067494e-06,1.6718111055524787e-06,2.0044044504174963e-06,1.7025944316628738e-06,3.1341555768449325e-06,2.3500394945585867e-06,1.8168428823628346e-06
998,32702464,0.00016042000000000055,6.804922900984425,6.91673591060208,0.84375,0.8546875,0.0025504855439066887,24.725696563720703,9.480469998379704e-06,0.0,-1.0765149593353271,1,0,0.9999639987945557,548.488591156011,0.9999639987945557,1.6318794223479927e-05,1.765760771377245e-06,1.5480965203096275e-06,1.677506247688143e-06,2.0186323581583565e-06,1.6708180510249804e-06,2.0032118754897965e-06,1.7015830735545023e-06,3.132291112706298e-06,2.3486413738282863e-06,1.8157619479097775e-06
999,32735232,0.00016028000000000055,6.986269649104102,6.925303432451398,0.8125,0.8515625,0.05641975253820419,24.67452621459961,9.471943485550582e-06,0.0,-1.0776548385620117,1,0,0.9999641180038452,548.478495947821,0.9999641180038452,1.630437509447802e-05,1.7645558045842336e-06,1.5470592416022555e-06,1.6763613075454487e-06,2.0172549284325214e-06,1.6696761804269045e-06,2.001842858589953e-06,1.700420170891448e-06,3.1301531180361053e-06,2.3470388441637624e-06,1.814521056076046e-06
1000,32768000,0.00016014000000000054,6.560202927213583,6.866704038881652,0.84375,0.85,0.03219298645853996,26.66193199157715,9.467848030908499e-06,0.0,-1.0784283876419067,1,0,0.9999641180038452,548.4963403579724,0.9999641180038452,1.6294769011437893e-05,1.7637514702073531e-06,1.5463645013369387e-06,1.6755973319959594e-06,2.016335429289029e-06,1.6689168660377618e-06,2.000930408030399e-06,1.6996452814055374e-06,3.12872680297005e-06,2.345969051020802e-06,1.813694098018459e-06
1001,32800768,0.00016000000000000053,6.74625982824986,6.803135538315462,0.640625,0.81875,0.12355309724807739,22.183677673339844,9.4618981165695e-06,0.0,-1.079695701599121,1,0,0.9999641180038452,548.4922201107227,0.9999641180038452,1.628075733606238e-05,1.7625812915866845e-06,1.5453796322617563e-06,1.674499799264595e-06,2.0149936972302385e-06,1.6678253587087966e-06,1.999600726776407e-06,1.6985287629722734e-06,3.1266449695976917e-06,2.3444079033652088e-06,1.8124889038517722e-06
1002,32833536,0.00015986000000000055,6.768009668799177,6.820977774257372,0.8020833333333334,0.8177083333333334,0.041440486907958984,45.231178283691406,9.45341798797017e-06,0.0,-1.0797457695007324,1,0,0.9999642372131348,548.474225237336,0.9999642372131348,1.626645098440349e-05,1.76138496499334e-06,1.5443779375345912e-06,1.673377937549958e-06,2.013622179219965e-06,1.666707817093993e-06,1.998238076339476e-06,1.6973841638900922e-06,3.1245169793692185e-06,2.3428124222846236e-06,1.811255287975655e-06
1003,32866304,0.00015972000000000054,6.276405569602329,6.782687109422545,0.84375,0.8161458333333332,0.03569039702415466,18.617137908935547,9.446504918741994e-06,0.0,-1.0797663927078247,1,0,0.9999642372131348,548.4662756854453,0.9999642372131348,1.6250187400146388e-05,1.7600282262719702e-06,1.543205939924519e-06,1.6720889561838703e-06,2.012071490753442e-06,1.6654239516356029e-06,1.9966989839304006e-06,1.6960766515694559e-06,3.1221100016409764e-06,2.3410077574226307e-06,1.809860236789973e-06
1004,32899072,0.00015958000000000056,7.247256359611638,6.814778640529627,0.9375,0.8239583333333333,0.22713126242160797,38.40515899658203,9.441163456358481e-06,0.0,-1.0798530578613281,1,0,0.9999642372131348,548.4625950190192,0.9999642372131348,1.6237623640336096e-05,1.7589827621122822e-06,1.5422908745676978e-06,1.6710957879695343e-06,2.010876187341637e-06,1.6644362403894775e-06,1.9955148218286922e-06,1.6950709778029704e-06,3.120258497801842e-06,2.33961714002362e-06,1.808787033041881e-06
1005,32931840,0.00015944000000000055,7.271440189141009,6.84302152700626,0.90625,0.8302083333333334,0.13416531682014465,31.404052734375,9.435368156118784e-06,0.0,-1.0804227590560913,1,0,0.9999642372131348,548.4516830141674,0.9999642372131348,1.62240321515128e-05,1.75784919065336e-06,1.5413173741762876e-06,1.6700204241715255e-06,2.009578338402207e-06,1.6633653103781398e-06,1.9942267499573063e-06,1.6939800389081938e-06,3.1182416933006607e-06,2.3381071514450014e-06,1.8076176502290764e-06
1006,32964608,0.00015930000000000054,7.144411131847709,6.891406856129795,0.953125,0.8427083333333334,-0.02722879871726036,23.748929977416992,9.430147656530607e-06,0.0,-1.0819164514541626,1,0,0.9999642372131348,548.4445856641549,0.9999642372131348,1.621173578314483e-05,1.7568250996191637e-06,1.5404430087073706e-06,1.6690555639797822e-06,2.0084019070054637e-06,1.6624057934677694e-06,1.993057594518177e-06,1.6929965340750641e-06,3.116416564807878e-06,2.336738361918833e-06,1.806559680517239e-06
1007,32997376,0.00015916000000000053,6.816990749831605,6.862216897438545,0.84375,0.8427083333333334,-0.013091815635561943,21.009769439697266,9.421051800018176e-06,0.0,-1.0844777822494507,1,0,0.9999642372131348,548.4117634256779,0.9999642372131348,1.619032263988629e-05,1.7550468101035221e-06,1.5388851579700713e-06,1.6673659501975635e-06,2.0063687315996503e-06,1.660723000895814e-06,1.9910401078959694e-06,1.6912827049964108e-06,3.113261755061103e-06,2.3343732209468726e-06,1.8047309140456491e-06
1008,33030144,0.00015902000000000052,7.4135835771108045,6.923082965051181,0.921875,0.8505208333333334,0.002647530287504196,28.289697647094727,9.411590326635633e-06,0.0,-1.0854438543319702,1,0,0.9999643564224243,548.384712935631,0.9999643564224243,1.617374800844118e-05,1.753658352754428e-06,1.5376793953691958e-06,1.6660485471220454e-06,2.0047816633450566e-06,1.6594107137279934e-06,1.9894666820619022e-06,1.6899462025321554e-06,3.1107986160350265e-06,2.332526037207572e-06,1.8033049400401069e-06
1009,33062912,0.0001588800000000005,7.0818704383519915,6.93264304397597,0.890625,0.8583333333333334,0.05213557183742523,28.626758575439453,9.407054676557891e-06,0.0,-1.0852811336517334,1,0,0.9999643564224243,548.397377394388,0.9999643564224243,1.6163110558409244e-05,1.7527688669360941e-06,1.536900981591316e-06,1.665204990786151e-06,2.003764620894799e-06,1.6585705679972307e-06,1.9884594166796887e-06,1.6890907090783003e-06,3.109224053332582e-06,2.331343239347916e-06,1.8023919210463646e-06
1010,33095680,0.0001587400000000005,7.102331928427114,6.986855944097324,0.875,0.8614583333333334,0.023454681038856506,21.948251724243164,9.402476280229166e-06,0.0,-1.0852851867675781,1,0,0.9999643564224243,548.4018721508945,0.9999643564224243,1.6152322132256813e-05,1.7518731283416855e-06,1.5361227951871115e-06,1.664352339503239e-06,2.002740757234278e-06,1.6577213273194502e-06,1.987441237361054e-06,1.6882260069905897e-06,3.1076319828571286e-06,2.3301518012885936e-06,1.8014690112977405e-06
1011,33128448,0.0001586000000000005,6.823241967660421,6.994554158038379,0.796875,0.8770833333333334,0.07716630399227142,32.5496826171875,9.396744644618593e-06,0.0,-1.086367130279541,1,0,0.9999643564224243,548.4010688503382,0.9999643564224243,1.613886524864938e-05,1.75075069819286e-06,1.5351387219197932e-06,1.6632877759548137e-06,2.0014574602100765e-06,1.6566609701840207e-06,1.9861702185153263e-06,1.6871459820322343e-06,3.105643827439053e-06,2.3286588657356333e-06,1.800316795197432e-06
1012,33161216,0.00015846000000000049,7.209224336435273,7.038675624801989,0.890625,0.8859375,-0.12066099047660828,19.3580322265625,9.389916158397682e-06,0.0,-1.0879700183868408,1,0,0.9999643564224243,548.3795334441296,0.9999643564224243,1.6122836314025335e-05,1.7494173789600609e-06,1.534003104097792e-06,1.6620224414509721e-06,1.9999272353743436e-06,1.6554021158299292e-06,1.9846477243845584e-06,1.6858623439475195e-06,3.103266635662294e-06,2.326878529856913e-06,1.7989419802688644e-06
1013,33193984,0.00015832000000000048,7.301453619699718,7.141180429811728,0.921875,0.89375,-0.06591679900884628,26.505271911621094,9.381386917084455e-06,0.0,-1.0892000198364258,1,0,0.9999644756317139,548.3664704223945,0.9999644756317139,1.6108406271087006e-05,1.7482116163591854e-06,1.5329737834690604e-06,1.6608785244898172e-06,1.998549123527482e-06,1.6542629737159587e-06,1.983281890716171e-06,1.68470069183968e-06,3.1011306873551803e-06,2.3252748633240117e-06,1.7977022253035102e-06
1014,33226752,0.00015818000000000047,7.295841082065977,7.146038902057162,0.859375,0.8859375,0.07847506552934647,25.130474090576172,9.37416643864708e-06,0.0,-1.0895940065383911,1,0,0.9999644756317139,548.3351044758481,0.9999644756317139,1.6091487850644626e-05,1.746795078361174e-06,1.5317592669816804e-06,1.6595405440966715e-06,1.9969277218478965e-06,1.6529304502910236e-06,1.9816729945887346e-06,1.6833403151395032e-06,3.098612296525971e-06,2.3233885713125346e-06,1.7962455558517831e-06
1015,33259520,0.00015804000000000046,7.536064854410952,7.172501368584157,0.90625,0.8859375,-0.07655255496501923,21.64417266845703,9.371484338771552e-06,0.0,-1.0900927782058716,1,0,0.9999644756317139,548.3640244996814,0.9999644756317139,1.60851650434779e-05,1.7462702999182511e-06,1.5312992900362588e-06,1.6590422546869377e-06,1.9963297290814808e-06,1.6524355714864214e-06,1.9810775029327488e-06,1.6828347497721552e-06,3.097684384556487e-06,2.3226928078656783e-06,1.795706111806794e-06
1016,33292288,0.00015790000000000045,7.277260551413232,7.185786310540709,0.90625,0.88125,0.07541662454605103,29.333499908447266,9.368952305521816e-06,0.0,-1.090690016746521,1,0,0.9999644756317139,548.3954773148258,0.9999644756317139,1.607922968105413e-05,1.745775762174162e-06,1.5308671663660789e-06,1.6585739786023623e-06,1.9957626591349253e-06,1.6519676364623592e-06,1.9805186184385093e-06,1.6823581745484262e-06,3.0968071769166272e-06,2.3220327420858666e-06,1.7951974768948276e-06
1017,33325056,0.00015776000000000044,6.439849876227145,7.148072223180263,0.796875,0.8765625,0.04349479824304581,25.202999114990234,9.364468496642075e-06,0.0,-1.0917949676513672,1,0,0.9999644756317139,548.4037991392461,0.9999644756317139,1.606871410331223e-05,1.7448953713028459e-06,1.530125473436783e-06,1.6577405403950252e-06,1.9947578948631417e-06,1.6511406784047722e-06,1.9795179468928836e-06,1.6815113212942379e-06,3.0952453471400077e-06,2.320863814020413e-06,1.7942919612323749e-06
1018,33357824,0.00015762000000000046,7.283238044233572,7.135037669892538,0.90625,0.875,0.031185343861579895,28.283260345458984,9.358367606182583e-06,0.0,-1.0931562185287476,1,0,0.9999644756317139,548.3812673162454,0.9999644756317139,1.60544368554838e-05,1.7436958614780451e-06,1.5290985402316437e-06,1.6566074236834538e-06,1.9933850126108155e-06,1.6500135870956e-06,1.978157115445356e-06,1.6803602420623065e-06,3.0931148558011046e-06,2.3192665139504243e-06,1.7930588001036085e-06
1019,33390592,0.00015748000000000045,7.1481027204866345,7.141660898106004,0.828125,0.86875,0.018009038642048836,22.163244247436523,9.35204116103705e-06,0.0,-1.0936325788497925,1,0,0.9999644756317139,548.3658031389332,0.9999644756317139,1.6039592082961462e-05,1.7424558791390155e-06,1.5280287470886833e-06,1.655432470215601e-06,1.991967337744427e-06,1.6488432947880938e-06,1.976750127141713e-06,1.6791668713267427e-06,3.0909150154911913e-06,2.317617145308759e-06,1.7917834611580474e-06
1020,33423360,0.00015734000000000044,7.283764299998364,7.15980413526313,0.90625,0.871875,0.22296682000160217,30.766366958618164,9.343268175143749e-06,0.0,-1.0929723978042603,1,0,0.9999645948410034,548.3563667971061,0.9999645948410034,1.602456541149877e-05,1.7412053239240777e-06,1.5269449704646831e-06,1.6542458070034627e-06,1.99053761207324e-06,1.6476614064231399e-06,1.9753313154069474e-06,1.6779615634732181e-06,3.088699259023997e-06,2.315953452125541e-06,1.7904957303471747e-06
1021,33456128,0.00015720000000000043,7.060874049211984,7.183567343418285,0.828125,0.875,-0.11312923580408096,17.153881072998047,9.34074523684103e-06,0.0,-1.093259334564209,1,0,0.9999645948410034,548.3835972863046,0.9999645948410034,1.601866642886307e-05,1.7407121504220413e-06,1.5265111414919375e-06,1.6537757119294838e-06,1.9899737253581407e-06,1.6471948356411303e-06,1.9747701571759535e-06,1.6774847608758137e-06,3.0878218240104616e-06,2.315297479071887e-06,1.789988800737774e-06
1022,33488896,0.00015706000000000045,7.440502266827778,7.206695136457536,0.8125,0.8671875,0.036702003329992294,19.926118850708008,9.336929906567093e-06,0.0,-1.0931121110916138,1,0,0.9999645948410034,548.4031565000469,0.9999645948410034,1.6009702449082397e-05,1.7399636362824822e-06,1.5258590337907663e-06,1.6530661923752632e-06,1.9891181182174478e-06,1.646486452955287e-06,1.973922962861252e-06,1.6767651231930358e-06,3.0864966902299784e-06,2.314302264494472e-06,1.789219027159561e-06
1023,33521664,0.00015692000000000047,7.524961155883249,7.229045890075888,0.875,0.8625,-0.022703152149915695,17.118915557861328,9.329159183835145e-06,0.0,-1.0933982133865356,1,0,0.9999645948410034,548.37917392745,0.9999645948410034,1.599148345121648e-05,1.7384460306857363e-06,1.5245295799104497e-06,1.6516244158992777e-06,1.987383257073816e-06,1.6450519524369156e-06,1.9722010620171204e-06,1.6753025420257472e-06,3.0838018574286252e-06,2.312283641003887e-06,1.7876601532407221e-06
1024,33554432,0.00015678000000000046,7.9632146722141846,7.295783249090709,0.90625,0.8671875,0.018655817955732346,27.392642974853516,9.324781785835512e-06,0.0,-1.094420075416565,1,0,0.9999645948410034,548.3755331800912,0.9999645948410034,1.598119160917122e-05,1.737587354000425e-06,1.5237781099131098e-06,1.6508085991517873e-06,1.9864016849169275e-06,1.6442394326077192e-06,1.9712269931915216e-06,1.674475242907647e-06,3.0822789085505065e-06,2.311141543032136e-06,1.7867771475721383e-06
1025,33587200,0.00015664000000000045,7.388391361347022,7.281015899784316,0.8958333333333334,0.8661458333333334,0.04832909256219864,27.48263931274414,9.32173861656338e-06,0.0,-1.0944747924804688,1,0,0.9999645948410034,548.3832964471133,0.9999645948410034,1.597412301634904e-05,1.7369908391628996e-06,1.5232710666168714e-06,1.6502466451129294e-06,1.9857197912642732e-06,1.643681230234506e-06,1.9705523754964815e-06,1.6739036254875828e-06,3.081223439949099e-06,2.310348008904839e-06,1.7861638070826302e-06
1026,33619968,0.00015650000000000047,6.676448807789899,7.220934725421982,0.84375,0.8598958333333332,-0.04425723850727081,26.784440994262695,9.316392606706358e-06,0.0,-1.0944454669952393,1,0,0.9999645948410034,548.3888778824703,0.9999645948410034,1.596155925653875e-05,1.7359426465191063e-06,1.5223632772176643e-06,1.6492585928062908e-06,1.984517666642205e-06,1.6426955653514597e-06,1.9693575268320274e-06,1.6728981790947728e-06,3.079358293689438e-06,2.308949206053512e-06,1.7850842368716258e-06
1027,33652736,0.00015636000000000046,7.1857545994545635,7.295525197744726,0.90625,0.8708333333333333,-0.14780467748641968,13.817106246948242,9.308197149948683e-06,0.0,-1.094456434249878,1,0,0.999964714050293,548.3859411188392,0.999964714050293,1.5947958672768436e-05,1.7348043002129998e-06,1.5213649930956308e-06,1.6481769762322074e-06,1.983216179723968e-06,1.6416182688772096e-06,1.96806604435551e-06,1.6718011011107592e-06,3.0773387607041514e-06,2.307435352122411e-06,1.7839134898167686e-06
1028,33685504,0.00015622000000000045,7.254697716155327,7.2926711649369,0.859375,0.8661458333333334,-0.013678085058927536,21.111042022705078,9.30289115785854e-06,0.0,-1.0949629545211792,1,0,0.999964714050293,548.3867023776152,0.999964714050293,1.5935522242216393e-05,1.7337672488793032e-06,1.5204554983938579e-06,1.6471902881676215e-06,1.9820304260065313e-06,1.6406369240939966e-06,1.9668896129587665e-06,1.6708016801203485e-06,3.0754965791857103e-06,2.306055876033497e-06,1.7828455156632117e-06
1029,33718272,0.00015608000000000047,7.020523240994921,7.279913216987728,0.828125,0.8661458333333334,-0.12419302761554718,19.50872802734375,9.29775615077233e-06,0.0,-1.095220685005188,1,0,0.999964714050293,548.3858291893722,0.999964714050293,1.5923489627311938e-05,1.7327621435470064e-06,1.5195872720141779e-06,1.6462354324175976e-06,1.980881734198192e-06,1.6396859336964553e-06,1.9657477423606906e-06,1.6698332956366357e-06,3.0737135148228845e-06,2.3047191461955663e-06,1.7818119886214845e-06
1030,33751040,0.00015594000000000046,7.244057209296158,7.275942507917509,0.875,0.8630208333333333,0.088871069252491,28.377517700195312,9.290886737289838e-06,0.0,-1.0963366031646729,1,0,0.999964714050293,548.3703666895291,0.999964714050293,1.5907400666037574e-05,1.7314175693172729e-06,1.5184095900622196e-06,1.6449579334221198e-06,1.979344688152196e-06,1.638413550608675e-06,1.96422388398787e-06,1.668537379373447e-06,3.071328364967485e-06,2.3029308522382053e-06,1.7804293293011142e-06
1031,33783808,0.00015580000000000045,6.157226352637677,7.185577738260077,0.71875,0.8520833333333334,0.021720856428146362,24.980716705322266,9.284196494263597e-06,0.0,-1.096269130706787,1,0,0.999964714050293,548.3642418442212,0.999964714050293,1.5891753719188273e-05,1.7301068737651804e-06,1.517268856332521e-06,1.6437128351753927e-06,1.977846295631025e-06,1.6371734545828076e-06,1.9627352685347432e-06,1.6672745459800353e-06,3.069003923883429e-06,2.301187578268582e-06,1.7790816855267622e-06
1032,33816576,0.00015566000000000047,6.639127484378797,7.105440260015181,0.78125,0.8489583333333334,0.0600455179810524,25.42157745361328,9.279447112930939e-06,0.0,-1.0969350337982178,1,0,0.999964714050293,548.3800951705714,0.999964714050293,1.5880601495155133e-05,1.7291798712903983e-06,1.516455768069136e-06,1.6428321032435633e-06,1.976786506929784e-06,1.6362962469429476e-06,1.9616836652858183e-06,1.6663811948092189e-06,3.0673591027152725e-06,2.2999545308266534e-06,1.7781284213924664e-06
1033,33849344,0.00015552000000000046,7.024465873237153,7.05539073175057,0.84375,0.8458333333333334,-0.004712480120360851,20.007715225219727,9.269319889426697e-06,0.0,-1.0978889465332031,1,0,0.9999649524688721,548.3751028591781,0.9999649524688721,1.5868070477154106e-05,1.7281251984968549e-06,1.5155685559875565e-06,1.6418332506873412e-06,1.9755807443289086e-06,1.635301259739208e-06,1.9604890439950395e-06,1.66536472079315e-06,3.065488499487401e-06,2.298551862622844e-06,1.7770438489606022e-06
1034,33882112,0.00015538000000000045,6.788603757460113,6.937929640275163,0.796875,0.8348958333333334,0.014024809002876282,26.58915901184082,9.262882485927548e-06,0.0,-1.0998609066009521,1,0,0.9999649524688721,548.3672564396371,0.9999649524688721,1.585306745255366e-05,1.7268602050535264e-06,1.5144674989642226e-06,1.6406311260652728e-06,1.9741344203794142e-06,1.6341040236511617e-06,1.9590556803450454e-06,1.6641470210743137e-06,3.063246822421206e-06,2.2968688426772133e-06,1.7757446357791196e-06
1035,33914880,0.00015524000000000044,7.107512908829116,6.909841795023373,0.84375,0.8296875,0.07164955139160156,28.853675842285156,9.256493285647593e-06,0.0,-1.1001770496368408,1,0,0.9999649524688721,548.3547903352882,0.9999649524688721,1.5838137187529355e-05,1.7256088540307246e-06,1.5133731494643143e-06,1.6394425301768933e-06,1.9727042399608763e-06,1.6329200889231288e-06,1.9576323211367708e-06,1.6629397805445478e-06,3.061024472117424e-06,2.2952046947466442e-06,1.7744561091603828e-06
1036,33947648,0.00015510000000000044,6.596365389661439,6.901833453210526,0.828125,0.828125,-0.030860677361488342,13.913187026977539,9.251260053133592e-06,0.0,-1.1008617877960205,1,0,0.9999649524688721,548.3563950083678,0.9999649524688721,1.582593540661037e-05,1.7245756680495106e-06,1.5125161780815688e-06,1.6384781247325009e-06,1.9715173493750626e-06,1.6319610267601092e-06,1.956456571861054e-06,1.6619568441456067e-06,3.05918592857779e-06,2.293824081789353e-06,1.7733902950567426e-06
1037,33980416,0.00015496000000000045,6.6570257345822155,6.8489605667232905,0.78125,0.815625,0.09711847454309464,34.1571044921875,9.243962267646566e-06,0.0,-1.101621389389038,1,0,0.9999649524688721,548.3346967516562,0.9999649524688721,1.580888965690974e-05,1.7231437823284068e-06,1.5112732398847584e-06,1.6371176343454863e-06,1.9698802589118714e-06,1.6306074712701957e-06,1.954834033313091e-06,1.6605783912382321e-06,3.0566459372494137e-06,2.291919372510165e-06,1.7719180505082477e-06
1038,34013184,0.00015482000000000045,7.327262450047465,6.856217040112506,0.875,0.8171875,0.09136946499347687,36.21128463745117,9.237183803634252e-06,0.0,-1.101493239402771,1,0,0.9999649524688721,548.3125985098997,0.9999649524688721,1.57930680870777e-05,1.7218148968822788e-06,1.5101092003533267e-06,1.6358566199414781e-06,1.968363221749314e-06,1.6293499811581569e-06,1.9533244994818233e-06,1.65929611739557e-06,3.0542885269824183e-06,2.2901538159203483e-06,1.7705513073451584e-06
1039,34045952,0.00015468000000000044,6.839834358776276,6.83814815189064,0.828125,0.8171875,-0.005984410643577576,22.952735900878906,9.227504961017985e-06,0.0,-1.1015865802764893,1,0,0.9999650716781616,548.2880984208554,0.9999650716781616,1.5776044165249914e-05,1.7203805100507452e-06,1.508882746747986e-06,1.6344970390491653e-06,1.966719537449535e-06,1.627997335162945e-06,1.9516974134603515e-06,1.6579170960540068e-06,3.0517412596964277e-06,2.288241830683546e-06,1.76907474269683e-06
1040,34078720,0.00015454000000000043,7.624402962284001,6.876182727189425,0.875,0.8171875,0.06508095562458038,23.615909576416016,9.222477274306584e-06,0.0,-1.1019692420959473,1,0,0.9999650716781616,548.2886402851412,0.9999650716781616,1.5764297131681815e-05,1.719396436783427e-06,1.5080225921337842e-06,1.633561964808905e-06,1.965596538866521e-06,1.6270660125883296e-06,1.95058078134025e-06,1.6569686067668954e-06,3.0499984404741554e-06,2.286935114170774e-06,1.7680645214568358e-06
1041,34111488,0.00015440000000000042,7.715827006901003,7.032042792615758,0.890625,0.834375,0.09498222172260284,28.839536666870117,9.215499630954582e-06,0.0,-1.1017364263534546,1,0,0.9999650716781616,548.2655980039192,0.9999650716781616,1.5747995348647237e-05,1.7180293525598245e-06,1.506826492914115e-06,1.6322632063747733e-06,1.9640317532321205e-06,1.625772483748733e-06,1.949030092873727e-06,1.6556512036913773e-06,3.047570771741448e-06,2.2851145331515e-06,1.7666570784058422e-06
1042,34144256,0.00015426000000000044,7.334868940495766,7.101616938227454,0.890625,0.8453125,-0.008491605520248413,22.08511734008789,9.212881195708178e-06,0.0,-1.1018338203430176,1,0,0.9999650716781616,548.288542052488,0.9999650716781616,1.5741914467071183e-05,1.7175149196191342e-06,1.5063782257129787e-06,1.6317760582751362e-06,1.9634474028862314e-06,1.6252872683253372e-06,1.9484466520225396e-06,1.6551571206946392e-06,3.0466610496659996e-06,2.2844346858619247e-06,1.7661296851656516e-06
1043,34177024,0.00015412000000000043,7.3486776149910416,7.134038112402844,0.8125,0.8421875,0.10351718962192535,33.94511413574219,9.207755283568986e-06,0.0,-1.1027642488479614,1,0,0.9999650716781616,548.2811903555415,0.9999650716781616,1.572989276610315e-05,1.7165129975182936e-06,1.5054991990837152e-06,1.6308224530803273e-06,1.962300075319945e-06,1.6243373011093354e-06,1.9473097836453235e-06,1.6541898730793037e-06,3.0448834422713844e-06,2.283099547639722e-06,1.7650993413553806e-06
1044,34209792,0.00015398000000000045,7.434419065627544,7.198619643219587,0.875,0.85,-0.04090588539838791,21.397809982299805,9.201449756801594e-06,0.0,-1.1043554544448853,1,0,0.9999650716781616,548.2648941866286,0.9999650716781616,1.5715168046881445e-05,1.7152789268948254e-06,1.504419969933224e-06,1.629650114409742e-06,1.9608876300480915e-06,1.6231697372859344e-06,1.945910071299295e-06,1.6530008224435733e-06,3.0426920147874625e-06,2.281456545460969e-06,1.7638288909438415e-06
1045,34242560,0.00015384000000000044,7.41125325961051,7.228993678297726,0.875,0.853125,0.026678195223212242,27.831096649169922,9.193946425511967e-06,0.0,-1.1051788330078125,1,0,0.9999651908874512,548.2726610653921,0.9999651908874512,1.5703184544690885e-05,1.7142766637334717e-06,1.5035409433039604e-06,1.628699351385876e-06,1.9597437130869366e-06,1.6222229533013888e-06,1.9447729755484033e-06,1.6520364169991808e-06,3.0409139526454965e-06,2.2801254999649245e-06,1.7627982060730574e-06
1046,34275328,0.00015370000000000043,7.051500343817711,7.274507173713353,0.8125,0.8515625,0.06065886467695236,21.096141815185547,9.189133379550185e-06,0.0,-1.1056878566741943,1,0,0.9999651908874512,548.2831323136661,0.9999651908874512,1.569198866491206e-05,1.713331926112005e-06,1.5027180779725313e-06,1.6278019074889016e-06,1.9586636881285813e-06,1.6213290336963837e-06,1.943701136042364e-06,1.651126012802706e-06,3.03923820865748e-06,2.2788688056607498e-06,1.7618268657315639e-06
1047,34308096,0.00015356000000000042,6.972971846955824,7.306101784950715,0.796875,0.853125,-0.13711686432361603,24.253263473510742,9.183922884403728e-06,0.0,-1.105887770652771,1,0,0.9999651908874512,548.284483674183,0.9999651908874512,1.567985600559041e-05,1.7123095403803745e-06,1.5018212025097455e-06,1.6268304534605704e-06,1.957494532689452e-06,1.6203613313336973e-06,1.942541302923928e-06,1.6501406889801729e-06,3.0374242214747937e-06,2.277508883707924e-06,1.760775262482639e-06
1048,34340864,0.0001534200000000004,6.738930699865259,7.247268609932495,0.7916666666666666,0.8447916666666666,-0.08606226742267609,27.02787971496582,9.178975233226083e-06,0.0,-1.1058963537216187,1,0,0.9999651908874512,548.277265927633,0.9999651908874512,1.5668316336814314e-05,1.7113511603383813e-06,1.5010236893431284e-06,1.6259339190582978e-06,1.9563656223908765e-06,1.619468321223394e-06,1.9414208054513438e-06,1.649225055189163e-06,3.0356752631632844e-06,2.2761953459848883e-06,1.759774704623851e-06
1049,34373632,0.0001532800000000004,7.007461791056576,7.264031353160523,0.859375,0.8479166666666668,0.011621493846178055,26.290807723999023,9.173026228381786e-06,0.0,-1.1064965724945068,1,0,0.9999651908874512,548.2581039953347,0.9999651908874512,1.5654424714739434e-05,1.7101764342442038e-06,1.5000248367869062e-06,1.6248209249170031e-06,1.9550247998267878e-06,1.6183598745556083e-06,1.9400899873289745e-06,1.6480960312037496e-06,3.0335916108015226e-06,2.274635107823997e-06,1.7585686009624624e-06
1050,34406400,0.0001531400000000004,7.1509529475115,7.216686351683274,0.890625,0.8494791666666666,-0.07903246581554413,16.25442886352539,9.167012649413664e-06,0.0,-1.10785710811615,1,0,0.9999651908874512,548.2459626209884,0.9999651908874512,1.564044396218378e-05,1.7089993207264342e-06,1.4989923329267185e-06,1.6237025874943356e-06,1.9536789750418393e-06,1.6172459709196119e-06,1.938754394359421e-06,1.646961777623801e-06,3.031503410966252e-06,2.2730694126948947e-06,1.7573580635144026e-06
1051,34439168,0.00015300000000000039,7.253281166114938,7.1704317676046685,0.890625,0.8494791666666666,-0.05733005702495575,13.267897605895996,9.159860383078922e-06,0.0,-1.107386589050293,1,0,0.9999653100967407,548.2418112317748,0.9999653100967407,1.562938268762082e-05,1.7080644738598494e-06,1.4981778804212809e-06,1.6228126469286508e-06,1.952608272404177e-06,1.6163611462616245e-06,1.9376916498003993e-06,1.6460591041322914e-06,3.029844947377569e-06,2.271823404953466e-06,1.756394908625225e-06
1052,34471936,0.00015286000000000038,7.277452503676993,7.164690123922791,0.90625,0.8510416666666666,0.02689928188920021,27.105060577392578,9.152854545391165e-06,0.0,-1.109104871749878,1,0,0.9999653100967407,548.2166521112968,0.9999653100967407,1.561303906782996e-05,1.706688408376067e-06,1.4969781432228046e-06,1.6215084315263084e-06,1.951035301317461e-06,1.6150620467669796e-06,1.9361327758815605e-06,1.644736130401725e-06,3.0274013624875806e-06,2.2699935016134987e-06,1.7549817812323454e-06
1053,34504704,0.00015272000000000037,7.389578000122935,7.168780162435979,0.859375,0.8557291666666667,0.015301328152418137,19.36984634399414,9.147433047473896e-06,0.0,-1.1084423065185547,1,0,0.9999653100967407,548.2199500352433,0.9999653100967407,1.5600417100358754e-05,1.7056244132618303e-06,1.496050572313834e-06,1.6204975281652878e-06,1.9498188521538395e-06,1.6140566003741696e-06,1.9349256490386324e-06,1.643710675125476e-06,3.025513706234051e-06,2.2685781004838645e-06,1.7538874317324371e-06
1054,34537472,0.00015258000000000036,6.81980176012968,7.107318431886194,0.828125,0.8510416666666666,-0.11155006289482117,19.893756866455078,9.141408554569352e-06,0.0,-1.1100884675979614,1,0,0.9999653100967407,548.212686376803,0.9999653100967407,1.5586409062962048e-05,1.7044421838363633e-06,1.4950135209801374e-06,1.6193728242797079e-06,1.948465751411277e-06,1.6129363302752608e-06,1.9335827801114647e-06,1.6425699413957773e-06,3.0234168661991134e-06,2.26700353778142e-06,1.7526701867609518e-06
1055,34570240,0.00015244000000000035,7.153619813827077,7.08155508730785,0.8125,0.8447916666666666,0.06977861374616623,23.424205780029297,9.134704669122584e-06,0.0,-1.111419916152954,1,0,0.9999653100967407,548.2013853140404,0.9999653100967407,1.5570780306006782e-05,1.7031276229317882e-06,1.4938661934138509e-06,1.6181254522962263e-06,1.946964857779676e-06,1.611693960512639e-06,1.932093255163636e-06,1.6413046068919357e-06,3.021085149157443e-06,2.265257307954016e-06,1.7513201555630076e-06
1056,34603008,0.00015230000000000037,7.152490308496116,7.09165408377569,0.84375,0.8479166666666667,-0.008827250450849533,19.52659034729004,9.130410035140812e-06,0.0,-1.1120924949645996,1,0,0.9999653100967407,548.2146771276915,0.9999653100967407,1.5560788597213104e-05,1.7022849760905956e-06,1.4931284795238753e-06,1.6173262338270433e-06,1.9460032945062267e-06,1.6108964473460219e-06,1.9311371488583973e-06,1.6404940197389806e-06,3.019592895725509e-06,2.2641386294708354e-06,1.7504535207990557e-06
1057,34635776,0.00015216000000000036,7.56556099476347,7.150912998556454,0.921875,0.8604166666666666,0.17849239706993103,36.354393005371094,9.122255505644716e-06,0.0,-1.112372875213623,1,0,0.9999654293060303,548.1958090599334,0.9999654293060303,1.554738264530897e-05,1.7011524278132129e-06,1.4921663478162372e-06,1.6162517795237363e-06,1.9447047634457704e-06,1.6098261994557106e-06,1.9298506686027395e-06,1.639402626096853e-06,3.0175810934451874e-06,2.2626279587711906e-06,1.7492873212177074e-06
1058,34668544,0.00015202000000000035,7.23006534679449,7.200026463249378,0.796875,0.8609375,-0.03910106420516968,15.760259628295898,9.115059583564289e-06,0.0,-1.1115643978118896,1,0,0.9999654293060303,548.1748663322861,0.9999654293060303,1.5530620657955296e-05,1.6997365719362278e-06,1.4909402352714096e-06,1.6149067505466519e-06,1.943088136613369e-06,1.6084881053757272e-06,1.928246319948812e-06,1.638038270357356e-06,3.0150699785735924e-06,2.260747123727924e-06,1.7478332665632479e-06
1059,34701312,0.00015188000000000037,6.6337837304484415,7.1626586571885635,0.78125,0.853125,0.05510248243808746,28.861146926879883,9.107022378884722e-06,0.0,-1.1107943058013916,1,0,0.9999654293060303,548.150919030505,0.9999654293060303,1.551197055960074e-05,1.698156893326086e-06,1.4895573485773639e-06,1.6134073348439415e-06,1.9412841538724024e-06,1.606994715075416e-06,1.926454388012644e-06,1.6365158899134258e-06,3.01227032650786e-06,2.2586482373299077e-06,1.7462087953390437e-06
1060,34734080,0.00015174000000000036,7.410351271908947,7.188598489628309,0.875,0.8515625,0.09220470488071442,22.539716720581055,9.103147931455169e-06,0.0,-1.1108801364898682,1,0,0.9999654293060303,548.1574778772974,0.9999654293060303,1.550294655316975e-05,1.6973975789369433e-06,1.488896941737039e-06,1.6126845139297075e-06,1.9404142221901566e-06,1.6062746226452873e-06,1.9255928691563895e-06,1.6357842014258495e-06,3.010920636370429e-06,2.2576359697268344e-06,1.7454279941375717e-06
1061,34766848,0.00015160000000000035,7.63972547909087,7.227242920925901,0.921875,0.8546875,-0.006384719163179398,26.424327850341797,9.098056580114644e-06,0.0,-1.1123625040054321,1,0,0.9999654293060303,548.1441562179896,0.9999654293060303,1.5491124941036105e-05,1.6963990674412344e-06,1.4880255321259028e-06,1.6117356835820829e-06,1.939270987350028e-06,1.6053280660344171e-06,1.9244582745159278e-06,1.634821842344536e-06,3.009149395438726e-06,2.256305606351816e-06,1.744399583003542e-06
1062,34799616,0.00015146000000000034,6.799233836828055,7.179421054241007,0.78125,0.8421875,-0.028140250593423843,32.746734619140625,9.093969310924876e-06,0.0,-1.1138288974761963,1,0,0.9999654293060303,548.1615697824888,0.9999654293060303,1.5481644368264824e-05,1.6955902992776828e-06,1.4873529607939417e-06,1.610971935406269e-06,1.9383498965908075e-06,1.60456897901895e-06,1.9235428680985933e-06,1.6340439970008447e-06,3.007718078151811e-06,2.255234448966803e-06,1.7435696690881741e-06
1063,34832384,0.00015132000000000033,6.900370539560235,7.130500308184739,0.796875,0.8359375,0.22735799849033356,35.76420974731445,9.08564015844604e-06,0.0,-1.1147384643554688,1,0,0.9999655485153198,548.1524625864517,0.9999655485153198,1.546781641081907e-05,1.6944234175753081e-06,1.4863550177324214e-06,1.6098632613648078e-06,1.9370124846318504e-06,1.6034676946219406e-06,1.9222172795707593e-06,1.6329209984178306e-06,3.005645112352795e-06,2.2536783035320695e-06,1.7423679992134566e-06
1064,34865152,0.00015118000000000032,7.242808759112632,7.1728010080830344,0.875,0.840625,-0.09008117020130157,14.127457618713379,9.078715265786741e-06,0.0,-1.114001750946045,1,0,0.9999656677246094,548.1511931841926,0.9999656677246094,1.5457246263395064e-05,1.6935302937781671e-06,1.4855926337986602e-06,1.609016180736944e-06,1.9359931684448384e-06,1.6026240245992085e-06,1.9212059214623878e-06,1.6320601616826025e-06,3.004060545208631e-06,2.2524923224409577e-06,1.7414512285540695e-06
1065,34897920,0.00015104000000000032,7.571312401686718,7.214570266868998,0.859375,0.8453125,0.0845048800110817,18.173358917236328,9.064832738658879e-06,0.0,-1.114837408065796,1,0,0.9999657869338989,548.078227485431,0.9999657869338989,1.54304871102795e-05,1.6912788396439282e-06,1.4836277841823176e-06,1.6068756849563215e-06,1.933417706823093e-06,1.600492055331415e-06,1.9186500139767304e-06,1.6298905620715232e-06,3.0000671813468216e-06,2.2494959921459667e-06,1.7391345181749784e-06
1066,34930688,0.0001509000000000003,7.067622031060523,7.206083439125439,0.859375,0.846875,0.005080752074718475,21.559349060058594,9.054379006556701e-06,0.0,-1.1165059804916382,1,0,0.9999657869338989,548.0183100366702,0.9999657869338989,1.5406225429615006e-05,1.6892253142941627e-06,1.4818318732068292e-06,1.6049261830630712e-06,1.931071892613545e-06,1.5985486925274017e-06,1.916320343298139e-06,1.6279115016004653e-06,2.996427156176651e-06,2.2467663711722707e-06,1.7370227851642994e-06
1067,34963456,0.0001507600000000003,7.085857722409213,7.158113111890013,0.8125,0.8359375,-0.08912678062915802,26.102115631103516,9.052164386957884e-06,0.0,-1.1168336868286133,1,0,0.9999657869338989,548.0580055261079,0.9999657869338989,1.540109769848641e-05,1.6887903484530398e-06,1.4814560245213215e-06,1.6045144093368435e-06,1.9305766727484297e-06,1.5981386241037399e-06,1.9158287614118308e-06,1.6274924519166234e-06,2.9956554499221966e-06,2.246189978905022e-06,1.7365772464472684e-06
1068,34996224,0.0001506200000000003,7.221963222578574,7.157302899468422,0.796875,0.8359375,0.06263400614261627,23.338886260986328,9.042919373314362e-06,0.0,-1.1170411109924316,1,0,0.9999659061431885,548.038922514685,0.9999659061431885,1.538512879051268e-05,1.687443045739201e-06,1.4802952819081838e-06,1.6032389567044447e-06,1.9290346244815737e-06,1.596869765307929e-06,1.9142983092024224e-06,1.6261985820165137e-06,2.993263024109183e-06,2.244396000605775e-06,1.7351902670270647e-06
1069,35028992,0.00015048000000000028,6.82955620356611,7.176880146780188,0.828125,0.840625,-0.04054945334792137,23.613107681274414,9.038946700457018e-06,0.0,-1.1178514957427979,1,0,0.9999659061431885,548.0474130476381,0.9999659061431885,1.5375931980088353e-05,1.6866595160536235e-06,1.479654429203947e-06,1.6025066997826798e-06,1.9281333152321167e-06,1.5961419421728351e-06,1.9134058675263077e-06,1.6254514321190072e-06,2.991864221257856e-06,2.243347353214631e-06,1.734381157803e-06
1070,35061760,0.00015034000000000027,6.928967844839303,7.128741804073224,0.765625,0.8296875,-0.15444934368133545,14.374619483947754,9.033229616761673e-06,0.0,-1.1194217205047607,1,0,0.9999659061431885,548.0357546561037,0.9999659061431885,1.5362636986537836e-05,1.6855371995916357e-06,1.4786938891120371e-06,1.6014449784051976e-06,1.926841150634573e-06,1.595085905137239e-06,1.9121216610074043e-06,1.624375840947323e-06,2.9898621960455785e-06,2.2418439584726e-06,1.7332204151898623e-06
1071,35094528,0.00015020000000000026,7.349433868276197,7.099712642991756,0.8645833333333334,0.8239583333333333,-0.01685044914484024,26.712081909179688,9.027373380376957e-06,0.0,-1.1204071044921875,1,0,0.9999659061431885,548.0162682268892,0.9999659061431885,1.534909097244963e-05,1.684383391875599e-06,1.477697082918894e-06,1.6003502878447762e-06,1.9255221559433267e-06,1.593995534676651e-06,1.9108126707578776e-06,1.6232639836744056e-06,2.987815605592914e-06,2.240309413537034e-06,1.7320340930382372e-06
1072,35127296,0.00015006000000000025,6.99248472750997,7.119037732059948,0.84375,0.8302083333333332,-0.06800462305545807,14.492722511291504,9.01981366041582e-06,0.0,-1.1216837167739868,1,0,0.9999659061431885,547.9981142306203,0.9999659061431885,1.533152135380078e-05,1.682899778643332e-06,1.4764067373107537e-06,1.598942276359594e-06,1.9238282220612746e-06,1.5925929801596794e-06,1.909131697175326e-06,1.6218342580032186e-06,2.9851837552996585e-06,2.238338083770941e-06,1.730510120978579e-06
1073,35160064,0.00014992000000000027,7.0982840310288555,7.13882908120681,0.9375,0.8442708333333334,0.05128893628716469,23.928882598876953,9.012511327455286e-06,0.0,-1.1222238540649414,1,0,0.999966025352478,547.976779798982,0.999966025352478,1.531457201053854e-05,1.6814658465591492e-06,1.4751572052773554e-06,1.59757826168061e-06,1.9221870388719253e-06,1.5912344224489061e-06,1.907503019538126e-06,1.6204523944907123e-06,2.982640125992475e-06,2.236428827018244e-06,1.729033783703926e-06
1074,35192832,0.00014978000000000026,7.019313586512128,7.1164795639467595,0.875,0.8442708333333334,0.10940470546483994,26.880077362060547,9.006938853417523e-06,0.0,-1.1225905418395996,1,0,0.999966025352478,547.9983874393871,0.999966025352478,1.5307183275581338e-05,1.6808404552648426e-06,1.4746198075954453e-06,1.5969842479535146e-06,1.921472176036332e-06,1.590644387761131e-06,1.906793613670743e-06,1.61984974056395e-06,2.9815307698299875e-06,2.235597094113473e-06,1.7283907709497726e-06
1075,35225600,0.00014964000000000025,6.663838617807991,7.025732185558887,0.828125,0.8411458333333334,0.07595223188400269,20.866003036499023,9.000139471027069e-06,0.0,-1.1244308948516846,1,0,0.999966025352478,547.982262761604,0.999966025352478,1.529142537037842e-05,1.6795041801742627e-06,1.4734644082636805e-06,1.5957175492076203e-06,1.9199462713004323e-06,1.5893826912360964e-06,1.9052795323659666e-06,1.6185634876819677e-06,2.9791606266371673e-06,2.233821760455612e-06,1.7270183434447972e-06
1076,35258368,0.00014950000000000025,6.563225680584084,6.975292550511243,0.84375,0.8395833333333333,-0.07977445423603058,15.677573204040527,8.99629776540678e-06,0.0,-1.1244897842407227,1,0,0.999966025352478,547.9931356882942,0.999966025352478,1.5282503227354027e-05,1.678751459621708e-06,1.4728293535881676e-06,1.5950008673826233e-06,1.9190840703231515e-06,1.5886688515820424e-06,1.9044239252252737e-06,1.6178366877284134e-06,2.9778254884149646e-06,2.2328185877995566e-06,1.7262427718378603e-06
1077,35291136,0.00014936000000000024,6.808457346222514,6.947552512892573,0.859375,0.8442708333333334,-0.01036815159022808,18.48481559753418,8.991150934889447e-06,0.0,-1.1251875162124634,1,0,0.999966025352478,547.9929220336514,0.999966025352478,1.5270556104951538e-05,1.6777336213635863e-06,1.4719699947818299e-06,1.5940505591061083e-06,1.9179185528628295e-06,1.58772240865801e-06,1.9032690943276975e-06,1.6168694401130779e-06,2.976014229716384e-06,2.2314627585728886e-06,1.7251959434361197e-06
1078,35323904,0.00014922000000000023,6.6057416363540185,6.885930354270118,0.8125,0.8458333333333334,-0.016758088022470474,21.632904052734375,8.985809472505935e-06,0.0,-1.125035047531128,1,0,0.999966025352478,547.9986216100394,0.999966025352478,1.5258182429533917e-05,1.6766844055382535e-06,1.4710577715959516e-06,1.5930535255392897e-06,1.9167191567248665e-06,1.586729240443674e-06,1.9020787931367522e-06,1.6158583093783818e-06,2.9741529488092056e-06,2.230067138953018e-06,1.7241171690329793e-06
1079,35356672,0.00014908000000000022,7.365729504444652,6.939547684357971,0.90625,0.8536458333333334,-0.011908059939742088,19.240894317626953,8.98150301509304e-06,0.0,-1.1244744062423706,1,0,0.999966025352478,547.9995037104859,0.999966025352478,1.5248218005581293e-05,1.675846647231083e-06,1.4703410897709546e-06,1.5922681768643088e-06,1.9157414499204606e-06,1.5859486666158773e-06,1.9011067706742324e-06,1.615058636161848e-06,2.972638867504429e-06,2.2289295884547755e-06,1.7232458731086808e-06
1080,35389440,0.00014894000000000024,7.138497957194367,6.9605006955934785,0.875,0.8645833333333334,-0.09005021303892136,23.979930877685547,8.971969691629056e-06,0.0,-1.1242080926895142,1,0,0.9999661445617676,547.9742303346604,0.9999661445617676,1.5231607903842814e-05,1.6744394315537647e-06,1.4691232763652806e-06,1.5909328112684307e-06,1.9141307348036207e-06,1.5846184169276967e-06,1.8995084474227042e-06,1.6137039438035572e-06,2.970140030811308e-06,2.2270555746217724e-06,1.721797275422432e-06
1081,35422208,0.00014880000000000026,6.974936516779177,6.923050960443776,0.828125,0.8609375,0.06117301434278488,32.671878814697266,8.968467227532528e-06,0.0,-1.1251232624053955,1,0,0.9999661445617676,547.9926688643717,0.9999661445617676,1.5223533409880474e-05,1.6737529904276016e-06,1.4685209634990315e-06,1.590280476193584e-06,1.913346068249666e-06,1.5839688103369554e-06,1.8987296925843111e-06,1.6130424000948551e-06,2.968922217405634e-06,2.226142669314868e-06,1.7210912801601808e-06
1082,35454976,0.00014866000000000025,6.910515399688668,6.9148540276616455,0.859375,0.8625,0.07600408047437668,21.064788818359375,8.963234904513229e-06,0.0,-1.1270827054977417,1,0,0.9999661445617676,547.9936600563257,0.9999661445617676,1.5211458958219737e-05,1.672720486567414e-06,1.4676277260150528e-06,1.5893010640866123e-06,1.9121657715004403e-06,1.5829933772693039e-06,1.8975603097715066e-06,1.612048890820006e-06,2.9670907224499388e-06,2.224769559688866e-06,1.7200313777721021e-06
1083,35487744,0.00014852000000000024,6.509289184331816,6.855954542991941,0.8125,0.85,0.04713296517729759,29.183265686035156,8.9607574409456e-06,0.0,-1.1274583339691162,1,0,0.9999661445617676,548.0302317006317,0.9999661445617676,1.520571549917804e-05,1.672234020588803e-06,1.4672064025944564e-06,1.5888373354755458e-06,1.911609615490306e-06,1.582531467647641e-06,1.8970066548718023e-06,1.6115785683723516e-06,2.9662278393516317e-06,2.22412268158223e-06,1.7195294503835612e-06
1084,35520512,0.00014838000000000023,6.9798970571387144,6.8520128900546,0.953125,0.8578125,0.1385730654001236,32.86602020263672,8.957866157288663e-06,0.0,-1.1282097101211548,1,0,0.9999661445617676,548.0538821508012,0.9999661445617676,1.5199075278360397e-05,1.6716711570552434e-06,1.4667321011074819e-06,1.5883071000644122e-06,1.910959099404863e-06,1.5820047565284767e-06,1.896362732622947e-06,1.6110376463984721e-06,2.9652151170012075e-06,2.2233652998693287e-06,1.7189489653901546e-06
1085,35553280,0.00014824000000000022,6.887297456896224,6.874358773963424,0.828125,0.8578125,0.04204455018043518,23.956073760986328,8.953769793151878e-06,0.0,-1.1280620098114014,1,0,0.9999661445617676,548.0668009350555,0.9999661445617676,1.5189570149232168e-05,1.6708646626284462e-06,1.4660469105365337e-06,1.5875438066359493e-06,1.910030050567002e-06,1.5812461242603604e-06,1.8954407323690248e-06,1.610263439033588e-06,2.9637765237566782e-06,2.2222843654162716e-06,1.7181163229906815e-06
1086,35586048,0.0001481000000000002,7.337831580563638,6.95181936396138,0.828125,0.85625,0.03061828389763832,20.42376708984375,8.949442417360842e-06,0.0,-1.1283260583877563,1,0,0.9999661445617676,548.0703690145914,0.9999661445617676,1.5179520232777577e-05,1.6700172409400693e-06,1.4653425068900106e-06,1.5867566389715648e-06,1.9090427940682275e-06,1.5804620261405944e-06,1.8944610928883776e-06,1.6094589909698698e-06,2.962241978821112e-06,2.221135900981608e-06,1.7172417301480891e-06
1087,35618816,0.0001479600000000002,6.940848971101193,6.965058526449248,0.90625,0.8609375,0.06423117965459824,28.246997833251953,8.942415661294945e-06,0.0,-1.127643346786499,1,0,0.9999662637710571,548.0660950179641,0.9999662637710571,1.516875454399269e-05,1.6691035398253007e-06,1.4646021782027674e-06,1.5859172890486661e-06,1.9079802768828813e-06,1.579625859449152e-06,1.8934046011054306e-06,1.6085998595372075e-06,2.960592837553122e-06,2.219899670308223e-06,1.7162956282845698e-06
1088,35651584,0.0001478200000000002,7.072336356429046,7.01171799845675,0.859375,0.865625,0.09857317805290222,40.99186706542969,8.938763130572625e-06,0.0,-1.12885582447052,1,0,0.9999662637710571,548.08032817387,0.9999662637710571,1.5160308976192027e-05,1.6683794683558517e-06,1.4640129393228563e-06,1.585247559887648e-06,1.9071469523623819e-06,1.57896181463002e-06,1.8925796894109226e-06,1.607912736290018e-06,2.959299990834552e-06,2.2189299215824576e-06,1.7155460909634712e-06
1089,35684352,0.00014768000000000019,6.737682346186556,6.94891328263094,0.8125,0.85625,-0.015879571437835693,21.19052505493164,8.931041520554572e-06,0.0,-1.1298224925994873,1,0,0.9999663829803467,548.0752092162381,0.9999663829803467,1.5147910744417459e-05,1.6673345726303523e-06,1.463144826630014e-06,1.5842804259591503e-06,1.9059289115830325e-06,1.577998432367167e-06,1.8913692656497005e-06,1.6069258208517567e-06,2.9574100608442677e-06,2.21751270146342e-06,1.7144618595921202e-06
1090,35717120,0.00014754000000000018,7.111881884830952,6.946251675394599,0.84375,0.853125,0.05444624647498131,26.515766143798828,8.929859177442268e-06,0.0,-1.129514217376709,1,0,0.9999663829803467,548.1202994461268,0.9999663829803467,1.5145194993237965e-05,1.6671008324919967e-06,1.462953719055804e-06,1.5840688547541504e-06,1.9056582232224173e-06,1.577789362272597e-06,1.8911005099653266e-06,1.6067081105575198e-06,2.9569928301498294e-06,2.217197788922931e-06,1.7142182286988827e-06
1091,35749888,0.00014740000000000017,7.236689069091325,6.972426930625813,0.875,0.8578125,0.07852711528539658,29.663137435913086,8.924928806663956e-06,0.0,-1.129513144493103,1,0,0.9999663829803467,548.1197221414666,0.9999663829803467,1.5133818124013487e-05,1.666129605837341e-06,1.4621169839301729e-06,1.5831536757104914e-06,1.9045407952944515e-06,1.5768763432788546e-06,1.8899934275395935e-06,1.6057736047514481e-06,2.9552588785008993e-06,2.215897893620422e-06,1.7132181255874457e-06
1092,35782656,0.00014726000000000016,7.4893050183129075,7.030305892488238,0.84375,0.85625,0.035214122384786606,25.42829132080078,8.921393600758165e-06,0.0,-1.1296368837356567,1,0,0.9999663829803467,548.1254957275473,0.9999663829803467,1.5125622667255811e-05,1.6654323644615943e-06,1.4615160353059764e-06,1.582490995133412e-06,1.9037453284909134e-06,1.5762177554279333e-06,1.8892040998252924e-06,1.605103079782566e-06,2.9540217383328127e-06,2.2149727101350436e-06,1.7125009890150977e-06
1093,35815424,0.00014712000000000015,7.506147309580284,7.129991705013083,0.890625,0.8640625,-0.005729435011744499,20.083629608154297,8.916634214983787e-06,0.0,-1.1294219493865967,1,0,0.9999663829803467,548.1171110756162,0.9999663829803467,1.5114634152268991e-05,1.6644906963847461e-06,1.4607203411287628e-06,1.5816084442121792e-06,1.9026690551982028e-06,1.575338615111832e-06,1.8881341929954942e-06,1.604201770533109e-06,2.952354634544463e-06,2.213720108557027e-06,1.7115328319050604e-06
1094,35848192,0.00014698000000000014,7.384688612704472,7.17047086056966,0.8854166666666666,0.8572916666666666,-0.00900902971625328,24.412784576416016,8.912137673178222e-06,0.0,-1.1296446323394775,1,0,0.9999663829803467,548.1061014720369,0.9999663829803467,1.5104246813280042e-05,1.6636035979900043e-06,1.4599710311813396e-06,1.5807730733286007e-06,1.9016532633031602e-06,1.5745079053886002e-06,1.8871261318054167e-06,1.603349915058061e-06,2.9507784802262904e-06,2.212538220192073e-06,1.710619017103454e-06
1095,35880960,0.00014684000000000013,6.613562950958361,7.143097409975875,0.875,0.8619791666666667,0.02639646828174591,22.824710845947266,8.907203664421104e-06,0.0,-1.1289823055267334,1,0,0.9999663829803467,548.1077892379847,0.9999663829803467,1.5092884495970793e-05,1.6626281649223529e-06,1.4591790886697709e-06,1.5798566437297268e-06,1.900536403809383e-06,1.5735953411422088e-06,1.8860179125113063e-06,1.6024173419282306e-06,2.949045438072062e-06,2.2112390070105903e-06,1.7096142528316705e-06
1096,35913728,0.00014670000000000012,6.857435744377975,7.095057826357308,0.9375,0.8729166666666666,0.00973236933350563,28.435482025146484,8.897972293198109e-06,0.0,-1.1282012462615967,1,0,0.9999665021896362,548.0774401575445,0.9999665021896362,1.5076961972226854e-05,1.6612938225080143e-06,1.4580663219021517e-06,1.578615865582833e-06,1.898973096103873e-06,1.572359451529337e-06,1.8844665419237572e-06,1.6011496200007969e-06,2.946616859844653e-06,2.209419790233369e-06,1.7082359136111336e-06
1097,35946496,0.00014656000000000011,7.396157528508557,7.140588682098043,0.953125,0.8776041666666666,-0.055861517786979675,22.82504653930664,8.893500307749491e-06,0.0,-1.1281318664550781,1,0,0.9999665021896362,548.0772023881658,0.9999665021896362,1.5066641026351135e-05,1.6604099073447287e-06,1.4573394082617597e-06,1.577781972628145e-06,1.8979592368850717e-06,1.5715319250375615e-06,1.8834621187124867e-06,1.6003008340703673e-06,2.9450434340105858e-06,2.208240402978845e-06,1.707323804112093e-06
1098,35979264,0.0001464200000000001,7.307679329667661,7.164122979421906,0.953125,0.8869791666666667,0.009378820657730103,16.09554672241211,8.889217497198842e-06,0.0,-1.1275599002838135,1,0,0.9999665021896362,548.0821098481988,0.9999665021896362,1.5056772099342197e-05,1.659558279243356e-06,1.4566487607226009e-06,1.576987642692984e-06,1.8969856228068238e-06,1.5707437341916375e-06,1.8824960079655284e-06,1.599489110049035e-06,2.9435357191687217e-06,2.207107854701462e-06,1.7064479607142857e-06
1099,36012032,0.0001462800000000001,7.307168387348727,7.221071583538122,0.953125,0.9010416666666666,0.06830553710460663,26.908103942871094,8.885274837666657e-06,0.0,-1.128077745437622,1,0,0.9999665021896362,548.0856586647303,0.9999665021896362,1.50476425915258e-05,1.6587861182415509e-06,1.456001427868614e-06,1.5762630027893465e-06,1.8960921579491696e-06,1.5700218227721052e-06,1.8816076590155717e-06,1.5987495771696558e-06,2.942146693385439e-06,2.2060680748836603e-06,1.705650674921344e-06
1100,36044800,0.0001461400000000001,6.934740662347783,7.203357461289805,0.90625,0.9072916666666666,0.052592381834983826,34.41067886352539,8.88486647454556e-06,0.0,-1.128084659576416,1,0,0.9999665021896362,548.1416858293926,0.9999665021896362,1.5046710359456483e-05,1.6587069922024966e-06,1.4559376495526521e-06,1.576190925334231e-06,1.8959981389343739e-06,1.5699515643063933e-06,1.881516027424368e-06,1.598676362846163e-06,2.9420034479699098e-06,2.205958708145772e-06,1.7055709804481012e-06
1101,36077568,0.00014600000000000008,6.687851095401366,7.148473663920809,0.890625,0.9088541666666666,0.05040094256401062,25.135698318481445,8.879771485226229e-06,0.0,-1.128328800201416,1,0,0.9999665021896362,548.1334029472463,0.9999665021896362,1.5034818716230802e-05,1.6577297401454416e-06,1.4551228559867013e-06,1.5752756326037343e-06,1.8948232991533587e-06,1.5690415011704317e-06,1.8803500552166952e-06,1.5977450402715476e-06,2.940177409982425e-06,2.204589463872253e-06,1.7045580307240016e-06
1102,36110336,0.0001458600000000001,7.185496596761675,7.118092821765686,0.90625,0.9151041666666666,-0.11922705918550491,20.160608291625977,8.875489584170282e-06,0.0,-1.1289057731628418,1,0,0.9999665021896362,548.1349611680273,0.9999665021896362,1.5024899767013267e-05,1.6568889122936525e-06,1.4544318673870293e-06,1.5744991515020956e-06,1.8938440007332247e-06,1.5682710454711923e-06,1.8793783738146885e-06,1.5969528703863034e-06,2.938655370599008e-06,2.203448048021528e-06,1.7036869621733786e-06
1103,36143104,0.0001457200000000001,7.105140265085471,7.077992117316205,0.890625,0.9151041666666666,-0.04835371673107147,20.17652702331543,8.870239980751649e-06,0.0,-1.1289141178131104,1,0,0.9999665021896362,548.1155492748239,0.9999665021896362,1.501269707659958e-05,1.655884148021869e-06,1.453587515243271e-06,1.5735683973616688e-06,1.892643240353209e-06,1.5673455209253007e-06,1.878186935755366e-06,1.595999833625683e-06,2.9367640763666714e-06,2.2020303731551394e-06,1.7026344494297518e-06
1104,36175872,0.00014558000000000008,6.933919506717186,7.032915206717476,0.84375,0.9109375,0.00579867884516716,19.636398315429688,8.863616130838636e-06,0.0,-1.128815770149231,1,0,0.9999666213989258,548.1204935436971,0.9999666213989258,1.5002922737039626e-05,1.655044457038457e-06,1.4528988003803534e-06,1.5727869140391704e-06,1.8916764474852243e-06,1.56657313254982e-06,1.8772271914713201e-06,1.5952026615195791e-06,2.935263864856097e-06,2.200905100835371e-06,1.7017661093632341e-06
1105,36208640,0.00014544000000000007,7.010686167064579,7.072627528328098,0.875,0.9109375,0.011624742299318314,23.65367889404297,8.855306077748537e-06,0.0,-1.128546953201294,1,0,0.9999667406082153,548.1018813388897,0.9999667406082153,1.498923847975675e-05,1.6538771205887315e-06,1.4519446267513558e-06,1.5717075712018413e-06,1.8903222098742845e-06,1.5655009519832674e-06,1.8758835267362883e-06,1.5940972843964119e-06,2.9331599762372207e-06,2.1993296286382247e-06,1.7005544350467972e-06
1106,36241408,0.0001453000000000001,7.270960360689022,7.113979989959202,0.9375,0.9109375,0.036472029983997345,30.090694427490234,8.848994184518233e-06,0.0,-1.1292426586151123,1,0,0.9999667406082153,548.0693686723789,0.9999667406082153,1.4974635632825084e-05,1.6526427089047502e-06,1.4509273569274228e-06,1.5705644500485505e-06,1.888878728095733e-06,1.5643637425455381e-06,1.8744527778835618e-06,1.5929315395624144e-06,2.9309226192708593e-06,2.1976504740450764e-06,1.6992737528198631e-06
1107,36274176,0.00014516000000000008,7.137966400886627,7.08816087719701,0.90625,0.90625,-0.01054365560412407,20.503755569458008,8.845439879223704e-06,0.0,-1.1300771236419678,1,0,0.9999667406082153,548.0771752101018,0.9999667406082153,1.4966411981731653e-05,1.6519445580343017e-06,1.450353124710091e-06,1.5699084769948968e-06,1.8880665493270499e-06,1.5637106116628274e-06,1.8736450329015497e-06,1.5922618104013964e-06,2.9296597858774476e-06,2.1967055090499343e-06,1.6985510455924668e-06
1108,36306944,0.00014502000000000007,7.406607311454815,7.098053675375725,0.96875,0.9078125,0.07052318006753922,19.115447998046875,8.840119335218333e-06,0.0,-1.1298531293869019,1,0,0.9999667406082153,548.0604084912517,0.9999667406082153,1.4954128346289508e-05,1.650892500038026e-06,1.4494999049929902e-06,1.5689415704400744e-06,1.8868497591029154e-06,1.5627504126314307e-06,1.8724375649981084e-06,1.591265913702955e-06,2.927771674876567e-06,2.1952896531729493e-06,1.6974644267975236e-06
1109,36339712,0.00014488000000000006,6.665822024546755,7.033919039095528,0.828125,0.8953125,0.03082364797592163,27.17082977294922,8.837124369165394e-06,0.0,-1.130138874053955,1,0,0.9999667406082153,548.0738855387873,0.9999667406082153,1.4947113413654733e-05,1.6503414599355892e-06,1.449021738153533e-06,1.5684240679547656e-06,1.8861517219193047e-06,1.5622347291355254e-06,1.87174839538784e-06,1.5907380657154135e-06,2.926691422544536e-06,2.1944772470305907e-06,1.6968883755907882e-06
1110,36372480,0.00014474000000000005,6.680279692542017,7.008472942114952,0.78125,0.8828125,-0.038992758840322495,23.865161895751953,8.835313565214165e-06,0.0,-1.130521297454834,1,0,0.9999667406082153,548.1114560409551,0.9999667406082153,1.4942909729143139e-05,1.6499826642757398e-06,1.4487274029306718e-06,1.5680949445595616e-06,1.8857361965274322e-06,1.561908561598102e-06,1.8713343479248579e-06,1.5904013253020821e-06,2.926046590800979e-06,2.193994077970274e-06,1.6965177564998157e-06
1111,36405248,0.00014460000000000007,7.2204284240471015,7.061730674979525,0.890625,0.8828125,0.031327344477176666,30.53215980529785,8.832429557514843e-06,0.0,-1.1303666830062866,1,0,0.9999667406082153,548.1297434457614,0.9999667406082153,1.4936242223484442e-05,1.649410023674136e-06,1.448257648917206e-06,1.5675685745009105e-06,1.885079996100103e-06,1.5613858295182581e-06,1.8706848550209543e-06,1.589859834894014e-06,2.9250254556245636e-06,2.1932305571681354e-06,1.6959257891357993e-06
1112,36438016,0.00014446000000000006,6.162210929066232,6.95940210820998,0.828125,0.875,-0.07212412357330322,24.538049697875977,8.828126738080755e-06,0.0,-1.1311092376708984,1,0,0.9999667406082153,548.1353646082792,0.9999667406082153,1.4926302355888765e-05,1.648567149459268e-06,1.4475673424385604e-06,1.566803462083044e-06,1.8840878510673065e-06,1.560625037200225e-06,1.869700327006285e-06,1.5890747135927086e-06,2.923488636952243e-06,2.19207618101791e-06,1.6950460803855094e-06
1113,36470784,0.00014432000000000005,6.55477708778325,6.904365790479758,0.8125,0.8671875,0.06077856570482254,32.93623352050781,8.821033588901628e-06,0.0,-1.1312847137451172,1,0,0.9999668598175049,548.1295820323113,0.9999668598175049,1.4915333849785384e-05,1.6476635664730566e-06,1.4468000699707773e-06,1.5659537666579126e-06,1.8830102135325433e-06,1.5597786386933876e-06,1.8686308749238378e-06,1.588211262060213e-06,2.9218140298326034e-06,2.1908226699451916e-06,1.6941121430136263e-06
1114,36503552,0.00014418000000000005,7.0146794828339285,6.912441788091432,0.765625,0.859375,-0.012487486004829407,19.10468292236328,8.816759873297997e-06,0.0,-1.1309770345687866,1,0,0.9999668598175049,548.1320506643654,0.9999668598175049,1.4905479474691674e-05,1.646818418521434e-06,1.4460882766798022e-06,1.5651548892492428e-06,1.8820443301592604e-06,1.5589845361319021e-06,1.867670675892441e-06,1.5873996517257183e-06,2.9203151825640816e-06,2.1896987618674757e-06,1.6932415292103542e-06
1115,36536320,0.00014404000000000004,7.231831487837628,6.934556320168737,0.9375,0.865625,-0.007739566266536713,15.061880111694336,8.812388841761276e-06,0.0,-1.132154941558838,1,0,0.9999668598175049,548.1251625616544,0.9999668598175049,1.4895360436639749e-05,1.6459689504699782e-06,1.4453852372753317e-06,1.5643729511793936e-06,1.881039452200639e-06,1.5582056676066713e-06,1.8666752339413506e-06,1.5865975910855923e-06,2.918759037129348e-06,2.1885296064283466e-06,1.6923585235417704e-06
1116,36569088,0.00014390000000000003,6.879184560692468,6.895378740169082,0.8541666666666666,0.8572916666666666,0.0922405868768692,38.682769775390625,8.808877282717731e-06,0.0,-1.13284170627594,1,0,0.9999668598175049,548.1241928686524,0.9999668598175049,1.488726593379397e-05,1.6452798945465474e-06,1.4448229421759606e-06,1.5637374417565297e-06,1.880232503026491e-06,1.5575742509099655e-06,1.8658744238564395e-06,1.5859440054555307e-06,2.917506662925007e-06,2.187590553148766e-06,1.6916420690904488e-06
1117,36601856,0.00014376000000000002,6.551763877961564,6.836758487876575,0.921875,0.8588541666666668,-0.00491909496486187,26.68329620361328,8.805866855254862e-06,0.0,-1.1327016353607178,1,0,0.9999668598175049,548.1340922927967,0.9999668598175049,1.4880183698551264e-05,1.6447294228782994e-06,1.444342160539236e-06,1.5632156191713875e-06,1.8795421965478454e-06,1.557055838929955e-06,1.8651928712642984e-06,1.5854177490837174e-06,2.916416178777581e-06,2.186772917411872e-06,1.6910742033360293e-06
1118,36634624,0.00014362000000000004,5.884189330653617,6.684516689796456,0.859375,0.8479166666666667,0.18878212571144104,34.990989685058594,8.80217703524977e-06,0.0,-1.133876085281372,1,0,0.9999668598175049,548.1510747992879,0.9999668598175049,1.487155805079965e-05,1.6440299077657983e-06,1.4437484878726536e-06,1.5625658988938085e-06,1.878694547485793e-06,1.5564086197628058e-06,1.8643553403308033e-06,1.5847496115384274e-06,2.915083996413159e-06,2.18577406485565e-06,1.6903421737879398e-06
1119,36667392,0.00014348000000000003,6.326573463371442,6.650591833678925,0.921875,0.8572916666666666,0.05294516310095787,23.868534088134766,8.798058843240142e-06,0.0,-1.1347877979278564,1,0,0.9999668598175049,548.1553384798514,0.9999668598175049,1.4861972886137664e-05,1.6432461507065454e-06,1.4430850114877103e-06,1.561846147524193e-06,1.877738100120041e-06,1.555693415866699e-06,1.8634061689226655e-06,1.5840166724956362e-06,2.9135969725757604e-06,2.184659251724952e-06,1.6895138514883001e-06
1120,36700160,0.00014334000000000002,6.8265210069773845,6.665215965122462,0.921875,0.8713541666666667,-0.12541863322257996,20.222347259521484,8.793304004939273e-06,0.0,-1.135084629058838,1,0,0.9999668598175049,548.1440926100566,0.9999668598175049,1.4850964362267405e-05,1.6423186934844125e-06,1.4423201264435193e-06,1.5610017953804345e-06,1.876638748399273e-06,1.5548553164990153e-06,1.862315230027889e-06,1.5831515156605747e-06,2.9118943984940415e-06,2.183382548537338e-06,1.6885410332179163e-06
1121,36732928,0.0001432,6.503998709997919,6.593572993717542,0.890625,0.8713541666666667,-0.13477131724357605,17.317943572998047,8.78549963090336e-06,0.0,-1.1366908550262451,1,0,0.9999669790267944,548.134050285609,0.9999669790267944,1.4838422430329956e-05,1.641279141040286e-06,1.44144837577187e-06,1.5600465985698975e-06,1.8753866015686071e-06,1.5539052355961758e-06,1.8610726328915916e-06,1.5821719898667652e-06,2.909945806095493e-06,2.181923491662019e-06,1.6874464563443325e-06
1122,36765696,0.00014306000000000003,6.449819158982265,6.622333816709147,0.90625,0.8791666666666667,0.014859892427921295,32.1296272277832,8.782300938037224e-06,0.0,-1.1362519264221191,1,0,0.9999669790267944,548.1457061521704,0.9999669790267944,1.483099640608998e-05,1.6406656868639402e-06,1.4409342838916928e-06,1.5594723663525656e-06,1.874660597422917e-06,1.5533332771155983e-06,1.8603521994009498e-06,1.5815882079550647e-06,2.9087973416608293e-06,2.18106220017944e-06,1.686810833234631e-06
1123,36798464,0.00014292000000000002,7.248768102143344,6.691732918145155,0.96875,0.8947916666666667,-0.003496158868074417,32.899845123291016,8.778658411756624e-06,0.0,-1.137662410736084,1,0,0.9999669790267944,548.1495251006501,0.9999669790267944,1.4822525372437667e-05,1.639955598875531e-06,1.440343680769729e-06,1.5588092310281354e-06,1.873824203357799e-06,1.5526727565884357e-06,1.8595239907881478e-06,1.5809096112207044e-06,2.907501993831829e-06,2.180089040848543e-06,1.6860758478287607e-06
1124,36831232,0.00014278,6.921737498743164,6.682438719736081,0.90625,0.9088541666666666,0.004720751196146011,26.96828842163086,8.7747985162423e-06,0.0,-1.1390533447265625,1,0,0.9999669790267944,548.1536947038994,0.9999669790267944,1.4813594134466257e-05,1.6392081079175114e-06,1.4397256791198743e-06,1.5581135812681168e-06,1.872938014457759e-06,1.551982904857141e-06,1.8586462147140992e-06,1.580201228534861e-06,2.906121380874538e-06,2.1790540358779253e-06,1.685299366727122e-06
1125,36864000,0.00014264,6.521933445726389,6.611448915524955,0.875,0.9026041666666667,0.14875106513500214,36.32903289794922,8.770719432504848e-06,0.0,-1.1402422189712524,1,0,0.9999669790267944,548.1624815974734,0.9999669790267944,1.4804189959249925e-05,1.6384141190428636e-06,1.4390652722795494e-06,1.5573768905596808e-06,1.8720058960752795e-06,1.551251898490591e-06,1.8577212586023961e-06,1.5794507817190606e-06,2.904672328440938e-06,2.177969463446061e-06,1.6844784340719343e-06
1126,36896768,0.0001425,6.214184605076281,6.544948919963337,0.796875,0.896875,-0.00847114622592926,25.13959503173828,8.765418897382915e-06,0.0,-1.1415151357650757,1,0,0.9999669790267944,548.1460820785695,0.9999669790267944,1.4791813555348199e-05,1.637408104215865e-06,1.4382133031176636e-06,1.5564324939987273e-06,1.8707941080720047e-06,1.5503114809689578e-06,1.8565240225143498e-06,1.5784902416271507e-06,2.9027617074461887e-06,2.1765367819170933e-06,1.6834377447594306e-06
1127,36929536,0.00014235999999999999,5.957021124166618,6.485474644583843,0.8125,0.8859375,-0.018094860017299652,25.177574157714844,8.76392823556671e-06,0.0,-1.1412419080734253,1,0,0.9999669790267944,548.1911835799726,0.9999669790267944,1.4788313819735777e-05,1.6371395759051666e-06,1.437974674445286e-06,1.5561741975034238e-06,1.8704480453379801e-06,1.5500556855840841e-06,1.8561822798801586e-06,1.5782297850819305e-06,2.902224878198467e-06,2.176131829401129e-06,1.683158302512311e-06
1128,36962304,0.00014221999999999998,6.343919997424587,6.53144771126094,0.890625,0.8890625,0.027635812759399414,26.479110717773438,8.761575372773223e-06,0.0,-1.1416840553283691,1,0,0.9999669790267944,548.2169808582321,0.9999669790267944,1.4782815014768858e-05,1.636699607843184e-06,1.4375962109625107e-06,1.5557646975139505e-06,1.8699040538194822e-06,1.5496476635235013e-06,1.8556460190666257e-06,1.5778128954480053e-06,2.9013724542892305e-06,2.175492681999458e-06,1.6826993487484287e-06
1129,36995072,0.00014208,5.977213700014982,6.496511734925294,0.796875,0.8765625,-0.0011267121881246567,40.16438293457031,8.758096555538941e-06,0.0,-1.1422655582427979,1,0,0.9999669790267944,548.2303071611698,0.9999669790267944,1.4774626833968796e-05,1.636059664633649e-06,1.437036985407758e-06,1.5551594287899206e-06,1.8691123386815889e-06,1.5490433042941731e-06,1.8548710158938775e-06,1.5771991002111463e-06,2.9000998438277747e-06,2.174540668420377e-06,1.6820382597870775e-06
1130,37027840,0.00014193999999999999,5.975360084045219,6.411395642632077,0.828125,0.8671875,0.13553324341773987,48.94508361816406,8.754892405704595e-06,0.0,-1.142635464668274,1,0,0.9999669790267944,548.2423278388238,0.9999669790267944,1.4767104403290432e-05,1.635469971006387e-06,1.4365217566592037e-06,1.5546017948508961e-06,1.8683745111047756e-06,1.548487944091903e-06,1.854145921242889e-06,1.5766335081934812e-06,2.8989327347517246e-06,2.1736657345172716e-06,1.6814290120237274e-06
1131,37060608,0.00014179999999999998,6.126601629462735,6.373655934578559,0.796875,0.8578125,-0.01468491367995739,30.5003604888916,8.748696927796118e-06,0.0,-1.142691731452942,1,0,0.999967098236084,548.2438526157305,0.999967098236084,1.4758124052605126e-05,1.6347731843779911e-06,1.4359110309669632e-06,1.5539409332632204e-06,1.867498326646455e-06,1.5478296973014949e-06,1.8532798549131257e-06,1.5759633242851123e-06,2.8975484838156262e-06,2.1726257273257943e-06,1.6807076690383838e-06
1132,37093376,0.00014166,6.333540514699235,6.362028070150256,0.8125,0.8484375,0.1111040860414505,32.26734924316406,8.74546640261542e-06,0.0,-1.1435773372650146,1,0,0.999967098236084,548.2599815845161,0.999967098236084,1.4750624359294306e-05,1.6341449509127415e-06,1.4353880715134437e-06,1.5533616988250287e-06,1.8667576568986988e-06,1.5472539871552726e-06,1.8525482801123871e-06,1.5753697653053678e-06,2.896385467465734e-06,2.1717557956435485e-06,1.680057039266103e-06
1133,37126144,0.00014152,6.064972064575567,6.243648466393478,0.796875,0.83125,0.03525290638208389,28.878461837768555,8.741306373849511e-06,0.0,-1.144081473350525,1,0,0.999967098236084,548.2663548404195,0.999967098236084,1.474099190090783e-05,1.633337774364918e-06,1.434720275028667e-06,1.552625690237619e-06,1.8657965483726002e-06,1.5465222986676963e-06,1.8515945612307405e-06,1.5746127246529795e-06,2.8948938961548265e-06,2.1706373445340432e-06,1.6792160977274762e-06
1134,37158912,0.00014137999999999998,6.323948768395234,6.1838695933586845,0.765625,0.8171875,0.0621388740837574,41.687103271484375,8.736158633837476e-06,0.0,-1.1444785594940186,1,0,0.999967098236084,548.2591466529944,0.999967098236084,1.472906023991527e-05,1.6323583622579463e-06,1.433894112778944e-06,1.5517197198278154e-06,1.8646081798578962e-06,1.545621557852428e-06,1.8504188119550236e-06,1.5736865179860615e-06,2.8930446660524467e-06,2.169251047234866e-06,1.6781898466433631e-06
1135,37191680,0.00014123999999999997,6.702328845496382,6.201909133335684,0.90625,0.8203125,0.08064138144254684,29.814132690429688,8.734182301850524e-06,0.0,-1.144831657409668,1,0,0.999967098236084,548.2886262610625,0.999967098236084,1.4724411812494509e-05,1.6319957012456143e-06,1.433576812814863e-06,1.5513763855778961e-06,1.8641495671545272e-06,1.5452794741577236e-06,1.8499671341487556e-06,1.573338408888958e-06,2.8923275294800987e-06,2.168713081118767e-06,1.677810473665886e-06
1136,37224448,0.00014109999999999996,6.091306734826974,6.189621346310753,0.75,0.815625,0.059530533850193024,42.77721405029297,8.731495654501487e-06,0.0,-1.1457366943359375,1,0,0.999967098236084,548.3113736763115,0.999967098236084,1.4718151760462206e-05,1.631491500120319e-06,1.4331448028315208e-06,1.5509075410591322e-06,1.863525653789111e-06,1.544812562315201e-06,1.8493479956305237e-06,1.5728583093732595e-06,2.8913568712596316e-06,2.1679852579836734e-06,1.6772827393651824e-06
1137,37257216,0.00014095999999999995,5.646702452475719,6.158589479141663,0.8125,0.815625,0.03751315176486969,32.6583137512207,8.72882992553059e-06,0.0,-1.145976185798645,1,0,0.999967098236084,548.3347469535668,0.999967098236084,1.471186442358885e-05,1.631003101465467e-06,1.4327157487059594e-06,1.5504431303270394e-06,1.8629233409228618e-06,1.5443499705725117e-06,1.8487572788217221e-06,1.5723874184914166e-06,2.89038644041284e-06,2.1672553884855006e-06,1.6767788793004001e-06
1138,37289984,0.00014081999999999994,6.095870098512622,6.133784489250466,0.703125,0.796875,0.0015284493565559387,42.777740478515625,8.726093255972955e-06,0.0,-1.1471556425094604,1,0,0.999967098236084,548.3575118449533,0.999967098236084,1.4705425201100297e-05,1.6305037888741936e-06,1.4322786228149198e-06,1.5499684877795517e-06,1.8622909010446165e-06,1.543875669085537e-06,1.8481332517694682e-06,1.5719075463493937e-06,2.889388724724995e-06,2.1665093754563713e-06,1.6762641052991967e-06
1139,37322752,0.00014067999999999996,5.978590646392499,6.1339221838882185,0.75,0.7921875,0.044835031032562256,38.10078430175781,8.723815881239716e-06,0.0,-1.1478297710418701,1,0,0.999967098236084,548.3829254095798,0.999967098236084,1.4700082829222083e-05,1.6300808738378691e-06,1.4319070942292456e-06,1.5495667184950435e-06,1.8617954538058257e-06,1.5434752640430816e-06,1.8476433751857257e-06,1.571499865349324e-06,2.888545850510127e-06,2.1658775040123146e-06,1.6758292531449115e-06
1140,37355520,0.00014053999999999995,6.4504381196580525,6.181429987449502,0.90625,0.8,-0.05357193946838379,25.848369598388672,8.720578080101404e-06,0.0,-1.1471490859985352,1,0,0.999967098236084,548.3879882240791,0.999967098236084,1.4692457625642419e-05,1.6294870874844491e-06,1.4313854990177788e-06,1.5490036275878083e-06,1.8610551251185825e-06,1.542916038488329e-06,1.8469157794243074e-06,1.570927338434558e-06,2.8873694191133836e-06,2.1649934751621913e-06,1.6752140936659998e-06
1141,37388288,0.00014039999999999997,6.7000137572885965,6.238771200232088,0.9375,0.8140625,0.019107237458229065,25.493316650390625,8.717418495507445e-06,0.0,-1.1479310989379883,1,0,0.999967098236084,548.39270220699,0.999967098236084,1.4685034329886548e-05,1.628899894967617e-06,1.4308778872873518e-06,1.5484497453144286e-06,1.8603294620334054e-06,1.542365907880594e-06,1.8462026218912797e-06,1.5703657254562131e-06,2.886218908315641e-06,2.1641305920638843e-06,1.6746085975682945e-06
1142,37421056,0.00014025999999999996,6.441235564882911,6.249540705250455,0.90625,0.8234375,0.031701963394880295,20.312381744384766,8.709929716133047e-06,0.0,-1.1490554809570312,1,0,0.9999672174453735,548.3771920004266,0.9999672174453735,1.4673179066448938e-05,1.6279387864415185e-06,1.4300568409453263e-06,1.547549459246511e-06,1.8591431398817804e-06,1.5414690324178082e-06,1.845025167312997e-06,1.5694511148467427e-06,2.8843785457866034e-06,2.1627527075906983e-06,1.6735934877942782e-06
1143,37453824,0.00014011999999999995,6.159419976874384,6.258985496480337,0.796875,0.8234375,0.011665396392345428,24.54271125793457,8.703704224899411e-06,0.0,-1.1496896743774414,1,0,0.9999672174453735,548.3452456176396,0.9999672174453735,1.4658689906354994e-05,1.6267654245893937e-06,1.4290574199549155e-06,1.54645624661498e-06,1.8577003402242553e-06,1.5403815041281632e-06,1.8435918036630028e-06,1.5683409628763911e-06,2.882134594983654e-06,2.1610701423924183e-06,1.6723681710573146e-06
1144,37486592,0.00013997999999999994,6.8283093116080815,6.309421550801622,0.90625,0.8375,0.06541715562343597,30.16104507446289,8.698981218913104e-06,0.0,-1.1496082544326782,1,0,0.9999672174453735,548.3433714295548,0.9999672174453735,1.4647760508523788e-05,1.6258503592325724e-06,1.428298446626286e-06,1.5456216715392657e-06,1.8566076960269129e-06,1.5395503396575805e-06,1.8425090502205421e-06,1.5674827409384307e-06,2.8804420253436547e-06,2.1597991235466907e-06,1.671413201620453e-06
1145,37519360,0.00013983999999999996,6.638005560572239,6.302989222309208,0.9375,0.840625,0.04379618167877197,24.269981384277344,8.694369171280414e-06,0.0,-1.1500083208084106,1,0,0.9999672174453735,548.3393216100441,0.9999672174453735,1.4637035747000482e-05,1.624974515834765e-06,1.4275562989496393e-06,1.5448127896888764e-06,1.8555455199020798e-06,1.5387458915938623e-06,1.8414568785374286e-06,1.5666591934859753e-06,2.8787778774130857e-06,2.1585512968158582e-06,1.670496772021579e-06
1146,37552128,0.00013969999999999995,6.471996144681885,6.341058163294699,0.921875,0.8578125,0.02447878010571003,23.558195114135742,8.690251888765488e-06,0.0,-1.1507713794708252,1,0,0.9999672174453735,548.3427239034702,0.9999672174453735,1.462747786717955e-05,1.6241890534729464e-06,1.4268935046857223e-06,1.5440850802406203e-06,1.854591914707271e-06,1.538021138003387e-06,1.8405105493002338e-06,1.565915226819925e-06,2.8772958557965467e-06,2.1574419406533707e-06,1.6696782267899835e-06
1147,37584896,0.00013955999999999994,6.296395385641348,6.406027456611261,0.90625,0.8671875,-0.0335303395986557,25.98712730407715,8.685944521857891e-06,0.0,-1.151369571685791,1,0,0.9999672174453735,548.3391388197235,0.9999672174453735,1.461746433051303e-05,1.6233714177360525e-06,1.4262024023992126e-06,1.5433254247909645e-06,1.8535948811404523e-06,1.5372673942692927e-06,1.8395210190647049e-06,1.5651404510208522e-06,2.8757428935932694e-06,2.156277560061426e-06,1.6688250070728827e-06
1148,37617664,0.00013941999999999994,6.551124785404484,6.451552925300449,0.921875,0.8890625,0.020282424986362457,30.718555450439453,8.682507541379891e-06,0.0,-1.1524770259857178,1,0,0.9999672174453735,548.347749337855,0.9999672174453735,1.46095489981235e-05,1.6227213563979603e-06,1.4256502254283987e-06,1.5427234529852285e-06,1.8527994143369142e-06,1.5366664456450962e-06,1.838731577663566e-06,1.5645272242181818e-06,2.8745091640303144e-06,2.1553523765760474e-06,1.668135951149452e-06
1149,37650432,0.00013927999999999993,6.209388466830687,6.474632707344267,0.84375,0.8984375,0.08405308425426483,21.56511688232422,8.674755008541979e-06,0.0,-1.1520943641662598,1,0,0.9999673366546631,548.3302315863374,0.9999673366546631,1.4597073459299281e-05,1.6216927178902552e-06,1.4247833632907714e-06,1.541772121527174e-06,1.8515650026529329e-06,1.5357217080236296e-06,1.8375081936028437e-06,1.5635578165529296e-06,2.872566255973652e-06,2.1538940018217545e-06,1.6670658169459784e-06
1150,37683200,0.00013913999999999995,5.962449847962185,6.425833880174681,0.8125,0.8890625,-0.026562614366412163,31.17505645751953,8.672725925862323e-06,0.0,-1.1523120403289795,1,0,0.9999673366546631,548.3706726698173,0.9999673366546631,1.4592395928048063e-05,1.621292199160962e-06,1.4244545809560805e-06,1.5414088920806535e-06,1.8510970676288707e-06,1.5353599565059994e-06,1.8370421912550228e-06,1.5631865153409308e-06,2.871840479201637e-06,2.153349441869068e-06,1.666646198827948e-06
1151,37715968,0.00013899999999999994,6.079334400543551,6.363765944500175,0.78125,0.8734375,0.08566873520612717,21.967971801757812,8.670003808219917e-06,0.0,-1.152740240097046,1,0,0.9999673366546631,548.3962752577875,0.9999673366546631,1.458612041460583e-05,1.6207727639994118e-06,1.4240199561754707e-06,1.5409311799885472e-06,1.8504687204767833e-06,1.5348857687058626e-06,1.836418505263282e-06,1.5626961840098375e-06,2.8708659556286875e-06,2.1526186628761934e-06,1.666099365138507e-06
1152,37748736,0.00013885999999999995,7.498021620869868,6.469444550098872,0.890625,0.871875,0.03014501929283142,27.811079025268555,8.668388545629568e-06,0.0,-1.152557611465454,1,0,0.9999673366546631,548.4200414709527,0.9999673366546631,1.4582379662897438e-05,1.6204605799430283e-06,1.4237591585697373e-06,1.5406402553708176e-06,1.8500982150726486e-06,1.5345957535828347e-06,1.8360507283432526e-06,1.5623995750502218e-06,2.8702800136670703e-06,2.152181423298316e-06,1.6657753576510004e-06
1153,37781504,0.00013871999999999995,7.060107656586438,6.559513318070076,0.890625,0.88125,-0.06424655765295029,26.812358856201172,8.666010216984432e-06,0.0,-1.1531922817230225,1,0,0.9999673366546631,548.4316899289611,0.9999673366546631,1.4576859030057676e-05,1.620009470570949e-06,1.423376261300291e-06,1.5402172266476555e-06,1.8495460381018347e-06,1.5341744301622384e-06,1.835504576774838e-06,1.5619689293089323e-06,2.8694259981421055e-06,2.151541139028268e-06,1.6653036709612934e-06
1154,37814272,0.00013857999999999996,6.275216460998758,6.504204033009145,0.796875,0.8703125,-0.02862308733165264,25.75540542602539,8.66049958858639e-06,0.0,-1.1540647745132446,1,0,0.9999674558639526,548.4437285350706,0.9999674558639526,1.456959216739051e-05,1.6194132967939368e-06,1.422871491740807e-06,1.5396622075058986e-06,1.8488337900635088e-06,1.5336246406150167e-06,1.8347994910072885e-06,1.56140470153332e-06,2.8682936772383982e-06,2.150692125724163e-06,1.6646828271404956e-06
1155,37847040,0.00013843999999999996,6.522079504264694,6.49261142737839,0.84375,0.8609375,-0.10814574360847473,21.872642517089844,8.657270882395096e-06,0.0,-1.1545201539993286,1,0,0.9999674558639526,548.4517198448855,0.9999674558639526,1.4562147043761797e-05,1.6187988194360514e-06,1.4223533071344718e-06,1.5391013903354178e-06,1.8480864127923269e-06,1.533063027636672e-06,1.8340577980779926e-06,1.5608329704264179e-06,2.867131570383208e-06,2.1498183286894346e-06,1.664035380599671e-06
1156,37879808,0.00013829999999999995,7.040420014115231,6.5494538143217245,0.90625,0.859375,0.08718234300613403,20.794511795043945,8.65140918904217e-06,0.0,-1.1553765535354614,1,0,0.9999674558639526,548.4267011628866,0.9999674558639526,1.4548681974702049e-05,1.6176383041965892e-06,1.4213986787581234e-06,1.5380259128505713e-06,1.8467454765414004e-06,1.5319947124226019e-06,1.8327270936424611e-06,1.5597320270899218e-06,2.8650513286265777e-06,2.148261046386324e-06,1.6628297316856333e-06
1157,37912576,0.00013815999999999994,7.086096971406022,6.628423972898192,0.875,0.85625,0.06773162633180618,32.04056930541992,8.646853530080989e-06,0.0,-1.1566534042358398,1,0,0.9999674558639526,548.4142099346112,0.9999674558639526,1.4538196410285309e-05,1.616753024791251e-06,1.4206668765837094e-06,1.5371989547929843e-06,1.8457014903106028e-06,1.5311710512833088e-06,1.8316909518034663e-06,1.5588873338856502e-06,2.863428790078615e-06,2.147044369849027e-06,1.6619117104710313e-06
1158,37945344,0.00013801999999999996,7.00558980898303,6.673870475256047,0.84375,0.8484375,-0.04920494556427002,22.439632415771484,8.644656190881506e-06,0.0,-1.1576173305511475,1,0,0.9999674558639526,548.4316308416059,0.9999674558639526,1.4533053217746783e-05,1.6163520513146068e-06,1.42031456107361e-06,1.5368177628261037e-06,1.845199903982575e-06,1.5307913372453186e-06,1.8311967551198904e-06,1.5585007986373967e-06,2.8626313905988354e-06,2.146446604456287e-06,1.661496526139672e-06
1159,37978112,0.00013787999999999995,6.953810053006501,6.748312633873629,0.90625,0.8546875,0.053026456385850906,24.177940368652344,8.641140993859153e-06,0.0,-1.1581841707229614,1,0,0.9999674558639526,548.4325056887964,0.9999674558639526,1.452492051612353e-05,1.6156694755409262e-06,1.4197486279954319e-06,1.5361875966846128e-06,1.8443871567797032e-06,1.5301636722142575e-06,1.8303900333194179e-06,1.5578544889649493e-06,2.8613703761948273e-06,2.1455009573401185e-06,1.660791667745798e-06
1160,38010880,0.00013773999999999997,7.072543643716283,6.859322013449036,0.765625,0.85,-0.0048503875732421875,21.482181549072266,8.632129720353987e-06,0.0,-1.1604182720184326,1,0,0.9999675750732422,548.3962544752942,0.9999675750732422,1.4509665561490692e-05,1.61437742463022e-06,1.418657802787493e-06,1.5349825162047637e-06,1.8428752355248434e-06,1.528964844510483e-06,1.828889594435168e-06,1.5566293996016611e-06,2.8590220608748496e-06,2.143738129234407e-06,1.6594509588685469e-06
1161,38043648,0.00013759999999999996,7.09406849772655,6.960795423167338,0.8125,0.853125,-0.07210513204336166,17.70309829711914,8.629377589386422e-06,0.0,-1.1596211194992065,1,0,0.9999675750732422,548.4118923581699,0.9999675750732422,1.4503383681585547e-05,1.6138309320012922e-06,1.4182128325046506e-06,1.5344761550295516e-06,1.8422462062517297e-06,1.5284603023246746e-06,1.8282654536960763e-06,1.5561098507532733e-06,2.8580489015439525e-06,2.1430084871099098e-06,1.6588859352850704e-06
1162,38076416,0.00013745999999999995,7.312920876442086,6.94228534872456,0.8645833333333334,0.8505208333333334,0.2040836066007614,40.036781311035156,8.624679139757063e-06,0.0,-1.1603193283081055,1,0,0.9999675750732422,548.3858833805804,0.9999675750732422,1.4492529771814588e-05,1.6129155255839578e-06,1.417454313923372e-06,1.5336364640461397e-06,1.8411714108879096e-06,1.5276239082595566e-06,1.8271987300977344e-06,1.5552493550785584e-06,2.85636497210362e-06,2.1417458810901735e-06,1.657940288168902e-06
1163,38109184,0.00013731999999999994,6.8445162550696494,6.920726208572882,0.828125,0.8442708333333332,-0.017474748194217682,19.00113296508789,8.61825446918374e-06,0.0,-1.1594572067260742,1,0,0.9999675750732422,548.3601939611419,0.9999675750732422,1.4477763215836603e-05,1.6116576944114058e-06,1.416408395016333e-06,1.5324742435041117e-06,1.839697006289498e-06,1.5264690773619805e-06,1.8257354668094194e-06,1.5540617823717184e-06,2.854077592928661e-06,2.140030801456305e-06,1.65662208928552e-06
1164,38141952,0.00013717999999999993,6.1615641139692165,6.9093609738699255,0.859375,0.8505208333333334,0.04638124257326126,33.09285354614258,8.613269528723322e-06,0.0,-1.1594388484954834,1,0,0.9999675750732422,548.3508725493108,0.9999675750732422,1.4466293578152545e-05,1.6106804423543508e-06,1.4156061070025316e-06,1.5315902146539884e-06,1.8385464954917552e-06,1.5255915286616073e-06,1.8245937098981813e-06,1.5531564940829412e-06,2.8522927095764317e-06,2.1386924800026463e-06,1.6556033415326965e-06
1165,38174720,0.00013703999999999992,6.734777206361374,6.930630744079595,0.859375,0.8520833333333334,0.023626279085874557,19.160179138183594,8.609594260633457e-06,0.0,-1.159820556640625,1,0,0.9999675750732422,548.3541655118245,0.9999675750732422,1.4457812540058512e-05,1.6099739923447487e-06,1.4150176639304846e-06,1.5309329910451197e-06,1.837697936935001e-06,1.5249382840920589e-06,1.8237551557831466e-06,1.552485628053546e-06,2.850976443369291e-06,2.1377054508775473e-06,1.6548708572372561e-06
1166,38207488,0.0001368999999999999,6.502493362475675,6.876838078915638,0.859375,0.8473958333333333,0.0927606001496315,25.45402717590332,8.604114555055276e-06,0.0,-1.1608456373214722,1,0,0.9999675750732422,548.3389014150999,0.9999675750732422,1.4445242413785309e-05,1.6088949905679328e-06,1.4141085102892248e-06,1.5299260667234194e-06,1.8364505649515195e-06,1.523935225122841e-06,1.822518811422924e-06,1.5514571032326785e-06,2.8490412660175934e-06,2.1362563984439475e-06,1.6537553619855316e-06
1167,38240256,0.0001367599999999999,6.597561740967997,6.827984555871836,0.875,0.8473958333333333,-0.038050249218940735,18.635690689086914,8.596214684075676e-06,0.0,-1.1613562107086182,1,0,0.9999676942825317,548.3179768482775,0.9999676942825317,1.4432520401896909e-05,1.6078291764642927e-06,1.4132215255813207e-06,1.5289373322957545e-06,1.8351832977714366e-06,1.522951833976549e-06,1.821259388634644e-06,1.5504499515373027e-06,2.8470642519096145e-06,2.1347739220800577e-06,1.652647256378259e-06
1168,38273024,0.0001366199999999999,6.8869455778968955,6.816120132763222,0.84375,0.8473958333333333,0.06263308972120285,19.54004669189453,8.59205101733096e-06,0.0,-1.1627497673034668,1,0,0.9999676942825317,548.3187328810305,0.9999676942825317,1.4423027096199803e-05,1.607002900527732e-06,1.4125397456155042e-06,1.5281617606888176e-06,1.8342383327762946e-06,1.5221806961562834e-06,1.820321699597116e-06,1.5496591458941111e-06,2.8455986011977075e-06,2.133672751369886e-06,1.6517964240847505e-06
1169,38305792,0.00013647999999999989,7.106819076925495,6.831421035155122,0.90625,0.8473958333333333,0.02017618902027607,14.52177619934082,8.587330739828758e-06,0.0,-1.1642136573791504,1,0,0.9999676942825317,548.3054476704185,0.9999676942825317,1.4412219570658635e-05,1.6060637335613137e-06,1.4117587170403567e-06,1.5272759128492908e-06,1.8331662658965797e-06,1.5213013284665067e-06,1.8192596371591208e-06,1.5487579503314919e-06,2.8439355901355157e-06,2.1324258341337554e-06,1.6508311091456562e-06
1170,38338560,0.00013633999999999988,6.903665552684494,6.814533226051944,0.890625,0.8598958333333334,0.06387697905302048,20.3671875,8.5826841313974e-06,0.0,-1.1645361185073853,1,0,0.9999676942825317,548.2953965539634,0.9999676942825317,1.4401502994587645e-05,1.605172542440414e-06,1.4110103165876353e-06,1.5264517969626468e-06,1.8320984054298606e-06,1.5204803958113189e-06,1.8182016674472834e-06,1.5479191688427818e-06,2.842268031599815e-06,2.131177552655572e-06,1.6499008097525802e-06
1171,38371328,0.00013619999999999987,6.366345083933993,6.741760884672688,0.875,0.8661458333333334,0.036508992314338684,32.62864685058594,8.580116627854295e-06,0.0,-1.165177583694458,1,0,0.9999676942825317,548.3194673349376,0.9999676942825317,1.4395530342881102e-05,1.6046966493377113e-06,1.4105958143773023e-06,1.5260034160746727e-06,1.8315186025574803e-06,1.5200338339127484e-06,1.8176293679061928e-06,1.5474630572498427e-06,2.8413355721568223e-06,2.130476332240505e-06,1.6494053625137894e-06
1172,38404096,0.0001360599999999999,6.4223793503248645,6.652706732060965,0.796875,0.859375,-0.024764496833086014,25.399673461914062,8.576770596846472e-06,0.0,-1.1655960083007812,1,0,0.9999676942825317,548.3318001106784,0.9999676942825317,1.4387789633474313e-05,1.6040509080994525e-06,1.4100578482612036e-06,1.5254040590662044e-06,1.8307483742319164e-06,1.5194367506410345e-06,1.8168669839724316e-06,1.546850739941874e-06,2.8401327654137276e-06,2.1295745682436973e-06,1.6487384755237144e-06
1173,38436864,0.00013591999999999988,6.7719703009769,6.645452136651691,0.875,0.8640625,-0.10397162288427353,22.4093017578125,8.57338363857707e-06,0.0,-1.1660652160644531,1,0,0.9999676942825317,548.3364096708115,0.9999676942825317,1.4379915228346363e-05,1.6034190366553958e-06,1.4095119240664644e-06,1.5248091358444071e-06,1.829968141464633e-06,1.518845579084882e-06,1.8160942545364378e-06,1.5462476312677609e-06,2.8389035833242815e-06,2.1286548417265294e-06,1.6480751128256088e-06
1174,38469632,0.00013577999999999987,6.741534237430722,6.703449148997841,0.78125,0.85625,-9.41939651966095e-05,18.29022216796875,8.567502845835406e-06,0.0,-1.1675691604614258,1,0,0.9999676942825317,548.3085418474762,0.9999676942825317,1.4366400137078017e-05,1.602286488378013e-06,1.4085660495766206e-06,1.5237624211295042e-06,1.8286107206222368e-06,1.5178045487118652e-06,1.814747292883112e-06,1.5451772696906119e-06,2.8367978757160017e-06,2.1270739125611726e-06,1.6468873127450934e-06
1175,38502400,0.00013563999999999986,7.336885364658089,6.763659964827513,0.921875,0.8625,0.13481897115707397,36.742408752441406,8.56220049172407e-06,0.0,-1.1682424545288086,1,0,0.9999678134918213,548.3139039037534,0.9999678134918213,1.435959438822465e-05,1.6017382904465194e-06,1.4080959545026417e-06,1.5232526493491605e-06,1.8279292817169335e-06,1.517296595920925e-06,1.814072675188072e-06,1.5446544239239302e-06,2.835740815498866e-06,2.1262812879285775e-06,1.6463159226987045e-06
1176,38535168,0.00013549999999999988,7.065139928020778,6.8199246213820235,0.90625,0.8671875,0.09022584557533264,28.02169418334961,8.556736247555818e-06,0.0,-1.1676673889160156,1,0,0.9999678134918213,548.2875630672366,0.9999678134918213,1.434695968782762e-05,1.600704422344279e-06,1.407218178428593e-06,1.5222884712784435e-06,1.8266624692842015e-06,1.5163391253736336e-06,1.8128135934603051e-06,1.5436736475749058e-06,2.8337726689642295e-06,2.1248054054012755e-06,1.6452345334982965e-06
1177,38567936,0.00013535999999999987,6.425012242594436,6.802669671544668,0.75,0.8546875,0.005416342988610268,22.600126266479492,8.552029612474144e-06,0.0,-1.168101191520691,1,0,0.9999678134918213,548.2860390173254,0.9999678134918213,1.4336209460452665e-05,1.5997779883036856e-06,1.406456135555345e-06,1.521420472272439e-06,1.8255860823046532e-06,1.5154745369727607e-06,1.8117456193067483e-06,1.5427875723617035e-06,2.8321028366917744e-06,2.123553485944285e-06,1.6442744481537375e-06
1178,38600704,0.00013521999999999986,7.031839278893113,6.817159041644288,0.828125,0.853125,0.08147914707660675,29.1624755859375,8.547679499315564e-06,0.0,-1.1689794063568115,1,0,0.9999678134918213,548.2837307401146,0.9999678134918213,1.432624503650004e-05,1.5989329540389008e-06,1.4057507087272825e-06,1.52064001213148e-06,1.8245800674776547e-06,1.514700102234201e-06,1.810747221497877e-06,1.5419933561133803e-06,2.830542143783532e-06,2.122383421010454e-06,1.6433841665275395e-06
1179,38633472,0.00013507999999999985,7.105842892980597,6.8170614232497995,0.859375,0.8484375,-0.1373777985572815,20.57486343383789,8.543594958609901e-06,0.0,-1.1705377101898193,1,0,0.9999678134918213,548.2796491019387,0.9999678134918213,1.4316849046736024e-05,1.598137373548525e-06,1.4050939398657647e-06,1.5199137806121144e-06,1.823637376219267e-06,1.5139779634409933e-06,1.8098114651365904e-06,1.541246547276387e-06,2.8290796763030812e-06,2.121286570400116e-06,1.6425567537226016e-06
1180,38666240,0.00013493999999999984,6.9902834252967505,6.825723210511024,0.765625,0.8359375,-0.007221747189760208,20.024600982666016,8.538469955965411e-06,0.0,-1.1710920333862305,1,0,0.9999678134918213,548.2612301454936,0.9999678134918213,1.4305070180853363e-05,1.5971530729075312e-06,1.4042660723134759e-06,1.518984845461091e-06,1.8224585573989316e-06,1.5130571000554482e-06,1.8086450381815666e-06,1.5403002180391923e-06,2.8272427243791753e-06,2.1199093680479564e-06,1.6415248182966025e-06
1181,38699008,0.00013479999999999983,6.729078976460702,6.861996599763695,0.9375,0.8421875,0.03032941371202469,27.5404109954834,8.533610525773838e-06,0.0,-1.170546293258667,1,0,0.9999678134918213,548.2473976969818,0.9999678134918213,1.4293819731392432e-05,1.5962393717927625e-06,1.403481519446359e-06,1.5181274193309946e-06,1.8213464727523387e-06,1.5122031982173212e-06,1.8075448906529346e-06,1.5394277852465166e-06,2.8254771677893586e-06,2.118585598509526e-06,1.6405748510806006e-06
1182,38731776,0.00013465999999999985,6.83976153475845,6.903734818207053,0.734375,0.8359375,-0.031756363809108734,22.136125564575195,8.52659923111787e-06,0.0,-1.1703083515167236,1,0,0.9999679327011108,548.2416852133207,0.9999679327011108,1.4283165000961162e-05,1.595347725924512e-06,1.4027350516698789e-06,1.517305577181105e-06,1.8202805449618609e-06,1.5113844256120501e-06,1.806488626243663e-06,1.5385827509817318e-06,2.8238237064215355e-06,2.1173455024836585e-06,1.6396506907767616e-06
1183,38764544,0.00013451999999999984,6.869072939536974,6.9134450820630615,0.796875,0.828125,0.061879962682724,22.95438575744629,8.522440111846663e-06,0.0,-1.1713082790374756,1,0,0.9999679327011108,548.2376968378527,0.9999679327011108,1.4273592569225002e-05,1.594541572558228e-06,1.4020650951351854e-06,1.5165561535468441e-06,1.8193189816884114e-06,1.5106393220776226e-06,1.8055363852909068e-06,1.5378183206848917e-06,2.8223319077369524e-06,2.1162272787478287e-06,1.6388142967116437e-06
1184,38797312,0.00013437999999999986,6.904844428434274,6.929776101163417,0.78125,0.828125,-0.12108571827411652,24.84420394897461,8.51981167215854e-06,0.0,-1.1724002361297607,1,0,0.9999679327011108,548.2590146083105,0.9999679327011108,1.4267523511080071e-05,1.5940458979457617e-06,1.4016412706041592e-06,1.5160934481173172e-06,1.8187206478614826e-06,1.5101799135663896e-06,1.8049406662612455e-06,1.5373491351056146e-06,2.8213819405209506e-06,2.1155151443963405e-06,1.6382986132157384e-06
1185,38830080,0.00013423999999999985,6.679550852635044,6.864042649961112,0.8333333333333334,0.8192708333333334,-0.03817266225814819,17.48016929626465,8.51660570333479e-06,0.0,-1.173165202140808,1,0,0.9999679327011108,548.2594590457609,0.9999679327011108,1.4260068383009639e-05,1.59344870098721e-06,1.401117401655938e-06,1.5155269466049504e-06,1.818014766286069e-06,1.509615344730264e-06,1.80424535756174e-06,1.5367746755146072e-06,2.820195504682488e-06,2.114625431204331e-06,1.6376831126763136e-06
1186,38862848,0.00013409999999999984,7.6670073122425535,6.92422938838329,0.96875,0.8255208333333333,0.14024093747138977,29.83492660522461,8.510919542459305e-06,0.0,-1.1731584072113037,1,0,0.9999679327011108,548.2261972121745,0.9999679327011108,1.4247006220102776e-05,1.5923427554298542e-06,1.4001956287756911e-06,1.5144865983529598e-06,1.8167149846703978e-06,1.5085805671333219e-06,1.802955353014113e-06,1.5357153415607172e-06,2.8181607376609463e-06,2.113099299094756e-06,1.6365355577363516e-06
1187,38895616,0.00013395999999999984,6.8093029630301105,6.962658460426857,0.875,0.8380208333333334,-0.04031941294670105,24.281923294067383,8.507672646373976e-06,0.0,-1.173219084739685,1,0,0.9999679327011108,548.2375680551644,0.9999679327011108,1.4239507436286658e-05,1.591733962413855e-06,1.3996722145748208e-06,1.5139175957301632e-06,1.8159596493205754e-06,1.5080154298630077e-06,1.802205929379852e-06,1.5351397451013327e-06,2.8169836241431767e-06,2.1122186808497645e-06,1.6358927723558736e-06
1188,38928384,0.00013381999999999983,6.925434648362128,6.952017997373758,0.90625,0.8458333333333334,-0.04072297364473343,25.70155906677246,8.504677680321038e-06,0.0,-1.17441987991333,1,0,0.9999679327011108,548.2472180262375,0.9999679327011108,1.4232555258786306e-05,1.5911692798908916e-06,1.3991891592013417e-06,1.5133878150663804e-06,1.8152757093048422e-06,1.5074875818754663e-06,1.8015322211795137e-06,1.534599732622155e-06,2.815903826558497e-06,2.1114071842021076e-06,1.635309445191524e-06
1189,38961152,0.00013367999999999982,6.792760394475463,6.920709747523245,0.90625,0.8505208333333334,-0.03225945681333542,27.69192123413086,8.501219781464897e-06,0.0,-1.1747164726257324,1,0,0.9999679327011108,548.2520226794833,0.9999679327011108,1.4224522601580247e-05,1.590525926076225e-06,1.3986341400595848e-06,1.5127845927054295e-06,1.8144811519960058e-06,1.506888224866998e-06,1.8007455082624801e-06,1.5339866195063223e-06,2.8146525892225327e-06,2.110471086780308e-06,1.6346450593118789e-06
1190,38993920,0.0001335399999999998,6.95590900685983,6.917272305679553,0.90625,0.8645833333333334,-0.092422254383564,24.414413452148438,8.497690942022018e-06,0.0,-1.1743550300598145,1,0,0.9999679327011108,548.2523024252804,0.9999679327011108,1.4216345334716607e-05,1.5898573337835842e-06,1.3980634321342222e-06,1.5121585192900966e-06,1.8136784092348535e-06,1.5062646525620949e-06,1.7999489045905648e-06,1.5333489500335418e-06,2.813367245835252e-06,2.1095049760333495e-06,1.6339483863703208e-06
1191,39026688,0.0001333999999999998,6.9989786451159945,6.944262272545082,0.90625,0.8614583333333334,0.004816451109945774,27.119754791259766,8.495717338519171e-06,0.0,-1.1743767261505127,1,0,0.9999679327011108,548.2742962559801,0.9999679327011108,1.4211777852324303e-05,1.5894827356532915e-06,1.3977435173728736e-06,1.511811206000857e-06,1.8132253671865328e-06,1.505919954070123e-06,1.7995009784499416e-06,1.5329966345234425e-06,2.8126507913839305e-06,2.1089683741593035e-06,1.6335573036485584e-06
1192,39059456,0.0001332599999999998,7.12944736372057,6.973230855441294,0.9375,0.8817708333333334,0.040876030921936035,19.501245498657227,8.489962965541054e-06,0.0,-1.1742609739303589,1,0,0.9999680519104004,548.2763226238591,0.9999680519104004,1.420401440554997e-05,1.5888342659309274e-06,1.3971997532280511e-06,1.5112144637896563e-06,1.8124476355296792e-06,1.505325712969352e-06,1.798734274416347e-06,1.5323828392865835e-06,2.8114391170674935e-06,2.108059561578557e-06,1.6328846186297596e-06
1193,39092224,0.00013311999999999978,6.895505394676569,6.975874100955254,0.90625,0.8927083333333334,0.0662875771522522,25.91763687133789,8.487226295983419e-06,0.0,-1.1738553047180176,1,0,0.9999680519104004,548.2945335093989,0.9999680519104004,1.4197744349075947e-05,1.5882965271885041e-06,1.3967480754217831e-06,1.5107158333194093e-06,1.8118255411536666e-06,1.504829128862184e-06,1.798116841200681e-06,1.5318714758905116e-06,2.8104686862207018e-06,2.1073340121802175e-06,1.632330281609029e-06
1194,39124992,0.00013297999999999977,6.666863363565861,6.952075994468411,0.8125,0.8958333333333334,-0.010730207897722721,19.985172271728516,8.482738849124871e-06,0.0,-1.1746290922164917,1,0,0.9999680519104004,548.2879930660883,0.9999680519104004,1.418740430381149e-05,1.587443875905592e-06,1.3960250271338737e-06,1.5099209349500597e-06,1.810787239264755e-06,1.5040370726637775e-06,1.7970847920878441e-06,1.5310594108086661e-06,2.808855469993432e-06,2.1061223378637806e-06,1.6314339745804318e-06
1195,39157760,0.00013283999999999976,7.148596557339249,6.998980564938833,0.859375,0.8984375,0.02386058121919632,23.55611801147461,8.477139090246055e-06,0.0,-1.1746184825897217,1,0,0.9999680519104004,548.2704779166077,0.9999680519104004,1.4174583157000598e-05,1.5863572571106488e-06,1.3951226947028772e-06,1.5089132148204953e-06,1.809495984161913e-06,1.5030362874313141e-06,1.7958030866793706e-06,1.53003031755361e-06,2.806852762660128e-06,2.104620534737478e-06,1.630298584132106e-06
1196,39190528,0.00013269999999999976,7.213428956609684,6.953622729375546,0.921875,0.89375,0.0050788093358278275,24.152055740356445,8.472291483485606e-06,0.0,-1.1769484281539917,1,0,0.9999680519104004,548.2540892126016,0.9999680519104004,1.4163408195599914e-05,1.5854330968068098e-06,1.3943406429461902e-06,1.508055788690399e-06,1.8083763961840305e-06,1.5021821582195116e-06,1.7946939578905585e-06,1.529150722490158e-06,2.805105395964347e-06,2.1033101802458987e-06,1.6293316775772837e-06
1197,39223296,0.00013255999999999975,7.226866842908439,6.995379117363379,0.890625,0.8953125,-0.05050180107355118,19.37737464904785,8.467932275380008e-06,0.0,-1.176243782043457,1,0,0.9999680519104004,548.237753810782,0.9999680519104004,1.4153309166431427e-05,1.584626033945824e-06,1.3936412415205268e-06,1.507293745817151e-06,1.8073712908517336e-06,1.5014245491329348e-06,1.7936979475052794e-06,1.5283779930541641e-06,2.8035271952830954e-06,2.102127382386243e-06,1.6284928960885736e-06
1198,39256064,0.00013241999999999974,7.5127569287304885,7.054111345400214,0.90625,0.8953125,0.006722612306475639,14.939270973205566,8.464746315439697e-06,0.0,-1.17646062374115,1,0,0.9999680519104004,548.2385281304709,0.9999680519104004,1.4145981367619243e-05,1.5840096239116974e-06,1.3931231706010294e-06,1.50671746723674e-06,1.806638920243131e-06,1.5008503169156029e-06,1.7929710338648874e-06,1.5277893226084416e-06,2.802380549837835e-06,2.1012692741351202e-06,1.6278499970212579e-06
1199,39288832,0.00013227999999999973,7.244125073553059,7.099247813307974,0.859375,0.890625,-0.11621871590614319,23.698789596557617,8.457619514956605e-06,0.0,-1.1769908666610718,1,0,0.9999681711196899,548.2185356445387,0.9999681711196899,1.4135112905933056e-05,1.5830976280994946e-06,1.392355557072733e-06,1.5058715234772535e-06,1.8055420696327928e-06,1.5000092616901384e-06,1.7918823687068652e-06,1.5269272353179986e-06,2.8006791126244934e-06,2.0999914340791292e-06,1.62689434546337e-06
1200,39321600,0.00013213999999999972,7.513869348436952,7.155043847465687,0.921875,0.8921875,0.02027120068669319,22.018863677978516,8.449779670627322e-06,0.0,-1.1764601469039917,1,0,0.9999682903289795,548.1881303787569,0.9999682903289795,1.4122570973995607e-05,1.5820428416191135e-06,1.39146902711218e-06,1.5049012063172995e-06,1.8042908322968287e-06,1.4990426961958292e-06,1.7906425000546733e-06,1.5259345218510134e-06,2.798711648210883e-06,2.098518052662257e-06,1.625791696824308e-06
1201,39354368,0.0001319999999999997,7.668302977638158,7.221976280717904,0.9375,0.8953125,-0.020274579524993896,32.56425857543945,8.445375897281338e-06,0.0,-1.1760908365249634,1,0,0.9999682903289795,548.1737202002806,0.9999682903289795,1.4112472854321823e-05,1.5811891671546618e-06,1.3907578022553935e-06,1.504111992289836e-06,1.8032757225228124e-06,1.498259507570765e-06,1.7896368262881879e-06,1.5251257536874618e-06,2.7971318559139036e-06,2.0973338905605488e-06,1.6249019836322987e-06
1202,39387136,0.0001318599999999997,7.364368677785366,7.245468412124383,0.859375,0.8875,0.04358307272195816,14.503345489501953,8.43942689243704e-06,0.0,-1.1762354373931885,1,0,0.9999682903289795,548.1451015316833,0.9999682903289795,1.4098844985710457e-05,1.5800299024704145e-06,1.389792601003137e-06,1.5030366284918273e-06,1.801921257538197e-06,1.4971896007409669e-06,1.7882941847346956e-06,1.5240235597957508e-06,2.7950038656854304e-06,2.0957363631168846e-06,1.6237044064837391e-06
1203,39419904,0.00013171999999999972,7.169899485102724,7.2729078211669975,0.875,0.884375,-0.049977585673332214,25.204172134399414,8.435060408373829e-06,0.0,-1.1763312816619873,1,0,0.9999682903289795,548.1391805636092,0.9999682903289795,1.4088886018726043e-05,1.5791638361406513e-06,1.3890825130147277e-06,1.5022455954749603e-06,1.8009196764978697e-06,1.496401750955556e-06,1.7873019260150613e-06,1.5232142231980106e-06,2.7934502213611268e-06,2.0945713004039135e-06,1.6228034382947953e-06
1204,39452672,0.0001315799999999997,7.276383662232834,7.333859851033695,0.859375,0.8890625,0.037001777440309525,30.624801635742188,8.429879017057829e-06,0.0,-1.1770823001861572,1,0,0.9999682903289795,548.1169600891143,0.9999682903289795,1.4076999832468573e-05,1.5781686215632362e-06,1.3882440725865308e-06,1.5013259826446301e-06,1.7997228951571742e-06,1.4954871403460857e-06,1.7861159449239494e-06,1.5222744877974037e-06,2.7915782538912026e-06,2.093169541694806e-06,1.6217608163060504e-06
1205,39485440,0.0001314399999999997,7.208950661700361,7.339895261469806,0.8125,0.884375,-0.04480753839015961,20.030193328857422,8.425730811723042e-06,0.0,-1.177259922027588,1,0,0.9999682903289795,548.1131021853338,0.9999682903289795,1.4067524716665503e-05,1.5773455288581317e-06,1.3875730928702978e-06,1.5005730347183999e-06,1.7987688352150144e-06,1.494740104135417e-06,1.7851691609394038e-06,1.521502554169274e-06,2.7900982786377426e-06,2.0920597307849675e-06,1.6209135083045112e-06
1206,39518208,0.0001312999999999997,7.186455519069683,7.337197917715807,0.890625,0.88125,0.020472567528486252,26.88865852355957,8.421905477007385e-06,0.0,-1.1780208349227905,1,0,0.9999682903289795,548.1078700372233,0.9999682903289795,1.4058753549761605e-05,1.5766084970891825e-06,1.3869525901100133e-06,1.4998835240476183e-06,1.7978960613618256e-06,1.4940530945750652e-06,1.7843043451648555e-06,1.5207974684017245e-06,2.788725623759092e-06,2.0910306375299115e-06,1.6201501011892105e-06
1207,39550976,0.00013115999999999969,7.043396161268555,7.318850849551819,0.8854166666666666,0.8807291666666666,-0.07098248600959778,35.374481201171875,8.419559890171513e-06,0.0,-1.1778490543365479,1,0,0.9999682903289795,548.1179836273685,0.9999682903289795,1.4053337508812547e-05,1.5761756912979763e-06,1.3865716255168081e-06,1.4994716366345529e-06,1.7973766262002755e-06,1.4936427987777279e-06,1.7837905943451915e-06,1.5203797829599353e-06,2.787863877529162e-06,2.0903846689179773e-06,1.6197020613617497e-06
1208,39583744,0.0001310199999999997,6.470925639996405,7.214667720678411,0.859375,0.8760416666666668,0.04952508211135864,24.643136978149414,8.413076102442574e-06,0.0,-1.1783103942871094,1,0,0.999968409538269,548.1149231482312,0.999968409538269,1.4043800547369756e-05,1.5754093283248949e-06,1.3859029195373296e-06,1.498748360972968e-06,1.7964581502383226e-06,1.492922365287086e-06,1.7828826912591467e-06,1.5196465028566308e-06,2.7863547984452453e-06,2.0892530301352963e-06,1.6189114830922335e-06
1209,39616512,0.0001308799999999997,6.967025167765321,7.1869577300996355,0.921875,0.8822916666666666,0.06177666410803795,26.71019744873047,8.408932444581296e-06,0.0,-1.1787710189819336,1,0,0.999968409538269,548.1044072956294,0.999968409538269,1.4034214473213069e-05,1.5746433064123266e-06,1.385232963002636e-06,1.4980239484430058e-06,1.7955161411009612e-06,1.4921993169991765e-06,1.7819511413108557e-06,1.5189133364401641e-06,2.7848457193613285e-06,2.0881213913526153e-06,1.618114993107156e-06
1210,39649280,0.00013073999999999971,6.581929696384169,7.093763764894358,0.859375,0.8760416666666666,0.04593586176633835,26.808706283569336,8.405002517974935e-06,0.0,-1.1795340776443481,1,0,0.999968409538269,548.1009037103213,0.999968409538269,1.4025090422364883e-05,1.5739077525722678e-06,1.3845884723195923e-06,1.4973269344409346e-06,1.7946498473975225e-06,1.4915050314812106e-06,1.7810965573517024e-06,1.5182066590568866e-06,2.783388026728062e-06,2.0870324988209177e-06,1.6173592030099826e-06
1211,39682048,0.0001305999999999997,7.271139097274432,7.0540473768579846,0.9375,0.8760416666666666,0.012056823819875717,20.816869735717773,8.401002560276538e-06,0.0,-1.180208683013916,1,0,0.999968409538269,548.0966383634029,0.999968409538269,1.4015863598615397e-05,1.5731438907096162e-06,1.383938865728851e-06,1.4966144590289332e-06,1.7937362599695916e-06,1.4907968761690427e-06,1.7801879721446312e-06,1.51747997279017e-06,2.7819364731840324e-06,2.085944061036571e-06,1.616561917217041e-06
1212,39714816,0.0001304599999999997,7.327041987669562,7.050314707846404,0.9375,0.8838541666666666,-0.03727579861879349,22.85321044921875,8.39777658256935e-06,0.0,-1.1808314323425293,1,0,0.999968409538269,548.1013395270769,0.999968409538269,1.4008460311742965e-05,1.572536348248832e-06,1.3834190895067877e-06,1.4960494354454568e-06,1.7929888826984097e-06,1.4902338989486452e-06,1.779448098204739e-06,1.5169055131991627e-06,2.7807750484498683e-06,2.085072992485948e-06,1.6159252709257999e-06
1213,39747584,0.0001303199999999997,6.888967044233478,7.022221463759481,0.90625,0.8869791666666667,0.03764772415161133,20.326452255249023,8.394161341129802e-06,0.0,-1.1810945272445679,1,0,0.999968409538269,548.1021182538608,0.999968409538269,1.4000086594023742e-05,1.5718675285825157e-06,1.3828306464347406e-06,1.4954131302147289e-06,1.7921732933245949e-06,1.489600208515185e-06,1.7786437638278585e-06,1.5162620456976583e-06,2.779449232548359e-06,2.08407891477691e-06,1.6152318949025357e-06
1214,39780352,0.00013017999999999968,7.200343399174088,7.014617437453604,0.890625,0.8901041666666666,0.07379359006881714,26.4197998046875,8.38876349007478e-06,0.0,-1.1812164783477783,1,0,0.999968409538269,548.0770379947854,0.999968409538269,1.3987608326715417e-05,1.570842755427293e-06,1.3819527566738543e-06,1.4944537269911962e-06,1.7909396774484776e-06,1.4886459211993497e-06,1.77742617779586e-06,1.5152876358115464e-06,2.7774829050031258e-06,2.0826048512390116e-06,1.6141693777171895e-06
1215,39813120,0.00013003999999999967,7.163604466847053,7.010082817968275,0.921875,0.9010416666666666,-0.0022851862013339996,23.082765579223633,8.38336200104095e-06,0.0,-1.1809487342834473,1,0,0.999968409538269,548.0521232700929,0.999968409538269,1.3975208275951445e-05,1.5698212791903643e-06,1.3810804375680164e-06,1.4934976206859574e-06,1.78968662112311e-06,1.487695044488646e-06,1.7761841490937513e-06,1.5143139080464607e-06,2.775536813715007e-06,2.081145566990017e-06,1.6130999256347422e-06
1216,39845888,0.00012989999999999966,7.06871711910315,6.998308977971621,0.90625,0.9026041666666667,-0.07976962625980377,25.251556396484375,8.377427548111882e-06,0.0,-1.180783987045288,1,0,0.9999685287475586,548.0540802014187,0.9999685287475586,1.3967041923024226e-05,1.5691450698795961e-06,1.38050393161393e-06,1.492865635555063e-06,1.7888813772515277e-06,1.487065333094506e-06,1.7753851579982438e-06,1.513673055342224e-06,2.774243057501735e-06,2.0801753635169007e-06,1.612397227290785e-06
1217,39878656,0.00012975999999999965,7.121939176951173,7.006163279539882,0.90625,0.9046875,0.03743596374988556,29.71392250061035,8.376032383239362e-06,0.0,-1.180586338043213,1,0,0.9999685287475586,548.0915375838667,0.9999685287475586,1.3963845958642196e-05,1.568884613334376e-06,1.3802800822304562e-06,1.4926207541066105e-06,1.7885572560771834e-06,1.4868242033116985e-06,1.7750651295500575e-06,1.51342476328864e-06,2.77374033430533e-06,2.079798377963016e-06,1.612121991456661e-06
1218,39911424,0.00012961999999999964,6.746260628460034,7.033696778386246,0.859375,0.9046875,-0.08719304203987122,19.259124755859375,8.372719094040804e-06,0.0,-1.1806284189224243,1,0,0.9999685287475586,548.1059232903044,0.9999685287475586,1.3956190741737373e-05,1.5682652474424685e-06,1.379743139295897e-06,1.4920401554263663e-06,1.787784754014865e-06,1.4862459920550464e-06,1.774300017132191e-06,1.5128359791560797e-06,2.7725343443307793e-06,2.078894112855778e-06,1.6114671552713844e-06
1219,39944192,0.00012947999999999966,7.609549544783376,7.097949216088051,0.9375,0.90625,0.09622309356927872,25.24437713623047,8.366542715521064e-06,0.0,-1.1811823844909668,1,0,0.9999685287475586,548.0720480053495,0.9999685287475586,1.394210266880691e-05,1.5670692619096371e-06,1.378748720526346e-06,1.4909192032064311e-06,1.7863650327853975e-06,1.4851294736217824e-06,1.7728928014548728e-06,1.5116937674974906e-06,2.770330411294708e-06,2.0772413336089812e-06,1.6102243307614117e-06
1220,39976960,0.00012933999999999965,7.374888122532866,7.177245058702921,0.90625,0.9109375,0.058965492993593216,27.940427780151367,8.363597771676723e-06,0.0,-1.1816487312316895,1,0,0.9999685287475586,548.0757068457596,0.9999685287475586,1.3935256902186666e-05,1.5665193586755777e-06,1.378270098939538e-06,1.4904017007211223e-06,1.7856939393823268e-06,1.4846139038127149e-06,1.7722267102726619e-06,1.5111691027414054e-06,2.769252660073107e-06,2.0764334749401314e-06,1.6096593071779353e-06
1221,40009728,0.00012919999999999964,7.102861331516061,7.160417282127085,0.84375,0.9015625,0.1471005231142044,25.982675552368164,8.354392775800079e-06,0.0,-1.1821768283843994,1,0,0.9999686479568481,548.0367287976801,0.9999686479568481,1.3919665434514172e-05,1.5652142337785335e-06,1.3771665408057743e-06,1.4891915043335757e-06,1.784117898750992e-06,1.4834112107564579e-06,1.7706660173644195e-06,1.5099361689863144e-06,2.7667924769048113e-06,2.0745887923112605e-06,1.608283128007315e-06
1222,40042496,0.00012905999999999964,7.059144704486217,7.133627553808751,0.875,0.8953125,-0.033774711191654205,20.14523696899414,8.350106327270623e-06,0.0,-1.1821333169937134,1,0,0.9999686479568481,548.0357419623053,0.9999686479568481,1.3909819244872779e-05,1.5643876167814597e-06,1.3764733921561856e-06,1.4884262782288715e-06,1.7831295053838403e-06,1.482650304751587e-06,1.7696886516205268e-06,1.509155936219031e-06,2.765246563285473e-06,2.0734298686875263e-06,1.6074245650088415e-06
1223,40075264,0.00012891999999999963,6.833855062435751,7.1281163556289755,0.828125,0.8875,-0.08905026316642761,15.80783462524414,8.345415153598879e-06,0.0,-1.1831080913543701,1,0,0.9999686479568481,548.0339325764855,0.9999686479568481,1.3899091754865367e-05,1.5634778947060113e-06,1.3757149872617447e-06,1.4875818123982754e-06,1.7820500488596736e-06,1.4818106137681752e-06,1.7686205637801322e-06,1.508292598373373e-06,2.763561951724114e-06,2.0721665805467637e-06,1.6064788042058353e-06
1224,40108032,0.00012877999999999964,7.465787449099464,7.154660760621515,0.828125,0.88125,0.13037192821502686,27.071636199951172,8.336870450875722e-06,0.0,-1.1852900981903076,1,0,0.9999687671661377,548.0098734092938,0.9999687671661377,1.3885129192203749e-05,1.5622542832716135e-06,1.374726139147242e-06,1.4864504009892698e-06,1.7806403320719255e-06,1.4806890931140515e-06,1.7672213061814546e-06,1.5071309462655336e-06,2.761378254945157e-06,2.0705294900835725e-06,1.6052140381361824e-06
1225,40140800,0.00012863999999999964,7.70063622918599,7.208363936855408,0.921875,0.88125,6.968528032302856e-05,28.06035041809082,8.329183401656337e-06,0.0,-1.1858835220336914,1,0,0.9999687671661377,547.9521343544342,0.9999687671661377,1.3867594134353567e-05,1.5607547538820654e-06,1.373481381961028e-06,1.485061829953338e-06,1.778868181645521e-06,1.4793088212172734e-06,1.7654660950938705e-06,1.5057144082675222e-06,2.7586252144828904e-06,2.068464937110548e-06,1.6036593706303393e-06
1226,40173568,0.00012849999999999963,7.502026913197902,7.251694916264884,0.859375,0.8765625,0.0035554692149162292,23.152976989746094,8.32518890092615e-06,0.0,-1.186389446258545,1,0,0.9999687671661377,547.9494935893888,0.9999687671661377,1.385851101076696e-05,1.5599719063175144e-06,1.3728343901675544e-06,1.4843424196442356e-06,1.7779491372493794e-06,1.478595095250057e-06,1.7645521666054265e-06,1.504976580690709e-06,2.7571970804274315e-06,2.0673940070992103e-06,1.602843099135498e-06
1227,40206336,0.00012835999999999965,7.283698850263139,7.26787088359608,0.796875,0.865625,0.1480964720249176,30.94064712524414,8.321265340782702e-06,0.0,-1.1870536804199219,1,0,0.9999687671661377,547.9525826977102,0.9999687671661377,1.384957977279555e-05,1.5592000863762223e-06,1.3721955838263966e-06,1.4836178934274358e-06,1.7770522617865936e-06,1.4778761396883056e-06,1.7636619986660662e-06,1.5042404584164615e-06,2.7557955490919994e-06,2.066343313344987e-06,1.6020467228372581e-06
1228,40239104,0.00012821999999999964,7.422529670058814,7.3354977877559575,0.84375,0.8640625,0.09022201597690582,29.798742294311523,8.315643754031043e-06,0.0,-1.1861572265625,1,0,0.9999687671661377,547.9215502802002,0.9999687671661377,1.3836722246196587e-05,1.5581193792968406e-06,1.3712850659430842e-06,1.4826138112766785e-06,1.7757529349182732e-06,1.4768785376872984e-06,1.7623742678551935e-06,1.5032179589979933e-06,2.7537755613593617e-06,2.0648285499191843e-06,1.600919631528086e-06
1229,40271872,0.00012807999999999963,7.163510312636718,7.2908938645412915,0.875,0.8578125,-0.012940898537635803,17.73357391357422,8.310077646456193e-06,0.0,-1.186906099319458,1,0,0.9999687671661377,547.9030045625846,0.9999687671661377,1.3824072084389627e-05,1.5570216191918007e-06,1.3703804597753333e-06,1.481601657360443e-06,1.7744732758728787e-06,1.4758747965970542e-06,1.7611073417356238e-06,1.5021831814010511e-06,2.751793545030523e-06,2.0633424355764873e-06,1.5997841273929225e-06
1230,40304640,0.00012793999999999965,7.633517299323539,7.316756782220359,0.8645833333333334,0.8536458333333334,-0.04390354081988335,31.130756378173828,8.302404239657335e-06,0.0,-1.1863157749176025,1,0,0.9999688863754272,547.859819654919,0.9999688863754272,1.3811871212965343e-05,1.556025836180197e-06,1.3695182587980526e-06,1.4806653325649677e-06,1.773304347807425e-06,1.4749419960935484e-06,1.759949100232916e-06,1.5012310541351326e-06,2.7498474537424045e-06,2.0618908820324577e-06,1.5987577626219718e-06
1231,40337408,0.00012779999999999964,7.406110445014681,7.347081693570222,0.921875,0.8614583333333332,0.0753086507320404,22.67489242553711,8.297505701193586e-06,0.0,-1.1863300800323486,1,0,0.9999688863754272,547.8478401760384,0.9999688863754272,1.3800719898426905e-05,1.555062908664695e-06,1.36872051825776e-06,1.4797760741203092e-06,1.7721766880640644e-06,1.4740560345671838e-06,1.7588299670023844e-06,1.5003221278675483e-06,2.74809076472593e-06,2.0605739337042905e-06,1.5977610701156664e-06
1232,40370176,0.00012765999999999966,7.366239474891078,7.377791170610706,0.9375,0.8677083333333334,-0.059672415256500244,19.58456039428711,8.293531209346838e-06,0.0,-1.1870999336242676,1,0,0.9999688863754272,547.8458904923489,0.9999688863754272,1.379166769766016e-05,1.5542995015493943e-06,1.3680758002010407e-06,1.4790718978474615e-06,1.7712524140733876e-06,1.4733548141521169e-06,1.7579127415956464e-06,1.4996040818004985e-06,2.746654899965506e-06,2.0594970919773914e-06,1.5969492324074963e-06
1233,40402944,0.00012751999999999965,7.249591704801895,7.419364834847322,0.921875,0.8770833333333334,-0.013408536091446877,20.99448013305664,8.289421202789526e-06,0.0,-1.18739652633667,1,0,0.9999688863754272,547.8359524459956,0.9999688863754272,1.3782201676804107e-05,1.5535289321633172e-06,1.3674053889189963e-06,1.4783428241571528e-06,1.7703287085168995e-06,1.4726284689459135e-06,1.7569992678545532e-06,1.49886352573958e-06,2.745146730376291e-06,2.0583661353157368e-06,1.5961496728778002e-06
1234,40435712,0.00012737999999999964,7.101247263208573,7.382910816258234,0.921875,0.8864583333333333,-0.02351554110646248,18.97296142578125,8.287218406621832e-06,0.0,-1.1883211135864258,1,0,0.9999688863754272,547.8608819538309,0.9999688863754272,1.3777154890703969e-05,1.5531127246504184e-06,1.3670507996721426e-06,1.4779581078983028e-06,1.7698189367365558e-06,1.4722465948580066e-06,1.7564916561241262e-06,1.498471874583629e-06,2.744356152106775e-06,2.0577733721438562e-06,1.5957143659761641e-06
1235,40468480,0.00012723999999999963,7.264137274867597,7.339260920826393,0.84375,0.8786458333333333,0.09144587069749832,26.757112503051758,8.283649549412075e-06,0.0,-1.1890125274658203,1,0,0.9999688863754272,547.8686884225111,0.9999688863754272,1.3768958524451591e-05,1.5524300351899e-06,1.3664694051840343e-06,1.477326691201597e-06,1.7689922060526442e-06,1.4716190435137833e-06,1.7556709508426138e-06,1.4978274975874228e-06,2.74306353276188e-06,2.056804305539117e-06,1.5950007536957855e-06
1236,40501248,0.00012709999999999962,7.1318100756184,7.302239237068444,0.890625,0.8817708333333334,0.013865826651453972,18.325197219848633,8.28065640234854e-06,0.0,-1.189526081085205,1,0,0.9999688863754272,547.8799769300027,0.9999688863754272,1.3762119124294259e-05,1.5518540976700024e-06,1.3659833939527743e-06,1.4767914535696036e-06,1.76829883002938e-06,1.4710873301737593e-06,1.7549846234032884e-06,1.4972862345530302e-06,2.7419860089139547e-06,2.0559964468702674e-06,1.5944033293635584e-06
1237,40534016,0.0001269599999999996,7.478370195486606,7.32170637159079,0.96875,0.8989583333333334,-0.005340510979294777,22.5439395904541,8.278829227492679e-06,0.0,-1.1896555423736572,1,0,0.9999688863754272,547.9070182364637,0.9999688863754272,1.3757998203800526e-05,1.551488708173565e-06,1.3656864439326455e-06,1.4764534626010573e-06,1.7678823951428058e-06,1.4707519540024805e-06,1.7545713717481703e-06,1.4969377843954135e-06,2.741340267675696e-06,2.0555121409415733e-06,1.5940261164359981e-06
1238,40566784,0.0001268199999999996,7.141467952639863,7.293600199848894,0.828125,0.8973958333333334,0.059154435992240906,24.322662353515625,8.27618259791052e-06,0.0,-1.190588116645813,1,0,0.9999688863754272,547.9271688961679,0.9999688863754272,1.3751911865256261e-05,1.550987235532375e-06,1.3652592087964877e-06,1.475985982324346e-06,1.7672721241979161e-06,1.4702878843309009e-06,1.7539673535793554e-06,1.4964624597268994e-06,2.740383479249431e-06,2.05479477699555e-06,1.5935094097585534e-06
1239,40599552,0.00012667999999999962,7.23714065793186,7.300963234378409,0.90625,0.9005208333333334,-0.08651559054851532,17.67797088623047,8.272644663520623e-06,0.0,-1.1917569637298584,1,0,0.9999688863754272,547.9299685763282,0.9999688863754272,1.3743783711106516e-05,1.550318756926572e-06,1.3646839533976163e-06,1.475364001635171e-06,1.766456648510939e-06,1.4696681773784803e-06,1.7531596085973433e-06,1.4958303609091672e-06,2.7390979084884748e-06,2.0538307126116706e-06,1.5928073935356224e-06
1240,40632320,0.0001265399999999996,6.824986321836912,7.2201101366297475,0.875,0.9015625,-0.08491085469722748,19.579814910888672,8.269453246612102e-06,0.0,-1.1932024955749512,1,0,0.9999688863754272,547.9401435627719,0.9999688863754272,1.3736444088863209e-05,1.54972008203913e-06,1.3641686109622242e-06,1.474804093959392e-06,1.7657307580520865e-06,1.4691117939946707e-06,1.7524441773275612e-06,1.4952585161154275e-06,2.7379358016332844e-06,2.0529591893136967e-06,1.59218927819893e-06
1241,40665088,0.0001263999999999996,7.084039200694745,7.187903012197753,0.84375,0.89375,-0.05427994579076767,22.00733184814453,8.262370101874694e-06,0.0,-1.1928586959838867,1,0,0.9999690055847168,547.9251921933611,0.9999690055847168,1.372568203805713e-05,1.5488308235944714e-06,1.3634065680889762e-06,1.4739704283783794e-06,1.7646501646595425e-06,1.4682829032608424e-06,1.7513735883767367e-06,1.4944120039217523e-06,2.7362341370462673e-06,2.0516833956207847e-06,1.5912620483504725e-06
1242,40697856,0.0001262599999999996,6.995947369789434,7.150873801687588,0.859375,0.8859375,-0.05562150850892067,25.13255500793457,8.258758498413954e-06,0.0,-1.1924126148223877,1,0,0.9999690055847168,547.9279550908851,0.9999690055847168,1.3717360161535908e-05,1.5481529089811374e-06,1.3628215356220608e-06,1.4733366242580814e-06,1.7638138842812623e-06,1.4676516002509743e-06,1.750548562995391e-06,1.4937692185412743e-06,2.734921736191609e-06,2.0506993223534664e-06,1.590554916219844e-06
1243,40730624,0.0001261199999999996,6.777705985051237,7.103685229712523,0.796875,0.8734375,0.027715278789401054,16.774005889892578,8.252599400293548e-06,0.0,-1.1923935413360596,1,0,0.9999691247940063,547.9307956552694,0.9999691247940063,1.3708729966310784e-05,1.5474195151909953e-06,1.3622071719510132e-06,1.4726653034813353e-06,1.7629430431043147e-06,1.466985622755601e-06,1.7496876125733252e-06,1.493082891101949e-06,2.7335534014127916e-06,2.049673184956191e-06,1.5897893490546267e-06
1244,40763392,0.0001259799999999996,7.469828431347319,7.140543346526397,0.890625,0.8703125,-0.07478266209363937,29.07583236694336,8.249834536400158e-06,0.0,-1.19279944896698,1,0,0.9999691247940063,547.9385827666448,0.9999691247940063,1.3702403521165252e-05,1.5468957599296118e-06,1.3617577678814996e-06,1.4721795196237508e-06,1.762317651810008e-06,1.4664988157164771e-06,1.7490702930444968e-06,1.4925875575499958e-06,2.7325472728989553e-06,2.0489187591010705e-06,1.5892450164756156e-06
1245,40796160,0.0001258399999999996,7.441877854837263,7.1583174045233635,0.90625,0.8765625,0.041594699025154114,14.15612506866455,8.246795005106833e-06,0.0,-1.1938637495040894,1,0,0.9999691247940063,547.9400690525019,0.9999691247940063,1.3695349480258301e-05,1.5463352838196442e-06,1.3612656175610027e-06,1.471646100981161e-06,1.7616221157368273e-06,1.4659702856079093e-06,1.7483797591921757e-06,1.4920494777470594e-06,2.7314372346154414e-06,2.0480867988226237e-06,1.5886648725427222e-06
1246,40828928,0.00012569999999999959,7.239979202459888,7.169134317207512,0.90625,0.878125,0.03134416043758392,25.20087432861328,8.240869647124782e-06,0.0,-1.193945288658142,1,0,0.9999691247940063,547.9006747875628,0.9999691247940063,1.3681772543350235e-05,1.545222175991512e-06,1.3603040542875533e-06,1.4706023421240388e-06,1.7602650359549443e-06,1.4649305057901074e-06,1.7470365492044948e-06,1.4909883248037659e-06,2.7292812774248887e-06,2.046469944616547e-06,1.5874940118010272e-06
1247,40861696,0.00012555999999999958,6.653909971242339,7.086688294783087,0.78125,0.859375,-0.029680391773581505,26.65229034423828,8.238042937591672e-06,0.0,-1.1943092346191406,1,0,0.9999691247940063,547.9194505834076,0.9999691247940063,1.3675276932190172e-05,1.5446946690644836e-06,1.3598474879472633e-06,1.4701087138746516e-06,1.7596071302250493e-06,1.4644386965301237e-06,1.746386715240078e-06,1.4904865111020627e-06,2.728256049522315e-06,2.0457011942198733e-06,1.5869430853854283e-06
1248,40894464,0.00012541999999999957,7.0955712910674436,7.082098628625845,0.78125,0.8546875,0.06469332426786423,22.544620513916016,8.231446372519713e-06,0.0,-1.1929394006729126,1,0,0.9999692440032959,547.915063565512,0.9999692440032959,1.3665617188962642e-05,1.5438878335771733e-06,1.359164343739394e-06,1.4693574712509871e-06,1.7586377225597971e-06,1.4636918876931304e-06,1.74542458353244e-06,1.4897178743922268e-06,2.726731963775819e-06,2.0445584141270956e-06,1.5861036217756919e-06
1249,40927232,0.00012527999999999956,7.154496967698105,7.073834259602469,0.78125,0.8421875,0.0355391800403595,25.416566848754883,8.224275916290935e-06,0.0,-1.192521333694458,1,0,0.9999693632125854,547.896000631095,0.9999693632125854,1.3654597751155961e-05,1.5429959603352472e-06,1.3583883173851063e-06,1.4685172118333867e-06,1.7575497395228012e-06,1.4628534472649335e-06,1.7443499018554576e-06,1.4888644273014506e-06,2.7249852792010643e-06,2.043248969130218e-06,1.585179802532366e-06
1250,40960000,0.00012513999999999955,7.101368887401299,7.101472516158907,0.8125,0.8359375,0.0358550027012825,21.288787841796875,8.21916364657227e-06,0.0,-1.1927903890609741,1,0,0.9999693632125854,547.8733602796161,0.9999693632125854,1.3642805242852774e-05,1.5420487216033507e-06,1.357559426651278e-06,1.4676185173811973e-06,1.7563685332788737e-06,1.4619607782151434e-06,1.7431807464163285e-06,1.4879532272971119e-06,2.723119905567728e-06,2.0418503936525667e-06,1.584191522852052e-06
1251,40992768,0.00012499999999999954,7.060229352209706,7.099091531310404,0.828125,0.834375,0.050649493932724,23.303722381591797,8.216159585572314e-06,0.0,-1.1933178901672363,1,0,0.9999693632125854,547.8780113472884,0.9999693632125854,1.3635859431815334e-05,1.5414930203405675e-06,1.3570727332989918e-06,1.467092261009384e-06,1.7556819784658728e-06,1.4614366818932467e-06,1.742502604429319e-06,1.4874196949676843e-06,2.7220244191994425e-06,2.041028665189515e-06,1.5836188822504482e-06
1252,41025536,0.00012485999999999953,6.866311900123916,7.086127984343852,0.796875,0.828125,-0.04928330332040787,15.167795181274414,8.212616194214206e-06,0.0,-1.1939032077789307,1,0,0.9999693632125854,547.8762572420576,0.9999693632125854,1.3627656699100044e-05,1.540841822134098e-06,1.356502139060467e-06,1.4664753962279065e-06,1.7548616142448736e-06,1.460820726606471e-06,1.7416934952052543e-06,1.4867943036733777e-06,2.720737029449083e-06,2.0400634639372583e-06,1.5829469930395135e-06
1253,41058304,0.00012471999999999955,6.729890202146111,7.081346406053339,0.8333333333333334,0.8317708333333333,-0.026023469865322113,27.9906063079834,8.209560292016249e-06,0.0,-1.1933835744857788,1,0,0.9999693632125854,547.87850970314,0.9999693632125854,1.362062721455004e-05,1.5402717963297619e-06,1.3560003253587638e-06,1.465932882638299e-06,1.7541956367495004e-06,1.4602802593799424e-06,1.7410359305358725e-06,1.4862442867524805e-06,2.7196060727874283e-06,2.0392192254803376e-06,1.5823613921384094e-06
1254,41091072,0.00012457999999999954,6.544873555923909,6.988850918510998,0.875,0.8302083333333332,-0.06604859977960587,20.32138442993164,8.206418897316325e-06,0.0,-1.1938313245773315,1,0,0.9999693632125854,547.8912503274281,0.9999693632125854,1.3613393093692139e-05,1.5396828985103639e-06,1.3554935094362008e-06,1.465380705667485e-06,1.753466449372354e-06,1.459729105590668e-06,1.7403203855792526e-06,1.4856832422083244e-06,2.718467612794484e-06,2.0383674836921273e-06,1.5817504390724935e-06
1255,41123840,0.00012443999999999956,6.99862283615821,6.944525416643093,0.90625,0.8302083333333334,0.03373594582080841,26.788259506225586,8.202945537050255e-06,0.0,-1.193900227546692,1,0,0.9999693632125854,547.8934561563482,0.9999693632125854,1.3605397725768853e-05,1.5390397720693727e-06,1.3549287132263999e-06,1.4647687294200296e-06,1.7526873534734477e-06,1.45912224525091e-06,1.73955208992993e-06,1.4850641036900925e-06,2.7171952297067037e-06,2.037415242739371e-06,1.5810852573849843e-06
1256,41156608,0.00012429999999999955,6.92891388122829,6.913418884519933,0.90625,0.8302083333333334,-0.06827172636985779,26.155237197875977,8.200166121241637e-06,0.0,-1.1943953037261963,1,0,0.9999693632125854,547.9118415884105,0.9999693632125854,1.3599042176792864e-05,1.5385070355478092e-06,1.3544764669859433e-06,1.464275669604831e-06,1.7520455912745092e-06,1.4586296401830623e-06,1.7389118056598818e-06,1.4845586520095821e-06,2.7161845537193585e-06,2.036659680015873e-06,1.580527509759122e-06
1257,41189376,0.00012415999999999954,7.238234922676471,6.971851379663346,0.953125,0.8473958333333333,-0.022030502557754517,27.615707397460938,8.196040653274395e-06,0.0,-1.1952755451202393,1,0,0.9999693632125854,547.8982303458156,0.9999693632125854,1.3589526133728214e-05,1.5377399904537015e-06,1.3538049188355217e-06,1.4635484149039257e-06,1.751105173752876e-06,1.4579063645214774e-06,1.737983438943047e-06,1.4838225297353347e-06,2.7146722914039856e-06,2.0355275864858413e-06,1.5797332935107988e-06
1258,41222144,0.00012401999999999953,7.194672059142751,6.981761456470876,0.90625,0.8598958333333334,-0.031632911413908005,21.31011199951172,8.19309389044065e-06,0.0,-1.196070671081543,1,0,0.9999693632125854,547.9065587074331,0.9999693632125854,1.358278859697748e-05,1.5371813333331374e-06,1.3533273204302532e-06,1.4630320492869942e-06,1.7504172546978225e-06,1.4573920452676248e-06,1.7373007494825288e-06,1.4832962733635213e-06,2.713605908866157e-06,2.0347279132693075e-06,1.579139848217892e-06
1259,41254912,0.00012387999999999953,7.330299894889775,6.999341749190043,0.890625,0.8708333333333333,0.0798829048871994,22.016069412231445,8.185801561921835e-06,0.0,-1.1956552267074585,1,0,0.999969482421875,547.8871586242761,0.999969482421875,1.3571525414590724e-05,1.5362655858552898e-06,1.3525287840820965e-06,1.4621703030570643e-06,1.7492993720225058e-06,1.4565307537850458e-06,1.7361977597829537e-06,1.482422476328793e-06,2.711813522182638e-06,2.033382088484359e-06,1.5781839692863286e-06
1260,41287680,0.00012373999999999952,7.038700870974965,6.993074947547411,0.890625,0.8786458333333333,-0.002916775643825531,19.423770904541016,8.1831676652655e-06,0.0,-1.1960620880126953,1,0,0.999969482421875,547.8989365352841,0.999969482421875,1.3565482731792144e-05,1.535766045890341e-06,1.3520980246539693e-06,1.4617031638408662e-06,1.7486939896116382e-06,1.4560669114871416e-06,1.735598516461323e-06,1.4819489706496825e-06,2.7108490030514076e-06,2.032658812822774e-06,1.5776632835695636e-06
1261,41320448,0.00012359999999999953,7.509190827249892,7.03797109505143,0.953125,0.8911458333333334,0.06087299808859825,17.803855895996094,8.178434654837474e-06,0.0,-1.197091817855835,1,0,0.999969482421875,547.887738304245,0.999969482421875,1.3554736142395996e-05,1.5348449551311205e-06,1.351327114207379e-06,1.460846078771283e-06,1.7476069160693442e-06,1.4552117590937996e-06,1.7345196283713449e-06,1.4810728998781997e-06,2.709158479774487e-06,2.0313893855927745e-06,1.576708314132702e-06
1262,41353216,0.00012345999999999953,7.215259980759576,7.072865903114996,0.921875,0.9036458333333334,-0.026825185865163803,23.434463500976562,8.173857168003451e-06,0.0,-1.1968975067138672,1,0,0.999969482421875,547.8676906689625,0.999969482421875,1.3544205103244167e-05,1.5339962828875287e-06,1.3505824654203025e-06,1.4600410622733762e-06,1.7465756627643714e-06,1.4544100395141868e-06,1.733501107992197e-06,1.480256855757034e-06,2.70747977992869e-06,2.0301326912885997e-06,1.5758317886138684e-06
1263,41385984,0.00012331999999999952,7.269196698369605,7.126796552737344,0.875,0.9078125,0.08687210083007812,35.291683197021484,8.171430636139121e-06,0.0,-1.1972423791885376,1,0,0.999969482421875,547.8801521681856,0.999969482421875,1.3538612620322965e-05,1.5335458556364756e-06,1.3501859257303295e-06,1.4596122355214902e-06,1.7460343997299788e-06,1.453982804378029e-06,1.7329672346022562e-06,1.4798221172895865e-06,2.706586656131549e-06,2.0294610294513404e-06,1.5753689694975037e-06
1264,41418752,0.0001231799999999995,7.439533315996305,7.2162625287445845,0.96875,0.9171875,-0.0690918043255806,23.297531127929688,8.168047315848526e-06,0.0,-1.197188138961792,1,0,0.999969482421875,547.8774132673146,0.999969482421875,1.3530841897591017e-05,1.5329097777794232e-06,1.3496348856278928e-06,1.459013674320886e-06,1.7452636029702262e-06,1.4533893590851221e-06,1.7322021221843897e-06,1.4792167348787189e-06,2.705347924347734e-06,2.0285340269765584e-06,1.5747140196253895e-06
1265,41451520,0.0001230399999999995,6.696377608206158,7.18603800594938,0.8125,0.9078125,0.020991936326026917,27.16866683959961,8.163019629137125e-06,0.0,-1.1973872184753418,1,0,0.999969482421875,547.8607079102279,0.999969482421875,1.3519271305995062e-05,1.531972998236597e-06,1.3488190688804025e-06,1.4581291907234117e-06,1.744107180456922e-06,1.4525066944770515e-06,1.7310592284047743e-06,1.4783169035581523e-06,2.7035166567657143e-06,2.027159098361153e-06,1.5737383591840626e-06
1266,41484288,0.0001228999999999995,6.991938194630281,7.192340437289578,0.828125,0.9,-0.0021022334694862366,30.40332794189453,8.159971002896782e-06,0.0,-1.1976361274719238,1,0,0.999969482421875,547.8729025778918,0.999969482421875,1.351229911961127e-05,1.5313974017772125e-06,1.3483252132573398e-06,1.457592475162528e-06,1.7433987977710785e-06,1.4519735032081371e-06,1.7303561890003039e-06,1.4777700698687113e-06,2.7024134396924637e-06,2.0263316855562152e-06,1.5731305893496028e-06
1267,41517056,0.00012275999999999948,6.66463698328817,7.134980643350748,0.796875,0.884375,0.029929757118225098,22.83148765563965,8.155483556038234e-06,0.0,-1.1986773014068604,1,0,0.999969482421875,547.8666415012558,0.999969482421875,1.3502032743417658e-05,1.5305594160963665e-06,1.3475975038090837e-06,1.456803033761389e-06,1.7423665212845663e-06,1.451188609280507e-06,1.7293333485213225e-06,1.4769669860470458e-06,2.7007852168026147e-06,2.025110688919085e-06,1.5722515627203393e-06
1268,41549824,0.00012261999999999947,7.1615890270842355,7.131672340144897,0.84375,0.878125,-0.11611053347587585,22.23410415649414,8.149440873239655e-06,0.0,-1.200178861618042,1,0,0.9999696016311646,547.8621887549219,0.9999696016311646,1.3493602637026925e-05,1.5298794551199535e-06,1.347001557405747e-06,1.456157406209968e-06,1.7415476349924575e-06,1.4505453691526782e-06,1.7285223066210165e-06,1.4763123772354447e-06,2.6994359814125346e-06,2.024106834142003e-06,1.5715546624051058e-06
1269,41582592,0.0001224799999999995,7.100857122134238,7.108728062869344,0.859375,0.875,-0.0665992870926857,20.220884323120117,8.144371349771973e-06,0.0,-1.2019047737121582,1,0,0.9999696016311646,547.8360876281229,0.9999696016311646,1.3481935638992582e-05,1.5289372186089167e-06,1.3461719845508924e-06,1.4552618949892349e-06,1.7404071286364342e-06,1.4496532685370767e-06,1.7273999901590287e-06,1.4754043604625622e-06,2.6975676519214176e-06,2.0227100776537554e-06,1.5705838904978009e-06
1270,41615360,0.00012233999999999948,7.336303541629942,7.13848832993484,0.8125,0.8671875,0.03997182101011276,26.380165100097656,8.142232218233403e-06,0.0,-1.2018711566925049,1,0,0.9999696016311646,547.8568396884905,0.9999696016311646,1.3477012544171885e-05,1.5285406789189437e-06,1.3458228522722493e-06,1.4548845683748368e-06,1.7399258922523586e-06,1.4492773061647313e-06,1.726924097056326e-06,1.475021804253629e-06,2.696780484257033e-06,2.022119815592305e-06,1.570175072629354e-06
1271,41648128,0.0001221999999999995,7.174258662439129,7.1049951134537634,0.90625,0.8625,-0.15095561742782593,25.4932861328125,8.13658243714599e-06,0.0,-1.2021540403366089,1,0,0.9999696016311646,547.821964034145,0.9999696016311646,1.3464075891533867e-05,1.52747554693633e-06,1.3448990330289234e-06,1.453884351576562e-06,1.738653622851416e-06,1.4482812957794522e-06,1.7256630826523178e-06,1.4740078313479898e-06,2.694703425731859e-06,2.0205620785418432e-06,1.5690718555561034e-06
1272,41680896,0.0001220599999999995,6.92372321466196,7.0758414368440015,0.75,0.8453125,0.08948463201522827,25.337078094482422,8.13148380984785e-06,0.0,-1.2034155130386353,1,0,0.9999696016311646,547.8125009126545,0.9999696016311646,1.3452395251078997e-05,1.5265100046235602e-06,1.3440708244161215e-06,1.4529862255585613e-06,1.7374733261021902e-06,1.4473864666797454e-06,1.7244965420104563e-06,1.4730916291227913e-06,2.6928537408821285e-06,2.0191750991216395e-06,1.568060497447732e-06
1273,41713664,0.0001219199999999995,6.914766331462169,7.04039840015326,0.828125,0.840625,0.0031138304620981216,18.159940719604492,8.127649380185176e-06,0.0,-1.2046399116516113,1,0,0.9999696016311646,547.8130697621132,0.9999696016311646,1.3443598618323449e-05,1.5257998029483133e-06,1.3434479342322447e-06,1.452311721550359e-06,1.7366021438647294e-06,1.4467157143371878e-06,1.7236367284567677e-06,1.472407689107058e-06,2.691451982173021e-06,2.0181239506200654e-06,1.567324943607673e-06
1274,41746432,0.0001217799999999995,7.112648865211412,7.007709955074771,0.765625,0.8203125,0.029222387820482254,20.188640594482422,8.124210580717772e-06,0.0,-1.2051987648010254,1,0,0.9999696016311646,547.8176394758356,0.9999696016311646,1.3435703294817358e-05,1.5251596323651029e-06,1.3428895044853562e-06,1.4517079307552194e-06,1.7358139530188055e-06,1.4461129467235878e-06,1.7228576325578615e-06,1.4717926433149842e-06,2.690199380595004e-06,2.0171830783510813e-06,1.5666599892938393e-06
1275,41779200,0.0001216399999999995,7.0960513018326274,7.047677324437418,0.828125,0.821875,-0.04396107792854309,25.768524169921875,8.12080816103844e-06,0.0,-1.2064251899719238,1,0,0.9999696016311646,547.8189762009262,0.9999696016311646,1.3427914382191375e-05,1.524522531326511e-06,1.3423363043330028e-06,1.4511099379888037e-06,1.7350326970699825e-06,1.4455172276939265e-06,1.7220889958480257e-06,1.4711852145410376e-06,2.6889581477007596e-06,2.0162540295132203e-06,1.565995262353681e-06
1276,41811968,0.00012149999999999951,7.028988148470761,7.051382319821464,0.8125,0.8203125,0.062006257474422455,32.150733947753906,8.117436664178967e-06,0.0,-1.2068076133728027,1,0,0.9999696016311646,547.8129139722643,0.9999696016311646,1.3420169125311077e-05,1.5238917967508314e-06,1.3417833315543248e-06,1.4505094441119581e-06,1.7342882756565814e-06,1.4449204854827258e-06,1.721353328321129e-06,1.4705776720802533e-06,2.687707137738471e-06,2.0153199784544995e-06,1.5653502032364486e-06
1277,41844736,0.00012135999999999952,6.540624670087274,7.038981088501375,0.828125,0.8234375,0.161529541015625,22.507640838623047,8.107171197480056e-06,0.0,-1.2045814990997314,1,0,0.9999697208404541,547.7645287001877,0.9999697208404541,1.3402150216279551e-05,1.5223944274112e-06,1.340496851298667e-06,1.449107571716013e-06,1.732483383420913e-06,1.4435255479838816e-06,1.7195618511323119e-06,1.469150902266847e-06,2.6848481411434477e-06,2.0131762994424207e-06,1.563791215630772e-06
1278,41877504,0.00012121999999999952,6.615404792344709,6.984362665027423,0.875,0.8265625,0.06941718608140945,24.791667938232422,8.102423635136802e-06,0.0,-1.2062091827392578,1,0,0.9999697208404541,547.7549882012619,0.9999697208404541,1.3391277207119856e-05,1.5215017583614099e-06,1.3397224165601074e-06,1.4482675396720879e-06,1.73140324477572e-06,1.44268733492936e-06,1.7184962644023472e-06,1.468293703510426e-06,2.6831155537365703e-06,2.011875039897859e-06,1.5628653500243672e-06
1279,41910272,0.00012107999999999953,6.701072649299232,6.944384217743922,0.859375,0.8265625,0.19927924871444702,35.339237213134766,8.10087385616498e-06,0.0,-1.206404209136963,1,0,0.9999697208404541,547.7894206479713,0.9999697208404541,1.3387753824645188e-05,1.5212116295515443e-06,1.3394694633461768e-06,1.4479912806564244e-06,1.731066276988713e-06,1.4424150549530168e-06,1.7181617977257702e-06,1.468016421313223e-06,2.6825425720744533e-06,2.011449169003754e-06,1.5625672631358611e-06
1280,41943040,0.00012093999999999952,7.357060846148183,6.946459948195747,0.9375,0.8390625,-0.0016587786376476288,20.96441650390625,8.096872988971882e-06,0.0,-1.2052032947540283,1,0,0.9999697208404541,547.7887045012061,0.9999697208404541,1.3378640687733423e-05,1.5204428791548708e-06,1.3388129218583344e-06,1.4472776683760458e-06,1.7301618981946376e-06,1.4417025795410154e-06,1.717265831757686e-06,1.467288711864967e-06,2.681076693988871e-06,2.0103502720303368e-06,1.5617702047165949e-06
1281,41975808,0.00012079999999999951,7.124774293620044,6.941511511313839,0.890625,0.8375,-0.046829596161842346,27.05731773376465,8.094094482657965e-06,0.0,-1.2055609226226807,1,0,0.9999697208404541,547.8017504401909,0.9999697208404541,1.3372287867241539e-05,1.5199181007119478e-06,1.3383585155679611e-06,1.4467877917923033e-06,1.729533209982037e-06,1.4412145219466765e-06,1.7166453289974015e-06,1.4667905361420708e-06,2.680059424164938e-06,2.0095892523386283e-06,1.5612251900165575e-06
1282,42008576,0.00012065999999999951,7.313593589110948,6.980498548758736,0.890625,0.8515625,-0.034966420382261276,13.256509780883789,8.089240509434603e-06,0.0,-1.204872488975525,1,0,0.9999697208404541,547.7853096506018,0.9999697208404541,1.3361211131268647e-05,1.5189978057605913e-06,1.337568733106309e-06,1.4459228623309173e-06,1.7284270370510058e-06,1.4403530030904221e-06,1.7155487057607388e-06,1.4659096905234037e-06,2.678298869795981e-06,2.0082675291632768e-06,1.5602709027007222e-06
1283,42041344,0.00012051999999999952,7.148142923853785,7.003836207997898,0.890625,0.8578125,-0.008554748259484768,32.422271728515625,8.086600246315356e-06,0.0,-1.206843614578247,1,0,0.9999697208404541,547.8014520350091,0.9999697208404541,1.3355132978176698e-05,1.5185097481662524e-06,1.3371414979701512e-06,1.4454609527092543e-06,1.7278188124691951e-06,1.4398930261450005e-06,1.7149467339550029e-06,1.4654400501967757e-06,2.6773359422804788e-06,2.007547436733148e-06,1.5597652236465365e-06
1284,42074112,0.00012037999999999951,6.8507526912123184,6.977646590597987,0.890625,0.8703125,0.06688013672828674,41.920166015625,8.08311415312346e-06,0.0,-1.2072585821151733,1,0,0.9999697208404541,547.801627120874,0.9999697208404541,1.3347151252673939e-05,1.5178582088992698e-06,1.3365677205001703e-06,1.444840791009483e-06,1.7270511989408988e-06,1.4392752518688212e-06,1.7141879880000488e-06,1.4648111346104997e-06,2.6760444598039612e-06,2.006580871238839e-06,1.559096062919707e-06
1285,42106880,0.0001202399999999995,6.584474992151552,6.926488959629881,0.828125,0.8703125,-0.039561882615089417,25.727500915527344,8.081216947175562e-06,0.0,-1.2075756788253784,1,0,0.9999697208404541,547.8336309428669,0.9999697208404541,1.3342785678105429e-05,1.5175021417235257e-06,1.3362528079596814e-06,1.4445004126173444e-06,1.726644313748693e-06,1.4389362377187354e-06,1.7137826944235712e-06,1.4644660950580146e-06,2.6753300517157186e-06,2.006064278248232e-06,1.5587302186759189e-06
1286,42139648,0.0001200999999999995,6.665038971760065,6.890094041958811,0.796875,0.86875,-0.15484732389450073,21.145896911621094,8.075935511442367e-06,0.0,-1.2075276374816895,1,0,0.9999698400497437,547.8482524846579,0.9999698400497437,1.3336146366782486e-05,1.5169583775787032e-06,1.3357753232412506e-06,1.4439841606872506e-06,1.7260090316995047e-06,1.4384216910912073e-06,1.713155484139861e-06,1.4639426808571443e-06,2.6742536647361703e-06,2.0052591480634874e-06,1.5581716752421926e-06
1287,42172416,0.00011995999999999951,6.618372733854478,6.8978688483355315,0.78125,0.8640625,0.06191030517220497,22.47061538696289,8.07228934718296e-06,0.0,-1.2079397439956665,1,0,0.9999698400497437,547.8508921316851,0.9999698400497437,1.3327767192095052e-05,1.516275688118185e-06,1.3351741472433787e-06,1.4433343267228338e-06,1.725212541714427e-06,1.4377745856108959e-06,1.7123680891018012e-06,1.4632839793193853e-06,2.6728948796517216e-06,2.0042552932864055e-06,1.557470341140288e-06
1288,42205184,0.0001198199999999995,6.669762754126124,6.903304644513673,0.828125,0.859375,-0.004894294776022434,23.129117965698242,8.06881689641159e-06,0.0,-1.2084975242614746,1,0,0.9999698400497437,547.861237959017,0.9999698400497437,1.3319800018507522e-05,1.5156279005168471e-06,1.3346037803785293e-06,1.4427178030018695e-06,1.724442768136214e-06,1.437160335626686e-06,1.711610593702062e-06,1.462658815398754e-06,2.671610673132818e-06,2.003292138397228e-06,1.5568035678370507e-06
1289,42237952,0.0001196799999999995,6.871139766328407,6.920311356216591,0.828125,0.85625,-0.09237855672836304,13.949182510375977,8.064846952038351e-06,0.0,-1.2091103792190552,1,0,0.9999698400497437,547.8606625483507,0.9999698400497437,1.331068324361695e-05,1.5148938246056787e-06,1.3339559927771916e-06,1.442017605768342e-06,1.7235450968655641e-06,1.4364629805641016e-06,1.7107226994994562e-06,1.4619489547840203e-06,2.6701509341364726e-06,2.0021977888973197e-06,1.556045049255772e-06
1290,42270720,0.0001195399999999995,6.629601484020739,6.847565420003846,0.828125,0.8453125,0.02669868990778923,33.8182258605957,8.063257155299652e-06,0.0,-1.208864688873291,1,0,0.9999698400497437,547.8929570243781,0.9999698400497437,1.3307027984410524e-05,1.5145934639804182e-06,1.3336926940610283e-06,1.4417330476135248e-06,1.7232065374628291e-06,1.4361793319039862e-06,1.7103867548939888e-06,1.4616603039030451e-06,2.6695552151068114e-06,2.0017662336613284e-06,1.5557378674202482e-06
1291,42303488,0.00011939999999999949,6.753630362124586,6.8104510268543,0.796875,0.8359375,0.06526133418083191,32.41082763671875,8.06092702987371e-06,0.0,-1.2090429067611694,1,0,0.9999698400497437,547.9132811308809,0.9999698400497437,1.3301699254952837e-05,1.5141572475840803e-06,1.3333086599232047e-06,1.4413179769690032e-06,1.7227004036612925e-06,1.435765739188355e-06,1.709887669676391e-06,1.4612395489166374e-06,2.668689603524399e-06,2.001125267270254e-06,1.555289941279625e-06
1292,42336256,0.00011925999999999948,6.573052393854448,6.736396907328651,0.890625,0.8359375,-0.027588265016674995,25.64197540283203,8.05742365628248e-06,0.0,-1.2097052335739136,1,0,0.9999698400497437,547.9152648285103,0.9999698400497437,1.329362112301169e-05,1.5134988871068344e-06,1.3327277201824472e-06,1.4406898571905913e-06,1.7219497294718167e-06,1.4351401205203729e-06,1.709141088213073e-06,1.4606027889385587e-06,2.667366516106995e-06,2.0001748453069013e-06,1.5546122540399665e-06
1293,42369024,0.00011911999999999948,6.733147418398838,6.694897356783156,0.796875,0.8265625,-0.035328444093465805,22.430870056152344,8.052115845202934e-06,0.0,-1.2096500396728516,1,0,0.9999699592590332,547.9221390254359,0.9999699592590332,1.3286891771713272e-05,1.51294773331756e-06,1.3322437553142663e-06,1.4401665566765587e-06,1.72132433817751e-06,1.434618980056257e-06,1.7085219496948412e-06,1.4600723261537496e-06,2.6662655727704987e-06,1.999385631279438e-06,1.554047685203841e-06
1294,42401792,0.00011897999999999949,6.929810004068212,6.7028030880687455,0.796875,0.8171875,-0.10679599642753601,18.33976936340332,8.04816863819724e-06,0.0,-1.2098000049591064,1,0,0.9999699592590332,547.9136723461622,0.9999699592590332,1.3277873222250491e-05,1.5122063814487774e-06,1.3315907381183933e-06,1.4394607887879829e-06,1.7204644109369838e-06,1.4339159406517865e-06,1.7076715721486835e-06,1.4593567811971297e-06,2.6647937829693547e-06,1.9982876438007224e-06,1.5532860970779439e-06
1295,42434560,0.00011883999999999949,6.736683545202221,6.7180239433738125,0.84375,0.81875,0.11301425099372864,25.69184112548828,8.045713002502453e-06,0.0,-1.209902048110962,1,0,0.9999699592590332,547.9334784434548,0.9999699592590332,1.3272227079141885e-05,1.5117479961190838e-06,1.331185785602429e-06,1.439022980775917e-06,1.7199296280523413e-06,1.4334797242554487e-06,1.7071440652216552e-06,1.4589128340958268e-06,2.6638790586730465e-06,1.9976150724687614e-06,1.5528137282672105e-06
1296,42467328,0.00011869999999999948,6.885011000153741,6.740021146213179,0.796875,0.81875,0.11270156502723694,34.664100646972656,8.043666639423463e-06,0.0,-1.2100003957748413,1,0,0.9999699592590332,547.9500691739681,0.9999699592590332,1.3267556823848281e-05,1.511361574557668e-06,1.3308456345839659e-06,1.4386552038558875e-06,1.7194901147377095e-06,1.4331134252643096e-06,1.7067078488253173e-06,1.4585401686417754e-06,2.663111899892101e-06,1.9970416360592935e-06,1.552416961203562e-06
1297,42500096,0.00011855999999999949,7.006004300634714,6.778784302891202,0.765625,0.8171875,0.07744541764259338,34.5592041015625,8.038650776143186e-06,0.0,-1.2099124193191528,1,0,0.9999700784683228,547.9493504945899,0.9999700784683228,1.326143592450535e-05,1.5108687421161449e-06,1.3304130561664351e-06,1.4381876098923385e-06,1.71893123024347e-06,1.4326475366033264e-06,1.7061530570572359e-06,1.4580659808416385e-06,2.6621169126883615e-06,1.9963677004852798e-06,1.5519123053309158e-06
1298,42532864,0.00011841999999999948,6.986810070741539,6.810489034552743,0.8125,0.815625,0.09383277595043182,19.05898094177246,8.035460268729366e-06,0.0,-1.2108523845672607,1,0,0.9999700784683228,547.9544970921067,0.9999700784683228,1.3254114492156077e-05,1.510272454652295e-06,1.3298865724209463e-06,1.4376186072695418e-06,1.7182330793730216e-06,1.4320806940304465e-06,1.7054682075468008e-06,1.4574890201402013e-06,2.6609288852341706e-06,1.9954882191086654e-06,1.5512981690335437e-06
1299,42565632,0.00011827999999999947,6.752511575574323,6.798626215477336,0.859375,0.81875,0.053041160106658936,21.117067337036133,8.031488505366724e-06,0.0,-1.2121154069900513,1,0,0.9999700784683228,547.9445826061929,0.9999700784683228,1.3245029549580067e-05,1.5095235994522227e-06,1.3292285530042136e-06,1.43690715503908e-06,1.717369627840526e-06,1.43137197028409e-06,1.7046160110112396e-06,1.4567679045285331e-06,2.6594473183649825e-06,1.994377498704125e-06,1.5505291912631947e-06
1300,42598400,0.00011813999999999948,7.110486417168826,6.8467147087921445,0.9375,0.8296875,0.054665327072143555,29.081085205078125,8.027538569876924e-06,0.0,-1.2125167846679688,1,0,0.9999700784683228,547.9377144983393,0.9999700784683228,1.323600190517027e-05,1.5087838391991681e-06,1.328575763182016e-06,1.4362016145241796e-06,1.716505039439653e-06,1.4306691582532949e-06,1.7037611996784108e-06,1.456052473258751e-06,2.6579766654322157e-06,1.9932783743570326e-06,1.549767830510973e-06
1301,42631168,0.00011799999999999948,7.267183005316136,6.8980699731113,0.984375,0.8484375,0.02738361619412899,26.140832901000977,8.02262184151914e-06,0.0,-1.2134809494018555,1,0,0.9999700784683228,547.909262746931,0.9999700784683228,1.3224734175310005e-05,1.5078603610163555e-06,1.327763925473846e-06,1.435323838450131e-06,1.7154316083178855e-06,1.4297949064712157e-06,1.702702206785034e-06,1.4551626463799039e-06,2.6561419872450642e-06,1.991921635635663e-06,1.5488205917790765e-06
1302,42663936,0.00011785999999999947,6.6386403359995345,6.904628767325808,0.90625,0.85,-0.019691165536642075,22.104408264160156,8.018037988222204e-06,0.0,-1.2144912481307983,1,0,0.9999700784683228,547.895028516447,0.9999700784683228,1.3214257705840282e-05,1.5070007748363423e-06,1.3270057479530806e-06,1.4345041563501582e-06,1.7144290040960186e-06,1.428978407602699e-06,1.701711880741641e-06,1.4543317092829966e-06,2.6544353204371873e-06,1.990643340832321e-06,1.54793622186844e-06
1303,42696704,0.00011771999999999948,6.569646701166401,6.888278695602564,0.890625,0.859375,0.006786663085222244,21.055009841918945,8.015241292014252e-06,0.0,-1.2145808935165405,1,0,0.9999700784683228,547.9080186269946,0.9999700784683228,1.3207832125772256e-05,1.5064777016959852e-06,1.3265452025734703e-06,1.4340063216877752e-06,1.7138224848167738e-06,1.4284823919297196e-06,1.701113205854199e-06,1.4538269397235126e-06,2.6533925847616047e-06,1.9898859591194196e-06,1.5473989378733677e-06
1304,42729472,0.00011757999999999948,7.5105924688194765,6.94635694207769,0.96875,0.8765625,0.12731750309467316,22.576210021972656,8.01055102783721e-06,0.0,-1.2146389484405518,1,0,0.9999700784683228,547.888209570242,0.9999700784683228,1.3197092812333722e-05,1.5056044730954454e-06,1.3257761111162836e-06,1.4331750435303547e-06,1.7127734963651164e-06,1.4276542970037553e-06,1.7000753587126383e-06,1.4529841791954823e-06,2.6516622710914817e-06,1.988588337553665e-06,1.5465004707948538e-06
1305,42762240,0.00011743999999999949,6.759805660714541,6.948669153628923,0.921875,0.884375,0.03130282461643219,30.133861541748047,8.006972166185733e-06,0.0,-1.2158430814743042,1,0,0.9999700784683228,547.8836348149257,0.9999700784683228,1.318886370427208e-05,1.5049325838845107e-06,1.325184598499618e-06,1.4325355550681707e-06,1.7120026996053639e-06,1.4270171959651634e-06,1.6993118379104999e-06,1.4523359368467936e-06,2.6503221306484193e-06,1.987609948628233e-06,1.5458103916898835e-06
1306,42795008,0.00011729999999999948,6.569172850696381,6.9170853386831865,0.890625,0.89375,-0.06241711229085922,34.69944763183594,8.001579772098921e-06,0.0,-1.2157000303268433,1,0,0.9999701976776123,547.8901443240214,0.9999701976776123,1.3181962458475027e-05,1.5043674466141965e-06,1.3246868775240728e-06,1.431997588952072e-06,1.7113532067014603e-06,1.4264813898989814e-06,1.6986704167720745e-06,1.4517904673994053e-06,2.6491957214602735e-06,1.986789811780909e-06,1.5452297930096393e-06
1307,42827776,0.00011715999999999948,6.6646713260232815,6.882952041222043,0.8125,0.8984375,0.10165029764175415,19.0638370513916,7.9984392868937e-06,0.0,-1.2152562141418457,1,0,0.9999701976776123,547.8960241158287,0.9999701976776123,1.3174772902857512e-05,1.5037821867736056e-06,1.3241715350886807e-06,1.4314404097603983e-06,1.7106516452258802e-06,1.4259264844440622e-06,1.6979771544356481e-06,1.451225784876442e-06,2.648036115715513e-06,1.985920334846014e-06,1.5446286170117673e-06
1308,42860544,0.00011701999999999949,7.2585113653674895,6.910122170684639,0.921875,0.909375,-0.04956486076116562,15.91938591003418,7.994301995495334e-06,0.0,-1.2147694826126099,1,0,0.9999701976776123,547.8829639403067,0.9999701976776123,1.3165315976948477e-05,1.5030051372377784e-06,1.3234885045676492e-06,1.4307021274362342e-06,1.7097464706239407e-06,1.4251909306040034e-06,1.6970801652860246e-06,1.4504771570500452e-06,2.6464988422958413e-06,1.984772779906052e-06,1.5438304217241239e-06
1309,42893312,0.00011687999999999949,7.222385686471002,6.957109581774307,0.890625,0.9125,-0.039118021726608276,32.50685119628906,7.993226972757839e-06,0.0,-1.2143769264221191,1,0,0.9999701976776123,547.9193275096944,0.9999701976776123,1.3162866707716603e-05,1.502804366282362e-06,1.3233118352218298e-06,1.4305111335488618e-06,1.7095067050831858e-06,1.4250006188376574e-06,1.696847220955533e-06,1.4502834346785676e-06,2.646100028869114e-06,1.9844740108965198e-06,1.5436243074873346e-06
1310,42926080,0.00011673999999999948,6.956185929605992,6.941679533018023,0.921875,0.9109375,-0.016553819179534912,25.885290145874023,7.990686754055787e-06,0.0,-1.214214563369751,1,0,0.9999701976776123,547.9309784773366,0.9999701976776123,1.3157056855561677e-05,1.502325744695554e-06,1.3228890338723431e-06,1.430054112461221e-06,1.708962258817337e-06,1.4245455304262578e-06,1.6963051621132763e-06,1.449820160814852e-06,2.6451461963006295e-06,1.983766196644865e-06,1.5431327256010263e-06
1311,42958848,0.00011659999999999949,6.589854921832014,6.873946724669611,0.828125,0.8953125,0.08103068917989731,23.529582977294922,7.986250238900539e-06,0.0,-1.2158567905426025,1,0,0.9999701976776123,547.9121441186618,0.9999701976776123,1.3146858691470698e-05,1.5014950349723222e-06,1.3221588233136572e-06,1.4292647847469198e-06,1.7079977396861068e-06,1.4237591585697373e-06,1.6953495105553884e-06,1.4490198054772918e-06,2.64349205281178e-06,1.9825670278805774e-06,1.5422795058839256e-06
1312,42991616,0.00011645999999999949,6.551224771887746,6.8652051682584325,0.859375,0.890625,-0.09637650847434998,12.767470359802246,7.981858288985677e-06,0.0,-1.21590256690979,1,0,0.9999701976776123,547.9008293509363,0.9999701976776123,1.3136807865521405e-05,1.500673420196108e-06,1.3214340697231819e-06,1.4284812550613424e-06,1.707038791209925e-06,1.4229785847419407e-06,1.6944021581366542e-06,1.4482253618552932e-06,2.6418563265906414e-06,1.981357172553544e-06,1.5414353811138426e-06
1313,43024384,0.0001163199999999995,6.46091145854936,6.854331643996728,0.78125,0.8796875,0.030499719083309174,27.426719665527344,7.977964742167387e-06,0.0,-1.2159569263458252,1,0,0.9999701976776123,547.8897602678928,0.9999701976776123,1.3127852980687749e-05,1.49994082221383e-06,1.320790374848002e-06,1.4277852642408106e-06,1.7062053530025878e-06,1.4222853224055143e-06,1.6935750863922294e-06,1.4475199350272305e-06,2.640390448505059e-06,1.9803144368779613e-06,1.5406828879349632e-06
1314,43057152,0.0001161799999999995,6.966077115749565,6.799880108689737,0.859375,0.86875,0.011076411232352257,26.685136795043945,7.976116648933385e-06,0.0,-1.2165971994400024,1,0,0.9999701976776123,547.9036760965586,0.9999701976776123,1.3123571989126503e-05,1.4995946457929676e-06,1.3204854667492327e-06,1.4274556860982557e-06,1.7058115417967201e-06,1.421957108505012e-06,1.6931842310441425e-06,1.4471859230980044e-06,2.6396880912216147e-06,1.9798442281171447e-06,1.5403273891934077e-06
1315,43089920,0.0001160399999999995,6.727581538024296,6.796657696420712,0.921875,0.86875,0.0489313118159771,20.352176666259766,7.971923878358211e-06,0.0,-1.2174482345581055,1,0,0.9999701976776123,547.8768053022843,0.9999701976776123,1.3113850400259253e-05,1.4988111161073903e-06,1.319795615017938e-06,1.4267100141296396e-06,1.704920464362658e-06,1.4212141650205012e-06,1.6922995200729929e-06,1.4464296782534802e-06,2.6381023872090736e-06,1.9787592009379296e-06,1.5395224863823387e-06
1316,43122688,0.00011589999999999951,6.541919787100825,6.793932390061157,0.859375,0.865625,-0.055840350687503815,18.077152252197266,7.96820404502796e-06,0.0,-1.2184898853302002,1,0,0.9999701976776123,547.868663230295,0.9999701976776123,1.3105274774716236e-05,1.498116603215749e-06,1.3191827292757807e-06,1.426047447239398e-06,1.7041123783201328e-06,1.420554326614365e-06,1.6914993921091082e-06,1.445758016416221e-06,2.636706312841852e-06,1.9777742181759095e-06,1.538809328849311e-06
1317,43155456,0.0001157599999999995,6.993914406893456,6.826856698148174,0.859375,0.8703125,0.03447413444519043,23.322839736938477,7.962261406646576e-06,0.0,-1.2183148860931396,1,0,0.9999703168869019,547.8666161184138,0.9999703168869019,1.3097130249661859e-05,1.4974511941545643e-06,1.3185980378693785e-06,1.4254154621085036e-06,1.7033262338372879e-06,1.4199245015333872e-06,1.6907205235838774e-06,1.445117277398822e-06,2.6353870907769306e-06,1.976797648239881e-06,1.5381256162072532e-06
1318,43188224,0.0001156199999999995,7.242400967876727,6.8252456583990995,0.875,0.865625,0.12260790169239044,34.44923400878906,7.959013601066545e-06,0.0,-1.2191083431243896,1,0,0.9999703168869019,547.8619840302889,0.9999703168869019,1.3089700587443076e-05,1.4968400137149729e-06,1.3180587075112271e-06,1.4248323623178294e-06,1.702629447208892e-06,1.4193437891663052e-06,1.6900289665500168e-06,1.4445261058426695e-06,2.6341708689869847e-06,1.9759042970690643e-06,1.5374980648630299e-06
1319,43220992,0.0001154799999999995,6.748933386646685,6.777900428416667,0.8125,0.8578125,-0.06697473675012589,17.326128005981445,7.956014087540098e-06,0.0,-1.221401572227478,1,0,0.9999703168869019,547.8687374637043,0.9999703168869019,1.3082823898002971e-05,1.496277604928764e-06,1.3175661024433794e-06,1.4242997394831036e-06,1.7019656297634356e-06,1.4188133263814962e-06,1.6893715155674727e-06,1.4439862070503295e-06,2.633058329593041e-06,1.975086433958495e-06,1.5369174661827856e-06
1320,43253760,0.0001153399999999995,7.098105384347373,6.792092373890805,0.78125,0.84375,-0.02723032794892788,10.680644035339355,7.951815859996714e-06,0.0,-1.221402645111084,1,0,0.9999703168869019,547.8524120011317,0.9999703168869019,1.3073245099803898e-05,1.4954902098907041e-06,1.3168726127332775e-06,1.423550202162005e-06,1.7010421515806229e-06,1.4180666312313406e-06,1.6884597471289453e-06,1.4432263242269983e-06,2.631499455674202e-06,1.9739227354875766e-06,1.5361085843323963e-06
1321,43286528,0.00011519999999999951,6.9230991153990615,6.82541679324751,0.8958333333333334,0.8505208333333334,0.017631901428103447,25.049453735351562,7.947337508085184e-06,0.0,-1.2211172580718994,1,0,0.9999703168869019,547.8217309803239,0.9999703168869019,1.3062975085631479e-05,1.4946475630495115e-06,1.3161305787434685e-06,1.4227480278350413e-06,1.7000821799229016e-06,1.4172675264489953e-06,1.6875068240551627e-06,1.4424130085899378e-06,2.6298159809812205e-06,1.9727069684449816e-06,1.5352416085079312e-06
1322,43319296,0.00011505999999999951,7.208691765540243,6.891163492612759,0.96875,0.8614583333333332,-0.03337030112743378,27.374568939208984,7.944537173898425e-06,0.0,-1.2207849025726318,1,0,0.9999703168869019,547.8260455117016,0.9999703168869019,1.3056562238489278e-05,1.4941288100089878e-06,1.3156736713426653e-06,1.4222542858988163e-06,1.6994482621157658e-06,1.4167757171890116e-06,1.6868825696292333e-06,1.4419125591302873e-06,2.628787797220866e-06,1.971939809664036e-06,1.5347072803706396e-06
1323,43352064,0.00011491999999999952,7.351461508851439,6.9802184976429675,0.984375,0.8817708333333334,-0.007204608991742134,15.473355293273926,7.941886906337459e-06,0.0,-1.2208845615386963,1,0,0.9999703168869019,547.8394954213902,0.9999703168869019,1.305051046074368e-05,1.4936343859517365e-06,1.3152410929251346e-06,1.4217863508747541e-06,1.6988454945021658e-06,1.416309601154353e-06,1.6862874190337607e-06,1.4414367797144223e-06,2.6278178211214254e-06,1.971210167539539e-06,1.5341964854087564e-06
1324,43384832,0.00011477999999999952,6.548244950158371,6.938435281083846,0.90625,0.8864583333333333,-0.05848785862326622,24.15967559814453,7.939680472190958e-06,0.0,-1.2212454080581665,1,0,0.9999703168869019,547.8567154842809,0.9999703168869019,1.3045458217675332e-05,1.4932213616702938e-06,1.3148760444892105e-06,1.4213919712346978e-06,1.69836926033895e-06,1.4159164720695117e-06,1.6858147091625142e-06,1.4410381936613703e-06,2.6269908630638383e-06,1.9706124021467986e-06,1.5337708418883267e-06
1325,43417600,0.00011463999999999953,6.493748095649416,6.915051936846359,0.9375,0.8880208333333334,0.029775777831673622,20.02737045288086,7.936753718240652e-06,0.0,-1.2220525741577148,1,0,0.9999703168869019,547.8572981322638,0.9999703168869019,1.3038728866376914e-05,1.4926717994967476e-06,1.3143920796210296e-06,1.420868784407503e-06,1.6977442101051565e-06,1.4153953316053958e-06,1.6851942064022296e-06,1.4405077308765613e-06,2.6258840080117807e-06,1.969842060134397e-06,1.5332063867390389e-06
1326,43450368,0.00011449999999999952,6.9834925023961345,6.95920920837589,0.90625,0.8927083333333334,0.09167654812335968,14.23450756072998,7.932939297461417e-06,0.0,-1.2225028276443481,1,0,0.9999703168869019,547.8488401707812,0.9999703168869019,1.3029992260271683e-05,1.4919544355507242e-06,1.3137604355506483e-06,1.420185981260147e-06,1.696920321592188e-06,1.4147153706289828e-06,1.6843795265231165e-06,1.4398154917216743e-06,2.624454054966918e-06,1.968805463548051e-06,1.532469582343765e-06
1327,43483136,0.00011435999999999952,6.867097902795323,6.946527557966077,0.9375,0.9005208333333334,0.12801028788089752,29.596025466918945,7.927167644083966e-06,0.0,-1.2232863903045654,1,0,0.9999704360961914,547.850324119218,0.9999704360961914,1.3022277926211245e-05,1.49131744819897e-06,1.313199391006492e-06,1.4195794619809021e-06,1.696177832855028e-06,1.4141111250864924e-06,1.6836457916724612e-06,1.4392006733032758e-06,2.6231937226839364e-06,1.967861408047611e-06,1.5318153145926772e-06
1328,43515904,0.00011421999999999953,7.063617053666567,6.928649166545061,0.9375,0.9067708333333334,0.04616240784525871,26.200481414794922,7.92433274909854e-06,0.0,-1.2244157791137695,1,0,0.9999704360961914,547.8524660468247,0.9999704360961914,1.3015785043535288e-05,1.4907827790011652e-06,1.3127298643667018e-06,1.4190718502504751e-06,1.6955713135757833e-06,1.4136054460323066e-06,1.6830438198667252e-06,1.4386847624336951e-06,2.622128022267134e-06,1.967097659871797e-06,1.5312675714085344e-06
1329,43548672,0.00011407999999999953,7.000705617097621,6.953826389590155,0.9375,0.9192708333333334,-0.11548483371734619,23.086864471435547,7.920441021269653e-06,0.0,-1.2248866558074951,1,0,0.9999704360961914,547.8417048039868,0.9999704360961914,1.3006912922719494e-05,1.4900494988978608e-06,1.312084123128443e-06,1.4183738130668644e-06,1.694735487944854e-06,1.4129101373328012e-06,1.6822142470118706e-06,1.4379768344952026e-06,2.6206730581179727e-06,1.9660210455185734e-06,1.5305140550481156e-06
1330,43581440,0.00011393999999999952,6.6878549956933036,6.912801350724747,0.90625,0.9317708333333334,0.018163954839110374,22.604175567626953,7.917201401141938e-06,0.0,-1.2253823280334473,1,0,0.9999704360961914,547.8334033635416,0.9999704360961914,1.2999397767998744e-05,1.4894441164869932e-06,1.3115499086779892e-06,1.4177961702444009e-06,1.6940438172241556e-06,1.4123348819339299e-06,1.6815293975014356e-06,1.4373928252098267e-06,2.6194411475444213e-06,1.9651963611977408e-06,1.5298909374905634e-06
1331,43614208,0.00011379999999999951,6.770271613124612,6.897518600497302,0.875,0.9296875,-0.030690666288137436,23.32135009765625,7.914344678283669e-06,0.0,-1.2264211177825928,1,0,0.9999704360961914,547.8410613562367,0.9999704360961914,1.299289124290226e-05,1.4889044450683286e-06,1.311074584009475e-06,1.4172825331115746e-06,1.6934301356741344e-06,1.4118230637905071e-06,1.6809184444355196e-06,1.436872025806224e-06,2.6183722638961626e-06,1.9644060103019e-06,1.5293366004698328e-06
1332,43646976,0.00011365999999999952,6.951493851819477,6.8717988091252264,0.9375,0.9265625,0.02171923592686653,25.40603256225586,7.911709872132633e-06,0.0,-1.2261059284210205,1,0,0.9999704360961914,547.8476649852528,0.9999704360961914,1.2986870387976523e-05,1.4884076335874852e-06,1.3106383676131372e-06,1.416811073795543e-06,1.6928601098697982e-06,1.4113533097770414e-06,1.680354330346745e-06,1.4363923810378765e-06,2.61738341578166e-06,1.9636884189822013e-06,1.528827624497353e-06
1333,43679744,0.00011351999999999952,7.485255525702373,6.885178210810319,0.9375,0.921875,-0.1163419634103775,19.137100219726562,7.910385647846851e-06,0.0,-1.2269151210784912,1,0,0.9999704360961914,547.8719553213098,0.9999704360961914,1.298383722314611e-05,1.488157749918173e-06,1.3104182698953082e-06,1.4165731272441917e-06,1.6925760064623319e-06,1.4111163864072296e-06,1.68007215961552e-06,1.4361514786287444e-06,2.616884330564062e-06,1.963327122211922e-06,1.5285711469914531e-06
1334,43712512,0.00011337999999999951,6.5236883492688325,6.8827225507213665,0.84375,0.915625,0.07267189770936966,27.539119720458984,7.907121471362188e-06,0.0,-1.2274669408798218,1,0,0.9999704360961914,547.870497278069,0.9999704360961914,1.2976333891856484e-05,1.4875447504891781e-06,1.3098785984766437e-06,1.4159896863930044e-06,1.6918787650865852e-06,1.410535105605959e-06,1.6793801478343084e-06,1.435559852325241e-06,2.6156569674640195e-06,1.9624546894192463e-06,1.5279415492841508e-06
1335,43745280,0.00011323999999999952,7.1259633675687795,6.9459440779133015,0.921875,0.9140625,-0.079239122569561,15.331986427307129,7.90485501056537e-06,0.0,-1.2268227338790894,1,0,0.9999704360961914,547.8854139583788,0.9999704360961914,1.2971137948625255e-05,1.4871220628265291e-06,1.3095062740831054e-06,1.4155873486743076e-06,1.6913770650717197e-06,1.4101342458161525e-06,1.678886974332272e-06,1.4351520576383336e-06,2.6148161396122305e-06,1.961841007869225e-06,1.5275074929377297e-06
1336,43778048,0.00011309999999999952,6.83804295320131,6.931399122993819,0.890625,0.9125,0.08671966195106506,29.71390151977539,7.901498975115828e-06,0.0,-1.2262144088745117,1,0,0.9999704360961914,547.885284433797,0.9999704360961914,1.2963484550709836e-05,1.4864924651192268e-06,1.3089508001939976e-06,1.4149866274237866e-06,1.6906496966839768e-06,1.4095359119892237e-06,1.6781667682153056e-06,1.4345444014907116e-06,2.613562173792161e-06,1.9609187802416272e-06,1.5268593642758788e-06
1337,43810816,0.00011295999999999953,7.088182168510324,6.9535075495653205,0.890625,0.9078125,0.007075466215610504,16.844383239746094,7.898621333879419e-06,0.0,-1.22689950466156,1,0,0.9999704360961914,547.890438234566,0.9999704360961914,1.2956920727447141e-05,1.4859512020848342e-06,1.3084739975965931e-06,1.4144712849883945e-06,1.6900228274607798e-06,1.4090226159169106e-06,1.677549107625964e-06,1.4340217830977053e-06,2.6124880605493672e-06,1.960124109245953e-06,1.5263030945789069e-06
1338,43843584,0.00011281999999999953,7.051248607976681,6.952270704996332,0.875,0.9015625,-0.02138403058052063,11.834341049194336,7.894243026385084e-06,0.0,-1.2269723415374756,1,0,0.9999704360961914,547.8649422407195,0.9999704360961914,1.2946940842084587e-05,1.4851237892798963e-06,1.307746742895688e-06,1.413684913131874e-06,1.6890816141312825e-06,1.4082394272918464e-06,1.6766150565672433e-06,1.4332233604363864e-06,2.610846877360018e-06,1.9589242583606392e-06,1.5254546497089905e-06
1339,43876352,0.00011267999999999954,6.765478596722694,6.928748002958838,0.875,0.8953125,-0.0852813571691513,20.251230239868164,7.888027539593168e-06,0.0,-1.227331519126892,1,0,0.999970555305481,547.8576489483852,0.999970555305481,1.2938215149915777e-05,1.484404720031307e-06,1.3071121429675259e-06,1.4129991541267373e-06,1.6882396494111163e-06,1.4075561693971395e-06,1.6757823004809325e-06,1.4325294159789337e-06,2.6094185159308836e-06,1.957856056833407e-06,1.5247145483954228e-06
1340,43909120,0.00011253999999999954,7.376401947547299,6.997602698144237,0.875,0.8921875,0.06067569553852081,28.30327796936035,7.883691068855114e-06,0.0,-1.227876901626587,1,0,0.999970555305481,547.8391233584326,0.999970555305481,1.2928359865327366e-05,1.4835894717180054e-06,1.3063944379609893e-06,1.4122231277724495e-06,1.6872851347216056e-06,1.4067832125874702e-06,1.674841200838273e-06,1.4317427030619e-06,2.607806436571991e-06,1.9566466562537244e-06,1.523877244835603e-06
1341,43941888,0.00011239999999999953,7.18318555748478,7.038894092580255,0.84375,0.8890625,0.06822776794433594,24.34589195251465,7.87913359090453e-06,0.0,-1.2299095392227173,1,0,0.999970555305481,547.8179158769401,0.999970555305481,1.2917934327560943e-05,1.4827351151325274e-06,1.3056420584689477e-06,1.4114099258222268e-06,1.686289351710002e-06,1.405973080181866e-06,1.6738559907025774e-06,1.430918246114743e-06,2.6061034077429213e-06,1.9554156551748747e-06,1.5229998098220676e-06
1342,43974656,0.00011225999999999954,6.490316621186636,6.99277636951697,0.765625,0.871875,-0.008533403277397156,18.570781707763672,7.875427399994805e-06,0.0,-1.2311986684799194,1,0,0.999970555305481,547.8175856382286,0.999970555305481,1.2909497854707297e-05,1.4820367368884035e-06,1.3050283769189264e-06,1.4107465631241212e-06,1.6854870636962005e-06,1.4053122185941902e-06,1.6730629113226314e-06,1.4302443105407292e-06,2.6047193841804983e-06,1.954393837877433e-06,1.5222838101180969e-06
1343,44007424,0.00011211999999999954,6.941072488314561,6.938358065778189,0.765625,0.8546875,0.04247789829969406,23.642623901367188,7.872928108554333e-06,0.0,-1.231557846069336,1,0,0.999970555305481,547.8311643741642,0.999970555305481,1.2903798051411286e-05,1.4815647091381834e-06,1.3046127378402161e-06,1.4102972727414453e-06,1.6849471649038605e-06,1.4048646335140802e-06,1.672526877882774e-06,1.4297888810688164e-06,2.6037853331217775e-06,1.9537026219040854e-06,1.521799049442052e-06
1344,44040192,0.00011197999999999953,6.852431240246409,6.971232354875947,0.78125,0.8484375,0.01870313100516796,26.13835906982422,7.868840839364566e-06,0.0,-1.231762170791626,1,0,0.999970555305481,547.8110081432669,0.999970555305481,1.2894450264866464e-05,1.480796299802023e-06,1.3039348232268821e-06,1.4095644473854918e-06,1.6840715488797287e-06,1.4041346503290697e-06,1.671659447310958e-06,1.4290471881395206e-06,2.602241465865518e-06,1.952612819877686e-06,1.5210082437988603e-06
1345,44072960,0.00011183999999999954,6.5628378206344165,6.914919800182512,0.90625,0.846875,0.08076899498701096,22.410446166992188,7.864796316425782e-06,0.0,-1.2326438426971436,1,0,0.999970555305481,547.8015053907,0.999970555305481,1.2885168871434871e-05,1.4800367580392049e-06,1.3032658898737282e-06,1.4088412854107446e-06,1.6831996845212416e-06,1.403414557898941e-06,1.6707955410311115e-06,1.4283142490967293e-06,2.6007180622400483e-06,1.951533022293006e-06,1.5202281247184146e-06
1346,44105728,0.00011169999999999954,6.490041622329292,6.880119667095309,0.890625,0.846875,0.007173377554863691,23.91484832763672,7.86062992119696e-06,0.0,-1.2327184677124023,1,0,0.999970555305481,547.7920316129341,0.999970555305481,1.287567283725366e-05,1.479249363001145e-06,1.3025739917793544e-06,1.4080932260185364e-06,1.6823041733005084e-06,1.402669226990838e-06,1.6699066236469662e-06,1.4275542525865603e-06,2.5991560050897533e-06,1.95039615391579e-06,1.5194207207969157e-06
1347,44138496,0.00011155999999999953,6.863562444727301,6.857657694717007,0.921875,0.85,-0.017672713845968246,27.90520477294922,7.857089258322958e-06,0.0,-1.23360013961792,1,0,0.999970555305481,547.785853372363,0.999970555305481,1.2867595614807215e-05,1.4785836128794472e-06,1.3019865718888468e-06,1.4074581713430234e-06,1.6815454273455543e-06,1.402036673425755e-06,1.6691520841050078e-06,1.4269118082665955e-06,2.5978254143410595e-06,1.949433226400288e-06,1.5187355302259675e-06
1348,44171264,0.00011141999999999954,7.2125934641736595,6.873792180336705,0.9375,0.85625,-0.05192875489592552,23.117122650146484,7.846430889912881e-06,0.0,-1.2350497245788574,1,0,0.9999707937240601,547.7461068538291,0.9999707937240601,1.2854217857238837e-05,1.4774731198485824e-06,1.3010087513976032e-06,1.4064013384995633e-06,1.6802634945634054e-06,1.4009837059347774e-06,1.6678826568750083e-06,1.4258403098210692e-06,2.5956294393836288e-06,1.947796363310772e-06,1.5175949101831065e-06
1349,44204032,0.00011127999999999953,7.031596806398571,6.900404001304293,0.9375,0.8625,0.00220518559217453,23.988794326782227,7.842527338652872e-06,0.0,-1.2349929809570312,1,0,0.9999707937240601,547.734536308313,0.9999707937240601,1.284530935663497e-05,1.4767350648980937e-06,1.3003600543015637e-06,1.4057000043976586e-06,1.6794257362562348e-06,1.400285100316978e-06,1.6670510376570746e-06,1.4251279480959056e-06,2.594159241198213e-06,1.9467322545096977e-06,1.5168382105912315e-06
1350,44236800,0.00011113999999999954,7.6290220789200545,6.925666014441569,1.0,0.875,0.050562337040901184,26.465999603271484,7.838983947294764e-06,0.0,-1.235554575920105,1,0,0.9999707937240601,547.7230903730976,0.9999707937240601,1.2837189387937542e-05,1.4760705653316109e-06,1.2997734302189201e-06,1.4050659729036852e-06,1.6786667629276053e-06,1.3996535699334345e-06,1.6662992265992216e-06,1.424486640644318e-06,2.5928238756023347e-06,1.9457986581983278e-06,1.5161541568886605e-06
1351,44269568,0.00011099999999999953,6.891707909265289,6.89651824961962,0.890625,0.8796875,0.031921640038490295,25.156265258789062,7.83667837822577e-06,0.0,-1.2361412048339844,1,0,0.9999707937240601,547.7391237292895,0.9999707937240601,1.2831890671805013e-05,1.4756369637325406e-06,1.2993917835046886e-06,1.4046534033695934e-06,1.6781737031124067e-06,1.3992425920150708e-06,1.66580980476283e-06,1.4240682730815024e-06,2.5919507606886327e-06,1.9451899788691662e-06,1.5157089592321427e-06
1352,44302336,0.00011085999999999953,7.28509887365249,6.9759964748662044,0.96875,0.9,0.10485668480396271,19.517822265625,7.832852134015411e-06,0.0,-1.2365936040878296,1,0,0.9999707937240601,547.7249060441609,0.9999707937240601,1.2823154975194484e-05,1.4749194860996795e-06,1.2987597983737942e-06,1.4039702591617242e-06,1.6773416291471221e-06,1.398562176291307e-06,1.664986939431401e-06,1.4233756928661023e-06,2.590520125522744e-06,1.944155201272224e-06,1.5149719274631934e-06
1353,44335104,0.00011071999999999954,6.643870783178883,6.9462763043526365,0.875,0.9109375,0.15634547173976898,27.63854217529297,7.829046808183193e-06,0.0,-1.2370730638504028,1,0,0.9999707937240601,547.7274230946488,0.9999707937240601,1.281449840462301e-05,1.4742050780114369e-06,1.298135885008378e-06,1.4032955277798465e-06,1.6764844303907012e-06,1.3978886954646441e-06,1.6641361071378924e-06,1.4226891380531015e-06,2.5891220047924435e-06,1.943109737112536e-06,1.514233758825867e-06
1354,44367872,0.00011057999999999953,6.995365410954827,6.96056972142348,0.953125,0.928125,-0.0740702822804451,18.65777015686035,7.824477506801486e-06,0.0,-1.2374112606048584,1,0,0.9999707937240601,547.7008444858985,0.9999707937240601,1.2804104699171148e-05,1.4733448097103974e-06,1.2973783896086388e-06,1.4024769825482508e-06,1.675506382525782e-06,1.3970731060908292e-06,1.6631652215437498e-06,1.4218589967640582e-06,2.5874066977848997e-06,1.941876007549581e-06,1.5133502984099323e-06
1355,44400640,0.00011043999999999953,6.797141204174461,6.984000059777483,0.828125,0.9203125,0.0066384561359882355,21.409183502197266,7.82206370786298e-06,0.0,-1.238138198852539,1,0,0.9999707937240601,547.7069782967154,0.9999707937240601,1.2798500392818823e-05,1.4728939277119935e-06,1.2969812814844772e-06,1.4020463368069613e-06,1.6749935412008199e-06,1.3966467804493732e-06,1.6626561318844324e-06,1.4214251677913126e-06,2.586486516520381e-06,1.9412759684200864e-06,1.5128855466173263e-06
1356,44433408,0.00011029999999999954,6.6055020403469165,6.9955461015792455,0.859375,0.9171875,-0.0066115036606788635,25.1436824798584,7.819095117156394e-06,0.0,-1.238992691040039,1,0,0.9999707937240601,547.6993254343857,0.9999707937240601,1.2791618246410508e-05,1.4723364074598067e-06,1.2964902680323576e-06,1.4015168972036918e-06,1.6743593960200087e-06,1.396116772411915e-06,1.6620267615508055e-06,1.4208856100594858e-06,2.585349648143165e-06,1.940528363775229e-06,1.5123142702577752e-06
1357,44466176,0.00011015999999999953,7.317366273771244,7.04092648448364,0.90625,0.915625,0.0042525604367256165,23.228435516357422,7.814344826329034e-06,0.0,-1.2388043403625488,1,0,0.9999709129333496,547.7009823513877,0.9999709129333496,1.2786180377588607e-05,1.4718942793479073e-06,1.2961010042999987e-06,1.4010947779752314e-06,1.6738566728236037e-06,1.395698973283288e-06,1.6615276763332076e-06,1.420460421286407e-06,2.5844549327302957e-06,1.939925141414278e-06,1.5118588407858624e-06
1358,44498944,0.00011001999999999952,6.949849495526008,7.014652087618875,0.890625,0.9109375,0.007529757916927338,20.10637664794922,7.811070645402651e-06,0.0,-1.2389259338378906,1,0,0.9999709129333496,547.7002115725311,0.9999709129333496,1.2778719792549964e-05,1.4712754818901885e-06,1.295556103286799e-06,1.4005070170242107e-06,1.673151245995541e-06,1.3951107575849164e-06,1.6608290707154083e-06,1.4198618600858026e-06,2.5832230221567443e-06,1.939029971254058e-06,1.5112245819182135e-06
1359,44531712,0.00010987999999999952,6.454858405142948,6.956978247493312,0.8125,0.8984375,0.03187394142150879,19.659404754638672,7.807320798747241e-06,0.0,-1.2400554418563843,1,0,0.9999709129333496,547.6908621733008,0.9999709129333496,1.2770131434081122e-05,1.4705711919305031e-06,1.2949360552738653e-06,1.3998366057421663e-06,1.67235043591063e-06,1.3944429611001397e-06,1.660034058659221e-06,1.4191822401699028e-06,2.5818067115324084e-06,1.9380463527340908e-06,1.5105014199434663e-06
1360,44564480,0.00010973999999999953,7.358685085713639,6.929944548172671,0.84375,0.8828125,-0.07224122434854507,18.302444458007812,7.803683729434852e-06,0.0,-1.2408674955368042,1,0,0.9999709129333496,547.6794580857721,0.9999709129333496,1.2761815924022812e-05,1.469885546612204e-06,1.2943322644787258e-06,1.3991826790515915e-06,1.6715611081963289e-06,1.3937940366304247e-06,1.6592522342762095e-06,1.4185219470164157e-06,2.5804381493799156e-06,1.9370634163351497e-06,1.5097955383680528e-06
1361,44597248,0.00010959999999999952,7.132245590953593,6.9539983163415,0.84375,0.878125,0.03419456630945206,18.928184509277344,7.80069240136072e-06,0.0,-1.2410073280334473,1,0,0.9999709129333496,547.6810937432803,0.9999709129333496,1.2755013813148253e-05,1.4693222283312934e-06,1.293836021432071e-06,1.398646304551221e-06,1.6709171859474736e-06,1.3932600495536462e-06,1.6586130868745386e-06,1.4179781828715932e-06,2.5793187887757085e-06,1.9362450984772295e-06,1.5092169860508875e-06
1362,44630016,0.00010945999999999952,7.338649232639227,6.959353352240174,0.84375,0.865625,-0.02081328257918358,12.068788528442383,7.798231308697723e-06,0.0,-1.241753339767456,1,0,0.9999709129333496,547.6906799945624,0.9999709129333496,1.2749419511237647e-05,1.4688612282043323e-06,1.2934301594214048e-06,1.3982088375996682e-06,1.6703692153896554e-06,1.392821559420554e-06,1.658075461818953e-06,1.4175319620335358e-06,2.578406338216155e-06,1.9355675249244086e-06,1.5087448446138296e-06
1363,44662784,0.00010931999999999953,7.195465188138394,7.0145127927361255,0.828125,0.8609375,0.03492327034473419,27.87637710571289,7.79468518885551e-06,0.0,-1.2427737712860107,1,0,0.9999709129333496,547.680485693703,0.9999709129333496,1.2741325008391868e-05,1.46819320434588e-06,1.2928419437230332e-06,1.3975715091874008e-06,1.669601601861359e-06,1.392189346915984e-06,1.6573164884903235e-06,1.4168886082188692e-06,2.5770764295884874e-06,1.934610054377117e-06,1.5080572666192893e-06
1364,44695552,0.00010917999999999953,6.724934022784037,6.987469653919047,0.8125,0.846875,0.05333762243390083,21.725296020507812,7.791295502102003e-06,0.0,-1.2419663667678833,1,0,0.9999709129333496,547.6700726519825,0.9999709129333496,1.2733562471112236e-05,1.4675576949230162e-06,1.2922822634209297e-06,1.3969666952107218e-06,1.6688788946339628e-06,1.3915866929892218e-06,1.6565991245443001e-06,1.4162753814161988e-06,2.5757888124644523e-06,1.9337412595632486e-06,1.507404363110254e-06
1365,44728320,0.00010903999999999953,7.162505340437355,7.024006067545335,0.75,0.8390625,0.06559401005506516,23.522855758666992,7.78834419179475e-06,0.0,-1.2425144910812378,1,0,0.9999709129333496,547.662861708196,0.9999709129333496,1.272678764507873e-05,1.4670008567918558e-06,1.2917919320898363e-06,1.396436573486426e-06,1.668245431574178e-06,1.3910586176280049e-06,1.6559704363316996e-06,1.415737870047451e-06,2.5746717255969997e-06,1.9329556835145922e-06,1.5068324046296766e-06
1366,44761088,0.00010889999999999952,7.090415190365793,7.072497382547224,0.71875,0.825,0.03560296446084976,14.960755348205566,7.785280104144476e-06,0.0,-1.2436522245407104,1,0,0.9999709129333496,547.6649745321454,0.9999709129333496,1.2719835467578378e-05,1.4664217360405019e-06,1.2912820466226549e-06,1.3958853060103138e-06,1.6675853657943662e-06,1.3905096238886472e-06,1.655313553783344e-06,1.4151789855532115e-06,2.5735250801517395e-06,1.9321078070788644e-06,1.5062375950947171e-06
1367,44793856,0.00010875999999999952,6.917482078721736,7.032508963042273,0.8125,0.815625,-0.09039521962404251,19.081436157226562,7.78210142016178e-06,0.0,-1.2449183464050293,1,0,0.9999709129333496,547.6542192771085,0.9999709129333496,1.2712534953607246e-05,1.4658273812528932e-06,1.2907587461086223e-06,1.3953209645478637e-06,1.6669097249177867e-06,1.3899447139920085e-06,1.6546445067433524e-06,1.4146040712148533e-06,2.5723277303768555e-06,1.931282668010681e-06,1.5056286883918801e-06
1368,44826624,0.00010861999999999953,6.667700956345744,7.004294109124247,0.875,0.8140625,0.00280638225376606,15.24095344543457,7.777531209285371e-06,0.0,-1.2453595399856567,1,0,0.9999710321426392,547.6697764386504,0.9999710321426392,1.2707505447906442e-05,1.4654182223239332e-06,1.2903983588330448e-06,1.394929995512939e-06,1.666444063630479e-06,1.3895579513700795e-06,1.654180778132286e-06,1.414210487382661e-06,2.571496452219435e-06,1.9307303773530293e-06,1.5052066828502575e-06
1369,44859392,0.00010847999999999953,7.617808493256148,7.120589117935566,0.953125,0.828125,-0.062321003526449203,18.987693786621094,7.773438483127393e-06,0.0,-1.2464838027954102,1,0,0.9999710321426392,547.6551416005949,0.9999710321426392,1.269817857973976e-05,1.4646469708168297e-06,1.2897191936644958e-06,1.3941958059149329e-06,1.6655465060466668e-06,1.3888266039430164e-06,1.6532944755454082e-06,1.4134661796560977e-06,2.569966682131053e-06,1.9296055597806117e-06,1.504414626651851e-06
1370,44892160,0.00010833999999999954,7.011000608168417,7.085820670181045,0.9375,0.8375,-0.027847880497574806,14.434782028198242,7.767697752569802e-06,0.0,-1.2484328746795654,1,0,0.9999710321426392,547.6139647879794,0.9999710321426392,1.268514279217925e-05,1.4635633078796673e-06,1.288765133722336e-06,1.3931644389231224e-06,1.6643078879496898e-06,1.3877992159905261e-06,1.6520650660822866e-06,1.4124204881227342e-06,2.56781322605093e-06,1.928036454046378e-06,1.5033016325105564e-06
1371,44924928,0.00010819999999999953,6.838603734210645,7.056456484506751,0.890625,0.8421875,-0.0720171108841896,25.49687957763672,7.765106602164451e-06,0.0,-1.2492940425872803,1,0,0.9999710321426392,547.6232061018825,0.9999710321426392,1.2679180144914426e-05,1.463079115637811e-06,1.2883386943940422e-06,1.3927046893513761e-06,1.6637557109788759e-06,1.3873386706109159e-06,1.6515199376954115e-06,1.411951757290808e-06,2.5668289254099363e-06,1.9273820726084523e-06,1.502805616837577e-06
1372,44957696,0.00010805999999999953,7.085959851474314,7.0311875463902584,0.875,0.8453125,0.05105942487716675,27.81169891357422,7.763285793771502e-06,0.0,-1.250030517578125,1,0,0.9999710321426392,547.6428306632909,0.9999710321426392,1.2674995559791569e-05,1.4627357813878916e-06,1.2880365147793782e-06,1.392378067066602e-06,1.6633654240649776e-06,1.3870132988813566e-06,1.6511324929524562e-06,1.411620587532525e-06,2.5661338440841064e-06,1.9269155018264428e-06,1.50245318764064e-06
1373,44990464,0.00010791999999999954,7.008220353075371,7.012463062883957,0.890625,0.8515625,0.0003851577639579773,22.9248104095459,7.761471351841465e-06,0.0,-1.2501344680786133,1,0,0.9999710321426392,547.6605170427978,0.9999710321426392,1.2670814612647519e-05,1.4623969946114812e-06,1.287738086830359e-06,1.3920540595790953e-06,1.6629816173008294e-06,1.3866932704331703e-06,1.6507483451277949e-06,1.4112947610556148e-06,2.565443764979136e-06,1.9264634829596616e-06,1.502103600614646e-06
1374,45023232,0.00010777999999999953,7.287281547422901,7.068697815347844,0.953125,0.865625,-0.04291898384690285,19.435264587402344,7.759427717246581e-06,0.0,-1.2508875131607056,1,0,0.9999710321426392,547.670840688165,0.9999710321426392,1.2666127986449283e-05,1.4620134152210085e-06,1.2874004369223258e-06,1.3916904890720616e-06,1.6625438092887634e-06,1.3863282219972461e-06,1.6503171309523168e-06,1.410923459843616e-06,2.564665919635445e-06,1.9259416603745194e-06,1.5017110399639932e-06
1375,45056000,0.00010763999999999952,7.329472942906577,7.085394575594765,0.9375,0.884375,0.023010650649666786,18.64370346069336,7.756058039376512e-06,0.0,-1.2508410215377808,1,0,0.9999710321426392,547.6647647908947,0.9999710321426392,1.2658422747335862e-05,1.4613764278692543e-06,1.2868393923781696e-06,1.3910828329244396e-06,1.661817918829911e-06,1.3857254543836461e-06,1.6495965837748372e-06,1.4103101193541079e-06,2.5633919449319365e-06,1.925038077388308e-06,1.5010554079708527e-06
1376,45088768,0.00010749999999999951,7.1165326638262165,7.088006322940807,0.9375,0.90625,-0.05199692025780678,14.3517427444458,7.75135322328424e-06,0.0,-1.2514736652374268,1,0,0.9999710321426392,547.6381206313293,0.9999710321426392,1.264775619347347e-05,1.4604876241719467e-06,1.2860566585004563e-06,1.3902365481044399e-06,1.6608023543085437e-06,1.384882580168778e-06,1.64859000051365e-06,1.4094521247898228e-06,2.561630026320927e-06,1.9237445485487115e-06,1.5001423889771104e-06
1377,45121536,0.00010735999999999951,7.394516841694108,7.135709799238045,0.9375,0.91875,-0.11282260715961456,14.968738555908203,7.749389624223113e-06,0.0,-1.251572847366333,1,0,0.9999710321426392,547.6535824165682,0.9999710321426392,1.264329330297187e-05,1.4601184830098646e-06,1.2857316278314102e-06,1.3898866200179327e-06,1.6603747781118727e-06,1.3845312878402183e-06,1.6481654938615975e-06,1.409094693372026e-06,2.560892426117789e-06,1.923214313137578e-06,1.4997647213021992e-06
1378,45154304,0.0001072199999999995,7.586669126198204,7.227606616223291,0.96875,0.928125,0.059267088770866394,21.531322479248047,7.745483344478998e-06,0.0,-1.2525272369384766,1,0,0.9999710321426392,547.6345983377109,0.9999710321426392,1.2634386621357407e-05,1.4593833839171566e-06,1.285084408664261e-06,1.3891868775317562e-06,1.6595372471783776e-06,1.383834273838147e-06,1.6473341020173393e-06,1.4083852875046432e-06,2.5594274575269083e-06,1.9221652109990828e-06,1.4990096133260522e-06
1379,45187072,0.00010707999999999951,7.763716851550575,7.242197452052733,0.953125,0.928125,0.062183212488889694,18.906723022460938,7.73730698711006e-06,0.0,-1.2532211542129517,1,0,0.9999711513519287,547.5905433758137,0.9999711513519287,1.2621248970390297e-05,1.4582928997697309e-06,1.2841240959460265e-06,1.3881489167033578e-06,1.6582655462116236e-06,1.3828001783622312e-06,1.6460749066027347e-06,1.4073328884478542e-06,2.557270818215329e-06,1.920562226587208e-06,1.4978894569139811e-06
1380,45219840,0.00010693999999999951,7.654663435072019,7.306563734743094,0.90625,0.925,-0.013805324211716652,18.28891372680664,7.735433428024407e-06,0.0,-1.2537925243377686,1,0,0.9999711513519287,547.6066040131361,0.9999711513519287,1.2617000720638316e-05,1.4579396747649298e-06,1.2838130487580202e-06,1.3878126310373773e-06,1.6578637769271154e-06,1.3824652569383034e-06,1.6456760931760073e-06,1.4069920553083648e-06,2.5565661871951306e-06,1.920054955917294e-06,1.4975266822148114e-06
1381,45252608,0.00010679999999999952,7.540762706590651,7.376779631981094,0.953125,0.93125,0.1236124038696289,26.017602920532227,7.73344982007984e-06,0.0,-1.2541157007217407,1,0,0.9999711513519287,547.6178301873997,0.9999711513519287,1.2612441423698328e-05,1.4575670093108783e-06,1.2834849485443556e-06,1.3874579281036858e-06,1.6574401797697647e-06,1.3821120319335023e-06,1.6452556792501127e-06,1.4066324638406513e-06,2.555812898208387e-06,1.9195422282791696e-06,1.4971440123190405e-06
1382,45285376,0.00010665999999999951,6.782714895549799,7.346455136388643,0.9375,0.9375,0.051590725779533386,24.890121459960938,7.731600817351136e-06,0.0,-1.2543548345565796,1,0,0.9999711513519287,547.6354049624914,0.9999711513519287,1.2608207725861575e-05,1.457219582334801e-06,1.2831790172640467e-06,1.387127099405916e-06,1.6570452316955198e-06,1.3817824537909473e-06,1.6448635733468109e-06,1.4062972013562103e-06,2.5551107682986185e-06,1.9190702005289495e-06,1.4967870356485946e-06
1383,45318144,0.00010651999999999952,7.197979997438502,7.365431100824955,0.859375,0.934375,-0.02977701462805271,17.77882957458496,7.729486242169514e-06,0.0,-1.2540183067321777,1,0,0.9999711513519287,547.6542229349509,0.9999711513519287,1.260342378373025e-05,1.456819404666021e-06,1.2828265880671097e-06,1.3867461348127108e-06,1.6565900295972824e-06,1.3814029671266326e-06,1.644410190237977e-06,1.40591100716847e-06,2.554319053160725e-06,1.9184828943252796e-06,1.4963759440433932e-06
1384,45350912,0.0001063799999999995,7.394155236140463,7.376118469696711,0.875,0.9265625,-0.01461564376950264,19.4378662109375,7.724784154561348e-06,0.0,-1.2552475929260254,1,0,0.9999711513519287,547.627032603747,0.9999711513519287,1.2592742677952629e-05,1.4559333294528187e-06,1.2820463552998262e-06,1.3859026921636541e-06,1.655582309467718e-06,1.3805628213958698e-06,1.6434099734397023e-06,1.4050557410882902e-06,2.5525582714180928e-06,1.9172043721482623e-06,1.4954658809074317e-06
1385,45383680,0.0001062399999999995,7.381995550752739,7.3813707304813265,0.90625,0.9234375,0.01273362711071968,26.555864334106445,7.722928785369731e-06,0.0,-1.2560789585113525,1,0,0.9999711513519287,547.6445969208384,0.9999711513519287,1.258848078578012e-05,1.4555835150531493e-06,1.2817383776564384e-06,1.3855695897291298e-06,1.6551846329093678e-06,1.3802310832033982e-06,1.6430150253654574e-06,1.4047183185539325e-06,2.551852503529517e-06,1.9167180198564893e-06,1.4951065168133937e-06
1386,45416448,0.00010609999999999949,7.0889108433459675,7.378608548433303,0.84375,0.9140625,0.04443033039569855,17.309616088867188,7.720255780441221e-06,0.0,-1.255420446395874,1,0,0.9999711513519287,547.6499276805611,0.9999711513519287,1.2582346244016662e-05,1.4550810192304198e-06,1.2812959084840259e-06,1.3850914228896727e-06,1.654613242862979e-06,1.3797546216665069e-06,1.6424478417320643e-06,1.4042334441910498e-06,2.5508379621896893e-06,1.9160272586304927e-06,1.4945903785701375e-06
1387,45449216,0.0001059599999999995,7.049960241787748,7.344152888442666,0.828125,0.903125,0.02483956515789032,22.05776596069336,7.718078450125176e-06,0.0,-1.2559890747070312,1,0,0.9999711513519287,547.6621551783401,0.9999711513519287,1.257734311366221e-05,1.4546731108566746e-06,1.2809366580768256e-06,1.3847031823388534e-06,1.6541494005650748e-06,1.379367859044578e-06,1.6419874100392917e-06,1.4038396329851821e-06,2.5500132778688567e-06,1.915471784741385e-06,1.4941714425731334e-06
1388,45481984,0.0001058199999999995,7.141254486826609,7.299611424505507,0.828125,0.8890625,-0.05889866501092911,17.754377365112305,7.715401807217859e-06,0.0,-1.2566094398498535,1,0,0.9999711513519287,547.6631234469739,0.9999711513519287,1.2571227671287488e-05,1.4541695918524056e-06,1.2804932794097112e-06,1.3842225143889664e-06,1.6535751683477429e-06,1.3788917385681998e-06,1.6414206811532495e-06,1.4033550996828126e-06,2.5489973722869763e-06,1.9147776129102567e-06,1.4936528032194474e-06
1389,45514752,0.0001056799999999995,6.758682057777746,7.199107945128224,0.78125,0.871875,0.018728621304035187,26.236835479736328,7.713023478572723e-06,0.0,-1.2560944557189941,1,0,0.9999711513519287,547.6774070003777,0.9999711513519287,1.2565797987917904e-05,1.453723029953835e-06,1.2801000366380322e-06,1.383797552989563e-06,1.6530676703041536e-06,1.3784683687845245e-06,1.6409168210884673e-06,1.4029242265678477e-06,2.548102656874107e-06,1.9141496068186825e-06,1.4931940768292407e-06
1390,45547520,0.00010553999999999951,6.700558593305539,7.103697460951577,0.7604166666666666,0.8572916666666666,0.030861709266901016,27.44816017150879,7.710649697401095e-06,0.0,-1.2561615705490112,1,0,0.9999711513519287,547.6853962329583,0.9999711513519287,1.2560371942527127e-05,1.45327669542894e-06,1.2797070212400286e-06,1.3833725915901596e-06,1.6525600585737266e-06,1.3780449990008492e-06,1.6404128473368473e-06,1.4024934671397205e-06,2.54720384873508e-06,1.913536380016012e-06,1.492735691499547e-06
1391,45580288,0.0001053999999999995,6.8177640024840205,7.031397590540912,0.921875,0.8541666666666667,-0.010345108807086945,23.69121551513672,7.707816621405073e-06,0.0,-1.2566113471984863,1,0,0.9999711513519287,547.6876680621164,0.9999711513519287,1.255386905540945e-05,1.4527446410284028e-06,1.2792385177817778e-06,1.3828661167281098e-06,1.6519550172233721e-06,1.3775404568150407e-06,1.639812239773164e-06,1.401979943693732e-06,2.546125415392453e-06,1.91281196748605e-06,1.4921890851837816e-06
1392,45613056,0.0001052599999999995,6.679362990487238,7.021062400034657,0.9375,0.8541666666666666,0.07235420495271683,25.565641403198242,7.70286987972213e-06,0.0,-1.2561780214309692,1,0,0.9999712705612183,547.6984207862093,0.9999712705612183,1.254800554306712e-05,1.4522601077260333e-06,1.2788117373929708e-06,1.3824048892274732e-06,1.6514038634340977e-06,1.3770810483038076e-06,1.6392652923968853e-06,1.4015122360433452e-06,2.545149754951126e-06,1.9121355308016064e-06,1.4916913642082363e-06
1393,45645824,0.0001051199999999995,7.218304629801347,7.023094863270943,0.921875,0.8604166666666666,0.07995299249887466,32.563140869140625,7.700532478338573e-06,0.0,-1.256910800933838,1,0,0.9999712705612183,547.7091089905784,0.9999712705612183,1.2542656804725993e-05,1.451822413400805e-06,1.2784263390130945e-06,1.3819883406540612e-06,1.6509062561453902e-06,1.3766660913461237e-06,1.638771323086985e-06,1.4010898894412094e-06,2.544259132264415e-06,1.9115539089398226e-06,1.491241846451885e-06
1394,45678592,0.00010497999999999949,7.012717593690461,6.984951099025942,0.90625,0.8635416666666667,-0.05564814805984497,22.381736755371094,7.698409717704635e-06,0.0,-1.2575771808624268,1,0,0.9999712705612183,547.7235681242088,0.9999712705612183,1.253776645171456e-05,1.4514237136609154e-06,1.2780752740582102e-06,1.3816087403029087e-06,1.6504528730365564e-06,1.3762880826106993e-06,1.6383213505832828e-06,1.4007051731823594e-06,2.5434464987483807e-06,1.911023673528689e-06,1.490832232775574e-06
1395,45711360,0.00010483999999999948,6.820933323468562,6.928844876297523,0.921875,0.8651041666666666,0.018161926418542862,21.111509323120117,7.694817213632632e-06,0.0,-1.2579472064971924,1,0,0.9999712705612183,547.7077847348198,0.9999712705612183,1.2529505511338357e-05,1.4507497780869016e-06,1.2774818287653034e-06,1.3809685697196983e-06,1.649688101679203e-06,1.3756475709669758e-06,1.6375588529626839e-06,1.4000534065417014e-06,2.5420690690225456e-06,1.9101344150840305e-06,1.4901414715495775e-06
1396,45744128,0.00010469999999999948,6.765283171160686,6.896482109078995,0.90625,0.8713541666666667,0.025739101693034172,22.472015380859375,7.69088637753157e-06,0.0,-1.2584445476531982,1,0,0.9999712705612183,547.6919382030936,0.9999712705612183,1.2520511518232524e-05,1.4500097904601716e-06,1.276830175811483e-06,1.3802628018311225e-06,1.6488450000906596e-06,1.3749472600466106e-06,1.6367251873816713e-06,1.3993404763823492e-06,2.54057590609591e-06,1.9091219201072818e-06,1.4893801107973559e-06
1397,45776896,0.00010455999999999949,6.691380732522247,6.860624158152445,0.9375,0.8822916666666666,-0.08269064128398895,23.86061668395996,7.688928235438652e-06,0.0,-1.2587206363677979,1,0,0.9999712705612183,547.7082123051215,0.9999712705612183,1.2516034985310398e-05,1.4496405356112518e-06,1.2765050314555992e-06,1.37991264637094e-06,1.6484268599015195e-06,1.3745959677180508e-06,1.6363069335056935e-06,1.3989829312777147e-06,2.5398201159987366e-06,1.9086339761997806e-06,1.489002329435607e-06
1398,45809664,0.00010441999999999949,6.899707805881483,6.836469490057932,0.90625,0.8901041666666666,-0.09717321395874023,26.171310424804688,7.686415301577654e-06,0.0,-1.2595782279968262,1,0,0.9999712705612183,547.7123767182351,0.9999712705612183,1.2510282431321684e-05,1.4491678257400054e-06,1.2760889376295381e-06,1.3794626738672378e-06,1.647889234845934e-06,1.3741477005169145e-06,1.635773401176266e-06,1.3985268196847755e-06,2.5388612812093925e-06,1.9079968751611887e-06,1.488516772951698e-06
1399,45842432,0.0001042799999999995,7.38034448690984,6.898635732971142,0.96875,0.9088541666666666,0.045965153723955154,23.63447380065918,7.68309473642148e-06,0.0,-1.2601978778839111,1,0,0.9999712705612183,547.6969970280584,0.9999712705612183,1.2502637218858581e-05,1.4485461861113436e-06,1.2755414218190708e-06,1.3788709338768967e-06,1.647182330088981e-06,1.3735581205764902e-06,1.6350714986401726e-06,1.3979266668684431e-06,2.537597538321279e-06,1.9071637780143647e-06,1.4878780802973779e-06
1400,45875200,0.0001041399999999995,6.776931944817547,6.906273068122343,0.921875,0.925,0.13237237930297852,30.643341064453125,7.679681402805727e-06,0.0,-1.2602362632751465,1,0,0.9999712705612183,547.6844575149744,0.9999712705612183,1.2494817383412737e-05,1.4479038554782164e-06,1.2749759434882435e-06,1.378258275508415e-06,1.6464503005408915e-06,1.3729504644288681e-06,1.63434810929175e-06,1.3973082104712375e-06,2.5363010536239017e-06,1.9062891851717723e-06,1.4872169913360267e-06
1401,45907968,0.0001039999999999995,6.656142132671401,6.890110881141081,0.890625,0.921875,0.01582094095647335,20.28261947631836,7.676889254071284e-06,0.0,-1.2599213123321533,1,0,0.9999712705612183,547.6889072025958,0.9999712705612183,1.2488420907175168e-05,1.4473791907221312e-06,1.2745139201797429e-06,1.377758849230304e-06,1.6458537857033662e-06,1.3724529708269984e-06,1.6337559145540581e-06,1.3968019629828632e-06,2.5352369448228274e-06,1.9055802340517403e-06,1.4866781157252262e-06
1402,45940736,0.0001038599999999995,6.743619179164991,6.896536500008855,0.859375,0.9140625,-0.010474694892764091,25.26042938232422,7.67450728744734e-06,0.0,-1.260373592376709,1,0,0.9999712705612183,547.6982662962126,0.9999712705612183,1.2482943930081092e-05,1.446929218218429e-06,1.274117721550283e-06,1.3773305909126066e-06,1.6453420812467812e-06,1.3720261904381914e-06,1.633247961763118e-06,1.3963677929496043e-06,2.534323130021221e-06,1.904969849420013e-06,1.4862158650430501e-06
1403,45973504,0.0001037199999999995,7.445863879804242,6.919292425009145,0.921875,0.9140625,0.126754030585289,29.927959442138672,7.671794264751952e-06,0.0,-1.2608530521392822,1,0,0.9999712705612183,547.6938892855601,0.9999712705612183,1.2476719348342158e-05,1.4464202422459493e-06,1.273669340662309e-06,1.3768471944786143e-06,1.6447647794848308e-06,1.3715422255700105e-06,1.6326717968695448e-06,1.3958750741949189e-06,2.533293582018814e-06,1.904281248243933e-06,1.4856944972052588e-06
1404,46006272,0.0001035799999999995,7.352543818122396,6.9532750474523395,0.921875,0.915625,0.1046794205904007,25.418933868408203,7.666671990591567e-06,0.0,-1.2617305517196655,1,0,0.9999713897705078,547.6870736477603,0.9999713897705078,1.2470451110857539e-05,1.4459072872341494e-06,1.2732178902297164e-06,1.3763591368842754e-06,1.644181566007319e-06,1.3710559869650751e-06,1.632093017178704e-06,1.3953801953903167e-06,2.5322453893750207e-06,1.9036060621147044e-06,1.4851676723992568e-06
1405,46039040,0.00010343999999999951,6.842284633787546,6.955410178484239,0.890625,0.9125,0.009624648839235306,21.695735931396484,7.663407814106904e-06,0.0,-1.2621395587921143,1,0,0.9999713897705078,547.6728209465612,0.9999713897705078,1.2462960512493737e-05,1.4452938330578036e-06,1.2726776503768633e-06,1.3757737633568468e-06,1.643482391955331e-06,1.3704755019716686e-06,1.6314019148921943e-06,1.3947893648946774e-06,2.5309950615337584e-06,1.9027856978937052e-06,1.4845360283288755e-06
1406,46071808,0.00010329999999999952,7.355227926457436,7.014404654013911,0.90625,0.9125,0.07117798179388046,35.70838165283203,7.66096400184324e-06,0.0,-1.2625951766967773,1,0,0.9999713897705078,547.6719959748582,0.9999713897705078,1.2457352568162605e-05,1.4448348792939214e-06,1.272273493668763e-06,1.3753382290815352e-06,1.6429621609859169e-06,1.3700389445148176e-06,1.6308824797306443e-06,1.3943453041065368e-06,2.530058736738283e-06,1.9021832713406184e-06,1.4840661606285721e-06
1407,46104576,0.00010315999999999952,7.100908228659026,7.055357403627592,0.875,0.90625,0.002130713313817978,21.36457061767578,7.659047696506605e-06,0.0,-1.2625823020935059,1,0,0.9999713897705078,547.6898300217115,0.9999713897705078,1.2452992450562306e-05,1.44447119510005e-06,1.2719532378469012e-06,1.374992052660673e-06,1.6425485682702856e-06,1.369694132336008e-06,1.6304718428727938e-06,1.3939942391516524e-06,2.5293350063293474e-06,1.901664404613257e-06,1.4836925856798189e-06
1408,46137344,0.00010301999999999953,7.222366000066751,7.087623223046118,0.78125,0.89375,0.007141511887311935,23.215412139892578,7.657379683223553e-06,0.0,-1.2631210088729858,1,0,0.9999713897705078,547.7157279542982,0.9999713897705078,1.2449217138055246e-05,1.4441571920542629e-06,1.2716766377707245e-06,1.374693056277465e-06,1.6421773807451245e-06,1.369396386508015e-06,1.6301065670631942e-06,1.3936911500422866e-06,2.5287126845796593e-06,1.9012021539310808e-06,1.4833700561212027e-06
1409,46170112,0.00010287999999999953,7.1592022559809525,7.065508999953229,0.84375,0.88125,0.07583731412887573,21.862995147705078,7.653658030903898e-06,0.0,-1.2636566162109375,1,0,0.9999713897705078,547.6954688301531,0.9999713897705078,1.2440696082194336e-05,1.4434576769417617e-06,1.2710606824839488e-06,1.3740271924689296e-06,1.6413819139415864e-06,1.368733137496747e-06,1.6293170119752176e-06,1.3930160775998957e-06,2.527299784560455e-06,1.9002504814125132e-06,1.482651555306802e-06
1410,46202880,0.00010273999999999953,7.735421491525521,7.161357954624026,0.875,0.8765625,0.062108542770147324,34.672996520996094,7.651443411305081e-06,0.0,-1.264838457107544,1,0,0.9999713897705078,547.7029505503211,0.9999713897705078,1.2435678399924655e-05,1.4430393093789462e-06,1.270692223442893e-06,1.3736289474763907e-06,1.6409061345257214e-06,1.3683363704330986e-06,1.6288446431644843e-06,1.3926123756391462e-06,2.5264660052926047e-06,1.8996507833435317e-06,1.4822217053733766e-06
1411,46235648,0.00010259999999999954,7.504344334658793,7.2461781748227665,0.859375,0.8734375,0.08279351890087128,16.02643394470215,7.648273822269402e-06,0.0,-1.2649040222167969,1,0,0.9999713897705078,547.6968192452038,0.9999713897705078,1.2428493391780648e-05,1.4424434766624472e-06,1.2701676723736455e-06,1.3730605132877827e-06,1.6402254914282821e-06,1.3677727110916749e-06,1.6281691159747425e-06,1.392038711856003e-06,2.525275931475335e-06,1.8988049532708828e-06,1.4816083648838685e-06
1412,46268416,0.00010245999999999954,7.428400640714773,7.314656320977744,0.8958333333333334,0.8770833333333334,0.10858236998319626,28.01754379272461,7.642238415428437e-06,0.0,-1.2652699947357178,1,0,0.9999715089797974,547.6668020039302,0.9999715089797974,1.2420117855072021e-05,1.441757490283635e-06,1.2695635405179928e-06,1.3724087466471246e-06,1.6394437807321083e-06,1.3671207170773414e-06,1.627394567549345e-06,1.3913752354710596e-06,2.523884859328973e-06,1.8978854541273904e-06,1.4809050981057226e-06
1413,46301184,0.00010231999999999954,7.030073180496234,7.273077251046942,0.984375,0.8833333333333332,-0.026700716465711594,18.469032287597656,7.637310773134232e-06,0.0,-1.2673227787017822,1,0,0.9999715089797974,547.6298008754162,0.9999715089797974,1.2408905604388565e-05,1.4408283277589362e-06,1.2687453363469103e-06,1.3715241493628128e-06,1.6383809224862489e-06,1.3662397577718366e-06,1.6263411453110166e-06,1.390478701068787e-06,2.5220274437742773e-06,1.8965700974149513e-06,1.4799505834162119e-06
1414,46333952,0.00010217999999999953,7.169741949083864,7.254797064143091,0.96875,0.8880208333333334,0.04247760400176048,20.513885498046875,7.630898835486732e-06,0.0,-1.2688097953796387,1,0,0.9999716281890869,547.6088769176889,0.9999716281890869,1.2399727893352974e-05,1.4400701502381708e-06,1.268077767235809e-06,1.3708026926906314e-06,1.6375188351958059e-06,1.365520802210085e-06,1.625485424483486e-06,1.3897468988943729e-06,2.5205079055012902e-06,1.895505192806013e-06,1.4791719422646565e-06
1415,46366720,0.00010203999999999953,6.827662683115013,7.253334869075836,0.921875,0.8911458333333334,0.041532471776008606,20.372329711914062,7.625173566339072e-06,0.0,-1.2689030170440674,1,0,0.9999717473983765,547.5980775192298,0.9999717473983765,1.239209268533159e-05,1.4394427125807852e-06,1.267525249204482e-06,1.3702040178031893e-06,1.6368056776627782e-06,1.3649272432303405e-06,1.6247788607870461e-06,1.389142880725558e-06,2.5192348402924836e-06,1.8946650470752502e-06,1.4785262010263978e-06
1416,46399488,0.00010189999999999952,7.077492193181671,7.22556129574826,0.890625,0.8895833333333334,0.08698803186416626,17.694717407226562,7.621953500347445e-06,0.0,-1.2690554857254028,1,0,0.9999717473983765,547.5929910872673,0.9999717473983765,1.2384790352371056e-05,1.4388333511305973e-06,1.2669887610172736e-06,1.3696241012439714e-06,1.636101728763606e-06,1.3643494867210393e-06,1.6240848026427557e-06,1.388554778714024e-06,2.5180240754707484e-06,1.8937870436275261e-06,1.4779003549847403e-06
1417,46432256,0.00010175999999999951,7.419542459789268,7.257424718861285,0.90625,0.8927083333333334,0.03749013692140579,14.840997695922852,7.617271876370069e-06,0.0,-1.2699812650680542,1,0,0.9999717473983765,547.568513836846,0.9999717473983765,1.2374212928989436e-05,1.4379527328856057e-06,1.2662131894103368e-06,1.3687857745026122e-06,1.6350863916159142e-06,1.3635143432111363e-06,1.623078446755244e-06,1.387704969602055e-06,2.5162764814012917e-06,1.8925106815004256e-06,1.4769956351301516e-06
1418,46465024,0.00010161999999999952,7.647563865521409,7.299944505406749,0.921875,0.9067708333333334,0.053914397954940796,17.334251403808594,7.613757588842418e-06,0.0,-1.2705740928649902,1,0,0.9999717473983765,547.5549795201051,0.9999717473983765,1.2366225746518467e-05,1.437287778571772e-06,1.2656275885092327e-06,1.3681541304322309e-06,1.6343270772267715e-06,1.3628824717670796e-06,1.6223264083237154e-06,1.387061729474226e-06,2.5149524844891857e-06,1.8915651480710949e-06,1.4763140825380106e-06
1419,46497792,0.00010147999999999952,7.6728413148561705,7.351308411294271,0.953125,0.9177083333333333,-0.03740755096077919,16.999597549438477,7.609961812704569e-06,0.0,-1.2722246646881104,1,0,0.9999717473983765,547.5351610624468,0.9999717473983765,1.2357607374724466e-05,1.4365724609888275e-06,1.2649978771150927e-06,1.3674732599611161e-06,1.633513761589711e-06,1.3622042160932324e-06,1.6215188907153788e-06,1.386371536682418e-06,2.5135232135653496e-06,1.8905516299128067e-06,1.475579210818978e-06
1420,46530560,0.00010133999999999953,7.526321589044635,7.330398421046183,0.90625,0.9208333333333334,0.10182888805866241,19.39270782470703,7.606771305290749e-06,0.0,-1.2731397151947021,1,0,0.9999717473983765,547.5175538426397,0.9999717473983765,1.2350315046205651e-05,1.4359738997882232e-06,1.2644707112485776e-06,1.366901983601565e-06,1.632833004805434e-06,1.3616380556413787e-06,1.6208448414545273e-06,1.3857952581020072e-06,2.5123058549070265e-06,1.889758436846023e-06,1.4749630281585269e-06
1421,46563328,0.00010119999999999953,7.1589034143419,7.2958543290144915,0.875,0.9223958333333334,-0.05586933344602585,18.285480499267578,7.604197890032083e-06,0.0,-1.2733060121536255,1,0,0.9999717473983765,547.5185115684317,0.9999717473983765,1.2344416063569952e-05,1.435490503354231e-06,1.2640451814149856e-06,1.3664432572113583e-06,1.6322834426318877e-06,1.3611783060696325e-06,1.620297780391411e-06,1.3853274367647828e-06,2.5113236006291118e-06,1.8891063291448518e-06,1.474468035667087e-06
1422,46596096,0.00010105999999999954,7.302948818563424,7.2833091467993585,0.875,0.9203125,-0.06911546736955643,16.461074829101562,7.599303444294492e-06,0.0,-1.2744319438934326,1,0,0.9999717473983765,547.4822555452331,0.9999717473983765,1.2333248378126882e-05,1.434566684110905e-06,1.2632316384042497e-06,1.3655627526532044e-06,1.6312330899381777e-06,1.3603037132270401e-06,1.6192566363315564e-06,1.3844372688254225e-06,2.5094705051742494e-06,1.887823941615352e-06,1.473517727390572e-06
1423,46628864,0.00010091999999999954,7.459347279531651,7.3262365567029,0.875,0.909375,0.037550896406173706,18.715211868286133,7.59578870201949e-06,0.0,-1.2750470638275146,1,0,0.9999717473983765,547.4686183337093,0.9999717473983765,1.2325253010203596e-05,1.4339047993416898e-06,1.2626486523004132e-06,1.3649324728248757e-06,1.6304771861541667e-06,1.3596759345091414e-06,1.6185063032025937e-06,1.383798348797427e-06,2.508140141799231e-06,1.8869023961087805e-06,1.472837766414159e-06
1424,46661632,0.00010077999999999955,7.628138003283254,7.3720761621228394,0.9375,0.90625,0.03819964826107025,23.814594268798828,7.593482678203145e-06,0.0,-1.2754473686218262,1,0,0.9999717473983765,547.469195705913,0.9999717473983765,1.2319998859311454e-05,1.4334727893583477e-06,1.2622682561413967e-06,1.364521153845999e-06,1.6299842400258058e-06,1.3592662071459927e-06,1.618018586668768e-06,1.3833814591635019e-06,2.5072647531487746e-06,1.8863229342969134e-06,1.4723939329996938e-06
1425,46694400,0.00010063999999999955,7.417273035509214,7.43103719736226,0.953125,0.909375,-0.050140559673309326,20.822834014892578,7.588041171402438e-06,0.0,-1.2758219242095947,1,0,0.999971866607666,547.4585131866507,0.999971866607666,1.2313001207076013e-05,1.4328974202726386e-06,1.261761781279347e-06,1.3639748885907466e-06,1.6293317912641214e-06,1.3587196008302271e-06,1.6173693211385398e-06,1.3828249620928545e-06,2.5060985535674263e-06,1.8855497501135687e-06,1.471804580432945e-06
1426,46727168,0.00010049999999999956,7.201167652060295,7.443404743250122,0.9375,0.9140625,0.07153594493865967,22.218196868896484,7.58574924475397e-06,0.0,-1.275930643081665,1,0,0.999971866607666,547.4584264643595,0.999971866607666,1.2307776160014328e-05,1.432464387107757e-06,1.2613803619387909e-06,1.363561409561953e-06,1.6288377082673833e-06,1.3583102145275916e-06,1.6168803540494991e-06,1.3824082998326048e-06,2.505214524717303e-06,1.8849781326935044e-06,1.4713582459080499e-06
1427,46759936,0.00010035999999999956,7.047351589390723,7.406185656210267,0.90625,0.9140625,-0.008781665936112404,23.391860961914062,7.58188662075554e-06,0.0,-1.2752599716186523,1,0,0.999971866607666,547.4312558297607,0.999971866607666,1.2298953151912428e-05,1.4317377008410404e-06,1.2607405324160936e-06,1.3628698525280925e-06,1.6280114323308226e-06,1.3576210449173232e-06,1.6160602172021754e-06,1.381707079417538e-06,2.5037359137058957e-06,1.884011226138682e-06,1.4706118918184075e-06
1428,46792704,0.00010021999999999957,6.819815878172345,7.323410857475362,0.828125,0.9046875,-0.061398349702358246,18.621694564819336,7.578091754112393e-06,0.0,-1.2750706672668457,1,0,0.999971866607666,547.4125766588126,0.999971866607666,1.2290288395888638e-05,1.4310238611869863e-06,1.260111844203493e-06,1.3621914831674076e-06,1.6272011862383806e-06,1.3569429029303137e-06,1.6152544048964046e-06,1.3810167729388922e-06,2.5022918634931557e-06,1.8830484123100177e-06,1.4698799759571557e-06
1429,46825472,0.00010007999999999956,7.520068127923201,7.308133538782064,0.9375,0.903125,-0.014333789236843586,18.979944229125977,7.575077688670717e-06,0.0,-1.276073694229126,1,0,0.999971866607666,547.4002609142242,0.999971866607666,1.2283421710890252e-05,1.430453494322137e-06,1.2596096894412767e-06,1.3616486285172869e-06,1.6265526028291788e-06,1.3564019809564343e-06,1.614610596334387e-06,1.380466414957482e-06,2.5011468096636236e-06,1.8822763649950502e-06,1.4692941476823762e-06
1430,46858240,9.993999999999956e-05,7.383049378538731,7.293806317731473,0.90625,0.903125,0.07961936295032501,18.09365463256836,7.57193447498139e-06,0.0,-1.2771942615509033,1,0,0.999971866607666,547.3853739849088,0.999971866607666,1.2276230336283334e-05,1.4298601627160679e-06,1.2590871847351082e-06,1.3610824680654332e-06,1.6258765072052483e-06,1.3558407090386027e-06,1.6139409808602068e-06,1.3798952522847685e-06,2.4999401375680463e-06,1.8814884015228017e-06,1.4686834219901357e-06
1431,46891008,9.979999999999957e-05,7.2427234916477055,7.302188325462055,0.875,0.903125,0.038980018347501755,20.35787010192871,7.569247827632353e-06,0.0,-1.2773933410644531,1,0,0.999971866607666,547.3796569102259,0.999971866607666,1.2270097613509279e-05,1.429356984772312e-06,1.2586442608153448e-06,1.3606048696601647e-06,1.6253060266535613e-06,1.3553624285123078e-06,1.6133731151057873e-06,1.3794083315588068e-06,2.4989174107759027e-06,1.88081935448281e-06,1.4681680795547436e-06
1432,46923776,9.965999999999957e-05,7.266641626805368,7.298557606286249,0.875,0.903125,-0.12717244029045105,18.59722328186035,7.56669169277302e-06,0.0,-1.2779223918914795,1,0,0.999971866607666,547.3775415368577,0.999971866607666,1.2264272299944423e-05,1.4288746115198592e-06,1.258219413102779e-06,1.3601455748357694e-06,1.6247573739747168e-06,1.354904952677316e-06,1.6128285551531008e-06,1.3789427839583368e-06,2.4979333375085844e-06,1.8801844134941348e-06,1.467672518629115e-06
1433,46956544,9.951999999999958e-05,6.922855846460808,7.244908462979164,0.765625,0.8921875,-0.003047596663236618,21.33875274658203,7.563309281977126e-06,0.0,-1.2783074378967285,1,0,0.999971866607666,547.3633049386129,0.999971866607666,1.2256554327905178e-05,1.4282358051787014e-06,1.257656663256057e-06,1.3595362133855815e-06,1.6240293234659475e-06,1.3543003660743125e-06,1.6121073258545948e-06,1.3783273971057497e-06,2.4966473120002775e-06,1.879336537058407e-06,1.4670148402728955e-06
1434,46989312,9.937999999999958e-05,7.404335321481618,7.222528194799,0.796875,0.878125,-0.04463887959718704,18.532602310180664,7.560396170447348e-06,0.0,-1.2790908813476562,1,0,0.999971866607666,547.3485801973768,0.999971866607666,1.2249882274772972e-05,1.4276882893682341e-06,1.2571747447509551e-06,1.359014959234628e-06,1.623406774342584e-06,1.3537812719732756e-06,1.6114894378915778e-06,1.3777989806840196e-06,2.4955284061434213e-06,1.878616103567765e-06,1.4664524314866867e-06
1435,47022080,9.923999999999959e-05,7.349787213775395,7.21577961262562,0.90625,0.8734375,0.0786602646112442,25.518115997314453,7.5585626291285735e-06,0.0,-1.2792953252792358,1,0,0.999971866607666,547.3544449140155,0.999971866607666,1.2245712241565343e-05,1.4273410897658323e-06,1.2568690408443217e-06,1.3586859495262615e-06,1.6230135315709049e-06,1.3534506706491811e-06,1.6110975593619514e-06,1.377462695018039e-06,2.494826503607328e-06,1.8781593098537996e-06,1.4660972738056444e-06
1436,47054848,9.909999999999958e-05,7.119197195132314,7.207582566932821,0.9375,0.8734375,-0.02021629922091961,21.27025604248047,7.556068794656312e-06,0.0,-1.280439853668213,1,0,0.999971866607666,547.352055320092,0.999971866607666,1.2240015166753437e-05,1.426871563126042e-06,1.2564555618155282e-06,1.3582375686382875e-06,1.622478066565236e-06,1.3530067235478782e-06,1.6105675513244933e-06,1.3770107898380957e-06,2.4938678961916594e-06,1.8775415355776204e-06,1.4656135363111389e-06
1437,47087616,9.895999999999958e-05,7.303333635942356,7.233180771587984,0.953125,0.878125,0.11658480763435364,24.76038932800293,7.554271178378258e-06,0.0,-1.2813788652420044,1,0,0.999971866607666,547.3618257303674,0.999971866607666,1.2235906979185529e-05,1.4265326626627939e-06,1.256157133866509e-06,1.357916403321724e-06,1.622094600861601e-06,1.3526843076760997e-06,1.6101852224892355e-06,1.3766825759375934e-06,2.4931784992077155e-06,1.8770956558000762e-06,1.4652670188297634e-06
1438,47120384,9.881999999999957e-05,7.2956537493884355,7.280764558709594,0.953125,0.890625,-0.04691987484693527,17.958457946777344,7.547384484496433e-06,0.0,-1.2825376987457275,1,0,0.9999719858169556,547.3199614167434,0.9999719858169556,1.2225619684613775e-05,1.4256816029956099e-06,1.255407710232248e-06,1.357106157229282e-06,1.6211266711252392e-06,1.3518771311282762e-06,1.6092242276499746e-06,1.3758611885350547e-06,2.491452960384777e-06,1.8759684508040664e-06,1.4643926533608465e-06
1439,47153152,9.867999999999956e-05,7.412881697668115,7.270045915684084,0.9375,0.890625,-0.014715120196342468,20.541141510009766,7.545419975940604e-06,0.0,-1.2832123041152954,1,0,0.9999719858169556,547.3209554072342,0.9999719858169556,1.222117953147972e-05,1.4253104154704488e-06,1.2550808605737984e-06,1.3567514542955905e-06,1.6207030739678885e-06,1.351526407233905e-06,1.6088054053398082e-06,1.3755043255514465e-06,2.4907021725084633e-06,1.875480165836052e-06,1.4640099834650755e-06
1440,47185920,9.853999999999957e-05,6.6860308869197365,7.2003440665221845,0.875,0.8875,-0.07891935110092163,18.416561126708984,7.543036190327257e-06,0.0,-1.2836978435516357,1,0,0.9999719858169556,547.3215574602675,0.9999719858169556,1.2215807146276347e-05,1.424853735443321e-06,1.254678750228777e-06,1.3563169432018185e-06,1.6201837524931761e-06,1.3510933740690234e-06,1.6082899492175784e-06,1.3750636753684375e-06,2.4898020001273835e-06,1.8748793308986933e-06,1.463540911572636e-06
1441,47218688,9.839999999999957e-05,7.488420976727327,7.224913815030147,0.953125,0.8953125,0.02365390956401825,29.013099670410156,7.541054856119445e-06,0.0,-1.284271478652954,1,0,0.9999719858169556,547.3266773644776,0.9999719858169556,1.2211276953166816e-05,1.42448004680773e-06,1.254349626833573e-06,1.3559624676418025e-06,1.6197604963963386e-06,1.350737875327468e-06,1.607868284736469e-06,1.374701696477132e-06,2.489039843567298e-06,1.8743858163361438e-06,1.4631585827373783e-06
1442,47251456,9.825999999999956e-05,7.5403597589760665,7.2522856282472175,0.953125,0.903125,-0.12130080163478851,17.538616180419922,7.539237685705302e-06,0.0,-1.2846832275390625,1,0,0.9999719858169556,547.3353411184485,0.9999719858169556,1.2207142390252557e-05,1.424137849426188e-06,1.2540483567136107e-06,1.3556366411648924e-06,1.6193713463508175e-06,1.350413185718935e-06,1.6074819768618909e-06,1.3743714362135506e-06,2.488342261131038e-06,1.8739353890850907e-06,1.462807063035143e-06
1443,47284224,9.811999999999957e-05,7.377191095752902,7.297719153176428,0.9375,0.9203125,-0.10988572984933853,14.663158416748047,7.536798875662498e-06,0.0,-1.2854230403900146,1,0,0.9999719858169556,547.3346814160204,0.9999719858169556,1.2201579920656513e-05,1.4236774177334155e-06,1.2536428357634577e-06,1.3551971278502606e-06,1.6188462268473813e-06,1.3499779925041366e-06,1.6069622006398276e-06,1.3739285122937872e-06,2.487407527951291e-06,1.8733295519268722e-06,1.4623328752350062e-06
1444,47316992,9.797999999999957e-05,6.990797072254792,7.256365328253745,0.859375,0.9265625,-0.029978040605783463,20.090137481689453,7.534149062848883e-06,0.0,-1.2853727340698242,1,0,0.9999719858169556,547.3327854695325,0.9999719858169556,1.2195517228974495e-05,1.4231792420105194e-06,1.25320411825669e-06,1.3547241906053387e-06,1.6182813169507426e-06,1.3495042594513507e-06,1.6064000192272943e-06,1.3734463664150098e-06,2.4863925318641122e-06,1.8726724420048413e-06,1.4618225350204739e-06
1445,47349760,9.783999999999958e-05,7.611543140072056,7.28254092088341,0.96875,0.9328125,-0.004234076477587223,14.174139976501465,7.531311439379351e-06,0.0,-1.2864792346954346,1,0,0.9999719858169556,547.3203675668962,0.9999719858169556,1.2189042536192574e-05,1.4226445728127146e-06,1.2527333410616848e-06,1.354215214632859e-06,1.6176733197426074e-06,1.3489974435287877e-06,1.6057964558058302e-06,1.3729304555454291e-06,2.4853113700373797e-06,1.8719545096246293e-06,1.4612733139074408e-06
1446,47382528,9.769999999999958e-05,7.539889734436567,7.324610174813836,0.9375,0.9328125,-0.035848766565322876,21.10921859741211,7.528567493864102e-06,0.0,-1.2870572805404663,1,0,0.9999719858169556,547.3160276658967,0.9999719858169556,1.2182801583549008e-05,1.4221251376511646e-06,1.252275865226693e-06,1.3537193126467173e-06,1.6170811250049155e-06,1.3485059753293172e-06,1.605210059096862e-06,1.3724303471462918e-06,2.4842663606250426e-06,1.871247718554514e-06,1.4607383036491228e-06
1447,47415296,9.755999999999959e-05,7.2562246211383785,7.319899273333438,0.90625,0.928125,0.01779141277074814,20.21765899658203,7.524834927608026e-06,0.0,-1.2867751121520996,1,0,0.9999719858169556,547.294432494948,0.9999719858169556,1.2174287803645711e-05,1.4214227803677204e-06,1.2516575225163251e-06,1.3530508340409142e-06,1.6162824749699212e-06,1.347839997833944e-06,1.6044173207774293e-06,1.3717525462197955e-06,2.482845047779847e-06,1.8703003661357798e-06,1.4600167332901037e-06
1448,47448064,9.741999999999959e-05,7.646869228407123,7.355020821235307,0.9375,0.9265625,0.05153028666973114,14.028665542602539,7.521656698372681e-06,0.0,-1.2879457473754883,1,0,0.9999719858169556,547.2771709728449,0.9999719858169556,1.2167032764409669e-05,1.4208250149749801e-06,1.251131152457674e-06,1.3524831956601702e-06,1.6156043329829117e-06,1.3472720183926867e-06,1.6037425893955515e-06,1.3711743349631433e-06,2.481635419826489e-06,1.869496145445737e-06,1.4594043022952974e-06
1449,47480832,9.72799999999996e-05,7.37753346730077,7.351485998198572,0.9375,0.9265625,0.006038101390004158,19.24526596069336,7.516679943364579e-06,0.0,-1.2885336875915527,1,0,0.9999721050262451,547.271591183113,0.9999721050262451,1.2161130143795162e-05,1.4203374121279921e-06,1.2507017572715995e-06,1.3520190123017528e-06,1.6150499959621811e-06,1.3468097677105106e-06,1.6031922314141411e-06,1.3707038988286513e-06,2.4806467990856618e-06,1.8688421050683246e-06,1.4589035117751337e-06
1450,47513600,9.713999999999959e-05,7.580422909777119,7.44092520048431,0.921875,0.93125,0.016539694741368294,27.722225189208984,7.515187007811619e-06,0.0,-1.289321780204773,1,0,0.9999721050262451,547.2859514975681,0.9999721050262451,1.2157721357652918e-05,1.4200571740730084e-06,1.2504549431469059e-06,1.3517509387384052e-06,1.6147296264534816e-06,1.3465452184391324e-06,1.6028758409447619e-06,1.3704346883969265e-06,2.4800742721708957e-06,1.8684733049667557e-06,1.4586140650862944e-06
1451,47546368,9.699999999999959e-05,7.3408391840582174,7.426167021217398,0.890625,0.925,-0.0908847227692604,15.597806930541992,7.509135230066022e-06,0.0,-1.2887778282165527,1,0,0.9999722242355347,547.2704477052856,0.9999722242355347,1.2149400390626397e-05,1.4193627748682047e-06,1.2498434216468013e-06,1.3510912140191067e-06,1.6139415492943954e-06,1.3458853800329962e-06,1.6020921975723468e-06,1.369763140246505e-06,2.4786818357824814e-06,1.8675116280064685e-06,1.4579022717953194e-06
1452,47579136,9.68599999999996e-05,6.897792848862375,7.361910330206031,0.890625,0.91875,-0.05216564983129501,19.489408493041992,7.507217105739983e-06,0.0,-1.2904819250106812,1,0,0.9999722242355347,547.2851263396846,0.9999722242355347,1.2145032997068483e-05,1.4190026149663026e-06,1.2495264627432334e-06,1.350748448203376e-06,1.6135321629917598e-06,1.3455439784593182e-06,1.601685767127492e-06,1.3694157132704277e-06,2.477949010426528e-06,1.8670378949536826e-06,1.4575325621990487e-06
1453,47611904,9.67199999999996e-05,7.649591181942736,7.389150338825014,0.96875,0.921875,0.021563155576586723,20.212909698486328,7.503695997002069e-06,0.0,-1.291085958480835,1,0,0.9999722242355347,547.262143668394,0.9999722242355347,1.213700852531474e-05,1.418339707015548e-06,1.248942680831533e-06,1.350117486254021e-06,1.6127784192576655e-06,1.3449152902467176e-06,1.6009373666747706e-06,1.3687759974345681e-06,2.4766002297837986e-06,1.8661619378690375e-06,1.4568515780410962e-06
1454,47644672,9.65799999999996e-05,7.158124389179542,7.40588307051749,0.78125,0.9140625,-0.0698087066411972,23.220687866210938,7.501289928768529e-06,0.0,-1.291466236114502,1,0,0.9999722242355347,547.2643264097649,0.9999722242355347,1.2131512448831927e-05,1.417886778654065e-06,1.2485437537179678e-06,1.3496849078364903e-06,1.6122617125802208e-06,1.3444870319290203e-06,1.6004261169655365e-06,1.3683401220987434e-06,2.4756793663982535e-06,1.8655640587894595e-06,1.4563847798854113e-06
1455,47677440,9.643999999999958e-05,7.439535354510429,7.388682291961326,0.859375,0.903125,0.12016226351261139,28.020751953125,7.498457307519857e-06,0.0,-1.2920892238616943,1,0,0.9999722242355347,547.2546411122721,0.9999722242355347,1.2125058674428146e-05,1.4173527915772866e-06,1.2480735449571512e-06,1.349177864540252e-06,1.6116558754220023e-06,1.3439794201985933e-06,1.5998232356650988e-06,1.3678234154212987e-06,2.474598204571521e-06,1.864841806309414e-06,1.4558376051354571e-06
1456,47710208,9.629999999999959e-05,7.514832850631324,7.3861766035808,0.875,0.896875,-0.015257317572832108,19.533105850219727,7.4960516940336674e-06,0.0,-1.2928245067596436,1,0,0.9999722242355347,547.2504089149039,0.9999722242355347,1.2119578059355263e-05,1.4168999769026414e-06,1.2476748452172615e-06,1.3487456271832343e-06,1.6111395098050707e-06,1.3435513892545714e-06,1.59931221332954e-06,1.3673877674591495e-06,2.4736777959333267e-06,1.8642444956640247e-06,1.4553711480402853e-06
1457,47742976,9.61599999999996e-05,7.491177784309589,7.409671919897922,0.828125,0.8890625,-0.08061638474464417,11.788422584533691,7.492552867915947e-06,0.0,-1.2928378582000732,1,0,0.9999722242355347,547.2310749748927,0.9999722242355347,1.2111617252230644e-05,1.4162407069306937e-06,1.2470942465370172e-06,1.348118075839011e-06,1.610389972483972e-06,1.342926339020778e-06,1.5985680192898144e-06,1.3667515759152593e-06,2.4723478873056592e-06,1.8633468243933748e-06,1.4546941429216531e-06
1458,47775744,9.60199999999996e-05,7.504215840621048,7.395406581119313,0.90625,0.8859375,0.03405805304646492,19.84986114501953,7.490210919058882e-06,0.0,-1.2932592630386353,1,0,0.9999722242355347,547.2255537283489,0.9999722242355347,1.2106270332878921e-05,1.415799147252983e-06,1.2467054375520092e-06,1.3476989124683314e-06,1.6098895230243215e-06,1.3425062661553966e-06,1.5980697298800806e-06,1.366324113405426e-06,2.4714472601772286e-06,1.8627658846526174e-06,1.4542418966811965e-06
1459,47808512,9.58799999999996e-05,6.780466621528703,7.335699896542108,0.921875,0.884375,-0.01804274320602417,21.29837989807129,7.486495633202139e-06,0.0,-1.2933924198150635,1,0,0.9999722242355347,547.2039219082449,0.9999722242355347,1.2097822946088854e-05,1.4150984952721046e-06,1.2460886864573695e-06,1.3470307749230415e-06,1.6090912140498403e-06,1.3418432445178041e-06,1.597278924236889e-06,1.3656491546498728e-06,2.4700241283426294e-06,1.8618441117723705e-06,1.453520894756366e-06
1460,47841280,9.573999999999961e-05,6.909833545828132,7.268640960147209,0.921875,0.884375,-0.12828150391578674,22.349136352539062,7.484769867005525e-06,0.0,-1.2935141324996948,1,0,0.9999722242355347,547.2224025672483,0.9999722242355347,1.2093923942302354e-05,1.4147705087452778e-06,1.2457998082027189e-06,1.3467199551087106e-06,1.6087199128378415e-06,1.3415309467745828e-06,1.5969087598932674e-06,1.3653315136252786e-06,2.4693551949894754e-06,1.8614125565363793e-06,1.4531855185850873e-06
1461,47874048,9.559999999999961e-05,7.2103243540468895,7.255589477146077,0.921875,0.8875,0.037425458431243896,21.622081756591797,7.482261480618035e-06,0.0,-1.2949395179748535,1,0,0.9999722242355347,547.2237870762939,0.9999722242355347,1.2088249604857992e-05,1.414293024026847e-06,1.2453792805899866e-06,1.3462653214446618e-06,1.6081768308140454e-06,1.3410781320999376e-06,1.5963697705956292e-06,1.3648706271851552e-06,2.468396814947482e-06,1.860784209384292e-06,1.4526949598803185e-06
1462,47906816,9.54599999999996e-05,7.324376399135429,7.298247832173383,0.921875,0.890625,0.025152407586574554,25.691469192504883,7.478618954337435e-06,0.0,-1.2953137159347534,1,0,0.9999722242355347,547.2020649980236,0.9999722242355347,1.2079941370757297e-05,1.4136066965875216e-06,1.2447749213606585e-06,1.3456107126330608e-06,1.6073948927441961e-06,1.3404287528828718e-06,1.5955949947965564e-06,1.364209538223804e-06,2.4670016500749625e-06,1.8598778979139752e-06,1.451988623557554e-06
1463,47939584,9.531999999999961e-05,7.187063135901163,7.251995027569225,0.890625,0.8828125,0.08842413872480392,22.624820709228516,7.47344029150554e-06,0.0,-1.2956089973449707,1,0,0.9999723434448242,547.1960688239286,0.9999723434448242,1.2073608559148852e-05,1.4130771432974143e-06,1.2443085779523244e-06,1.345107875749818e-06,1.6067942851805128e-06,1.339925120191765e-06,1.5949972294038162e-06,1.3636972653330304e-06,2.465929128447897e-06,1.8591811112855794e-06,1.4514461099679465e-06
1464,47972352,9.517999999999961e-05,7.371277965172743,7.273310385168545,0.953125,0.9,-0.011343153193593025,22.707763671875,7.4720874181366526e-06,0.0,-1.2960052490234375,1,0,0.9999723434448242,547.2184429786645,0.9999723434448242,1.2070533557562158e-05,1.4128224847809179e-06,1.2440843875083374e-06,1.3448643585434183e-06,1.6065031331891078e-06,1.3396848999036592e-06,1.594709829078056e-06,1.3634527249450912e-06,2.4654093522258336e-06,1.8588458488011383e-06,1.4511831523122964e-06
1465,48005120,9.503999999999962e-05,7.376949820929465,7.2670518318104484,0.875,0.9015625,0.06826668977737427,21.135845184326172,7.470215678040404e-06,0.0,-1.295863389968872,1,0,0.9999723434448242,547.2309173092424,0.9999723434448242,1.2066298040736001e-05,1.412466758665687e-06,1.2437711802704143e-06,1.3445256854538457e-06,1.606098749107332e-06,1.339347704742977e-06,1.5943084008540609e-06,1.3631095043820096e-06,2.464692443027161e-06,1.8583779137770762e-06,1.4508177628158592e-06
1466,48037888,9.489999999999961e-05,7.4192903098782015,7.257497577735137,0.953125,0.909375,-0.0736192911863327,21.51268768310547,7.46721798350336e-06,0.0,-1.2969176769256592,1,0,0.9999723434448242,547.2173956352489,0.9999723434448242,1.2059476830472704e-05,1.411901166648022e-06,1.243273118234356e-06,1.343987264590396e-06,1.605455508979503e-06,1.3388113302426063e-06,1.5936698218865786e-06,1.3625638075609459e-06,2.4635410227347165e-06,1.8576338334241882e-06,1.450236709388264e-06
1467,48070656,9.475999999999961e-05,7.208305909473083,7.2292103902514855,0.859375,0.9125,0.01617758348584175,11.381598472595215,7.4631875577324536e-06,0.0,-1.296830415725708,1,0,0.9999723434448242,547.1922716448404,0.9999723434448242,1.2050326404278167e-05,1.4111406017036643e-06,1.2426033890733379e-06,1.3432645573629998e-06,1.6045923985075206e-06,1.3380887367020478e-06,1.5928114862617804e-06,1.3618283674077247e-06,2.462000338709913e-06,1.8566117887530709e-06,1.4494569313683314e-06
1468,48103424,9.461999999999962e-05,7.282503327426866,7.207039138932068,0.84375,0.90625,-0.025665855035185814,20.165081024169922,7.4626514106057584e-06,0.0,-1.296730637550354,1,0,0.9999723434448242,547.2337652683142,0.9999723434448242,1.2049108590872493e-05,1.4110397614786052e-06,1.2425145996530773e-06,1.34316724142991e-06,1.6044760968725313e-06,1.3379944903135765e-06,1.5926975720503833e-06,1.36173230202985e-06,2.4617959297756897e-06,1.8564807078291778e-06,1.4493518847302767e-06
1469,48136192,9.447999999999962e-05,7.918470795565513,7.3208395563357485,0.90625,0.9046875,0.036284785717725754,12.789009094238281,7.458104391844245e-06,0.0,-1.298736572265625,1,0,0.9999723434448242,547.198353303136,0.9999723434448242,1.2038804925396107e-05,1.410181425853807e-06,1.2417586958690663e-06,1.3423501741272048e-06,1.603496912139235e-06,1.3371807199291652e-06,1.5917256632747012e-06,1.360904093417048e-06,2.4600710730737774e-06,1.8553021163825179e-06,1.4484702433037455e-06
1470,48168960,9.433999999999963e-05,6.918640217183571,7.321720223471291,0.90625,0.903125,0.05155639350414276,28.469688415527344,7.455711056536529e-06,0.0,-1.2991385459899902,1,0,0.9999723434448242,547.1995325804488,0.9999723434448242,1.203340980282519e-05,1.4097241773924907e-06,1.241356130776694e-06,1.3419150945992442e-06,1.6029771359171718e-06,1.336747118330095e-06,1.5912096387182828e-06,1.3604628747998504e-06,2.459160896250978e-06,1.8547007130109705e-06,1.4480007166639552e-06
1471,48201728,9.419999999999962e-05,7.099766398249635,7.310664427891567,0.828125,0.89375,-0.004884552210569382,14.926679611206055,7.451306828443194e-06,0.0,-1.2994492053985596,1,0,0.9999723434448242,547.1639421030819,0.9999723434448242,1.202340627060039e-05,1.4088922171140439e-06,1.240623532794416e-06,1.3411244026428903e-06,1.6020311477404903e-06,1.3359569948079297e-06,1.5902689938229742e-06,1.3596586541098077e-06,2.4574774215579964e-06,1.8535937442720751e-06,1.4471474969468545e-06
1472,48234496,9.405999999999962e-05,7.327480882310505,7.310974876209076,0.921875,0.89375,0.03471708297729492,23.63695526123047,7.44753970138845e-06,0.0,-1.3002430200576782,1,0,0.9999723434448242,547.1436577132826,0.9999723434448242,1.20148442874779e-05,1.408181560691446e-06,1.2399978004395962e-06,1.340446601716394e-06,1.601223061697965e-06,1.3352844234759687e-06,1.5894684111117385e-06,1.3589741456598858e-06,2.4560342808399582e-06,1.8526570784160867e-06,1.4464161495197914e-06
1473,48267264,9.391999999999962e-05,7.497370904689122,7.342005653087871,0.875,0.8921875,-0.04000726342201233,16.415590286254883,7.444095899700187e-06,0.0,-1.3002727031707764,1,0,0.9999723434448242,547.1280693286819,0.9999723434448242,1.2007009900116827e-05,1.407531840413867e-06,1.2394255008985056e-06,1.3398280316323508e-06,1.6004842109396122e-06,1.3346682408155175e-06,1.5887350173215964e-06,1.3583471627498511e-06,2.4547134671593085e-06,1.8517949911256437e-06,1.4457486940955278e-06
1474,48300032,9.377999999999962e-05,7.41517033967421,7.346394890538017,0.875,0.884375,0.06387809664011002,21.143341064453125,7.4376098382344935e-06,0.0,-1.3008246421813965,1,0,0.9999724626541138,547.0938724663845,0.9999724626541138,1.1997751244052779e-05,1.4067483107282897e-06,1.2387356491672108e-06,1.339082245976897e-06,1.5995933608792257e-06,1.3339252973310067e-06,1.58785064741096e-06,1.3575908042184892e-06,2.4531739200028824e-06,1.8507641925680218e-06,1.4449439049712964e-06
1475,48332800,9.363999999999963e-05,7.121705896168877,7.320870498061957,0.84375,0.88125,0.08528725802898407,28.416790008544922,7.435244242515182e-06,0.0,-1.301273226737976,1,0,0.9999724626541138,547.0977712929446,0.9999724626541138,1.1992420695605688e-05,1.4062976561035612e-06,1.2383387684167246e-06,1.3386533055381733e-06,1.5990808606147766e-06,1.3334978348211735e-06,1.5873420124989934e-06,1.3571558383773663e-06,2.4522664716641884e-06,1.8501712020224659e-06,1.444480972168094e-06
1476,48365568,9.349999999999963e-05,7.368166183644153,7.315758085438553,0.796875,0.865625,0.03180348873138428,17.707923889160156,7.431320227624383e-06,0.0,-1.3015611171722412,1,0,0.9999725818634033,547.117514207703,0.9999725818634033,1.1988956430286635e-05,1.406004116688564e-06,1.2380802445477457e-06,1.3383751138462685e-06,1.5987469623723882e-06,1.333218278887216e-06,1.5870091374381445e-06,1.3568713939093868e-06,2.451677346471115e-06,1.8497833025321597e-06,1.4441809526033467e-06
1477,48398336,9.335999999999963e-05,7.633999263201249,7.358327420811369,0.84375,0.8640625,-0.00802745670080185,26.17171859741211,7.427773653034819e-06,0.0,-1.301192283630371,1,0,0.9999725818634033,547.0954236320769,0.9999725818634033,1.1980932868027594e-05,1.4053312042960897e-06,1.2374877087495406e-06,1.3377344885157072e-06,1.5979819636413595e-06,1.3325802683539223e-06,1.5862494819884887e-06,1.3562219010054832e-06,2.4503171971446136e-06,1.8488979094399838e-06,1.4434897366299992e-06
1478,48431104,9.321999999999964e-05,7.474811373955156,7.377558225464199,0.859375,0.865625,0.025422565639019012,13.785626411437988,7.422736871376401e-06,0.0,-1.3028569221496582,1,0,0.9999725818634033,547.0511109276734,0.9999725818634033,1.1969523256993853e-05,1.4043798728380352e-06,1.2366501778160455e-06,1.3368289728532545e-06,1.5969002333804383e-06,1.3316781632966013e-06,1.5851758234930458e-06,1.3553038797908812e-06,2.4483945253450656e-06,1.8476182503945893e-06,1.4425127119466197e-06
1479,48463872,9.307999999999963e-05,7.451073721622235,7.330818518069871,0.859375,0.8609375,-0.09805145859718323,13.78321647644043,7.419732810376445e-06,0.0,-1.3033056259155273,1,0,0.9999725818634033,547.0370982538434,0.9999725818634033,1.196275570691796e-05,1.4038067774890806e-06,1.2361454082565615e-06,1.3362835034058662e-06,1.5962484667397803e-06,1.3311346265254542e-06,1.5845290590732475e-06,1.3547507933253655e-06,2.4472483346471563e-06,1.8468642792868195e-06,1.4419239278140594e-06
1480,48496640,9.293999999999964e-05,7.250970747771979,7.3640515711287104,0.84375,0.8546875,0.09493455290794373,21.955121994018555,7.416673270199681e-06,0.0,-1.3028435707092285,1,0,0.9999725818634033,547.028426663256,0.9999725818634033,1.195584536617389e-05,1.4032247008799459e-06,1.2356327943052747e-06,1.3357280295167584e-06,1.5955864682837273e-06,1.330583813796693e-06,1.5838733133932692e-06,1.3541902035285602e-06,2.4460864551656414e-06,1.8460965520716854e-06,1.441324570805591e-06
1481,48529408,9.279999999999964e-05,7.1211318983105105,7.366188121134799,0.8645833333333334,0.8583333333333334,-0.053319744765758514,18.01808738708496,7.414029369101627e-06,0.0,-1.3029937744140625,1,0,0.9999725818634033,547.022747737088,0.9999725818634033,1.1949906365771312e-05,1.4027189081389224e-06,1.2351873692750814e-06,1.3352465657590074e-06,1.5950113265716936e-06,1.3301042827151832e-06,1.5833023780942312e-06,1.3537021459342213e-06,2.4450789624097524e-06,1.8454311430105008e-06,1.440805135644041e-06
1482,48562176,9.265999999999964e-05,6.923359312821489,7.325775964185898,0.875,0.8536458333333332,0.1283993124961853,27.282520294189453,7.410900252580177e-06,0.0,-1.3037000894546509,1,0,0.9999725818634033,547.0116023788383,0.9999725818634033,1.1942842320422642e-05,1.4021251217855024e-06,1.234664409821562e-06,1.3346812011150178e-06,1.594336140442465e-06,1.3295410781211103e-06,1.5826320804990246e-06,1.3531290505852667e-06,2.443871153445798e-06,1.8446498870616779e-06,1.4401950920728268e-06
1483,48594944,9.251999999999965e-05,7.360649472782823,7.312103820995269,0.921875,0.8583333333333334,0.02127262018620968,23.53230857849121,7.408768851746572e-06,0.0,-1.3032934665679932,1,0,0.9999725818634033,547.0183592263317,0.9999725818634033,1.193807020172244e-05,1.401714484927652e-06,1.234302999364445e-06,1.3342918236958212e-06,1.5938694559736177e-06,1.3291506775203743e-06,1.5821673287064186e-06,1.3527317150874296e-06,2.4430648863926763e-06,1.844111579885066e-06,1.4397749055206077e-06
1484,48627712,9.237999999999965e-05,7.241721100862836,7.29475889711413,0.9375,0.8645833333333334,-0.031573280692100525,20.50963020324707,7.4069293987122364e-06,0.0,-1.3034441471099854,1,0,0.9999725818634033,547.0327180635638,0.9999725818634033,1.1933938367292285e-05,1.4013643294674694e-06,1.233994680660544e-06,1.3339584938876214e-06,1.593471210981079e-06,1.328818825641065e-06,1.5817721532584983e-06,1.3523937241188833e-06,2.4423566173936706e-06,1.8436492155160522e-06,1.4394152003660565e-06
1485,48660480,9.223999999999966e-05,7.577424324445731,7.340330739941817,0.9375,0.8739583333333334,-0.06539659202098846,18.718454360961914,7.40431505619199e-06,0.0,-1.303480863571167,1,0,0.9999725818634033,547.0285106899943,0.9999725818634033,1.1928022104257252e-05,1.4008672906129505e-06,1.2335569863353157e-06,1.3334852155821864e-06,1.5929060737107648e-06,1.3283473663250334e-06,1.5812109950275044e-06,1.351913965663698e-06,2.441362539684633e-06,1.8429952888254775e-06,1.438904519091011e-06
1486,48693248,9.209999999999965e-05,7.2807861337940025,7.3315927349568,0.921875,0.8864583333333333,-0.01233038678765297,18.39250946044922,7.4022632361447904e-06,0.0,-1.303933024406433,1,0,0.9999725818634033,547.0375409726463,0.9999725818634033,1.1923392776225228e-05,1.4004784816279425e-06,1.2332147889537737e-06,1.3331139143701876e-06,1.5924639455988654e-06,1.3279800441523548e-06,1.580773755449627e-06,1.3515401633412694e-06,2.4405733256571693e-06,1.8424839254294056e-06,1.43850388667488e-06
1487,48726016,9.195999999999965e-05,7.2750625315781825,7.295699061794494,0.875,0.8895833333333334,-0.012953251600265503,28.49649429321289,7.398036359518301e-06,0.0,-1.3044919967651367,1,0,0.9999727010726929,547.046686061195,0.9999727010726929,1.1919200005650055e-05,1.4001287809151108e-06,1.2329068113103858e-06,1.3327810393093387e-06,1.5920662690405152e-06,1.3276483059598831e-06,1.5803790347490576e-06,1.3512027408069116e-06,2.439896434225375e-06,1.8420238347971463e-06,1.4381447499545175e-06
1488,48758784,9.181999999999965e-05,7.555323565572387,7.303750280956217,0.90625,0.8942708333333333,-0.002636052668094635,19.45040512084961,7.3960504778369796e-06,0.0,-1.305285930633545,1,0,0.9999727010726929,547.0537043544646,0.9999727010726929,1.191468800243456e-05,1.3997537280374672e-06,1.2325764373599668e-06,1.3324253131941077e-06,1.5916397160253837e-06,1.3272913292894373e-06,1.5799540733496542e-06,1.3508393976735533e-06,2.4391356419073418e-06,1.8415249769532238e-06,1.4377608295035316e-06
1489,48791552,9.167999999999965e-05,7.483926413089134,7.307035550102907,0.9375,0.9020833333333333,0.053854528814554214,25.98990249633789,7.391987310256809e-06,0.0,-1.3061473369598389,1,0,0.9999727010726929,547.020801625072,0.9999727010726929,1.1905522114830092e-05,1.3989809986014734e-06,1.231896021636203e-06,1.331688508798834e-06,1.590761144143471e-06,1.3265598681755364e-06,1.579083459546382e-06,1.3500948625733145e-06,2.437589046166977e-06,1.840510094552883e-06,1.4369658174473443e-06
1490,48824320,9.153999999999966e-05,7.23014427905849,7.304952903231559,0.890625,0.9067708333333334,-0.0016408208757638931,36.30348587036133,7.390140126517508e-06,0.0,-1.3064664602279663,1,0,0.9999727010726929,547.0337652093593,0.9999727010726929,1.1901366633537691e-05,1.3986287967782118e-06,1.2315858839428984e-06,1.3313532463143929e-06,1.5903606254141778e-06,1.326225969933148e-06,1.5786858966748696e-06,1.3497550526153645e-06,2.436880095046945e-06,1.8400468206891674e-06,1.4366040659297141e-06
1491,48857088,9.139999999999966e-05,7.656121703817433,7.3584518837822515,0.921875,0.9125,0.09416612237691879,25.839942932128906,7.386971901723882e-06,0.0,-1.307114601135254,1,0,0.9999727010726929,547.0167214779225,0.9999727010726929,1.1894218005181756e-05,1.3980246649225592e-06,1.2310538295423612e-06,1.330779468844412e-06,1.589673615853826e-06,1.3256519650894916e-06,1.578002525093325e-06,1.3491707022694754e-06,2.4356722860829905e-06,1.839250217017252e-06,1.4359848137246445e-06
1492,48889856,9.125999999999966e-05,7.513119573072797,7.417427909807382,0.953125,0.9203125,0.029115542769432068,20.22894859313965,7.3838773460011e-06,0.0,-1.307665228843689,1,0,0.9999727010726929,546.9961613867338,0.9999727010726929,1.1887243999808561e-05,1.397435426042648e-06,1.2305351901886752e-06,1.3302186516739312e-06,1.5890037730059703e-06,1.3250931942820898e-06,1.5773373434058158e-06,1.3486021543940296e-06,2.4345017664018087e-06,1.8384752138445037e-06,1.4353796586874523e-06
1493,48922624,9.111999999999967e-05,7.45404026257805,7.426766988786904,0.90625,0.91875,-0.0034122485667467117,14.7340726852417,7.381183877441799e-06,0.0,-1.309165596961975,1,0,0.9999727010726929,546.9920024138279,0.9999727010726929,1.1881124919455033e-05,1.3969279279990587e-06,1.2300881735427538e-06,1.3297342320583994e-06,1.5884265849308576e-06,1.3246130947663914e-06,1.576765953359427e-06,1.3481135283655021e-06,2.4334710815310245e-06,1.8378091226622928e-06,1.4348568129207706e-06
1494,48955392,9.097999999999967e-05,7.428861311843374,7.4454810098849595,0.9375,0.91875,0.025602437555789948,15.789117813110352,7.378692771453643e-06,0.0,-1.3097941875457764,1,0,0.9999727010726929,546.9895339445629,0.9999727010726929,1.1875471500388812e-05,1.3964577192382421e-06,1.229674012392934e-06,1.3292877838466666e-06,1.5878920294198906e-06,1.32416607812047e-06,1.576233785272052e-06,1.3476584399541025e-06,2.4325174763362156e-06,1.837188733588846e-06,1.4343753491630196e-06
1495,48988160,9.083999999999968e-05,7.387472125164642,7.426485789956848,0.9375,0.91875,0.005786147899925709,19.883941650390625,7.376214398391312e-06,0.0,-1.3099875450134277,1,0,0.9999727010726929,546.9871302300113,0.9999727010726929,1.1869889931404032e-05,1.3959863736090483e-06,1.22925905543525e-06,1.3288390618981794e-06,1.5873559959800332e-06,1.3237190614745487e-06,1.5757016171846772e-06,1.3472035789163783e-06,2.431564098515082e-06,1.8365684582022368e-06,1.4338911569211632e-06
1496,49020928,9.069999999999968e-05,6.976007228146196,7.39600789939207,0.859375,0.9125,0.08893933147192001,23.163997650146484,7.372568234131904e-06,0.0,-1.3100895881652832,1,0,0.9999727010726929,546.9625736993484,0.9999727010726929,1.1861640814458951e-05,1.395295498696214e-06,1.2286507171666017e-06,1.3281803603604203e-06,1.5865704199313768e-06,1.3230652484708116e-06,1.5749235444673104e-06,1.3465382835420314e-06,2.430170752631966e-06,1.835658054005762e-06,1.43318027312489e-06
1497,49053696,9.055999999999969e-05,7.042812795091439,7.372782925743394,0.90625,0.915625,-0.062144942581653595,18.864973068237305,7.369163995463168e-06,0.0,-1.3105111122131348,1,0,0.9999727010726929,546.943401353338,0.9999727010726929,1.1853916475956794e-05,1.3946529406894115e-06,1.2280848977752612e-06,1.3275698620418552e-06,1.58583975462534e-06,1.3224546364654088e-06,1.5741967445137561e-06,1.345916871287045e-06,2.428866309855948e-06,1.83481438398303e-06,1.4325215715871309e-06
1498,49086464,9.04199999999997e-05,7.232474796517941,7.340498048837949,0.859375,0.9109375,0.0126604363322258,25.199020385742188,7.3673322731337976e-06,0.0,-1.3105666637420654,1,0,0.9999727010726929,546.9555481386418,0.9999727010726929,1.184978009405313e-05,1.3943058547738474e-06,1.2277793075554655e-06,1.3272382375362213e-06,1.5854451476116083e-06,1.3221269909990951e-06,1.57380634391302e-06,1.3455832004183321e-06,2.4281600872200215e-06,1.8343561123401741e-06,1.4321636854219832e-06
1499,49119232,9.02799999999997e-05,7.540385324924803,7.346143940021515,0.90625,0.9078125,0.03449264168739319,21.91731071472168,7.361253665294498e-06,0.0,-1.3104817867279053,1,0,0.9999728202819824,546.9278343569906,0.9999728202819824,1.1841478226415347e-05,1.3936000868852716e-06,1.2271577816136414e-06,1.3265677125673392e-06,1.5846426322241314e-06,1.3214563523433753e-06,1.573008375999052e-06,1.3449007383314893e-06,2.426755145279458e-06,1.8334293372390675e-06,1.4314401823867229e-06
1500,49152000,9.01399999999997e-05,7.198869021289602,7.3430164142446275,0.84375,0.903125,0.05123937502503395,21.81648063659668,7.3585529207775835e-06,0.0,-1.3101930618286133,1,0,0.9999728202819824,546.9243495814661,0.9999728202819824,1.1835392797365785e-05,1.3930858813182567e-06,1.2267049669389962e-06,1.326076926488895e-06,1.584057940817729e-06,1.3209700000516023e-06,1.5724293689345359e-06,1.344405859526887e-06,2.4257301447505597e-06,1.8327510815652204e-06,1.4309106290966156e-06
