update,global_step,lr,avg_reward,rolling_mean_10,avg_success,rolling_success_10,pg_loss,v_loss,arch_loss,angle_loss,mean_logstd,k_active,top_arch,top_prob,sps,A0_H_rx_chain_rx,A1_H_rx_chain_ry,A2_H_rx_chain_rz,A3_H_ry_chain_rx,A4_H_ry_chain_ry,A5_H_ry_chain_rz,A6_NoH_rx_chain_rx,A7_NoH_rx_chain_ry,A8_NoH_rx_chain_rz,A9_NoH_ry_chain_rx,A10_NoH_ry_chain_ry,A11_NoH_ry_chain_rz
1,32768,0.0003,0.45445978288677635,0.45445978288677635,0.0,0.0,-0.11489561200141907,0.01133466325700283,0.049642857164144516,0.0,-0.49974507093429565,3,1,0.10189936310052872,161.96396209117398,0.09167499840259552,0.10189936310052872,0.08068455755710602,0.08052965253591537,0.08057846873998642,0.08079347014427185,0.08056424558162689,0.08066411316394806,0.08051300793886185,0.08059734106063843,0.08073044568300247,0.08077035844326019
2,65536,0.00029986,0.4304179954915478,0.4424388891891621,0.0,0.0,0.07296738773584366,0.007854802533984184,0.04931967332959175,0.0,-0.5045982003211975,3,1,0.12692837417125702,162.69214060825033,0.1127987653017044,0.12692837417125702,0.07775405049324036,0.06488577276468277,0.07394241541624069,0.07919108867645264,0.07444638758897781,0.07870844006538391,0.07502202689647675,0.07929776608943939,0.07926338911056519,0.07776148617267609
3,98304,0.00029972,0.41868435307650986,0.43452071048494467,0.0,0.0,0.06253895908594131,0.00792998168617487,0.04742727801203728,0.0,-0.510974109172821,3,1,0.18179664015769958,162.77212544009194,0.1659497618675232,0.18179664015769958,0.06341216713190079,0.03779849410057068,0.05217139422893524,0.07668019086122513,0.05194574594497681,0.08256293088197708,0.05598614737391472,0.08351703733205795,0.08091399818658829,0.06726549565792084
4,131072,0.00029958000000000003,0.44021948247751114,0.4359454034830863,0.0,0.0,-0.0349775105714798,0.008173154667019844,0.04000909626483917,0.0,-0.5122992396354675,3,0,0.29886364936828613,162.5359334102074,0.29886364936828613,0.28598788380622864,0.03092874400317669,0.020100580528378487,0.026082687079906464,0.047375019639730453,0.025770243257284164,0.07405363768339157,0.02788667194545269,0.07091294229030609,0.058072250336408615,0.033965714275836945
5,163840,0.00029944,0.4625521652484193,0.44126675583615294,0.0,0.0,0.08780212700366974,0.023069582879543304,0.029919832944869995,0.0,-0.5167713165283203,3,0,0.4491400122642517,162.23416469560118,0.4491400122642517,0.34642213582992554,0.014112144708633423,0.010019905865192413,0.012374520301818848,0.020607920363545418,0.012230386026203632,0.04504544660449028,0.013063802383840084,0.03623161464929581,0.025478065013885498,0.015273974277079105
6,196608,0.0002993,0.4903410181476078,0.44944579955472874,0.0,0.0,-0.04389290511608124,0.029410354793071747,0.022895479574799538,0.0,-0.5217885971069336,3,0,0.5752505660057068,161.9215316733621,0.5752505660057068,0.3206692039966583,0.0072012413293123245,0.005327940918505192,0.006424210965633392,0.01013703178614378,0.006353443022817373,0.0240795835852623,0.006740307901054621,0.017760636284947395,0.01232490036636591,0.007730941753834486
7,229376,0.00029916000000000003,0.5168129271684505,0.4590696749281176,0.0,0.0,-0.052546266466379166,0.028799083083868027,0.01759047992527485,0.0,-0.5221258401870728,3,0,0.7050257325172424,161.67362570159045,0.7050257325172424,0.2369556725025177,0.004065109416842461,0.003078270237892866,0.003660795511677861,0.005596886854618788,0.0036222010385245085,0.013466807082295418,0.0038274230901151896,0.00963084027171135,0.006726882886141539,0.004343371372669935
8,262144,0.00029902,0.5542250227032164,0.4709640934000049,0.0,0.0,0.031013816595077515,0.032386790961027145,0.013043973594903946,0.0,-0.5267347097396851,3,0,0.8097432255744934,161.4476940677356,0.8097432255744934,0.15580402314662933,0.002445557853206992,0.0018797822995111346,0.002215494867414236,0.003317767521366477,0.002192908199504018,0.007912336848676205,0.002311041811481118,0.005617066286504269,0.0039560007862746716,0.002604767680168152
9,294912,0.00029888,0.6108767702297289,0.48650994638108536,0.0,0.0,-0.08021633327007294,0.053065937012434006,0.009359206072986126,0.0,-0.5328165292739868,3,0,0.8807058930397034,161.2766351317069,0.8807058930397034,0.098117396235466,0.0015177387977018952,0.0011795820901170373,0.0013809599913656712,0.0020362187642604113,0.0013672761851921678,0.004831517580896616,0.0014380610082298517,0.003399594919756055,0.0024131531827151775,0.0016127323033288121
10,327680,0.00029874,0.6082135115614271,0.4986803028991195,0.0,0.0,0.02757827751338482,0.0465640053153038,0.006695397198200226,0.0,-0.5402224659919739,3,0,0.9241465926170349,161.21476150171668,0.9241465926170349,0.0621078759431839,0.00099445681553334,0.0007791536627337337,0.0009076865972019732,0.0013232146156951785,0.0008988960180431604,0.0030973872635513544,0.0009440373396500945,0.0021848997566848993,0.001561062759719789,0.0010548594873398542
11,360448,0.0002986,0.6240367777052236,0.5156380023809642,0.0,0.0,0.07704877108335495,0.06979484856128693,0.004723579157143831,0.0,-0.5467617511749268,3,0,0.9520525932312012,161.19392630990757,0.9520525932312012,0.038761403411626816,0.0006695703486911952,0.0005280217155814171,0.000612678355537355,0.0008849736186675727,0.0006068639922887087,0.0020501986145973206,0.0006365745211951435,0.0014476636424660683,0.00104019814170897,0.0007092340965755284
12,393216,0.00029845999999999996,0.6051499756581299,0.5331112003976224,0.0,0.0,-0.08041583001613617,0.02312615141272545,0.0034371414221823215,0.0,-0.5498372316360474,3,0,0.967971682548523,161.24552555525898,0.967971682548523,0.025646647438406944,0.00046841250150464475,0.0003715353668667376,0.00042956287506967783,0.0006153722642920911,0.0004255636304151267,0.0014108726754784584,0.00044591387268155813,0.0009979723254218698,0.0007209070608951151,0.0004955236217938364
13,425984,0.0002983199999999999,0.5626502501161936,0.5475077901015908,0.0,0.0,-6.50063157081604e-07,0.023289866745471954,0.002558839973062277,0.0,-0.553197979927063,3,0,0.9778008460998535,161.35159310937576,0.9778008460998535,0.017618762329220772,0.00033844506833702326,0.0002698581665754318,0.00031099285115487874,0.00044219382107257843,0.0003081501054111868,0.0010027815587818623,0.00032256703707389534,0.0007114048348739743,0.0005164698814041913,0.00035761756589636207
14,458752,0.00029817999999999994,0.6351405133175704,0.5669998931855967,0.0,0.0,0.08529957383871078,0.02200894244015217,0.0023492067120969296,0.0,-0.5558834075927734,3,0,0.9800033569335938,165.8303935527388,0.9800033569335938,0.015844259411096573,0.0003075266140513122,0.00024560189922340214,0.0002827548305504024,0.0004011140554212034,0.0002801846421789378,0.0009054978145286441,0.00029320339672267437,0.0006436988478526473,0.00046805222518742085,0.0003248289576731622
15,491520,0.00029803999999999996,0.6317337816165334,0.5839180548224082,0.0,0.0,-0.050445038825273514,0.035143718123435974,0.0017765890806913376,0.0,-0.5660697221755981,3,0,0.9857712984085083,165.54910704253285,0.9857712984085083,0.011173921637237072,0.0002277166786370799,0.00018276742775924504,0.0002097640244755894,0.00029546115547418594,0.00020789359405171126,0.000659344659652561,0.00021734680922236294,0.00047047578846104443,0.0003437799750827253,0.00024025976017583162
16,524288,0.0002978999999999999,0.6260342848426682,0.5974873814919142,0.0,0.0,0.0012396201491355896,0.03767375648021698,0.0013576963683590293,0.0,-0.5728048086166382,3,0,0.9896955490112305,165.36718885891156,0.9896955490112305,0.008033603429794312,0.00017041062528733164,0.00013747297634836286,0.00015727586287539452,0.00021990903769619763,0.00015590153634548187,0.0004850932746194303,0.00016283073637168854,0.0003473276738077402,0.00025511474814265966,0.00017959016258828342
17,557056,0.0002977599999999999,0.6841189280755728,0.6142179815826264,0.0,0.0,-0.09624999016523361,0.04088689386844635,0.0010635931976139545,0.0,-0.5834519863128662,3,0,0.992283046245575,165.1875469101469,0.992283046245575,0.005990204401314259,0.00013039668556302786,0.00010573641338851303,0.00012057686399202794,0.00016734247037675232,0.00011954637739108875,0.0003656854387372732,0.00012473440438043326,0.0002620895393192768,0.0001935474283527583,0.00013725864118896425
18,589824,0.0002976199999999999,0.6952873926088182,0.6283242185731865,0.0,0.0,-0.04119103401899338,0.04485536739230156,0.000935732270590961,0.0,-0.5859100818634033,3,0,0.9933648109436035,167.39501207662184,0.9933648109436035,0.005135103594511747,0.00011364266538294032,9.240370127372444e-05,0.00010519193892832845,0.0001454094162909314,0.00010430326801724732,0.0003162260982207954,0.00010877136810449883,0.00022670267208013684,0.0001679071574471891,0.00011954767978750169
19,622592,0.00029747999999999987,0.7485616650118627,0.6420927080514,0.0,0.0,-0.09300418198108673,0.03772769123315811,0.0007438988541252911,0.0,-0.5933249592781067,3,0,0.9949302077293396,167.07728724976076,0.9949302077293396,0.0039010990876704454,8.908312884159386e-05,7.280425052158535e-05,8.26148534542881e-05,0.00011335022281855345,8.193279791157693e-05,0.00024415983352810144,8.535708184354007e-05,0.00017519513494335115,0.00013048856635577977,9.36011565499939e-05
20,655360,0.0002973399999999999,0.7556000132243906,0.6568313582176963,0.0,0.0,7.395818829536438e-05,0.04320118576288223,0.0005866858991794288,0.0,-0.605937659740448,2,0,0.9961605072021484,169.27770215185546,0.9961605072021484,0.002927314257249236,7.002029451541603e-05,5.7519831898389384e-05,6.506057980004698e-05,8.858799992594868e-05,6.45361069473438e-05,0.00018837684183381498,6.716501229675487e-05,0.0001356915308861062,0.00010166181164095178,7.348351209657267e-05
21,688128,0.0002971999999999999,0.7720117414076947,0.6716288545879434,0.0,0.0,-0.0417771153151989,0.03756120800971985,0.00046240625670179725,0.0,-0.6099852919578552,2,0,0.9970898032188416,171.32193948209044,0.9970898032188416,0.002196182496845722,5.5228607379831374e-05,4.561192690744065e-05,5.141886504134163e-05,6.945437053218484e-05,5.1015169447055086e-05,0.0001455540768802166,5.303665602696128e-05,0.00010535082401474938,7.943702075863257e-05,5.7887031289283186e-05
22,720896,0.0002970599999999999,0.7809356089728925,0.6892074179194196,0.0,0.0,-0.07498466968536377,0.0356777161359787,0.0003683577524498105,0.0,-0.6164799928665161,2,0,0.9977644681930542,173.21258804019462,0.9977644681930542,0.0016676629893481731,4.4254502427065745e-05,3.6737565096700564e-05,4.128105501877144e-05,5.532440991373733e-05,4.096527482033707e-05,0.00011418802023399621,4.254436498740688e-05,8.309621625812724e-05,6.306494469754398e-05,4.632704076357186e-05
23,753664,0.00029691999999999994,0.8392682587076665,0.716869218778567,0.0,0.0,-0.0013379212468862534,0.04479555785655975,0.00029150917544029653,0.0,-0.6224327087402344,2,0,0.9982954859733582,174.94753958361744,0.9982954859733582,0.001250799628905952,3.5635293897939846e-05,2.9727842047577724e-05,3.33019852405414e-05,4.4294018152868375e-05,3.3053798688342795e-05,8.99999649845995e-05,3.429422213230282e-05,6.5880551119335e-05,5.032585613662377e-05,3.726005525095388e-05
24,786432,0.00029677999999999996,0.9003651295278643,0.7433916803995964,0.0,0.0,0.07453791052103043,0.06642326712608337,0.00023858564964029938,0.0,-0.6278780698776245,2,0,0.9986458420753479,176.58211918280608,0.9986458420753479,0.0009826439199969172,2.9409338822006248e-05,2.465267425577622e-05,2.7533747925190255e-05,3.6345241824164987e-05,2.733391556830611e-05,7.263189763762057e-05,2.8331869543762878e-05,5.351455547497608e-05,4.1157145460601896e-05,3.0713861633557826e-05
25,819200,0.00029664,0.996069377270836,0.7798252399650267,0.0,0.0,-0.021479249000549316,0.12010703980922699,0.00020529625180643052,0.0,-0.6302923560142517,2,0,0.9988600015640259,178.79580089106958,0.9988600015640259,0.0008191271917894483,2.554318416514434e-05,2.1486717741936445e-05,2.3945629436639138e-05,3.143394133076072e-05,2.377532837272156e-05,6.201802170835435e-05,2.4625813239254057e-05,4.5932196371722966e-05,3.550705878296867e-05,2.6653147870092653e-05
26,851968,0.00029649999999999994,1.0798777118979592,0.8252095826705558,0.0,0.0,-0.0672777071595192,0.335845023393631,0.0001695374376140535,0.0,-0.6323728561401367,2,0,0.9990848302841187,180.17526659784284,0.9990848302841187,0.0006466842605732381,2.151224725821521e-05,1.816725307435263e-05,2.0196726836729795e-05,2.634539305290673e-05,2.0056399080203846e-05,5.1186805649194866e-05,2.0757333913934417e-05,3.815426316577941e-05,2.9673594326595776e-05,2.2425008864956908e-05
27,884736,0.0002963599999999999,1.2453457926495322,0.8813322691279517,0.0,0.0,0.06680459529161453,0.13106034696102142,0.00014087246381677687,0.0,-0.634856104850769,2,0,0.9992590546607971,181.4612463302072,0.9992590546607971,0.000516062427777797,1.814905226638075e-05,1.538909964438062e-05,1.706538205326069e-05,2.211419450759422e-05,1.694954335107468e-05,4.224822259857319e-05,1.752741627569776e-05,3.172053038724698e-05,2.48319029196864e-05,1.8899656424764544e-05
28,917504,0.00029621999999999987,1.3853314116244875,0.9503366710295186,0.0,0.0,-0.05606050416827202,0.2985565960407257,0.00013308670895639807,0.0,-0.6358861923217773,2,0,0.999305248260498,184.47386798659107,0.999305248260498,0.0004817898152396083,1.7214350009453483e-05,1.4615132386097685e-05,1.6194300769711845e-05,2.0941619368386455e-05,1.6085234165075235e-05,3.9788599679013714e-05,1.6629279343760572e-05,2.9945806090836413e-05,2.3492184482165612e-05,1.792051989468746e-05
29,950272,0.0002960799999999999,1.4222365303187363,1.017704157560206,0.0,0.0,-0.0953773707151413,0.14982756972312927,0.00010964410466840491,0.0,-0.637871503829956,2,0,0.999442994594574,185.5908628622986,0.999442994594574,0.000379258010070771,1.4479693163593765e-05,1.233922921528574e-05,1.3641020814247895e-05,1.753136166371405e-05,1.355125550617231e-05,3.275776907685213e-05,1.3998884242027998e-05,2.4837800083332695e-05,1.960947338375263e-05,1.5059370525705162e-05
30,983040,0.0002959399999999999,1.5878512570038277,1.1009292819381495,0.0,0.0,0.09481219202280045,0.0802416279911995,8.947759488364682e-05,0.0,-0.6386047601699829,2,0,0.9995579123497009,186.64108494769152,0.9995579123497009,0.0002940378035418689,1.2132141819165554e-05,1.0373964869359042e-05,1.1444340088928584e-05,1.4624670257035177e-05,1.1370603715477046e-05,2.689254870347213e-05,1.1737991371774115e-05,2.053914067801088e-05,1.631381564948242e-05,1.2606857126229443e-05
31,1015808,0.0002957999999999999,1.5881173629740175,1.1825398440947819,0.0,0.0,0.056909359991550446,0.0800289735198021,7.313653622986749e-05,0.0,-0.6443130970001221,2,0,0.9996482133865356,187.60441739733773,0.9996482133865356,0.00022819584410171956,1.0183086487813853e-05,8.734727089176886e-06,9.617349860491231e-06,1.2225065802340396e-05,9.5565956144128e-06,2.21374739339808e-05,9.858967132458929e-06,1.702752342680469e-05,1.3602273611468263e-05,1.0573003237368539e-05
32,1048576,0.00029565999999999994,1.6602222751949092,1.2704685107169837,0.0,0.0,0.035839617252349854,0.053350288420915604,6.948295049369335e-05,0.0,-0.6461923122406006,2,0,0.9996681213378906,190.40612884784323,0.9996681213378906,0.00021384761203080416,9.746308933245018e-06,8.366127076442353e-06,9.207401490129996e-06,1.1689682651194744e-05,9.149524885287974e-06,2.1091655071359128e-05,9.437595508643426e-06,1.6250331100309268e-05,1.2998827514820732e-05,1.0117629244632553e-05
33,1081344,0.00029551999999999996,1.746273631088441,1.361169047955061,0.0,0.0,0.015708625316619873,0.14179512858390808,6.138832395663485e-05,0.0,-0.6536752581596375,2,0,0.9997113347053528,191.84182928621965,0.9997113347053528,0.00018310263112653047,8.74005399964517e-06,7.516247933381237e-06,8.26265477371635e-06,1.0457412827236112e-05,8.21135108708404e-06,1.8692095181904733e-05,8.466636245429981e-06,1.4464904779742938e-05,1.1610813089646399e-05,9.068738108908292e-06
34,1114112,0.00029538,1.858916954232038,1.4570242304254784,0.0,0.0,0.029762927442789078,0.07203786820173264,5.2724815759574994e-05,0.0,-0.6608239412307739,2,0,0.9997566342353821,192.67798332913114,0.9997566342353821,0.0001515908952569589,7.625584657944273e-06,6.572573965968331e-06,7.215284313133452e-06,9.09694608708378e-06,7.171147444751114e-06,1.607118065294344e-05,7.3906744546548e-06,1.2505665836215485e-05,1.0081393156724516e-05,7.907769941084553e-06
35,1146880,0.00029524,1.939679495715414,1.5513852422699361,0.0,0.0,0.013208810240030289,0.1370568573474884,4.551827805698849e-05,0.0,-0.6651515960693359,2,0,0.9997938275337219,193.4974795887283,0.9997938275337219,0.00012622206122614443,6.685244898108067e-06,5.773504653916461e-06,6.330338237603428e-06,7.954324246384203e-06,6.292100351856789e-06,1.3905556443205569e-05,6.482114258687943e-06,1.0874823601625394e-05,8.800403520581312e-06,6.929038136149757e-06
36,1179648,0.0002951,1.987200850039133,1.6421175560840535,0.0,0.0,0.04974734038114548,0.13501958549022675,3.947753430111334e-05,0.0,-0.6740086078643799,2,0,0.9998241066932678,194.3013547150105,0.9998241066932678,0.00010556510096648708,5.891391083423514e-06,5.09655183122959e-06,5.582268840953475e-06,6.993911483732518e-06,5.548919943976216e-06,1.2114697710785549e-05,5.714517556043575e-06,9.516211321169976e-06,7.726699550403282e-06,6.103480700403452e-06
37,1212416,0.00029496000000000004,2.0500923950896173,1.7225922163280623,0.0,0.0,0.027428286150097847,0.08733612298965454,3.487490175757557e-05,0.0,-0.6807646751403809,2,0,0.9998469352722168,195.06899883745217,0.9998469352722168,9.052189125213772e-05,5.2605350902013015e-06,4.557653028314235e-06,4.987409738532733e-06,6.232544365047943e-06,4.957903001923114e-06,1.0707489309425e-05,5.104290266899625e-06,8.44421265355777e-06,6.87676629240741e-06,5.447793682833435e-06
38,1245184,0.00029482000000000005,2.062106656615187,1.7902697408271322,0.0,0.0,-0.13173940777778625,0.0874326229095459,3.098830711678602e-05,0.0,-0.6885454058647156,2,0,0.9998657703399658,195.80033736494704,0.9998657703399658,7.829577953089029e-05,4.716830517281778e-06,4.09221456720843e-06,4.474296474654693e-06,5.57812654733425e-06,4.448102117748931e-06,9.510618838248774e-06,4.5781089283991605e-06,7.527969046350336e-06,6.147455223981524e-06,4.882983375864569e-06
39,1277952,0.00029468000000000007,2.0608023528287447,1.8541263230781333,0.0,0.0,-0.0651567280292511,0.08670984953641891,2.7850754122482613e-05,0.0,-0.6973370313644409,2,0,0.9998806715011597,196.50535583471697,0.9998806715011597,6.876569386804476e-05,4.265345069143223e-06,3.705074959725607e-06,4.047956281283405e-06,5.035966751165688e-06,4.024464487883961e-06,8.527847057848703e-06,4.141043064009864e-06,6.772486358386232e-06,5.544124178413767e-06,4.414217528392328e-06
40,1310720,0.00029454000000000004,2.0466931764518526,1.9000105150229356,0.0,0.0,-0.006572887301445007,0.07653486728668213,2.512655919417739e-05,0.0,-0.7059516906738281,2,0,0.9998935461044312,197.17710706663607,0.9998935461044312,6.0721311456291005e-05,3.868641670123907e-06,3.3642418202362023e-06,3.673065293696709e-06,4.560752586257877e-06,3.651912720670225e-06,7.674945663893595e-06,3.7568286188616185e-06,6.113738891144749e-06,5.016129762225319e-06,4.002511559519917e-06
41,1343488,0.00029440000000000005,2.0617308448899223,1.9473718632145256,0.0,0.0,0.054443810135126114,0.12377649545669556,2.2862597688799724e-05,0.0,-0.7132766246795654,2,0,0.9999041557312012,197.8335951027387,0.9999041557312012,5.4142910812515765e-05,3.5386374293011613e-06,3.080159103774349e-06,3.360948767294758e-06,4.166493454249576e-06,3.3417309168726206e-06,6.974676125537371e-06,3.4370900721114594e-06,5.570175744651351e-06,4.578791504172841e-06,3.660193897303543e-06
42,1376256,0.00029426000000000007,2.1007981164459455,1.9914294473396297,0.0,0.0,-0.09766095876693726,0.09626005589962006,2.075168777082581e-05,0.0,-0.7128758430480957,2,0,0.9999138116836548,198.45547375784773,0.9999138116836548,4.810310201719403e-05,3.229830099371611e-06,2.813864284689771e-06,3.0687099297210807e-06,3.7983782021910883e-06,3.0512676403304795e-06,6.326679795165546e-06,3.1377546747535234e-06,5.065042387286667e-06,4.17102546634851e-06,3.3399949188606115e-06
43,1409024,0.0002941200000000001,2.1621621319239566,2.033018297423181,0.0,0.0,-0.17147831618785858,0.08177119493484497,1.8935383195639588e-05,0.0,-0.7140753865242004,2,0,0.9999221563339233,199.06816602320424,0.9999221563339233,4.3012183596147224e-05,2.963126007671235e-06,2.583555215096567e-06,2.816177811837406e-06,3.4810291253961623e-06,2.8002589260722743e-06,5.772280019300524e-06,2.8791614568035584e-06,4.6312752601807006e-06,3.819937319349265e-06,3.0635628718300723e-06
44,1441792,0.0002939800000000001,2.225236403580133,2.0696502423579908,0.0,0.0,0.009818090125918388,0.11453171819448471,1.7289754396188073e-05,0.0,-0.7184172868728638,2,0,0.9999295473098755,199.65700494599665,0.9999295473098755,3.846239633276127e-05,2.721474857025896e-06,2.3745999442326138e-06,2.5872429887385806e-06,3.1940026019583456e-06,2.572682433310547e-06,5.274524482956622e-06,2.644796495587798e-06,4.240439011482522e-06,3.5027640024054563e-06,2.8131705676059937e-06
45,1474560,0.00029384000000000013,2.2002449832496205,2.0957067911114113,0.0,0.0,-0.10352308303117752,0.16490912437438965,1.577806324348785e-05,0.0,-0.7237364053726196,2,0,0.9999363422393799,200.20904312834048,0.9999363422393799,3.4350330679444596e-05,2.4992932594614103e-06,2.182258413085947e-06,2.3766619960952085e-06,2.930537675638334e-06,2.3633560886082705e-06,4.820740286959335e-06,2.4292414764204295e-06,3.882968030666234e-06,3.211942612324492e-06,2.5830647700786358e-06
46,1507328,0.00029370000000000015,2.239695753980577,2.120956281505556,0.0,0.0,0.07656279951334,0.17660510540008545,1.4329387340694666e-05,0.0,-0.7260319590568542,2,0,0.9999427795410156,200.73320510677465,0.9999427795410156,3.037783426407259e-05,2.291820464961347e-06,2.002302153414348e-06,2.1798678062623367e-06,2.685113940970041e-06,2.167723550883238e-06,4.4022995098202955e-06,2.2278768483374733e-06,3.551686177161173e-06,2.941448428828153e-06,2.3682628125243355e-06
47,1540096,0.00029356000000000016,2.300878013674934,2.1460348433640872,0.0,0.0,0.0029603876173496246,0.15132996439933777,1.3457163731800392e-05,0.0,-0.7321005463600159,2,0,0.9999465942382812,201.93872783602336,0.9999465942382812,2.8034124625264667e-05,2.1654777810908854e-06,1.892636305456108e-06,2.060003225778928e-06,2.5357860522490228e-06,2.048564056167379e-06,4.148597781750141e-06,2.105236035276903e-06,3.3504923067084746e-06,2.77696176453901e-06,2.2374795207724674e-06
48,1572864,0.00029342000000000013,2.2252757410751296,2.162351751810081,0.0,0.0,-0.056035734713077545,0.10669884830713272,1.2408881957526319e-05,0.0,-0.7342727184295654,2,0,0.9999512434005737,202.4393829022054,0.9999512434005737,2.5337129045510665e-05,2.009145873671514e-06,1.7569664123584516e-06,1.9116960174869746e-06,2.3510115170211066e-06,1.9011202994079213e-06,3.8346815927070566e-06,1.953495257112081e-06,3.1015483727969695e-06,2.573435040176264e-06,2.075668817269616e-06
49,1605632,0.0002932800000000001,2.255575100692174,2.181829026596424,0.0,0.0,0.023457970470190048,0.12131182104349136,1.1544008884811774e-05,0.0,-0.7429735660552979,2,0,0.9999549388885498,202.91410816536526,0.9999549388885498,2.315934580110479e-05,1.878016632872459e-06,1.6430824416602263e-06,1.7872540638563805e-06,2.196130708398414e-06,1.7773990066416445e-06,3.5723255678021815e-06,1.8261824834553408e-06,2.89316426460573e-06,2.402885911578778e-06,1.9399330994929187e-06
50,1638400,0.0002931400000000001,2.20726868912797,2.197886577864036,0.0,0.0,-0.08557210117578506,0.07375713437795639,1.0844153621292207e-05,0.0,-0.7484169006347656,2,0,0.9999579191207886,203.3726225993468,0.9999579191207886,2.1465397367137484e-05,1.7687735862637055e-06,1.5482170283576124e-06,1.683591108303517e-06,2.0671170659625204e-06,1.674339273449732e-06,3.3538929073984036e-06,1.720125396786898e-06,2.7196297196496744e-06,2.2608294329984346e-06,1.8268691519551794e-06
51,1671168,0.00029300000000000013,2.291032183307845,2.2208167117058286,0.0,0.0,-0.05157308652997017,0.13391433656215668,1.0647212548065e-05,0.0,-0.7520487308502197,2,0,0.9999587535858154,205.15634522242703,0.9999587535858154,2.0982270143576898e-05,1.7386778381478507e-06,1.5220568911900045e-06,1.6550220607314259e-06,2.031619487752323e-06,1.6459352991660126e-06,3.294104544693255e-06,1.6909041278267978e-06,2.672016307769809e-06,2.221774138888577e-06,1.7957316913452814e-06
52,1703936,0.00029286000000000015,2.3415454198303234,2.244891442044266,0.0,0.0,0.08116459101438522,0.22617512941360474,1.0302886039426085e-05,0.0,-0.7546495199203491,2,0,0.99996018409729,206.42604454659084,0.99996018409729,2.014929305005353e-05,1.685215693214559e-06,1.4755931943000178e-06,1.6042820334405405e-06,1.9685712686623447e-06,1.5954875607349095e-06,3.187889433320379e-06,1.6390031305490993e-06,2.587436028989032e-06,2.152404022126575e-06,1.740428842822439e-06
53,1736704,0.00029272000000000017,2.2193117353735405,2.2506064023892245,0.0,0.0,-0.06555651873350143,0.10481158643960953,9.742164365889039e-06,0.0,-0.7610787153244019,2,0,0.999962568283081,206.79501780126756,0.999962568283081,1.883281220216304e-05,1.596680249349447e-06,1.3986466456117341e-06,1.52024631461245e-06,1.8641428596311016e-06,1.5119327372303815e-06,3.0119977054710034e-06,1.5530421251241933e-06,2.4473545181535883e-06,2.037523927356233e-06,1.6488276060044882e-06
54,1769472,0.0002925800000000002,2.3152058106925706,2.2596033431004683,0.0,0.0,-0.07507146149873734,0.0775461420416832,9.2349509941414e-06,0.0,-0.7623556852340698,2,0,0.999964714050293,207.15914185356738,0.999964714050293,1.7649330402491614e-05,1.5168203617577092e-06,1.3291884215504979e-06,1.4444231055676937e-06,1.770024255165481e-06,1.4365446077135857e-06,2.854031436072546e-06,1.4754858739252086e-06,2.3213294753077207e-06,1.934038891704404e-06,1.5662086525480845e-06
55,1802240,0.00029244000000000015,2.252280842841327,2.264806929059639,0.0,0.0,0.03131039813160896,0.16603726148605347,9.060105185199063e-06,0.0,-0.767399251461029,2,0,0.9999654293060303,208.57394521003212,0.9999654293060303,1.7250527889700606e-05,1.4887847328282078e-06,1.304806346524856e-06,1.4178040146362036e-06,1.7369824263369082e-06,1.4100788803261821e-06,2.798572495521512e-06,1.448250372959592e-06,2.2770839223085204e-06,1.8977019635713077e-06,1.5372061170637608e-06
56,1835008,0.00029230000000000017,2.3306455722178465,2.273901910883366,0.0,0.0,0.02183796465396881,0.11962176859378815,8.609727046859916e-06,0.0,-0.776249349117279,2,0,0.9999673366546631,208.8940571664481,0.9999673366546631,1.6214631614275277e-05,1.4177486491462332e-06,1.242982307303464e-06,1.350338834527065e-06,1.6533324469492072e-06,1.3429964837996522e-06,2.65867151938437e-06,1.3792521258437773e-06,2.165283149224706e-06,1.8057797888104687e-06,1.4637253116234206e-06
57,1867776,0.0002921600000000002,2.3728565262266734,2.28109976213854,0.0,0.0,-0.06285040825605392,0.1635206937789917,8.203843208320905e-06,0.0,-0.7815008759498596,2,0,0.9999688863754272,209.2041055515973,0.9999688863754272,1.5280711522791535e-05,1.3532583125197561e-06,1.186829877042328e-06,1.2890807283838512e-06,1.5774306802995852e-06,1.2820875099350815e-06,2.532065536797745e-06,1.316603288614715e-06,2.0639724880311405e-06,1.7223998156623566e-06,1.3970358168080566e-06
58,1900544,0.0002920200000000002,2.4060600659073272,2.2991781946217595,0.0,0.0,0.05661926418542862,0.14850293099880219,7.865891348046716e-06,0.0,-0.7902249097824097,2,0,0.9999704360961914,209.51055619355537,0.9999704360961914,1.4545451449521352e-05,1.2989527249374078e-06,1.139563778451702e-06,1.2374956668281811e-06,1.5134939985728124e-06,1.2307964425417595e-06,2.425254706395208e-06,1.263851800104021e-06,1.9785481981671182e-06,1.652149080655363e-06,1.3408583754426218e-06
59,1933312,0.0002918800000000002,2.422929106463873,2.3159135951989294,0.0,0.0,-0.02237681671977043,0.2141052782535553,7.581485533592058e-06,0.0,-0.7957054376602173,2,0,0.9999715089797974,209.80794154511585,0.9999715089797974,1.3926331121183466e-05,1.2519541314759408e-06,1.0986443612637231e-06,1.1928401590921567e-06,1.4581627283405396e-06,1.1864018460983061e-06,2.332872327315272e-06,1.2181883448647568e-06,1.9046523220822564e-06,1.5913540210021893e-06,1.2922300811624154e-06
60,1966080,0.00029174000000000024,2.3437240652344684,2.329559132809579,0.0,0.0,-0.02941904589533806,0.1289963722229004,7.528645255661104e-06,0.0,-0.7974808812141418,2,0,0.9999717473983765,211.53423207738444,0.9999717473983765,1.3805431080982089e-05,1.243868950950855e-06,1.0915910024777986e-06,1.1851479939650744e-06,1.4486613508779556e-06,1.178754587272124e-06,2.317147618668969e-06,1.2103290600862238e-06,1.8920270576927578e-06,1.580932234901411e-06,1.2838639804613194e-06
61,1998848,0.00029160000000000026,2.3725971692592456,2.33771563140472,0.0,0.0,0.0019042585045099258,0.2411682903766632,7.1918998401088174e-06,0.0,-0.8026022911071777,2,0,0.9999730587005615,211.7872540918268,0.9999730587005615,1.303366843785625e-05,1.1915300319742528e-06,1.0459506256665918e-06,1.1353968147886917e-06,1.3871905366613646e-06,1.1292846693322645e-06,2.215511130998493e-06,1.1594734132813755e-06,1.810338858376781e-06,1.5134993418541853e-06,1.2297449529796722e-06
62,2031616,0.0002914600000000003,2.409579356738612,2.3445190250955483,0.0,0.0,-0.008425073698163033,0.12962636351585388,6.927587037353078e-06,0.0,-0.8060362339019775,2,0,0.999974250793457,212.03332528560648,0.999974250793457,1.2465076906664763e-05,1.1493627880554413e-06,1.0092009006257285e-06,1.0953164064630982e-06,1.3376269407672225e-06,1.0894324304899783e-06,2.1332696178433252e-06,1.118494992624619e-06,1.7443516071580234e-06,1.45910428273055e-06,1.1861482107633492e-06
63,2064384,0.0002913200000000003,2.4503554956116194,2.3676234011193564,0.0,0.0,-0.0566541850566864,0.16025732457637787,6.649127499258611e-06,0.0,-0.8074601292610168,2,0,0.999975323677063,212.27522970836338,0.999975323677063,1.18467378342757e-05,1.1053199386878987e-06,9.707825938676251e-07,1.0534510010984377e-06,1.285921143789892e-06,1.0478040621819673e-06,2.047888528977637e-06,1.0757006521089352e-06,1.6756912373239174e-06,1.4023922858541482e-06,1.1406152680137893e-06
64,2097152,0.00029118000000000026,2.4408792401792256,2.3801907440680212,0.0,0.0,0.06889863312244415,0.18813392519950867,6.610846412513638e-06,0.0,-0.8092522621154785,2,0,0.9999754428863525,213.91277472417534,0.9999754428863525,1.1758393156924285e-05,1.0993593377861544e-06,9.655797157392954e-07,1.0477822343091248e-06,1.2789316770067671e-06,1.0421675824545673e-06,2.036402065641596e-06,1.0699059203034267e-06,1.6664308759573032e-06,1.3947312709206017e-06,1.1344558288328699e-06
65,2129920,0.0002910400000000002,2.4300739185296125,2.3979700516368503,0.0,0.0,-0.012033097445964813,0.19139069318771362,6.568560365849407e-06,0.0,-0.8099288940429688,2,0,0.9999756813049316,215.52304624102743,0.9999756813049316,1.1665743841149379e-05,1.0931036058536847e-06,9.601184274288244e-07,1.0418358442620956e-06,1.2715995580947492e-06,1.036253138408938e-06,2.0243567178113153e-06,1.0638279945851536e-06,1.6567207694606623e-06,1.3866942936147097e-06,1.1279918226136942e-06
66,2162688,0.00029090000000000024,2.5109522847422583,2.416000722889292,0.0,0.0,-0.028305992484092712,0.20878049731254578,6.337254035315709e-06,0.0,-0.8131229281425476,2,0,0.9999765157699585,215.79725791674306,0.9999765157699585,1.1152727893204428e-05,1.0563970818111557e-06,9.280863082494761e-07,1.0069381914945552e-06,1.2285347565921256e-06,1.0015539828600595e-06,1.9534159036993515e-06,1.0281584081894835e-06,1.599605866431375e-06,1.3394758298090892e-06,1.0900481584030786e-06
67,2195456,0.00029076000000000026,2.4526128404880447,2.4239763543154287,0.0,0.0,-0.005717411637306213,0.19835509359836578,6.097363893786678e-06,0.0,-0.8190682530403137,2,0,0.9999775886535645,215.97633913435882,0.9999775886535645,1.062229694070993e-05,1.0199248663411709e-06,8.962329616224451e-07,9.722580216475762e-07,1.1857993058583816e-06,9.670683311924222e-07,1.883359118437511e-06,9.92712330116774e-07,1.5430779285452445e-06,1.292654587814468e-06,1.052364950737683e-06
68,2228224,0.0002906200000000003,2.36580257946144,2.41995060567084,0.0,0.0,0.05561516433954239,0.2887002229690552,6.044102974556154e-06,0.0,-0.8166714906692505,2,0,0.9999778270721436,217.36505332503006,0.9999778270721436,1.050376522471197e-05,1.0118152431459748e-06,8.891466336535814e-07,9.645503951105638e-07,1.1763013390009291e-06,9.594019729775027e-07,1.867814034994808e-06,9.848322406469379e-07,1.530522467874107e-06,1.2822530379708041e-06,1.0439863444844377e-06
69,2260992,0.0002904800000000003,2.3972283248711497,2.417380527511568,0.0,0.0,-0.06680089235305786,0.23667919635772705,5.841619440616341e-06,0.0,-0.8219302892684937,2,0,0.9999786615371704,217.5040366847081,0.9999786615371704,1.0067796210933011e-05,9.799649660635623e-07,8.61337639435078e-07,9.342547855339944e-07,1.138971242653497e-06,9.292768368140969e-07,1.806533987291914e-06,9.538767926642322e-07,1.4810865422987263e-06,1.2413366903274436e-06,1.0110724133483018e-06
70,2293760,0.0002903400000000003,2.4423380781721926,2.4272419288053397,0.0,0.0,-0.038539305329322815,0.13512322306632996,5.6369508456555195e-06,0.0,-0.8256387710571289,2,0,0.9999792575836182,217.64107209124745,0.9999792575836182,9.60721263254527e-06,9.476689797338622e-07,8.331108460879477e-07,9.035307471094711e-07,1.101153543459077e-06,8.987233854895749e-07,1.7447698610340012e-06,9.224766586157784e-07,1.4311503946373705e-06,1.1999359230685513e-06,9.777028253665776e-07
71,2326528,0.0002902000000000003,2.4315988328124947,2.433142095160665,0.0,0.0,0.09282232075929642,0.2392730861902237,5.611454071186017e-06,0.0,-0.8267906904220581,2,0,0.9999794960021973,219.14004151574466,0.9999794960021973,9.558413694321644e-06,9.441321822123427e-07,8.300206104649988e-07,9.001646503747907e-07,1.0970136372634443e-06,8.953751944318356e-07,1.7379994687871658e-06,9.190364949063223e-07,1.4256800113798818e-06,1.1953972034461913e-06,9.740482482811785e-07
72,2359296,0.00029006000000000024,2.480156242684286,2.440199783755232,0.0,0.0,-0.057398829609155655,0.12828823924064636,5.574487204285106e-06,0.0,-0.828852117061615,2,0,0.9999796152114868,220.49208791390657,0.9999796152114868,9.478822903474793e-06,9.381789141116315e-07,8.248221661233401e-07,8.944987825998396e-07,1.0900380402745213e-06,8.897411021280277e-07,1.7265790575038409e-06,9.132509717346693e-07,1.4164563708618516e-06,1.187755287901382e-06,9.67896994552575e-07
73,2392064,0.0002899200000000002,2.4778430143145216,2.442948535625523,0.0,0.0,0.03742340952157974,0.2788963317871094,5.473060355143389e-06,0.0,-0.8279334306716919,2,0,0.999980092048645,221.33699951683994,0.999980092048645,9.26422217162326e-06,9.224933137375046e-07,8.111107945296681e-07,8.795795451987942e-07,1.0716735232563224e-06,8.749030371291155e-07,1.6965695976978168e-06,8.980044299278234e-07,1.3921968502472737e-06,1.1676387430270552e-06,9.516874683868082e-07
74,2424832,0.0002897800000000002,2.5090061084674975,2.44976122245435,0.0,0.0,-0.005630320869386196,0.21017444133758545,5.414348834165139e-06,0.0,-0.8315801620483398,2,0,0.9999803304672241,222.49786112454584,0.9999803304672241,9.140101610682905e-06,9.132725722338364e-07,8.030507387957186e-07,8.708060477147228e-07,1.0608755474095233e-06,8.661785386721021e-07,1.6789068695288734e-06,8.890360732038971e-07,1.3779316532236408e-06,1.1558065580175025e-06,9.421586923963332e-07
75,2457600,0.00028964000000000024,2.5424114200186763,2.4609949726032565,0.0,0.0,-0.004762474447488785,0.16887198388576508,5.341559699445497e-06,0.0,-0.8351415395736694,2,0,0.9999806880950928,223.52765098619884,0.9999806880950928,8.989401976577938e-06,9.019187245939975e-07,7.931292884677532e-07,8.600039222983469e-07,1.047580781232682e-06,8.554354735679226e-07,1.6571777905483032e-06,8.779978202255734e-07,1.3603652178062475e-06,1.1412438425395521e-06,9.30428029732866e-07
76,2490368,0.00028950000000000026,2.542630957704046,2.464162839899435,0.0,0.0,0.052360132336616516,0.20304393768310547,5.2520958888635505e-06,0.0,-0.8390529155731201,2,0,0.9999809265136719,224.40541711170766,0.9999809265136719,8.792327207629569e-06,8.875549610820599e-07,7.805672908034467e-07,8.463335916530923e-07,1.030770590659813e-06,8.418425636591564e-07,1.6297661886710557e-06,8.640298574391636e-07,1.338187075816677e-06,1.1228395351281506e-06,9.155849625130941e-07
77,2523136,0.0002893600000000003,2.577076241084026,2.476609179959033,0.0,0.0,0.0016202405095100403,0.12493164837360382,5.235861863184255e-06,0.0,-0.8396281599998474,2,0,0.9999810457229614,225.8559064342392,0.9999810457229614,8.76043031894369e-06,8.851966413203627e-07,7.785043862895691e-07,8.440887881988601e-07,1.028009137371555e-06,8.39610549974168e-07,1.6252636214630911e-06,8.617365665486432e-07,1.3345448905965895e-06,1.119818534789374e-06,9.131478009294369e-07
78,2555904,0.00028922000000000024,2.549595009987056,2.4949884230115944,0.0,0.0,-0.017106544226408005,0.1761934608221054,5.0823423407564405e-06,0.0,-0.8446829319000244,2,0,0.9999816417694092,226.07213700881178,0.9999816417694092,8.443200385954697e-06,8.60458385432139e-07,7.568894488940714e-07,8.205557264773233e-07,9.990425269279513e-07,8.16205385945068e-07,1.5779218074385426e-06,8.37689924537699e-07,1.296280629503599e-06,1.0880917216127273e-06,8.875877028913237e-07
79,2588672,0.00028908000000000026,2.5409912500440983,2.509364715528889,0.0,0.0,0.04919819533824921,0.4035132825374603,5.0538965297164395e-06,0.0,-0.8474279642105103,2,0,0.9999817609786987,227.32797975972377,0.9999817609786987,8.384489774471149e-06,8.559276238884195e-07,7.529276331297297e-07,8.162475637618627e-07,9.93738581200887e-07,8.119200174405705e-07,1.5692673969169846e-06,8.332870038429974e-07,1.2892792256025132e-06,1.0822849390024203e-06,8.829057946968533e-07
80,2621440,0.0002889400000000003,2.5861821951736013,2.5237491272290304,0.0,0.0,0.018743904307484627,0.24323715269565582,5.016649083700031e-06,0.0,-0.8459700345993042,1,0,0.9999818801879883,229.10183194215202,0.9999818801879883,8.305044502776582e-06,8.499393970851088e-07,7.476927521565813e-07,8.105508868538891e-07,9.8673524462356e-07,8.062550591603213e-07,1.5578575585095678e-06,8.27467317776609e-07,1.2800442164007109e-06,1.0746167617980973e-06,8.767212307247974e-07
81,2654208,0.0002888000000000003,2.620159925865451,2.542605236534326,0.0,0.0,-0.024899519979953766,0.17755699157714844,4.9306731852993835e-06,0.0,-0.8491717576980591,1,0,0.9999821186065674,230.63834143749824,0.9999821186065674,8.121097380353604e-06,8.359776870747737e-07,7.354786930591217e-07,7.972603839334624e-07,9.703985597298015e-07,7.930373726594553e-07,1.5312532468669815e-06,8.138879366015317e-07,1.2585035165102454e-06,1.056729388437816e-06,8.622956215731392e-07
82,2686976,0.00028866000000000026,2.604236616024714,2.5550132738683686,0.0,0.0,-0.044966645538806915,0.14703711867332458,4.854628514294745e-06,0.0,-0.848696231842041,1,0,0.999982476234436,232.22732937097751,0.999982476234436,7.96568019723054e-06,8.241121918217686e-07,7.251004490171908e-07,7.859654829189822e-07,9.565177379045053e-07,7.818059657438425e-07,1.5086615121617797e-06,8.023490636333008e-07,1.2402056199789513e-06,1.0415369615657255e-06,8.500371677655494e-07
83,2719744,0.0002885200000000003,2.547420227950992,2.5619709952320155,0.0,0.0,-0.027512326836586,0.21428237855434418,4.826810709346319e-06,0.0,-0.8476369380950928,1,0,0.9999825954437256,233.98444583099962,0.9999825954437256,7.908554835012183e-06,8.197353054129053e-07,7.21271419479308e-07,7.818001677151187e-07,9.513976237940369e-07,7.776633879075234e-07,1.5003370208432898e-06,7.980946179486637e-07,1.2334598977759015e-06,1.0359372026869096e-06,8.455152737951721e-07
84,2752512,0.0002883800000000003,2.602372019495353,2.571307586334801,0.0,0.0,0.06495927274227142,0.21527987718582153,4.813840860151686e-06,0.0,-0.848000168800354,1,0,0.9999825954437256,235.79654954356295,0.9999825954437256,7.879307304392569e-06,8.174900472113222e-07,7.193082183221122e-07,7.796639351909107e-07,9.487718557465996e-07,7.755400588393968e-07,1.4960678527131677e-06,7.959108074828691e-07,1.2300017715460854e-06,1.0330643362976843e-06,8.431962328359077e-07
85,2785280,0.0002882400000000003,2.613756523842311,2.578442096717165,0.0,0.0,0.07261466979980469,0.18515345454216003,4.805217940884177e-06,0.0,-0.848631739616394,1,0,0.9999825954437256,237.60723342113266,0.9999825954437256,7.860035111662e-06,8.160100719578622e-07,7.180135526141385e-07,7.782547299939324e-07,9.470415420764766e-07,7.741383001302893e-07,1.493251147621777e-06,7.944707363094494e-07,1.2277199630261748e-06,1.0311684945918387e-06,8.416673153988086e-07
86,2818048,0.00028810000000000033,2.600274472785927,2.5842064482253533,0.0,0.0,0.011548250913619995,0.17742206156253815,4.6391260184464045e-06,0.0,-0.8452064990997314,1,0,0.9999834299087524,238.66446474419888,0.9999834299087524,7.5260554694978055e-06,7.901990670688974e-07,6.95430230734928e-07,7.536954171882826e-07,9.168559813588217e-07,7.497131946365698e-07,1.4441897064898512e-06,7.69376299558644e-07,1.187964812743303e-06,9.981444009099505e-07,8.149981454153021e-07
87,2850816,0.00028796000000000035,2.574349800574406,2.583933804174391,0.0,0.0,-0.04018603637814522,0.13961869478225708,4.500583145272685e-06,0.0,-0.8454445600509644,1,0,0.9999839067459106,239.69667187468227,0.9999839067459106,7.2403427111567e-06,7.678592623960867e-07,6.758779704796325e-07,7.324393322960532e-07,8.907383062251029e-07,7.285728997885599e-07,1.401778604304127e-06,7.476550081264577e-07,1.1535840940268827e-06,9.695725111669162e-07,7.919202857920027e-07
88,2883584,0.0002878200000000003,2.564012373287844,2.5853755405044696,0.0,0.0,-0.010465648956596851,0.133530855178833,4.477765287447255e-06,0.0,-0.8447451591491699,1,0,0.9999840259552002,241.37892353038117,0.9999840259552002,7.195243142632535e-06,7.643116077815648e-07,6.727738650624815e-07,7.290587404895632e-07,8.865898735166411e-07,7.252122031786712e-07,1.3950506172477617e-06,7.44202850455622e-07,1.1481262163215433e-06,9.65032995736692e-07,7.882538284320617e-07
89,2916352,0.00028768000000000034,2.593325151185663,2.590608930618626,0.0,0.0,0.043225690722465515,0.1925884187221527,4.400847956276266e-06,0.0,-0.8475161194801331,1,0,0.9999843835830688,242.75330464670063,0.9999843835830688,7.042034212645376e-06,7.522054374931031e-07,6.621800707762304e-07,7.175418090810126e-07,8.724421149963746e-07,7.137594479900145e-07,1.3720966762775788e-06,7.32434102701518e-07,1.1295107924524928e-06,9.495628319200478e-07,7.757500384286686e-07
90,2949120,0.00028754000000000035,2.633223845787726,2.5953130956800385,0.0,0.0,-0.012921147048473358,0.24072235822677612,4.265282768756151e-06,0.0,-0.8523824214935303,1,0,0.9999847412109375,243.75089276158653,0.9999847412109375,6.761779786756961e-06,7.29866997062345e-07,6.426229788303317e-07,6.962779366403993e-07,8.463343874609563e-07,6.926122182449035e-07,1.3297780014909222e-06,7.107105375325773e-07,1.095167021958332e-06,9.210067446474568e-07,7.526721788053692e-07
91,2981888,0.00028740000000000037,2.631534580756164,2.5964505611691098,0.0,0.0,-0.05236523598432541,0.12331407517194748,4.263478331267834e-06,0.0,-0.8525841236114502,1,0,0.9999847412109375,245.50542230906493,0.9999847412109375,6.757898972864496e-06,7.295552109098935e-07,6.423509830710827e-07,6.959817824281345e-07,8.459704190499906e-07,6.923183377693931e-07,1.3291897857925505e-06,7.10407618953468e-07,1.0946887414320372e-06,9.206097502101329e-07,7.523513545493188e-07
92,3014656,0.0002872600000000004,2.5064374828973777,2.5866706478563763,0.0,0.0,-0.015859045088291168,0.2171599268913269,4.213513875583885e-06,0.0,-0.8562346696853638,1,0,0.9999849796295166,246.9308654744387,0.9999849796295166,6.659870905423304e-06,7.216749509098008e-07,6.354520110107842e-07,6.884812933094508e-07,8.367648547391582e-07,6.848579801044252e-07,1.3142796433385229e-06,7.027436481621407e-07,1.0825847311934922e-06,9.105442586587742e-07,7.442113769684511e-07
93,3047424,0.0002871200000000004,2.5778392826989327,2.5897125533311707,0.0,0.0,0.0505649708211422,0.27440208196640015,4.101240392628824e-06,0.0,-0.8556949496269226,1,0,0.9999853372573853,247.89629163798975,0.9999853372573853,6.433215276047122e-06,7.033272027001658e-07,6.19390846168244e-07,6.710043294333445e-07,8.153215276252013e-07,6.674774226667068e-07,1.2795825341527234e-06,6.848915177215531e-07,1.0544014230617904e-06,8.871035674928862e-07,7.252629643517139e-07
94,3080192,0.0002869800000000004,2.598470594673069,2.589322410848942,0.0,0.0,-0.07590775191783905,0.14122724533081055,4.0609070310893e-06,0.0,-0.8581275939941406,1,0,0.9999854564666748,249.32645877846522,0.9999854564666748,6.351745469146408e-06,6.9668357127739e-07,6.13569397955871e-07,6.64679930650891e-07,8.075646178440365e-07,6.611875278395019e-07,1.267029006157827e-06,6.784310926377657e-07,1.0441995073051658e-06,8.786134344518359e-07,7.183971320046112e-07
95,3112960,0.00028684000000000045,2.6544295228682344,2.5933897107515342,0.0,0.0,-0.07564378529787064,0.11306580156087875,4.0222230381914414e-06,0.0,-0.8577165603637695,1,0,0.9999855756759644,250.77179699784182,0.9999855756759644,6.274137376749422e-06,6.903331382090983e-07,6.080061325519637e-07,6.586331551261537e-07,8.001469495866331e-07,6.551738351845415e-07,1.2550356132123852e-06,6.722547141180257e-07,1.0344485872337827e-06,8.704975584805652e-07,7.118344456102932e-07
96,3145728,0.00028670000000000046,2.637452738211124,2.597107537294054,0.0,0.0,-0.043146319687366486,0.1258738934993744,4.0098425415635575e-06,0.0,-0.8588916063308716,1,0,0.9999856948852539,252.40141555310583,0.9999856948852539,6.252693765418371e-06,6.885744028295449e-07,6.064657327442546e-07,6.569576953552314e-07,7.980924010553281e-07,6.535071293001238e-07,1.2517115237642429e-06,6.705432724629645e-07,1.031749093272083e-06,8.682499696988089e-07,7.100181846908526e-07
97,3178496,0.0002865600000000005,2.624951830171362,2.60216774025375,0.0,0.0,-0.02406943589448929,0.1552380472421646,3.88809576179483e-06,0.0,-0.861817479133606,1,0,0.9999864101409912,253.28928653089116,0.9999864101409912,6.0244174164836295e-06,6.697353569506959e-07,5.899727852920478e-07,6.390269504663593e-07,7.760889957353356e-07,6.356771677928919e-07,1.2161576705693733e-06,6.522199669234396e-07,1.0028655879068538e-06,8.442059993285511e-07,6.905602276674472e-07
98,3211264,0.00028642000000000045,2.643804739226777,2.610146976847643,0.0,0.0,-0.021414555609226227,0.15028510987758636,3.863715392071754e-06,0.0,-0.8627333641052246,1,0,0.9999864101409912,254.75922726801946,0.9999864101409912,5.9728449741669465e-06,6.654506137238059e-07,5.862195848749252e-07,6.349471277644625e-07,7.710834211138717e-07,6.316205940493091e-07,1.2080752185283927e-06,6.480528895735915e-07,9.962976719180006e-07,8.387394245801261e-07,6.861383781142649e-07
99,3244032,0.00028628000000000046,2.6281328050298067,2.6136277422320573,0.0,0.0,0.09502890706062317,0.1883406937122345,3.8235671127040405e-06,0.0,-0.8612254858016968,1,0,0.9999865293502808,256.13628287679165,0.9999865293502808,5.893140496482374e-06,6.58806584397098e-07,5.804019451716158e-07,6.286207963057677e-07,7.63325715524843e-07,6.253285960156063e-07,1.195544768961554e-06,6.415892812583479e-07,9.861150829237886e-07,8.302583864860935e-07,6.792786848563992e-07
100,3276800,0.0002861400000000005,2.657962285616896,2.616101586214975,0.0,0.0,-0.011591717600822449,0.17472434043884277,3.7781640003231587e-06,0.0,-0.8619450926780701,1,0,0.9999866485595703,257.44327502297307,0.9999866485595703,5.802784016850637e-06,6.512443633255316e-07,5.737791184401431e-07,6.21419303570292e-07,7.544961704297748e-07,6.181659841786313e-07,1.1812884395112633e-06,6.342331744235707e-07,9.745244824443944e-07,8.206068287108792e-07,6.714711844324484e-07
101,3309568,0.0002860000000000005,2.6510256289308063,2.6180506910324386,0.0,0.0,-0.0029734596610069275,0.15638628602027893,3.7645008887920994e-06,0.0,-0.862410306930542,1,0,0.9999868869781494,258.99686702703434,0.9999868869781494,5.784132099506678e-06,6.496812261502782e-07,5.724079983338015e-07,6.199284143804107e-07,7.526672902713472e-07,6.166823709463642e-07,1.1783384934460628e-06,6.327109076664783e-07,9.721279639052227e-07,8.186123068298912e-07,6.698582524222729e-07
102,3342336,0.0002858600000000005,2.643102489316711,2.631717191674372,0.0,0.0,-0.07154402881860733,0.1555960476398468,3.7502547911572037e-06,0.0,-0.8626759052276611,1,0,0.9999868869781494,260.5009585528352,0.9999868869781494,5.7542465583537705e-06,6.471706228694529e-07,5.702079306502128e-07,6.175368980620988e-07,7.497350793528312e-07,6.143044970485789e-07,1.1736059377653874e-06,6.302688575487991e-07,9.68282506619289e-07,8.154099191415298e-07,6.672671020169219e-07
103,3375104,0.0002857200000000005,2.650583904275473,2.6389916538320257,0.0,0.0,0.015569472685456276,0.13578660786151886,3.7009215247962857e-06,0.0,-0.8607961535453796,1,0,0.999987006187439,261.7216534246911,0.999987006187439,5.656079338223208e-06,6.388895599229727e-07,5.629584052257997e-07,6.096582865211531e-07,7.400732329188031e-07,6.064677222639148e-07,1.1580099226193852e-06,6.222177262316109e-07,9.556083568895701e-07,8.048487529777049e-07,6.587188750017958e-07
104,3407872,0.0002855800000000005,2.6361012045034635,2.6427547148150654,0.0,0.0,-0.032006025314331055,0.13033625483512878,3.6887040550936945e-06,0.0,-0.8606285452842712,1,0,0.9999871253967285,263.2392447890642,0.9999871253967285,5.635587513097562e-06,6.371591894094308e-07,5.614390374830691e-07,6.080093157834199e-07,7.380511419796676e-07,6.048280170034559e-07,1.154749043053016e-06,6.205336262610217e-07,9.529538260721893e-07,8.026366913327365e-07,6.569291599589633e-07
105,3440640,0.0002854400000000005,2.6365738676162307,2.640969149289865,0.0,0.0,-0.011115534231066704,0.12183735519647598,3.5907507935917238e-06,0.0,-0.8574433922767639,1,0,0.9999873638153076,264.0451026708153,0.9999873638153076,5.442072961159283e-06,6.206959710652882e-07,5.4701996532458e-07,5.9233883575871e-07,7.188398285506992e-07,5.892440526622522e-07,1.1237648323003668e-06,6.045236773388751e-07,9.277557069253817e-07,7.816443030606024e-07,6.399313292604347e-07
106,3473408,0.00028530000000000054,2.6013582419237085,2.6373596996611233,0.0,0.0,0.12763161957263947,0.29935383796691895,3.5875207231583772e-06,0.0,-0.8570705652236938,1,0,0.9999873638153076,265.5984203389312,0.9999873638153076,5.43538180863834e-06,6.201232167768467e-07,5.465183789965522e-07,5.917945600231178e-07,7.181724299698544e-07,5.887025622541842e-07,1.1226882179471431e-06,6.039670097379712e-07,9.268801477446686e-07,7.809132966940524e-07,6.393396461135126e-07
107,3506176,0.00028516000000000056,2.5987677287981796,2.6347412895238054,0.0,0.0,0.05368468910455704,0.16706697642803192,3.5742543786909664e-06,0.0,-0.8582549095153809,1,0,0.9999874830245972,267.0868835878128,0.9999874830245972,5.412932296167128e-06,6.1820247765354e-07,5.4483592748511e-07,5.899643724660564e-07,7.159308665904973e-07,5.868824928256799e-07,1.1190752502443502e-06,6.020985665600165e-07,9.23938841879135e-07,7.784626632201253e-07,6.37356379229459e-07
108,3538944,0.0002850200000000006,2.5780607251689633,2.628166888118024,0.0,0.0,0.14811909198760986,0.367636114358902,3.56667169398861e-06,0.0,-0.8593587279319763,1,0,0.9999874830245972,268.57921083689723,0.9999874830245972,5.39720531378407e-06,6.168544928186748e-07,5.436561423266539e-07,5.886795406695455e-07,7.143568154788227e-07,5.856044253960135e-07,1.116541284318373e-06,6.007862793921959e-07,9.218774152941478e-07,7.767444571982196e-07,6.359653070830973e-07
109,3571712,0.00028488000000000054,2.6199929496886005,2.6273529025839037,0.0,0.0,0.012395856902003288,0.18188102543354034,3.5546829622035148e-06,0.0,-0.8609378337860107,1,0,0.9999874830245972,270.0322597169891,0.9999874830245972,5.3725398174719885e-06,6.147391218291887e-07,5.418042405835877e-07,5.866664878340089e-07,7.118887879187241e-07,5.836017749061284e-07,1.11256406398752e-06,5.987294571241364e-07,9.186425131701981e-07,7.740483169982326e-07,6.33781382930465e-07
110,3604480,0.0002847400000000005,2.5997864733760285,2.6215353213598163,0.0,0.0,-0.037505555897951126,0.15423309803009033,3.5144428238709224e-06,0.0,-0.8636532425880432,1,0,0.9999877214431763,271.24554503205593,0.9999877214431763,5.299467375152744e-06,6.084558208385715e-07,5.36295033271017e-07,5.806828653476259e-07,7.04554736330465e-07,5.776504963250773e-07,1.1007501825588406e-06,5.926182211624109e-07,9.090258572541643e-07,7.660366350137338e-07,6.272933319451113e-07
111,3637248,0.0002846000000000005,2.5453480832303956,2.6109675667897756,0.0,0.0,0.06972262263298035,0.44971877336502075,3.513390538500971e-06,0.0,-0.8635879755020142,1,0,0.9999877214431763,272.7645658791131,0.9999877214431763,5.297334610077087e-06,6.08271875535138e-07,5.361339958653843e-07,5.805079013043724e-07,7.043396976769145e-07,5.774764417765255e-07,1.10040491563268e-06,5.924385391153919e-07,9.087450507649919e-07,7.658028380319593e-07,6.27103133865603e-07
112,3670016,0.00028446000000000054,2.5197781538585566,2.59863513324396,0.0,0.0,-0.021955782547593117,0.26980018615722656,3.473057176961447e-06,0.0,-0.867394208908081,1,0,0.9999878406524658,273.89356630945696,0.9999878406524658,5.219501872488763e-06,6.015512781232246e-07,5.302437671161897e-07,5.741060249420116e-07,6.964938847886515e-07,5.711102630812093e-07,1.08777373952762e-06,5.858996132701577e-07,8.984654300547845e-07,7.572341473860433e-07,6.201619271450909e-07
113,3702784,0.00028432000000000056,2.371762120060276,2.5707529548224404,0.0,0.0,-0.0008727610111236572,0.39152058959007263,3.4671472803893266e-06,0.0,-0.8670955896377563,1,0,0.9999878406524658,275.3276642395982,0.9999878406524658,5.207385584071744e-06,6.005012096466089e-07,5.29322733200388e-07,5.731060355174122e-07,6.952674880267296e-07,5.701155032511451e-07,1.0858025234483648e-06,5.84878534937161e-07,8.96860285592993e-07,7.558971333310183e-07,6.190788894855359e-07
114,3735552,0.0002841800000000006,2.4399369492388843,2.5511365292959822,0.0,0.0,0.02179860509932041,0.5150958299636841,3.462962922640145e-06,0.0,-0.8674028515815735,1,0,0.9999878406524658,276.7676225829331,0.9999878406524658,5.19878585691913e-06,5.99755480834574e-07,5.286703981255414e-07,5.723960043724219e-07,6.943994321773062e-07,5.694096785191505e-07,1.0844033795365249e-06,5.84153269755916e-07,8.957200066106452e-07,7.549461997768958e-07,6.183088316902285e-07
115,3768320,0.0002840400000000006,2.43126776555667,2.5306059190900263,0.0,0.0,0.08711933344602585,0.37281665205955505,3.4573677112348378e-06,0.0,-0.8666619062423706,1,0,0.9999878406524658,278.1994887396222,0.9999878406524658,5.187350780033739e-06,5.987639610793849e-07,5.278018875287671e-07,5.714502435694158e-07,6.932415317351115e-07,5.684688062501664e-07,1.0825424396898597e-06,5.831880685036595e-07,8.942050726545858e-07,7.536851285294688e-07,6.172866164888546e-07
116,3801088,0.0002839000000000006,2.471063695018094,2.517576464399465,0.0,0.0,-0.06436195969581604,0.5716441869735718,3.447966264502611e-06,0.0,-0.8675439953804016,1,0,0.9999879598617554,279.6074866371641,0.9999879598617554,5.172979854251025e-06,5.975170438432542e-07,5.267087885840738e-07,5.702634666704398e-07,6.917859991517616e-07,5.672882821272651e-07,1.080199467651255e-06,5.819758257530339e-07,8.92298658072832e-07,7.520955591644451e-07,6.159994541121705e-07
117,3833856,0.00028376000000000063,2.4201526555628763,2.499714957075935,0.0,0.0,-0.12108206748962402,0.4726129472255707,3.4373911148577463e-06,0.0,-0.867516815662384,1,0,0.9999879598617554,280.9655115521422,0.9999879598617554,5.151383447810076e-06,5.956429163234134e-07,5.250637968856608e-07,5.684759685209428e-07,6.895965611874999e-07,5.655105610458122e-07,1.0766748346213717e-06,5.801510383207642e-07,8.894303960005345e-07,7.497058618355368e-07,6.140650157249183e-07
118,3866624,0.0002836200000000006,2.5314345696663745,2.4950523415256756,0.0,0.0,-0.012046568095684052,0.2960834205150604,3.4235260955028934e-06,0.0,-0.8668347597122192,1,0,0.9999879598617554,282.2880888664177,0.9999879598617554,5.123045866639586e-06,5.931758551014354e-07,5.229035764386936e-07,5.661290174430178e-07,6.867194315418601e-07,5.631758881463611e-07,1.072043687599944e-06,5.777520755145815e-07,8.85662075233995e-07,7.465658313776657e-07,6.115193400546559e-07
119,3899392,0.0002834800000000006,2.556746850558847,2.4887277316127006,0.0,0.0,0.11618363857269287,0.31656497716903687,3.3952794638025807e-06,0.0,-0.8660176992416382,1,0,0.9999880790710449,283.46169580773727,0.9999880790710449,5.070421138952952e-06,5.885890459467191e-07,5.188799150346313e-07,5.61762533379806e-07,6.813675668126962e-07,5.58833221475652e-07,1.063431341208343e-06,5.732920840273437e-07,8.786450962361414e-07,7.407172688544961e-07,6.06779622103204e-07
120,3932160,0.0002833400000000006,2.5909557776108265,2.4878446620361805,0.0,0.0,-0.04831653833389282,0.17673376202583313,3.3838402941910317e-06,0.0,-0.8653551936149597,1,0,0.9999880790710449,284.7738990024276,0.9999880790710449,5.04710487803095e-06,5.86550470416114e-07,5.170961117073603e-07,5.598227517111809e-07,6.789908866267069e-07,5.569035579355841e-07,1.05960680230055e-06,5.713097834814107e-07,8.755326348364179e-07,7.381208320111909e-07,6.046745966159506e-07
121,3964928,0.00028320000000000054,2.568775997912824,2.490187453504423,0.0,0.0,-0.044913895428180695,0.16053088009357452,3.3055778203561204e-06,0.0,-0.8634451627731323,1,0,0.9999884366989136,285.405644678961,0.9999884366989136,4.903084118268453e-06,5.73898375932913e-07,5.060184093963471e-07,5.47775471204659e-07,6.642358698627504e-07,5.44921704204171e-07,1.0358850204283954e-06,5.590028990809515e-07,8.562117841393047e-07,7.220065185720159e-07,5.916101599723333e-07
122,3997696,0.00028306000000000056,2.5875766409174084,2.4969673022103076,0.015625,0.0015625,0.027224598452448845,1.1541554927825928,3.3046590033336543e-06,0.0,-0.8638923168182373,1,0,0.9999884366989136,286.81083977354126,0.9999884366989136,4.90124648422352e-06,5.737363721891597e-07,5.058765850662894e-07,5.476213686961273e-07,6.640477181463211e-07,5.447683975035034e-07,1.0355807944506523e-06,5.588457270278013e-07,8.559644015804224e-07,7.218000064312946e-07,5.914432108511392e-07
123,4030464,0.0002829200000000006,2.388491292397508,2.4986402194440314,0.015625,0.003125,-0.018659792840480804,0.7192637324333191,3.3005485420289915e-06,0.0,-0.8642679452896118,1,0,0.9999884366989136,288.15889519438156,0.9999884366989136,4.892962351732422e-06,5.730036605200439e-07,5.052357892054715e-07,5.469240704769618e-07,6.631946121160581e-07,5.440746804197261e-07,1.0342089353798656e-06,5.581335926763131e-07,8.548468031222001e-07,7.208678312053962e-07,5.906867386329395e-07
124,4063232,0.0002827800000000006,2.612794107343987,2.5159259352545416,0.0,0.003125,0.06490886211395264,0.2588043212890625,3.264777888034587e-06,0.0,-0.8676062822341919,1,0,0.9999885559082031,289.181008801129,0.9999885559082031,4.825642463401891e-06,5.6704902817728e-07,5.000192118131963e-07,5.412522341430304e-07,6.562494831996446e-07,5.384335395319795e-07,1.0230514817521907e-06,5.523387471839669e-07,8.45755039335927e-07,7.13284691755689e-07,5.845426471751125e-07
125,4096000,0.0002826400000000006,2.6184670331790514,2.5346458620167795,0.0,0.003125,-0.04808757081627846,0.14328163862228394,3.189253447999363e-06,0.0,-0.8698374032974243,1,0,0.9999889135360718,289.7721726188359,0.9999889135360718,4.6884956645953935e-06,5.54846167233336e-07,4.8932139407043e-07,5.296267318044556e-07,6.420192448786111e-07,5.268720997264609e-07,1.000191787170479e-06,5.404663170338608e-07,8.271252340819046e-07,6.977444968470081e-07,5.719436444451276e-07
126,4128768,0.00028250000000000063,2.6081080804503127,2.5483503005600014,0.0,0.003125,-0.0127602219581604,0.15454067289829254,3.1800857414054917e-06,0.0,-0.8697983026504517,1,0,0.9999889135360718,291.04336974685134,0.9999889135360718,4.67022618977353e-06,5.532124305318575e-07,4.878880304204358e-07,5.280713253341673e-07,6.401154450941249e-07,5.253253334558394e-07,9.971328154279036e-07,5.38878055067471e-07,8.246285005952814e-07,6.956628908483253e-07,5.702564180865011e-07
127,4161536,0.00028236000000000065,2.6117542949986734,2.5675104645035813,0.0,0.003125,0.12372858077287674,0.30944132804870605,3.109070121354307e-06,0.0,-0.8683110475540161,1,0,0.9999892711639404,291.6174834115163,0.9999892711639404,4.54311248176964e-06,5.418000910140108e-07,4.778770517077646e-07,5.171992825125926e-07,6.268051038205158e-07,5.145103045833821e-07,9.757741281646304e-07,5.277744890008762e-07,8.072119612734241e-07,6.81129961321858e-07,5.584764721788815e-07
128,4194304,0.00028222000000000067,2.6159778678788315,2.575964794324827,0.0,0.003125,0.10520578920841217,0.2189808189868927,3.108477585556102e-06,0.0,-0.8684533834457397,1,0,0.9999892711639404,292.9656216013548,0.9999892711639404,4.5419251364364754e-06,5.41692600108945e-07,4.777836579705763e-07,5.170971917323186e-07,6.266807872634672e-07,5.144092369846476e-07,9.755740393302403e-07,5.276702950141043e-07,8.070488206612936e-07,6.80993537116592e-07,5.583656843555218e-07
129,4227072,0.0002820800000000007,2.6325914084544992,2.583549250114392,0.0,0.003125,0.10611307621002197,0.21070647239685059,3.0387502647499787e-06,0.0,-0.867340624332428,1,0,0.9999896287918091,293.5210366935735,0.9999896287918091,4.418063781486126e-06,5.304773367242888e-07,4.679522476180864e-07,5.06417848100682e-07,6.136076535767643e-07,5.037881578573433e-07,9.546052979203523e-07,5.167587460164214e-07,7.899462843852234e-07,6.667212346656015e-07,5.467895789479371e-07
130,4259840,0.00028194000000000065,2.636949255179735,2.588148597871283,0.0,0.003125,0.05150699242949486,0.22328242659568787,3.0001785944477888e-06,0.0,-0.8688212633132935,1,0,0.9999897480010986,294.36519006550066,0.9999897480010986,4.346831246948568e-06,5.239942311163759e-07,4.6225662231336173e-07,5.002420948585495e-07,6.060427040210925e-07,4.976449758942181e-07,9.424811651115306e-07,5.104500928609923e-07,7.800570074323332e-07,6.584682523680385e-07,5.400958116297261e-07
131,4292608,0.0002818000000000006,2.66197876786417,2.5974688748664176,0.0,0.003125,0.03295328468084335,0.17744767665863037,2.9868826914025703e-06,0.0,-0.8698433041572571,1,0,0.9999897480010986,295.5096857433928,0.9999897480010986,4.320698735682527e-06,5.216050453782373e-07,4.6016080545996374e-07,4.979668801752268e-07,6.032586270521278e-07,4.953826078235579e-07,9.380183882967685e-07,5.081279823571094e-07,7.764143674648949e-07,6.554271294589853e-07,5.376275566959521e-07
132,4325376,0.00028166000000000063,2.641382730118245,2.6028494837865015,0.0,0.0015625,0.07414907217025757,0.2462087869644165,2.930995378847001e-06,0.0,-0.8693726062774658,1,0,0.9999898672103882,296.0665991138352,0.9999898672103882,4.2160404518654104e-06,5.120005539538397e-07,4.517272884640988e-07,4.888153171123122e-07,5.920574039919302e-07,4.862803280047956e-07,9.200729778058303e-07,4.987825263924606e-07,7.61773435442592e-07,6.432020427382668e-07,5.277103696244012e-07
133,4358144,0.00028152000000000065,2.6850311371194846,2.632503468258699,0.0,0.0,-0.003928370773792267,0.15664300322532654,2.912918489528238e-06,0.0,-0.8681050539016724,1,0,0.9999899864196777,297.15162056460264,0.9999899864196777,4.185397756373277e-06,5.091763455311593e-07,4.492476080031338e-07,4.861227012042946e-07,5.887641805202293e-07,4.836017524212366e-07,9.147963737632381e-07,4.960332375958387e-07,7.574690243927762e-07,6.396072080860904e-07,5.247935632723966e-07
134,4390912,0.00028138000000000067,2.6850642235846207,2.6397304798827625,0.0,0.0,-0.02406817302107811,0.07588986307382584,2.8634501632041065e-06,0.0,-0.8656330108642578,1,0,0.9999902248382568,297.84487531319996,0.9999902248382568,4.098500994587084e-06,5.011323764847475e-07,4.4218998596079473e-07,4.784644147548534e-07,5.793909849671763e-07,4.759853595714958e-07,8.997846521197062e-07,4.882102757619577e-07,7.452181307598948e-07,6.293741989793489e-07,5.164870913176856e-07
135,4423680,0.0002812400000000007,2.657960353132127,2.64367981187807,0.0,0.0,0.06774647533893585,0.2081787884235382,2.8619367640203563e-06,0.0,-0.8654279112815857,1,0,0.9999902248382568,299.11006687448236,0.9999902248382568,4.095581971341744e-06,5.008614607504569e-07,4.419517836140585e-07,4.782066866937384e-07,5.790749924017291e-07,4.757289389090147e-07,8.992785751615884e-07,4.879473181063076e-07,7.44806015973154e-07,6.290297278610524e-07,5.162068532627018e-07
136,4456448,0.0002811000000000007,2.6714264230347213,2.6500116461365106,0.0,0.0,0.027592118829488754,0.10714968293905258,2.8199392545502633e-06,0.0,-0.8635215759277344,1,0,0.9999903440475464,299.7993635657565,0.9999903440475464,4.018880190415075e-06,4.937198241350416e-07,4.3568212504396797e-07,4.71399772550285e-07,5.707479431293905e-07,4.689591435180773e-07,8.859616400513914e-07,4.809962774743326e-07,7.339298804254213e-07,6.199447284416237e-07,5.088357966087642e-07
137,4489216,0.0002809600000000007,2.650036897981692,2.653839906434812,0.0,0.0,-0.04633454233407974,0.10779821872711182,2.7702178613253636e-06,0.0,-0.863577127456665,1,0,0.9999904632568359,300.3719006168091,0.9999904632568359,3.927779744117288e-06,4.85190184917883e-07,4.2818780343623075e-07,4.632702825801971e-07,5.608030164694355e-07,4.608734798239311e-07,8.70059466251405e-07,4.726949782707379e-07,7.209415002762398e-07,6.090978672546044e-07,5.000296710022667e-07
138,4521984,0.00028082000000000074,2.5817863322610375,2.6504207528730332,0.0,0.0,0.07345353811979294,0.19694402813911438,2.7662974844133714e-06,0.0,-0.863855242729187,1,0,0.9999904632568359,301.57423514267236,0.9999904632568359,3.920246399502503e-06,4.844822569793905e-07,4.2756633433782554e-07,4.625961196325079e-07,5.599789005827915e-07,4.602028411682113e-07,8.687411536811851e-07,4.7200578023876005e-07,7.198635785243823e-07,6.081970127524983e-07,4.992987214791356e-07
139,4554752,0.0002806800000000007,2.664246368342556,2.653586248861839,0.0,0.0,-0.08327125757932663,0.0835864394903183,2.7545042939891573e-06,0.0,-0.8652234673500061,1,0,0.9999905824661255,302.6918316052756,0.9999905824661255,3.902159733115695e-06,4.82783605093573e-07,4.2607132400007686e-07,4.609768495811295e-07,5.579969410973717e-07,4.585915291954734e-07,8.655689498482388e-07,4.703530862570915e-07,7.172767482188647e-07,6.060339501345879e-07,4.975410661245405e-07
140,4587520,0.0002805400000000007,2.691285671788232,2.6590198905226887,0.0,0.0,0.030251789838075638,0.0633704662322998,2.74761873697571e-06,0.0,-0.865270733833313,1,0,0.9999905824661255,303.8368019125675,0.9999905824661255,3.8889784264029e-06,4.815421448256529e-07,4.2498089669607e-07,4.5979317064848146e-07,5.565492529058247e-07,4.574148135816358e-07,8.632557069176983e-07,4.6914490781091445e-07,7.153871024456748e-07,6.04454726271797e-07,4.962597017765802e-07
141,4620288,0.00028040000000000074,2.6695786395190977,2.659779877688181,0.0,0.0,0.1503395140171051,0.1869850754737854,2.7459759621706326e-06,0.0,-0.8653272390365601,1,0,0.9999905824661255,305.04535140285526,0.9999905824661255,3.885831574734766e-06,4.812455358660372e-07,4.247203833074309e-07,4.595104030613584e-07,5.562043838835962e-07,4.5713309759776166e-07,8.627035299468844e-07,4.68856370616777e-07,7.149356520130823e-07,6.040778544047498e-07,4.959540547133656e-07
142,4653056,0.00028026000000000076,2.625115848510504,2.6581531895274075,0.0,0.0,-0.08998798578977585,0.08420047163963318,2.7230360046814894e-06,0.0,-0.8647130727767944,1,0,0.9999905824661255,305.93179782778884,0.9999905824661255,3.841904344881186e-06,4.770971600009943e-07,4.2108172237931285e-07,4.5555981387224165e-07,5.513736027751293e-07,4.5320467734200065e-07,8.549774292987422e-07,4.648210278901388e-07,7.086268851708155e-07,5.988050020278024e-07,4.916685725220304e-07
143,4685824,0.0002801200000000008,2.590249541658754,2.648675029981334,0.0,0.0,-0.012581957504153252,0.17633625864982605,2.713999037950998e-06,0.0,-0.8655518293380737,1,0,0.999990701675415,307.04821445449215,0.999990701675415,3.829219622275559e-06,4.758993554787594e-07,4.2002736222457315e-07,4.5441822749126004e-07,5.499756525750854e-07,4.520685479292297e-07,8.527423460691352e-07,4.6365445882656786e-07,7.068025524858967e-07,5.972804615339555e-07,4.904294996777026e-07
144,4718592,0.0002799800000000008,2.673377144867196,2.647506322109592,0.0,0.0,-0.008442237973213196,0.13466376066207886,2.6617542516760295e-06,0.0,-0.8684288263320923,1,0,0.9999908208847046,307.48834012844287,0.9999908208847046,3.734260872079176e-06,4.6687631538588903e-07,4.1211004031538323e-07,4.458203477497591e-07,5.3946939715388e-07,4.435176492734172e-07,8.359609751096286e-07,4.5487311695069366e-07,6.9308492811615e-07,5.858119038748555e-07,4.811217308997584e-07
145,4751360,0.0002798400000000008,2.694953499030001,2.651205636699379,0.0,0.0,-0.10125953704118729,0.042664535343647,2.6470092961972114e-06,0.0,-0.8711774349212646,1,0,0.9999909400939941,308.4970605607344,0.9999909400939941,3.7108093238202855e-06,4.646403510832897e-07,4.101430022274144e-07,4.436877816260676e-07,5.368601705413312e-07,4.4139608235127525e-07,8.318011168739758e-07,4.526963834905473e-07,6.896827358104929e-07,5.829697329318151e-07,4.788148544321302e-07
146,4784128,0.00027970000000000084,2.680395872881883,2.6521025816840953,0.0,0.0,0.03305518627166748,0.08227688074111938,2.6097125100932317e-06,0.0,-0.8741688132286072,1,0,0.9999910593032837,309.1145494170734,0.9999910593032837,3.6447463571676053e-06,4.583123143220291e-07,4.0459426031702606e-07,4.376572064757056e-07,5.294976404002227e-07,4.353983626970148e-07,8.200463526009116e-07,4.4653702957475616e-07,6.800712526455754e-07,5.749308797931008e-07,4.7228789412656624e-07
147,4816896,0.00027956000000000085,2.6937349948144385,2.65647239136737,0.0,0.0,0.034870222210884094,0.1275123953819275,2.6032985260826536e-06,0.0,-0.8754533529281616,1,0,0.9999910593032837,310.19779582840715,0.9999910593032837,3.632607786130393e-06,4.571485590076918e-07,4.0357187458539556e-07,4.3654921455527074e-07,5.281399921841512e-07,4.34295657214534e-07,8.17880561498896e-07,4.454048223578866e-07,6.783009780519933e-07,5.734534624934895e-07,4.7108417788876977e-07
148,4849664,0.0002794200000000008,2.694440458584567,2.6677378039997226,0.0,0.0,0.05821789801120758,0.14190815389156342,2.5565536816429812e-06,0.0,-0.8737277984619141,1,0,0.9999911785125732,310.6213331141096,0.9999911785125732,3.5491152630129363e-06,4.491029130804236e-07,3.9650356598031067e-07,4.288763477688917e-07,5.187657166061399e-07,4.266628366167424e-07,8.029285254451679e-07,4.375721402993804e-07,6.66075379740505e-07,5.632282409351319e-07,4.62783532384492e-07
149,4882432,0.00027928000000000084,2.666228584691937,2.6679360256346607,0.0,0.0,0.09527017176151276,0.19738373160362244,2.5550596092216438e-06,0.0,-0.8734551072120667,1,0,0.9999911785125732,311.77505959373076,0.9999911785125732,3.5463140193314757e-06,4.488314573336538e-07,3.962669268275931e-07,4.28617113357177e-07,5.184517135603528e-07,4.2640570541152556e-07,8.024255748750875e-07,4.3730764787142107e-07,6.656644586655602e-07,5.628834855997411e-07,4.625037774985685e-07
150,4915200,0.00027914000000000085,2.7053942486430995,2.6693468833201477,0.0,0.0,0.004969347268342972,0.1126844584941864,2.5442973310418893e-06,0.0,-0.8724957704544067,1,0,0.9999912977218628,312.802327737363,0.9999912977218628,3.530575668264646e-06,4.473060357668146e-07,3.949306801587227e-07,4.271644229447702e-07,5.166792789168539e-07,4.249605183304084e-07,7.995962505447096e-07,4.35822187228041e-07,6.633501925534802e-07,5.609484787783003e-07,4.6093146011116914e-07
151,4947968,0.00027900000000000087,2.7167996037670337,2.6740689797449413,0.0,0.0,0.06077359616756439,0.1466100662946701,2.538753278713557e-06,0.0,-0.8731439709663391,1,0,0.9999912977218628,313.8826775875457,0.9999912977218628,3.520159907566267e-06,4.462948766104091e-07,3.940458270790259e-07,4.262033428403811e-07,5.155054054739594e-07,4.240039572778187e-07,7.977248515089741e-07,4.3483825606926985e-07,6.618185466322757e-07,5.596665459961514e-07,4.598886391704582e-07
152,4980736,0.0002788600000000009,2.706319631114875,2.6821893580053784,0.0,0.0,0.055326372385025024,0.12774190306663513,2.5363754048157716e-06,0.0,-0.8722416758537292,1,0,0.9999912977218628,315.01196866649195,0.9999912977218628,3.515717935442808e-06,4.4586431613424793e-07,3.936686994165939e-07,4.257929901996249e-07,5.150051265445654e-07,4.2359613416920183e-07,7.969264288476552e-07,4.344196327110694e-07,6.611649610022141e-07,5.591202238974802e-07,4.5944412363496667e-07
153,5013504,0.0002787200000000009,2.7030661038865085,2.6934710142281544,0.0,0.0,-0.04946896433830261,0.07911238074302673,2.5256688331865007e-06,0.0,-0.8724498152732849,1,0,0.9999912977218628,315.98121946367877,0.9999912977218628,3.495694954835926e-06,4.439207259565592e-07,3.919656990092335e-07,4.239396673710871e-07,5.127459985487803e-07,4.217523894567421e-07,7.93319259173586e-07,4.325270879235177e-07,6.582137075383798e-07,5.566521394939627e-07,4.574395688905497e-07
154,5046272,0.00027858000000000093,2.6688805916365705,2.6930213589050913,0.0,0.0,0.1125236451625824,0.18698447942733765,2.5134893348877085e-06,0.0,-0.8713428974151611,1,0,0.9999912977218628,316.8922613573902,0.9999912977218628,3.4729234812402865e-06,4.417091190589417e-07,3.900252352195821e-07,4.2183367554571305e-07,5.101686042507936e-07,4.196580505322345e-07,7.89208115747897e-07,4.303767866531416e-07,6.548521014337894e-07,5.538450977837783e-07,4.5515281499319826e-07
155,5079040,0.00027844000000000095,2.6782011915395607,2.691346128156048,0.0,0.0,0.21535198390483856,0.30162715911865234,2.4685518837941345e-06,0.0,-0.868796706199646,1,0,0.9999915361404419,317.2642957940267,0.9999915361404419,3.398046601432725e-06,4.343907278325787e-07,3.8361983456525195e-07,4.148678840465436e-07,5.016704562876839e-07,4.1273096940130927e-07,7.756520403745526e-07,4.232594790209987e-07,6.437639967771247e-07,5.445654664981703e-07,4.4760139417121536e-07
156,5111808,0.00027830000000000096,2.6774257764560216,2.6910491185134613,0.0,0.0,0.048019472509622574,0.11549806594848633,2.4220405521191424e-06,0.0,-0.868822455406189,1,0,0.9999918937683105,317.63675383133733,0.9999918937683105,3.325028728795587e-06,4.272184526143974e-07,3.7733443036813696e-07,4.080378346316138e-07,4.933309583066148e-07,4.0593801031718613e-07,7.623600595252356e-07,4.1628331359788717e-07,6.328890549411881e-07,5.354683594305243e-07,4.4019589040544815e-07
157,5144576,0.00027816000000000093,2.661900805672164,2.687865699599234,0.0,0.0,-0.04376386106014252,0.23630931973457336,2.4206331090681488e-06,0.0,-0.8692152500152588,1,0,0.9999918937683105,318.73683585077526,0.9999918937683105,3.322439170005964e-06,4.269618614216597e-07,3.77111035732014e-07,4.077946869074367e-07,4.930345767206745e-07,4.05696908956088e-07,7.618868949066382e-07,4.1603445311011455e-07,6.325028607534477e-07,5.351441814127611e-07,4.3993151166432654e-07
158,5177344,0.00027802000000000095,2.7035827052604886,2.688779924266826,0.0,0.0,0.09877987205982208,0.12066442519426346,2.4158266569429543e-06,0.0,-0.8693345189094543,1,0,0.9999920129776001,319.8126386937015,0.9999920129776001,3.3179492220369866e-06,4.2652075649129984e-07,3.7672214148187777e-07,4.073733634868404e-07,4.925186658510938e-07,4.0527777400711784e-07,7.610670991198276e-07,4.1560505792404e-07,6.31831369446445e-07,5.345831368686049e-07,4.394753148062591e-07
159,5210112,0.00027788000000000096,2.707486800532569,2.692905745850889,0.0,0.0,-0.007124042138457298,0.08119045197963715,2.410652996331919e-06,0.0,-0.8694432973861694,1,0,0.9999920129776001,320.82444008608115,0.9999920129776001,3.3083788366639055e-06,4.255772978467576e-07,3.7589529711112846e-07,4.064753795773868e-07,4.914217583973368e-07,4.043843659928825e-07,7.593192208332766e-07,4.1468729250482284e-07,6.304006774371373e-07,5.333864123713283e-07,4.3850238284903753e-07
160,5242880,0.000277740000000001,2.6736332479212765,2.6897296457787068,0.0,0.0,0.08556550741195679,0.10492607951164246,2.3968282221176196e-06,0.0,-0.867497444152832,1,0,0.9999920129776001,321.66444257855386,0.9999920129776001,3.282836360085639e-06,4.230538195315603e-07,3.7368531025094853e-07,4.0406982293461624e-07,4.884919917458319e-07,4.0199233808380086e-07,7.546491360699292e-07,4.12230406254821e-07,6.265790943871252e-07,5.30184820490831e-07,4.3589983533820487e-07
161,5275648,0.00027760000000000095,2.6782103763814926,2.6858707230401526,0.0,0.0,-0.01717691496014595,0.18692800402641296,2.389625478826929e-06,0.0,-0.8689963817596436,1,0,0.9999920129776001,322.61850433881204,0.9999920129776001,3.2695543268346228e-06,4.2174141867690196e-07,3.72533492054572e-07,4.0282091617882543e-07,4.869645522376231e-07,4.0075062202049594e-07,7.522154987782415e-07,4.1095472624874674e-07,6.245882673283631e-07,5.28519876752398e-07,4.3454340925563884e-07
162,5308416,0.0002774600000000009,2.7085141090620772,2.6860901708348726,0.0,0.0,0.03822490945458412,0.1429288238286972,2.388031589362072e-06,0.0,-0.8689196109771729,1,0,0.9999920129776001,323.67573570756,0.9999920129776001,3.2666182505636243e-06,4.214503519506252e-07,3.722792314420076e-07,4.0254442978948646e-07,4.866265612690768e-07,4.0047589777714165e-07,7.51679067434452e-07,4.1067184497478593e-07,6.241488108571502e-07,5.281515882415988e-07,4.342426507264463e-07
163,5341184,0.0002773200000000009,2.721686080520504,2.687952168498272,0.0,0.0,0.0253834780305624,0.11988626420497894,2.382717184445937e-06,0.0,-0.8701426982879639,1,0,0.9999920129776001,324.656287519537,0.9999920129776001,3.256798436268582e-06,4.204779884275922e-07,3.714267222676426e-07,4.016183652311156e-07,4.85496457258705e-07,3.9955503439159656e-07,7.498791205762245e-07,4.097259136415232e-07,6.226749746929272e-07,5.269184271128324e-07,4.3323910858816816e-07
164,5373952,0.0002771800000000009,2.7149283253652636,2.6925569418711417,0.0,0.0,0.01235085166990757,0.11772435158491135,2.3716561372566503e-06,0.0,-0.871118426322937,1,0,0.9999921321868896,325.57175656447913,0.9999921321868896,3.240829983042204e-06,4.1889390445248864e-07,3.7003943020863517e-07,4.0010795032685564e-07,4.836590505874483e-07,3.9805391338632035e-07,7.469499792023271e-07,4.081830979885126e-07,6.202787972142687e-07,5.249082732916577e-07,4.316052866215614e-07
165,5406720,0.0002770400000000009,2.6989925553182483,2.694636078249011,0.0,0.0,-0.0765266865491867,0.07456344366073608,2.360335429330007e-06,0.0,-0.8697718977928162,1,0,0.9999921321868896,326.4408255542372,0.9999921321868896,3.2200105124502443e-06,4.168264808868116e-07,3.6822569882133394e-07,3.981370753081137e-07,4.812554834643379e-07,3.960934975566488e-07,7.431252697642776e-07,4.0617086938254943e-07,6.17148032233672e-07,5.222852905717446e-07,4.2947388578795653e-07
166,5439488,0.00027690000000000093,2.630922574637161,2.6899857580671247,0.0,0.0,0.005505840294063091,0.11953876912593842,2.3533757484983653e-06,0.0,-0.8695563077926636,1,0,0.9999921321868896,327.36485145381823,0.9999921321868896,3.207233248758712e-06,4.1555713892194035e-07,3.6711384154841653e-07,3.969299484651856e-07,4.79779941997549e-07,3.9489333403253113e-07,7.407760449495981e-07,4.0493631559002097e-07,6.152246783130977e-07,5.206769628784969e-07,4.2816117229449446e-07
167,5472256,0.00027676000000000095,2.732673304436969,2.6970630079436053,0.0,0.0,0.04295485466718674,0.09835900366306305,2.3418524506269023e-06,0.0,-0.8700398206710815,1,0,0.9999921321868896,328.1791031074278,0.9999921321868896,3.1860947729001055e-06,4.134529376642604e-07,3.652689031241607e-07,3.949265021674364e-07,4.773336286234553e-07,3.9290054587581835e-07,7.368802812379727e-07,4.028885598472698e-07,6.120358762018441e-07,5.180078233024688e-07,4.259878778611892e-07
168,5505024,0.00027662000000000097,2.7190183457115977,2.698606571988716,0.0,0.0,-0.009245514869689941,0.07886603474617004,2.3403854356729425e-06,0.0,-0.8703815937042236,1,0,0.9999921321868896,329.19973091167935,0.9999921321868896,3.183400394846103e-06,4.131845514621091e-07,3.650334861049487e-07,3.946712183733325e-07,4.770214445670717e-07,3.9264693896257086e-07,7.363829581663595e-07,4.0262816014546843e-07,6.11629161539895e-07,5.176685817787074e-07,4.257096861692844e-07
169,5537792,0.000276480000000001,2.737686644438221,2.701626556379281,0.0,0.0,-0.0449468195438385,0.10735279321670532,2.337823843845399e-06,0.0,-0.870820939540863,1,0,0.9999921321868896,330.188405703884,0.9999921321868896,3.1787071748112794e-06,4.127158774736017e-07,3.6462327557273966e-07,3.942265891510033e-07,4.7647722567489836e-07,3.92204185573064e-07,7.355168918365962e-07,4.0217304331235937e-07,6.109196988290932e-07,5.170754775463138e-07,4.252251812886243e-07
170,5570560,0.000276340000000001,2.6892339948744786,2.703186631074601,0.0,0.0,-0.00018515437841415405,0.10621107369661331,2.3305631202674704e-06,0.0,-0.8707263469696045,1,0,0.9999922513961792,331.1431927400315,0.9999922513961792,3.1697411486675264e-06,4.11822639989623e-07,3.638372447767324e-07,3.933740799766383e-07,4.7543647951897583e-07,3.9135645124588336e-07,7.338606451412488e-07,4.0130299794327584e-07,6.095644380366139e-07,5.159416787137161e-07,4.2430286839589826e-07
171,5603328,0.000276200000000001,2.639890204926859,2.6993546139291382,0.0,0.0,0.03001309558749199,0.267508327960968,2.3270383735507494e-06,0.0,-0.8705499172210693,1,0,0.9999922513961792,332.09351840185286,0.9999922513961792,3.163336259603966e-06,4.1118337890111434e-07,3.6327659813650826e-07,3.927664522507257e-07,4.746930244436953e-07,3.907526888724533e-07,7.326773925342422e-07,4.0068192674880265e-07,6.0859611039632e-07,5.151323989593948e-07,4.236422057601885e-07
172,5636096,0.00027606000000000104,2.723337549270928,2.700836957950023,0.0,0.0,0.0888451561331749,0.15227487683296204,2.315154688403709e-06,0.0,-0.8698606491088867,1,0,0.9999922513961792,332.8814390222754,0.9999922513961792,3.141581828458584e-06,4.090084360086621e-07,3.6136819403509435e-07,3.9069345803000033e-07,4.7216508392011747e-07,3.886903243710549e-07,7.286567438313796e-07,3.9856487887846015e-07,6.053030574548757e-07,5.12372480443446e-07,4.213997897295485e-07
173,5668864,0.000275920000000001,2.685561499537061,2.697224499851679,0.0,0.0,0.0974225252866745,0.19957968592643738,2.3121585854823934e-06,0.0,-0.8707668781280518,1,0,0.9999922513961792,333.8444882000261,0.9999922513961792,3.1361157653009286e-06,4.084619718014437e-07,3.608881229411054e-07,3.9017288600007305e-07,4.715283239420387e-07,3.8817242398181406e-07,7.276443056980497e-07,3.9803308027330786e-07,6.044742235644662e-07,5.116795591675327e-07,4.208355335322267e-07
174,5701632,0.000275780000000001,2.734923324970101,2.6992239998121628,0.0,0.0,0.14919523894786835,0.26898056268692017,2.3096592940419214e-06,0.0,-0.8718906044960022,1,0,0.9999922513961792,334.8152259929382,0.9999922513961792,3.1315432806877652e-06,4.0800412648422935e-07,3.6048706419933296e-07,3.8973632854322204e-07,4.70996695867143e-07,3.8773808341829863e-07,7.267968271662539e-07,3.975869447003788e-07,6.037805064806889e-07,5.11098733113613e-07,4.203630226129462e-07
175,5734400,0.000275640000000001,2.750180601261456,2.7043428044064832,0.0,0.0,0.06842990964651108,0.1521134078502655,2.3034374407870928e-06,0.0,-0.8725732564926147,1,0,0.9999922513961792,335.69776254386096,0.9999922513961792,3.1201914225675864e-06,4.0686910551812616e-07,3.594873305701185e-07,3.886536035224708e-07,4.696725568464899e-07,3.8666132695652777e-07,7.246941322591738e-07,3.9648205074627185e-07,6.020590035404894e-07,5.096565587336954e-07,4.1919128079825896e-07
176,5767168,0.000275500000000001,2.7220311377030284,2.71345366071307,0.0,0.0,0.10379129648208618,0.14647017419338226,2.2954418454901315e-06,0.0,-0.8718622922897339,1,0,0.9999922513961792,336.5407574060989,0.9999922513961792,3.1055942599778064e-06,4.054058138081018e-07,3.582053409445507e-07,3.872602576393547e-07,4.6797265440545743e-07,3.8527582546521444e-07,7.219872486530221e-07,3.950583788991935e-07,5.998421670483367e-07,5.078013032289164e-07,4.1768007008613495e-07
177,5799936,0.000275360000000001,2.73599048039494,2.7137853783088666,0.0,0.0,0.02972044050693512,0.13851559162139893,2.2816520868218504e-06,0.0,-0.8709291219711304,1,0,0.9999923706054688,337.29713544886954,0.9999923706054688,3.084813897658023e-06,4.0332002981813275e-07,3.563742723144969e-07,3.8527295487256197e-07,4.6554629307138384e-07,3.832990671526204e-07,7.18123999376985e-07,3.930283867248363e-07,5.966803087176231e-07,5.051554126112023e-07,4.155270971750724e-07
178,5832704,0.000275220000000001,2.73668998876471,2.7155525426141778,0.0,0.0,-0.006250916048884392,0.1003359779715538,2.2748015453544213e-06,0.0,-0.8710180521011353,1,0,0.9999923706054688,338.14615431262916,0.9999923706054688,3.072341996812611e-06,4.020672577098594e-07,3.552737837253517e-07,3.8407918623306614e-07,4.6408743514803064e-07,3.8211143760236155e-07,7.158053563216527e-07,3.9180915223369084e-07,5.947792942606611e-07,5.03566127463273e-07,4.1423373886573245e-07
179,5865472,0.000275080000000001,2.743383482939276,2.7161222264642837,0.0,0.0,-0.04811244457960129,0.058109086006879807,2.265727061967482e-06,0.0,-0.8730406761169434,1,0,0.9999923706054688,338.9386974004982,0.9999923706054688,3.0558758226106875e-06,4.004119205092138e-07,3.538168300565303e-07,3.825008150215581e-07,4.6215603788368753e-07,3.8054153606026375e-07,7.127380285965046e-07,3.9019823816488497e-07,5.922661898694059e-07,5.014642852074758e-07,4.125239456698182e-07
180,5898240,0.000274940000000001,2.7167603824109223,2.718874865217928,0.0,0.0,0.24664084613323212,0.26103514432907104,2.2616250134888105e-06,0.0,-0.8741852641105652,1,0,0.9999923706054688,339.8335770747275,0.9999923706054688,3.0484068247460527e-06,3.996580630882818e-07,3.5315540003466594e-07,3.817828826413461e-07,4.612819566318649e-07,3.7982724165885884e-07,7.113459901120223e-07,3.894651001701277e-07,5.911275025027862e-07,5.005086904930067e-07,4.117457024221949e-07
181,5931008,0.00027480000000000104,2.7399620533972824,2.72888205006497,0.0,0.0,0.11597029119729996,0.12404501438140869,2.255277422591462e-06,0.0,-0.8738468885421753,1,0,0.9999923706054688,340.6716509065001,0.9999923706054688,3.036904217879055e-06,3.984995657901891e-07,3.5213673754697083e-07,3.806790971339069e-07,4.5993039066161145e-07,3.787294531321095e-07,7.092014016052417e-07,3.88337639378733e-07,5.893683692193008e-07,4.99038833368104e-07,4.1054903476833715e-07
182,5963776,0.00027466000000000106,2.7304948778135083,2.7295977829192286,0.0,0.0,-0.103560671210289,0.0782361701130867,2.251868636449217e-06,0.0,-0.8747565746307373,1,0,0.9999923706054688,341.5692236419848,0.9999923706054688,3.03068668472406e-06,3.9787144601177715e-07,3.515860953484662e-07,3.800809054155252e-07,4.592006348502764e-07,3.7813470044056885e-07,7.080404316184286e-07,3.877270273733302e-07,5.884181177862047e-07,4.982427412869583e-07,4.099019292880257e-07
183,5996544,0.0002745200000000011,2.678368107131749,2.7288784436786977,0.0,0.0,-0.08037310838699341,0.08140043914318085,2.2433434878621483e-06,0.0,-0.8753138184547424,1,0,0.9999924898147583,342.40454930241947,0.9999924898147583,3.0195396902854554e-06,3.9674426943747676e-07,3.505984125240502e-07,3.7900844063187833e-07,4.5789141722707427e-07,3.7706846001128724e-07,7.059597351144475e-07,3.866319104872673e-07,5.867141226190142e-07,4.968160283169709e-07,4.0873871398616757e-07
184,6029312,0.0002743800000000011,2.6752417610151866,2.722910287283206,0.0,0.0,-0.029234735295176506,0.0905933827161789,2.2341134808812058e-06,0.0,-0.8780757188796997,1,0,0.9999924898147583,343.16119845111064,0.9999924898147583,3.0028638775547734e-06,3.95057753621586e-07,3.4911801094494876e-07,3.7740088032478525e-07,4.559310013974027e-07,3.7546911357821955e-07,7.028400546005287e-07,3.8498978938150685e-07,5.841604320266924e-07,4.946767262481444e-07,4.069976569098799e-07
185,6062080,0.0002742400000000011,2.745224707743974,2.7224146979314576,0.0,0.0,0.04986657202243805,0.10418448597192764,2.230257905466715e-06,0.0,-0.8799307942390442,1,0,0.9999924898147583,344.03888716133235,0.9999924898147583,2.9958669074403588e-06,3.9434968357454636e-07,3.484975934497925e-07,3.767266321119678e-07,4.551086476567434e-07,3.747983328139526e-07,7.015328833404055e-07,3.843009039883327e-07,5.830890472680039e-07,4.937797939419397e-07,4.062666789650393e-07
186,6094848,0.0002741000000000011,2.7498049012278574,2.7251920742839406,0.0,0.0,0.1195397675037384,0.17662478983402252,2.2240988073463086e-06,0.0,-0.8808085322380066,1,0,0.9999924898147583,344.84561687269303,0.9999924898147583,2.984759248647606e-06,3.9322566180999274e-07,3.475069263458863e-07,3.7565467891909066e-07,4.5379715629678685e-07,3.7373214922808984e-07,6.994540058258281e-07,3.8320627027133014e-07,5.813838015455985e-07,4.92350750391779e-07,4.051060216170299e-07
187,6127616,0.0002739600000000011,2.747191916430581,2.7263122178875046,0.0,0.0,-0.010294311679899693,0.11342696845531464,2.222306648036465e-06,0.0,-0.8801998496055603,1,0,0.9999924898147583,345.74689509430806,0.9999924898147583,2.9815103061991977e-06,3.9289690789701126e-07,3.472163996320887e-07,3.7534059060817526e-07,4.5341258214648406e-07,3.734197093763214e-07,6.988458949308551e-07,3.8288590076263063e-07,5.808838636767177e-07,4.91932155455288e-07,4.047665811413026e-07
188,6160384,0.0002738200000000011,2.719711967469532,2.7246144157579866,0.0,0.0,-0.009620267897844315,0.18508359789848328,2.2137157884571934e-06,0.0,-0.8785890936851501,1,0,0.9999924898147583,346.48250177458226,0.9999924898147583,2.965977728308644e-06,3.91321890447216e-07,3.458284538737644e-07,3.738384179996501e-07,4.515729585818917e-07,3.719252390510519e-07,6.959327834010764e-07,3.813528053342452e-07,5.78493484226783e-07,4.899315513284819e-07,4.031412288441061e-07
189,6193152,0.00027368000000000113,2.7367635278452926,2.723952420248589,0.0,0.0,-0.029051585122942924,0.10350675880908966,2.2068393263907637e-06,0.0,-0.8796478509902954,1,0,0.9999926090240479,347.321034218391,0.9999926090240479,2.9579166493931552e-06,3.9050249256433744e-07,3.4510827617850737e-07,3.7305741784621205e-07,4.506197228693054e-07,3.711486158408661e-07,6.944206916159601e-07,3.805550363722432e-07,5.772546387561306e-07,4.88892169414612e-07,4.0229670617009106e-07
190,6225920,0.00027354000000000115,2.755810143326542,2.7278573963401507,0.0,0.0,-0.08745642006397247,0.05740263685584068,2.179031753257732e-06,0.0,-0.8828787803649902,1,0,0.9999927282333374,347.68029672033185,0.9999927282333374,2.9121113129804144e-06,3.8584008166253625e-07,3.410106046430883e-07,3.686187710627564e-07,4.451889878964721e-07,3.667337011847849e-07,6.858024903522164e-07,3.76021063175358e-07,5.701900818166905e-07,4.829840349884762e-07,3.974847686549765e-07
191,6258688,0.00027340000000000117,2.7077161091495503,2.7246328019153774,0.0,0.0,-0.005299396812915802,0.18167927861213684,2.165948444599053e-06,0.0,-0.8813796639442444,1,0,0.9999927282333374,348.2683610951725,0.9999927282333374,2.8886308882647427e-06,3.834450978956738e-07,3.388958020877908e-07,3.66332415069337e-07,4.423952475463011e-07,3.644590549356508e-07,6.813772870373214e-07,3.7368877769949904e-07,5.665594926540507e-07,4.799385351361707e-07,3.9501412629761035e-07
192,6291456,0.0002732600000000012,2.6594022546140494,2.717523539595432,0.0,0.0,0.06527894735336304,0.2727311849594116,2.1593423298327252e-06,0.0,-0.882427990436554,1,0,0.999992847442627,349.0746915248829,0.999992847442627,2.8810595722461585e-06,3.8267103263933677e-07,3.382120041806047e-07,3.6559256955115416e-07,4.4149376776658755e-07,3.6372296108311275e-07,6.799485845476738e-07,3.729340676272841e-07,5.653888024426124e-07,4.789541208083392e-07,3.9421635733560834e-07
193,6324224,0.0002731200000000012,2.6642196529821547,2.716108694180472,0.0,0.0,0.054347019642591476,0.3270992934703827,2.1572047899098834e-06,0.0,-0.8813263177871704,1,0,0.999992847442627,349.93703745137225,0.999992847442627,2.87721286440501e-06,3.8227784671107656e-07,3.3786511721700663e-07,3.6521760193863884e-07,4.4103504137638083e-07,3.6334995456854813e-07,6.792214435336064e-07,3.725515682617697e-07,5.647922307616682e-07,4.784542397828773e-07,3.938105237466516e-07
194,6356992,0.0002729800000000012,2.7513826531053343,2.7237227833894866,0.0,0.0,-0.04982588440179825,0.17571914196014404,2.13627822631679e-06,0.0,-0.8800203800201416,1,0,0.999992847442627,350.3404587011945,0.999992847442627,2.839754870365141e-06,3.7844083067284373e-07,3.3448571912231273e-07,3.6155870475340635e-07,4.3656578441186866e-07,3.5971044098914717e-07,6.721352860949992e-07,3.688157050873997e-07,5.589814691120409e-07,4.7358230403915513e-07,3.8984953221188334e-07
195,6389760,0.00027284000000000124,2.723750956512694,2.7215754082663586,0.0,0.0,-0.06657642126083374,0.10009411722421646,2.1097116587043274e-06,0.0,-0.8800293803215027,1,0,0.9999929666519165,350.63983431422616,0.9999929666519165,2.7966059406026034e-06,3.7400616292870836e-07,3.3057276027648186e-07,3.573267122192192e-07,4.313900205943355e-07,3.5550007737583655e-07,6.639424441345909e-07,3.6449668527893664e-07,5.522553578884981e-07,4.6794713171038893e-07,3.85275399139573e-07
196,6422528,0.00027270000000000126,2.77265968678154,2.7238608868217273,0.0,0.0,0.04257883131504059,0.1386030912399292,2.095652462230646e-06,0.0,-0.8815618753433228,1,0,0.9999929666519165,351.203311135534,0.9999929666519165,2.771563003989286e-06,3.7141890629754926e-07,3.28299449847691e-07,3.5486189631228626e-07,4.283791952275351e-07,3.530482217684039e-07,6.591740202566143e-07,3.6197897657075373e-07,5.483413474394183e-07,4.6466786329801835e-07,3.8260500900832994e-07
197,6455296,0.0002725600000000013,2.7470807898131393,2.7238497741599828,0.0,0.0,-0.04170140251517296,0.06238274648785591,2.089126155624399e-06,0.0,-0.883436918258667,1,0,0.9999929666519165,351.942895132425,0.9999929666519165,2.759992185019655e-06,3.702222102219821e-07,3.2724474863243813e-07,3.537198836056632e-07,4.2698675883912074e-07,3.5191268921153096e-07,6.569674724232755e-07,3.60813345423594e-07,5.465317940434034e-07,4.6314769974742376e-07,3.813708246980241e-07
198,6488064,0.0002724200000000013,2.7748357786596505,2.7293621552789946,0.0,0.0,0.04699791967868805,0.06609173119068146,2.085001142404508e-06,0.0,-0.8849959969520569,1,0,0.9999929666519165,352.73162516930626,0.9999929666519165,2.7526555186341284e-06,3.6946283898942056e-07,3.265744510372315e-07,3.5299470368954644e-07,4.261036394836992e-07,3.5119120411764015e-07,6.555667937391263e-07,3.600732725317357e-07,5.453827043311321e-07,4.62183209037903e-07,3.805882045071485e-07
199,6520832,0.0002722800000000013,2.7855885476535107,2.7342446572598162,0.0,0.0,0.04130146652460098,0.07659364491701126,2.0835959730902687e-06,0.0,-0.8853105306625366,1,0,0.9999929666519165,353.58603518640933,0.9999929666519165,2.7501705517352093e-06,3.6920567936249427e-07,3.2634719104862597e-07,3.5274902643323003e-07,4.258038472926273e-07,3.5094646477773495e-07,6.550918101311254e-07,3.598223372591747e-07,5.449933269119356e-07,4.618558477886836e-07,3.8032297311474395e-07
200,6553600,0.00027214000000000133,2.7792041165393995,2.736584054581102,0.0,0.0,0.15712939202785492,0.2138170301914215,2.081123511743499e-06,0.0,-0.8868229985237122,1,0,0.9999929666519165,354.4226123646286,0.9999929666519165,2.7457729174784617e-06,3.6874894249194767e-07,3.2594715548839304e-07,3.5231462902629573e-07,4.252742371591012e-07,3.5051431268584565e-07,6.542526875819021e-07,3.593789017486415e-07,5.443045552055992e-07,4.6127874497869925e-07,3.7985174117238785e-07
201,6586368,0.00027200000000000135,2.775901482271319,2.743402591893279,0.0,0.0,-0.016991298645734787,0.11422422528266907,2.080403874060721e-06,0.0,-0.887055516242981,1,0,0.9999929666519165,355.28708822021633,0.9999929666519165,2.7444955321698217e-06,3.686160425786511e-07,3.258306264797284e-07,3.5218835137129645e-07,4.2512016307227896e-07,3.5038931400777074e-07,6.540080903505441e-07,3.592497250792803e-07,5.441042389975337e-07,4.611107158325467e-07,3.79714464315839e-07
202,6619136,0.00027186000000000137,2.7568708830318043,2.7531494547350546,0.0,0.0,0.03785243630409241,0.10530166327953339,2.0544318886095425e-06,0.0,-0.8859293460845947,1,0,0.999993085861206,355.5418055006804,0.999993085861206,2.7027117539546452e-06,3.642753654276021e-07,3.220091855382634e-07,3.4804773463292804e-07,4.200740306714579e-07,3.4627086620275804e-07,6.46010391847085e-07,3.5502276318766235e-07,5.375447926780907e-07,4.5560571493297175e-07,3.7523739138123346e-07
203,6651904,0.0002717200000000014,2.738611000682968,2.760588589505136,0.0,0.0,0.012403067201375961,0.13103097677230835,2.0406396288308315e-06,0.0,-0.8857074975967407,1,0,0.999993085861206,356.0502987460936,0.999993085861206,2.6783770863403333e-06,3.6174088791085524e-07,3.1977393177839986e-07,3.456285071479215e-07,4.1712274878591415e-07,3.4386394531793485e-07,6.413353617062967e-07,3.525539966631186e-07,5.337105903890915e-07,4.5238962798066495e-07,3.726220256794477e-07
204,6684672,0.0002715800000000014,2.7809511901659643,2.763545443211199,0.0,0.0,0.012131616473197937,0.07022707164287567,2.0325614968896843e-06,0.0,-0.8857507705688477,1,0,0.9999932050704956,356.76294339457456,0.9999932050704956,2.668344905032427e-06,3.6069371844860143e-07,3.188519031027681e-07,3.4463027986930683e-07,4.15902150052716e-07,3.428711465858214e-07,6.394067781911872e-07,3.515347657412349e-07,5.321269895830483e-07,4.510619646680425e-07,3.715419438776735e-07
205,6717440,0.0002714400000000014,2.7771683945999857,2.7688871870199283,0.0,0.0,0.033142514526844025,0.09173905849456787,2.0242819118720945e-06,0.0,-0.8844227194786072,1,0,0.9999932050704956,357.3848666429786,0.9999932050704956,2.653747742442647e-06,3.5916758633902646e-07,3.1750823836773634e-07,3.431737525261269e-07,4.1412857854083995e-07,3.414224067910254e-07,6.365994522639085e-07,3.500480545426399e-07,5.298225573824311e-07,4.4912783891959407e-07,3.699688875258289e-07
206,6750208,0.00027130000000000144,2.6936353302174476,2.7609847513635186,0.0,0.0,0.0400056354701519,0.1037883386015892,2.019640533035272e-06,0.0,-0.8855392932891846,1,0,0.9999932050704956,358.12534884672425,0.9999932050704956,2.6455779789102962e-06,3.5831195077662414e-07,3.167542672599666e-07,3.423562304760708e-07,4.1313450083180214e-07,3.406093753710593e-07,6.350240937536e-07,3.4921447422675556e-07,5.285310749059136e-07,4.4804289700550726e-07,3.6908713241246005e-07
207,6782976,0.0002711600000000014,2.738198498104884,2.7600965221926934,0.0,0.0,0.04753899201750755,0.17579050362110138,2.019297426159028e-06,0.0,-0.8855981230735779,1,0,0.9999932050704956,358.97491098904345,0.9999932050704956,2.6449749839230208e-06,3.582487124731415e-07,3.166983901792264e-07,3.4229583434353117e-07,4.130616275688226e-07,3.4054895081681025e-07,6.349078489620297e-07,3.491525433219067e-07,5.284352937451331e-07,4.4796257725465694e-07,3.690220466978644e-07
208,6815744,0.0002710200000000014,2.722610405399079,2.7548739848666366,0.0,0.0,-0.05113847181200981,0.07581533491611481,2.0082463834114606e-06,0.0,-0.8837791681289673,1,0,0.9999932050704956,359.50045897876475,0.9999932050704956,2.6255659122398356e-06,3.562067263374047e-07,3.1490765195485437e-07,3.4034636087199033e-07,4.107040467715706e-07,3.386097375823738e-07,6.311540232672996e-07,3.4716333630058216e-07,5.253641006675025e-07,4.453854103303456e-07,3.6691858440462966e-07
209,6848512,0.00027088000000000145,2.749124309473987,2.751227561048684,0.0,0.0,-0.01972099021077156,0.11840105056762695,1.9867654827976367e-06,0.0,-0.8839928507804871,1,0,0.9999934434890747,359.8662903341707,0.9999934434890747,2.5962376639654394e-06,3.531201286932628e-07,3.121925544746773e-07,3.3740036542440066e-07,4.0712149029786815e-07,3.3567948776180856e-07,6.254796858229383e-07,3.441567741901963e-07,5.207099320614361e-07,4.4147674316263874e-07,3.637384509147523e-07
210,6881280,0.0002707400000000014,2.782151196403987,2.7515222690351426,0.0,0.0,0.0036634448915719986,0.08353975415229797,1.979691433007247e-06,0.0,-0.8834449052810669,1,0,0.9999934434890747,360.52963289655764,0.9999934434890747,2.5838355668383883e-06,3.518131848068151e-07,3.110442605702701e-07,3.361535618751077e-07,4.056031457366771e-07,3.3443964753132605e-07,6.230768008208543e-07,3.428840216201934e-07,5.187376928006415e-07,4.3982106490148e-07,3.6238984080227965e-07
211,6914048,0.00027060000000000143,2.7720591718984307,2.751138037997854,0.0,0.0,0.09122632443904877,0.10879947245121002,1.9660826637846185e-06,0.0,-0.8842543363571167,1,0,0.9999934434890747,361.00988050896797,0.9999934434890747,2.5600606932130177e-06,3.493054805403517e-07,3.088356947955617e-07,3.3376127817064116e-07,4.0268434986501234e-07,3.320598693790089e-07,6.184644689710694e-07,3.404418578156765e-07,5.149503294887836e-07,4.366426651358779e-07,3.5980397683488263e-07
212,6946816,0.00027046000000000145,2.7210005177890064,2.747551001473574,0.0,0.0,0.011925209313631058,0.10576757788658142,1.9472934127406916e-06,0.0,-0.8840458393096924,1,0,0.9999934434890747,361.32906495240815,0.9999934434890747,2.527266360630165e-06,3.458373498688161e-07,3.057763535707636e-07,3.3044906899704074e-07,3.9865165035735117e-07,3.2876485533961386e-07,6.120845341683889e-07,3.3706203339534113e-07,5.097130610920431e-07,4.3224184764767415e-07,3.562299184522999e-07
213,6979584,0.0002703200000000014,2.7671965930081823,2.7504095607060957,0.0,0.0,-0.07856269180774689,0.06644296646118164,1.9431972759775817e-06,0.0,-0.8824024200439453,1,0,0.9999935626983643,362.1226956681589,0.9999935626983643,2.5243114123441046e-06,3.4552388683550816e-07,3.055006629892887e-07,3.301501863006706e-07,3.982880230068986e-07,3.2846747899384354e-07,6.115093356129364e-07,3.3675684107947745e-07,5.092413175589172e-07,4.318447111018031e-07,3.559066783509479e-07
214,7012352,0.00027018000000000143,2.7662777226897273,2.748942213958472,0.0,0.0,-0.07301284372806549,0.0860738754272461,1.9369792880752357e-06,0.0,-0.8845126628875732,1,0,0.9999935626983643,362.77156394081516,0.9999935626983643,2.51347978519334e-06,3.443734613028937e-07,3.0448813959083054e-07,3.29052511460759e-07,3.969554995819635e-07,3.2737543165239913e-07,6.093972046983254e-07,3.356365994022781e-07,5.075081617178512e-07,4.3038926378358155e-07,3.5472137938086234e-07
215,7045120,0.00027004000000000145,2.7543115454038736,2.74665652903886,0.0,0.0,0.10484161972999573,0.14554277062416077,1.911712615765282e-06,0.0,-0.8848849534988403,1,0,0.9999935626983643,362.8734319844177,0.9999935626983643,2.469605760779814e-06,3.397050534204027e-07,3.0037389819881355e-07,3.245955042530113e-07,3.915324384706764e-07,3.229417586680938e-07,6.008185664541088e-07,3.3108977959273034e-07,5.004644094697142e-07,4.244754734372691e-07,3.499073670809594e-07
216,7077888,0.0002699000000000014,2.784236946376032,2.7557166906547192,0.0,0.0,0.10922355949878693,0.14618483185768127,1.905484396047541e-06,0.0,-0.8855848908424377,1,0,0.9999935626983643,363.50522632185954,0.9999935626983643,2.4588164251326816e-06,3.385543152489845e-07,2.9936123269180825e-07,3.234968914966885e-07,3.9019502651171933e-07,3.218490576273325e-07,5.987033659948793e-07,3.2996888421621406e-07,4.987263650946261e-07,4.23018207129644e-07,3.487207322905306e-07
217,7110656,0.00026976000000000143,2.778335302754711,2.759730371119702,0.0,0.0,0.0686139166355133,0.10222698003053665,1.8990087937709177e-06,0.0,-0.885761559009552,1,0,0.9999936819076538,364.202408659786,0.9999936819076538,2.4517478323105024e-06,3.377974167051434e-07,2.9869684681216313e-07,3.227748948120279e-07,3.893192968007497e-07,3.2113106840370165e-07,5.973153633931361e-07,3.2923148296504223e-07,4.975876777280064e-07,4.2206281136714097e-07,3.4794078374034143e-07
218,7143424,0.00026962000000000145,2.7183770319771003,2.759307033777504,0.0,0.0,-0.06919194757938385,0.07131719589233398,1.8983363361257943e-06,0.0,-0.8860899209976196,1,0,0.9999936819076538,365.00219137037607,0.9999936819076538,2.4505720830347855e-06,3.376714801106573e-07,2.985863147841883e-07,3.2265424465549586e-07,3.8917340816624346e-07,3.2101132774187136e-07,5.970841243652103e-07,3.29108445384918e-07,4.97398332299781e-07,4.219038487462967e-07,3.478107259979879e-07
219,7176192,0.0002694800000000014,2.7229892536338536,2.75669352819349,0.0,0.0,0.08255166560411453,0.14164340496063232,1.8976546698468155e-06,0.0,-0.8862267732620239,1,0,0.9999936819076538,365.80059329467707,0.9999936819076538,2.449382691338542e-06,3.375440087438619e-07,2.984735942845873e-07,3.225327418476809e-07,3.890253879035299e-07,3.208904217899544e-07,5.968507252873678e-07,3.2898481094889576e-07,4.972067699782201e-07,4.217421292196377e-07,3.4767938927871e-07
220,7208960,0.00026934000000000143,2.7677012885416152,2.7552485374072533,0.0,0.0,0.06675323843955994,0.09049515426158905,1.8845075828721747e-06,0.0,-0.8897072076797485,1,0,0.9999936819076538,366.2032226312316,0.9999936819076538,2.426685568934772e-06,3.3511020092191757e-07,2.963389817978168e-07,3.2021299034568074e-07,3.862056416892301e-07,3.1858334637036023e-07,5.92389483244915e-07,3.26616088841547e-07,4.935397441840905e-07,4.1866925926115073e-07,3.4516921232352615e-07
221,7241728,0.00026920000000000145,2.7303396565998295,2.751076585877393,0.0,0.0,0.003922327421605587,0.0869530588388443,1.8689455600906513e-06,0.0,-0.8939818739891052,1,0,0.9999936819076538,366.53125959846784,0.9999936819076538,2.3998641154321376e-06,3.32223379473362e-07,2.9381058652688807e-07,3.174611720169196e-07,3.8286518133645586e-07,3.1584616522195574e-07,5.87102192639577e-07,3.2380526704400836e-07,4.891940079687629e-07,4.1503261627440224e-07,3.4219448252770235e-07
222,7274496,0.00026906000000000147,2.781801799348523,2.757156714033344,0.0,0.0,-0.016240283846855164,0.09192764759063721,1.8647330080057145e-06,0.0,-0.8952111005783081,1,0,0.9999936819076538,367.1958833717442,0.9999936819076538,2.3926088488224195e-06,3.3144078770419583e-07,2.931235201231175e-07,3.167133399983868e-07,3.8196148466340674e-07,3.1510245435129036e-07,5.85668374242232e-07,3.2304220098922087e-07,4.880188271272345e-07,4.14045047136824e-07,3.4138804494432406e-07
223,7307264,0.0002689200000000015,2.7234417632011034,2.7527812310526363,0.0,0.0,0.037052836269140244,0.19030246138572693,1.8641981114342343e-06,0.0,-0.8954806923866272,1,0,0.9999936819076538,367.97296196892336,0.9999936819076538,2.3916916234156815e-06,3.31341880155378e-07,2.930362938968756e-07,3.166188378145307e-07,3.8184745676517196e-07,3.150087195535889e-07,5.854863047716208e-07,3.2294607876792725e-07,4.878698973698192e-07,4.1391993477191136e-07,3.4128615311601607e-07
224,7340032,0.0002687800000000015,2.7830217419931773,2.754455632982982,0.0,0.0,0.060963213443756104,0.128616064786911,1.8618428612171556e-06,0.0,-0.8943161964416504,1,0,0.9999936819076538,368.6832956779082,0.9999936819076538,2.3876441446191166e-06,3.3090543638536474e-07,2.926531408320443e-07,3.1620243134966586e-07,3.8134163560243906e-07,3.1459438787351246e-07,5.846873136761133e-07,3.2252074788630125e-07,4.872134127253958e-07,4.1336923572998785e-07,3.4083632272086106e-07
225,7372800,0.00026864000000000147,2.7529806695454546,2.75432254539714,0.0,0.0,0.015579325146973133,0.09814241528511047,1.857198185462039e-06,0.0,-0.8950469493865967,1,0,0.9999938011169434,369.4009207827894,0.9999938011169434,2.3837515072955284e-06,3.304866993403266e-07,2.922838859831245e-07,3.1580253789798007e-07,3.808546580330585e-07,3.141968534237094e-07,5.839189043399529e-07,3.2211261213888065e-07,4.86581939185271e-07,4.128386024149222e-07,3.404040000987152e-07
226,7405568,0.00026850000000000143,2.7673069333174496,2.7526295440912816,0.0,0.0,-0.05663025379180908,0.12541064620018005,1.8531570731283864e-06,0.0,-0.8946949243545532,1,0,0.9999938011169434,370.0477064601168,0.9999938011169434,2.376807515247492e-06,3.2973741781461285e-07,2.9162734449528216e-07,3.150883571834129e-07,3.799864884967974e-07,3.1348633910965873e-07,5.825467610520718e-07,3.213832258097682e-07,4.854537678511406e-07,4.1189395005858387e-07,3.396319527837477e-07
227,7438336,0.00026836000000000145,2.786487298202851,2.753444743636096,0.0,0.0,0.056653473526239395,0.06116804480552673,1.851857746260066e-06,0.0,-0.8942146301269531,1,0,0.9999938011169434,370.7860173622578,0.9999938011169434,2.3745803900965257e-06,3.29496003814711e-07,2.914174217494292e-07,3.1485797080677003e-07,3.7970789890096057e-07,3.132574022401968e-07,5.821047466270102e-07,3.211482351161976e-07,4.850908794651332e-07,4.115920262393047e-07,3.3938326282623166e-07
228,7471104,0.00026822000000000147,2.7426675857182943,2.755873799010215,0.0,0.0,0.03680457919836044,0.16959062218666077,1.8497822793506202e-06,0.0,-0.8936835527420044,1,0,0.9999938011169434,371.49729131788445,0.9999938011169434,2.3709981178399175e-06,3.2911034963944985e-07,2.9107721388754726e-07,3.1449005177819345e-07,3.792591485307639e-07,3.1289135904444265e-07,5.813956818201405e-07,3.207723580089805e-07,4.845092576033494e-07,4.1110280335487914e-07,3.3898476203830796e-07
229,7503872,0.00026808000000000143,2.728969987751664,2.7564718724219963,0.0,0.0,0.028191152960062027,0.13329358398914337,1.843416157498723e-06,0.0,-0.8936622142791748,1,0,0.9999938011169434,372.0511393413659,0.9999938011169434,2.360086455155397e-06,3.279298255165486e-07,2.90045534256933e-07,3.133664563392813e-07,3.7789081375194655e-07,3.117740448033146e-07,5.792350634692411e-07,3.196247746473091e-07,4.827312523048022e-07,4.0961609215628414e-07,3.377668633675057e-07
230,7536640,0.00026794000000000145,2.7642891143630197,2.7561306550041365,0.0,0.0,0.10874726623296738,0.1292116343975067,1.842619781200483e-06,0.0,-0.8938201665878296,1,0,0.9999938011169434,372.78929064632564,0.9999938011169434,2.3587228952237638e-06,3.277826010616991e-07,2.8991638600928127e-07,3.1322630889007996e-07,3.777193455789529e-07,3.116346363185585e-07,5.789650003862334e-07,3.1948152923177986e-07,4.825089945370564e-07,4.0942981627267727e-07,3.37614210366155e-07
231,7569408,0.00026780000000000147,2.7527725250933397,2.7583739418534874,0.0,0.0,0.05166510120034218,0.14620891213417053,1.840706090661115e-06,0.0,-0.8929950594902039,1,0,0.9999938011169434,373.48815831994983,0.9999938011169434,2.3554364361189073e-06,3.2742639177740784e-07,2.8960386089238455e-07,3.128862715584546e-07,3.7730887925135903e-07,3.112966169283027e-07,5.783122105640359e-07,3.191343864727969e-07,4.819736432182253e-07,4.0898061115512974e-07,3.372473713625368e-07
232,7602176,0.0002676600000000015,2.7779609178085094,2.7579898536994865,0.0,0.0,0.00578046590089798,0.12280000001192093,1.8386721194474376e-06,0.0,-0.8934069871902466,1,0,0.9999938011169434,374.1876205882188,0.9999938011169434,2.351939201616915e-06,3.270478430295043e-07,2.8927013318025274e-07,3.1252483267962816e-07,3.768701617445913e-07,3.109369970388798e-07,5.776187776973529e-07,3.187657000580657e-07,4.814050384993607e-07,4.085011369170388e-07,3.3685779499137425e-07
233,7634944,0.0002675200000000015,2.7918439176823147,2.7648300691476075,0.0,0.0,0.04165153205394745,0.08733809739351273,1.8142835642720456e-06,0.0,-0.8981510400772095,1,0,0.9999939203262329,374.2369007055753,0.9999939203262329,2.3142927148001036e-06,3.2296404128828726e-07,2.8568584298227506e-07,3.0863091637911566e-07,3.7213970927041373e-07,3.070640275382175e-07,5.701401732949307e-07,3.147901850297785e-07,4.7525682589366625e-07,4.0334833784072543e-07,3.326451576413092e-07
234,7667712,0.0002673800000000015,2.7904294057603627,2.765570835524326,0.0,0.0,-0.03553258255124092,0.03621087223291397,1.7937567236003815e-06,0.0,-0.8974913358688354,1,0,0.9999939203262329,374.31235815957507,0.9999939203262329,2.279293084939127e-06,3.1914993314785534e-07,2.823370550686377e-07,3.049951260436501e-07,3.677252493616834e-07,3.0344696710926655e-07,5.631642352454946e-07,3.110776276571414e-07,4.695219786299276e-07,3.985343539625319e-07,3.287135825758014e-07
235,7700480,0.00026724000000000154,2.7612623408288277,2.7663990026526633,0.0,0.0,-0.03699534758925438,0.07727530598640442,1.792666125766118e-06,0.0,-0.8975050449371338,1,0,0.9999939203262329,375.01447812254594,0.9999939203262329,2.2774308945372468e-06,3.189464052866242e-07,2.821583109380299e-07,3.0480029522550467e-07,3.674910260542674e-07,3.032531310509512e-07,5.62791626634862e-07,3.108789599082229e-07,4.692167294706451e-07,3.9827827436056396e-07,3.2850394404704275e-07
236,7733248,0.00026710000000000156,2.7904987288856664,2.768718182209485,0.0,0.0,-0.0005775652825832367,0.07690060138702393,1.7864446135718026e-06,0.0,-0.8949450850486755,1,0,0.9999939203262329,375.5545928075043,0.9999939203262329,2.266852106913575e-06,3.1778989750819164e-07,2.8114084216213087e-07,3.0369710657396354e-07,3.6615261933548027e-07,3.021555698978773e-07,5.606744934993912e-07,3.097531759976846e-07,4.674792251080362e-07,3.968171142787469e-07,3.273118522884033e-07
237,7766016,0.0002669600000000016,2.7834831865778633,2.7684177710469866,0.0,0.0,0.00467669777572155,0.07502918690443039,1.7826264411269221e-06,0.0,-0.8952590823173523,1,0,0.9999939203262329,376.17546563086387,0.9999939203262329,2.260356723127188e-06,3.1708242431705003e-07,2.80515763506628e-07,3.030216078059311e-07,3.653284466054174e-07,3.0148351015668595e-07,5.593777245849196e-07,3.0906417691767274e-07,4.664113362196076e-07,3.9591975564690074e-07,3.265819259468117e-07
238,7798784,0.00026682000000000154,2.7963960807990027,2.773790620555057,0.0,0.0,-0.024260004982352257,0.07103293389081955,1.776219846760796e-06,0.0,-0.8948976397514343,1,0,0.9999940395355225,376.77271998857805,0.9999940395355225,2.2535296011483297e-06,3.163349333590304e-07,2.798605862608383e-07,3.0230782499529596e-07,3.6446371609599737e-07,3.0077333690314845e-07,5.5800950349294e-07,3.0833558639642433e-07,4.6528828079317464e-07,3.9497771808783e-07,3.258120386817609e-07
239,7831552,0.00026668000000000156,2.749108334771371,2.775804455257028,0.0,0.0,-0.061931293457746506,0.06854131817817688,1.765776687534526e-06,0.0,-0.8959197998046875,1,0,0.999994158744812,377.2141014029264,0.999994158744812,2.23984056901827e-06,3.1483554607802944e-07,2.7854525797010865e-07,3.0087923619248613e-07,3.627258422511659e-07,2.993525924921414e-07,5.552672632802569e-07,3.0687704111187486e-07,4.6303213707687974e-07,3.9308571331275743e-07,3.242640218559245e-07
240,7864320,0.0002665400000000016,2.7858772412093886,2.7779632679416646,0.0,0.0,0.0611724779009819,0.12075048685073853,1.7638790268392768e-06,0.0,-0.8955428600311279,1,0,0.999994158744812,377.8807877372066,0.999994158744812,2.2366218672686955e-06,3.1448294635083585e-07,2.7823435289064946e-07,3.0054226840547926e-07,3.6231926969776396e-07,2.9901733000770037e-07,5.54621578885417e-07,3.065330815843481e-07,4.6250340801634593e-07,3.9263909457076807e-07,3.239005650357285e-07
241,7897088,0.0002664000000000016,2.7857819843713005,2.7812642138694605,0.0,0.0,0.06726926565170288,0.06300632655620575,1.756638312144787e-06,0.0,-0.8968989253044128,1,0,0.999994158744812,378.36490075904277,0.999994158744812,2.2243480088945944e-06,3.131347341422952e-07,2.770521234651824e-07,2.992569534399081e-07,3.6076011156183085e-07,2.977391204694868e-07,5.521580419554084e-07,3.0522039651259547e-07,4.60477593833275e-07,3.9094055637178826e-07,3.225110560833855e-07
242,7929856,0.0002662600000000016,2.7693989851499063,2.7804080206036006,0.0,0.0,-0.02893056534230709,0.07539390027523041,1.7510196812509093e-06,0.0,-0.8960438966751099,1,0,0.999994158744812,378.90415635797973,0.999994158744812,2.2148440166347427e-06,3.120898099950864e-07,2.7613364750322944e-07,2.9826031777702156e-07,3.5955039834334457e-07,2.967480554616486e-07,5.502492967934813e-07,3.042027287847304e-07,4.589068396398943e-07,3.89620367968746e-07,3.2143393013939203e-07
243,7962624,0.00026612000000000163,2.7669142497601884,2.7779150538113875,0.0,0.0,0.10297684371471405,0.088785320520401,1.7469432123107254e-06,0.0,-0.895788311958313,1,0,0.9999942779541016,379.56655059865307,0.9999942779541016,2.2119902496342547e-06,3.117768585525482e-07,2.7585781481320737e-07,2.9796126455039484e-07,3.59187168896824e-07,2.9645025279023685e-07,5.496766561918776e-07,3.0389773542083276e-07,4.5843535190215334e-07,3.8922416933928616e-07,3.211110026768438e-07
244,7995392,0.00026598000000000165,2.786566886262337,2.7775288018615854,0.0,0.0,-0.0016491860151290894,0.05390682816505432,1.7445610183131066e-06,0.0,-0.8951337337493896,1,0,0.9999942779541016,380.20545265000794,0.9999942779541016,2.207956185884541e-06,3.113335651505622e-07,2.7546826686375425e-07,2.9753903163509676e-07,3.5867304859493743e-07,2.9603015150314604e-07,5.488662964125979e-07,3.0346620860655094e-07,4.5776690171805967e-07,3.8866477325427695e-07,3.2065321420304826e-07
245,8028160,0.00026584000000000167,2.785934386176755,2.7799960063963782,0.0,0.0,-0.04551634192466736,0.04188212379813194,1.74353544935002e-06,0.0,-0.8953741788864136,1,0,0.9999942779541016,380.8862601395644,0.9999942779541016,2.2062072275730316e-06,3.1114120702113723e-07,2.752991292709339e-07,2.973554558138858e-07,3.584500802844559e-07,2.9584782623715e-07,5.485151746142947e-07,3.0327927902362717e-07,4.5747754029434873e-07,3.8842171079522814e-07,3.2045539910541265e-07
246,8060928,0.0002657000000000017,2.781648283241473,2.7791109618319587,0.0,0.0,-0.017291143536567688,0.08117087930440903,1.736230728965893e-06,0.0,-0.8937562704086304,1,0,0.9999942779541016,381.34018459714287,0.9999942779541016,2.1938765257800696e-06,3.097810576946358e-07,2.7410868597144145e-07,2.9605865847770474e-07,3.5687963872987893e-07,2.945584753888397e-07,5.460318561745225e-07,3.0195519684639294e-07,4.554350709895516e-07,3.8671262814204965e-07,3.1905329933579196e-07
247,8093696,0.0002655600000000017,2.77976741846016,2.7787393850201885,0.0,0.0,0.04592418298125267,0.1287188082933426,1.735193791319034e-06,0.0,-0.8930563926696777,1,0,0.9999942779541016,382.00703819228767,0.9999942779541016,2.1921198367635952e-06,3.0958730690144876e-07,2.739382978234062e-07,2.958738036795694e-07,3.5665578934640507e-07,2.943742174466024e-07,5.45678403796046e-07,3.0176636300893733e-07,4.5514505586652376e-07,3.864682014409482e-07,3.1885406315268483e-07
248,8126464,0.0002654200000000017,2.781386185061903,2.7772383954464788,0.0,0.0,0.11950038373470306,0.0979229211807251,1.7315917375526624e-06,0.0,-0.8927513957023621,1,0,0.9999942779541016,382.58425511264795,0.9999942779541016,2.1860446395294275e-06,3.0891666824572894e-07,2.7335110530657403e-07,2.9523397415687214e-07,3.5588044511314365e-07,2.9373794063758396e-07,5.444526323117316e-07,3.011132037045172e-07,4.541378473277291e-07,3.856239914057369e-07,3.181621082148922e-07
249,8159232,0.00026528000000000174,2.7432610084536178,2.776653662814703,0.0,0.0,0.02890906110405922,0.1284133940935135,1.7311131159658544e-06,0.0,-0.8926709294319153,1,0,0.9999942779541016,383.26400104531086,0.9999942779541016,2.1852381451026304e-06,3.088277082952118e-07,2.7327342877470073e-07,2.951489648239658e-07,3.557779564289376e-07,2.9365332920860965e-07,5.442896053864388e-07,3.0102648906904506e-07,4.540044642453722e-07,3.855125783047697e-07,3.180704766236886e-07
250,8192000,0.00026514000000000176,2.738688604960293,2.7719347991897934,0.0,0.0,0.040732309222221375,0.0679721087217331,1.7270650687351008e-06,0.0,-0.8924826383590698,1,0,0.9999942779541016,383.8317201106562,0.9999942779541016,2.1783985175716225e-06,3.0807376560915145e-07,2.726101797634328e-07,2.944292418760597e-07,3.5490299410412263e-07,2.9293755687831435e-07,5.429106977317133e-07,3.0029192998881626e-07,4.528693295924313e-07,3.8456082052107377e-07,3.172933702444425e-07
251,8224768,0.0002650000000000017,2.6857852131126423,2.7619351220639277,0.0,0.0,0.08108291774988174,0.35269615054130554,1.72610407389584e-06,0.0,-0.8921840190887451,1,0,0.9999942779541016,384.4870867307401,0.9999942779541016,2.1767953057860723e-06,3.078969541547849e-07,2.724547698562674e-07,2.942602748134959e-07,3.546979598922917e-07,2.927694140453241e-07,5.425876565823273e-07,3.0011983653821517e-07,4.5260424030857394e-07,3.843371700895659e-07,3.1711095971331815e-07
252,8257536,0.00026486000000000174,2.759862784719156,2.760981502020853,0.0,0.0,0.02198396623134613,0.05670716613531113,1.7171948911709478e-06,0.0,-0.8904374241828918,1,0,0.9999943971633911,384.950726435359,0.9999943971633911,2.165796104236506e-06,3.066814144858654e-07,2.7139054736835533e-07,2.9310385230019165e-07,3.53289522081468e-07,2.9161975589886424e-07,5.403703653428238e-07,2.9893814712522726e-07,4.507752464633086e-07,3.828063199762255e-07,3.1585665283273556e-07
253,8290304,0.00026472000000000176,2.786000061904171,2.762890083235251,0.0,0.0,0.038562558591365814,0.07090921700000763,1.7160342622446478e-06,0.0,-0.889694094657898,1,0,0.9999943971633911,385.5888528969935,0.9999943971633911,2.163843191738124e-06,3.0646535265077546e-07,2.7120165668748086e-07,2.9289876124494185e-07,3.5303827417010325e-07,2.9141597224224824e-07,5.399762699198618e-07,2.9872836648792145e-07,4.5045038632451906e-07,3.825337273610785e-07,3.156332013531937e-07
254,8323072,0.0002645800000000018,2.7434029925541132,2.7585736938644283,0.0,0.0,0.027215301990509033,0.09168826043605804,1.7154635543192853e-06,0.0,-0.8895666599273682,1,0,0.9999943971633911,386.24751698508726,0.9999943971633911,2.162873215638683e-06,3.063583733364794e-07,2.7110806399832654e-07,2.927973810074036e-07,3.5291404287818295e-07,2.913150751737703e-07,5.397806148721429e-07,2.9862468409191933e-07,4.5028932049717696e-07,3.823987526629935e-07,3.155230672291509e-07
255,8355840,0.00026444000000000174,2.653475185405471,2.7453277737873,0.0,0.0,0.1299705058336258,0.6725630164146423,1.7146548998425715e-06,0.0,-0.889367401599884,1,0,0.9999943971633911,386.89797208080284,0.9999943971633911,2.1615123841911554e-06,3.062073687942757e-07,2.709762156882789e-07,2.926533397840103e-07,3.527401020164689e-07,2.911720287102071e-07,5.395057769419509e-07,2.9847748805877927e-07,4.5006262894276006e-07,3.822091798610927e-07,3.1536754363514774e-07
256,8388608,0.00026430000000000176,2.6789475276952825,2.735057698232681,0.0,0.0,0.004421429242938757,0.10884236544370651,1.714374093353399e-06,0.0,-0.8893344402313232,1,0,0.9999943971633911,387.56364434939223,0.9999943971633911,2.1610342173516983e-06,3.0615481705353886e-07,2.709302293624205e-07,2.9260309020173736e-07,3.5267885323264636e-07,2.9112234756212274e-07,5.394095978772384e-07,2.9842652793377056e-07,4.4998324710832094e-07,3.8214284359128214e-07,3.153131160615885e-07
257,8421376,0.0002641600000000018,2.6330431306819033,2.720385269454855,0.0,0.0,-0.004442625213414431,0.06490810215473175,1.707286287455645e-06,0.0,-0.8886657953262329,1,0,0.9999945163726807,388.06457498441273,0.9999945163726807,2.1531143374886597e-06,3.0527843364325236e-07,2.7016085368813947e-07,2.9176666771491e-07,3.5166428347110923e-07,2.902900746448722e-07,5.378070113692957e-07,2.9757285346931894e-07,4.486668956360518e-07,3.8103837596281664e-07,3.144099025575997e-07
258,8454144,0.0002640200000000018,2.7419219183786234,2.716438842786527,0.0,0.0,0.06478874385356903,0.10185509920120239,1.6979003021333483e-06,0.0,-0.885838508605957,1,0,0.9999945163726807,388.3772140825044,0.9999945163726807,2.1373389245127328e-06,3.0353194802046346e-07,2.686311972865951e-07,2.901041114000691e-07,3.4963548500854813e-07,2.8863652801192075e-07,5.346161060515442e-07,2.9587414474008256e-07,4.460397349248524e-07,3.78836858772047e-07,3.1260614719030855e-07
259,8486912,0.00026388000000000176,2.718026847008624,2.7139154266420276,0.0,0.0,-0.023268360644578934,0.1376284658908844,1.695798914624902e-06,0.0,-0.8856220245361328,1,0,0.9999945163726807,388.9617576964787,0.9999945163726807,2.133811676685582e-06,3.0314146215459914e-07,2.6828863042283047e-07,2.897319575367874e-07,3.491809650313371e-07,2.8826653419855575e-07,5.339017548067204e-07,2.9549431701525464e-07,4.4545225819092593e-07,3.7834362842659175e-07,3.1220304208545713e-07
260,8519680,0.0002637400000000018,2.699775914132224,2.710024157559221,0.0,0.0,0.5090528130531311,0.08058405667543411,1.6928012200878584e-06,0.0,-0.8858926296234131,1,0,0.9999945163726807,389.5048653647917,0.9999945163726807,2.1287667095748475e-06,3.0258254923865024e-07,2.677988391042163e-07,2.8920192107761977e-07,3.485295678729017e-07,2.877391693800746e-07,5.328813585947501e-07,2.9495205922103196e-07,4.4460935555434844e-07,3.7763746263408393e-07,3.116241771294881e-07
261,8552448,0.0002636000000000018,2.745192041200176,2.715964840367975,0.0,0.0,0.04024043679237366,0.17042993009090424,1.6886241382962908e-06,0.0,-0.886694073677063,1,0,0.9999945163726807,390.0150703428911,0.9999945163726807,2.1217722405708628e-06,3.0180328280948743e-07,2.671172865120752e-07,2.884593186536222e-07,3.4763061762532743e-07,2.8700006282633694e-07,5.314603299666487e-07,2.9419356906146277e-07,4.4344020011521934e-07,3.7665950003429316e-07,3.1082103646440373e-07
262,8585216,0.0002634600000000018,2.772440220661682,2.717222583962227,0.0,0.0,-0.03548238053917885,0.0556272454559803,1.6732398080421262e-06,0.0,-0.8876585960388184,1,0,0.9999946355819702,390.1776075555716,0.9999946355819702,2.0999848402425414e-06,2.9937982048977574e-07,2.649966575063445e-07,2.861523284991563e-07,3.448188010679587e-07,2.847060898147902e-07,5.270389351608173e-07,2.9183681249378424e-07,4.397955422064115e-07,3.736078895144601e-07,3.0831841968392837e-07
263,8617984,0.0002633200000000018,2.766326432777892,2.715255221049599,0.0,0.0,-0.01938510686159134,0.08036588132381439,1.67092434821825e-06,0.0,-0.8876702189445496,1,0,0.9999946355819702,390.73865700627124,0.9999946355819702,2.096105390592129e-06,2.989478957715619e-07,2.64619103518271e-07,2.857421748103661e-07,3.443167031491612e-07,2.8429829512788274e-07,5.262524496174592e-07,2.914168533152406e-07,4.3914423031310434e-07,3.7306423905647534e-07,3.078709482906561e-07
264,8650752,0.0002631800000000018,2.7859399830495986,2.7195089200991474,0.0,0.0,0.09156820923089981,0.07006604969501495,1.666776483943977e-06,0.0,-0.886867880821228,1,0,0.9999946355819702,391.22361811537104,0.9999946355819702,2.0891664007649524e-06,2.9817513791385863e-07,2.6394189944767277e-07,2.8500897997219e-07,3.4341684340688516e-07,2.8356936354612117e-07,5.248430170468055e-07,2.90667713898074e-07,4.3798070237244247e-07,3.720878112289938e-07,3.070727530030126e-07
265,8683520,0.0002630400000000018,2.7407111595808233,2.7282325175166826,0.0,0.0,0.0377986803650856,0.2945183217525482,1.6641281490592519e-06,0.0,-0.8862204551696777,1,0,0.9999946355819702,391.79069454409745,0.9999946355819702,2.0847141968260985e-06,2.976802022658376e-07,2.635052851474029e-07,2.845364406312001e-07,3.4283959848835366e-07,2.830997516412026e-07,5.239363645159756e-07,2.9018548275416833e-07,4.3723323983613227e-07,3.714609988492157e-07,3.065615885589068e-07
266,8716288,0.00026290000000000184,2.7727305226552494,2.7376108170126794,0.0,0.0,0.07450980693101883,0.07408223301172256,1.6463466181448894e-06,0.0,-0.887579619884491,1,0,0.9999946355819702,391.7476979221673,0.9999946355819702,2.055063077932573e-06,2.943675667665957e-07,2.6060232016789087e-07,2.8138245511399873e-07,3.3899146956173354e-07,2.799627338845312e-07,5.178891342438874e-07,2.8696342724288115e-07,4.322514257637522e-07,3.672821549116634e-07,3.031400410691276e-07
267,8749056,0.0002627600000000018,2.764347454884895,2.7507412494329784,0.0,0.0,-0.03183808922767639,0.05374244600534439,1.6349408724636305e-06,0.0,-0.8899797201156616,1,0,0.9999946355819702,391.9539090515837,0.9999946355819702,2.0360703274491243e-06,2.9223951969470363e-07,2.5873708864310174e-07,2.793583746552031e-07,3.3651994613137504e-07,2.779499368443794e-07,5.14008831942192e-07,2.8489509418250236e-07,4.290529034278734e-07,3.64597411817158e-07,3.0094392400314973e-07
268,8781824,0.00026262000000000176,2.709804579052053,2.747529515500322,0.0,0.0,0.06186418607831001,0.10477344691753387,1.6284149069178966e-06,0.0,-0.8915764093399048,1,0,0.9999947547912598,392.4372967485539,0.9999947547912598,2.0291829514462734e-06,2.9146465863050253e-07,2.580596856205375e-07,2.786213997296727e-07,3.356235538376495e-07,2.7721719675355416e-07,5.12599115154444e-07,2.841416915089212e-07,4.2788838072738145e-07,3.6362413879942324e-07,3.0014405183464987e-07
269,8814592,0.0002624800000000018,2.76782141474878,2.752508972274337,0.0,0.0,0.03508180007338524,0.047024089843034744,1.6239367823800421e-06,0.0,-0.8937124013900757,1,0,0.9999947547912598,392.90689581832163,0.9999947547912598,2.0217482870066306e-06,2.906286340476072e-07,2.573251265403087e-07,2.778243697321159e-07,3.346557377881254e-07,2.764241457953176e-07,5.110741767566651e-07,2.83327466377159e-07,4.26634215955346e-07,3.625697218012647e-07,2.992828456171992e-07
270,8847360,0.0002623400000000018,2.107140635705775,2.6932454444316924,0.0,0.0,-0.012835506349802017,0.8453480005264282,1.6234893109867699e-06,0.0,-0.8931846618652344,1,0,0.9999947547912598,393.52012755402046,0.9999947547912598,2.021021600739914e-06,2.905469216329948e-07,2.5725299224177434e-07,2.7774646582656715e-07,3.345612924476882e-07,2.763466682154103e-07,5.109250764689932e-07,2.8324777190391615e-07,4.265109225798369e-07,3.624659825618437e-07,2.9919837629677204e-07
271,8880128,0.0002622000000000018,2.7469252958832184,2.6934187698999965,0.0,0.0,-0.06168028339743614,0.15255571901798248,1.6170342860277742e-06,0.0,-0.8904904723167419,1,0,0.9999947547912598,393.92706346831454,0.9999947547912598,2.010299112953362e-06,2.8933882845194603e-07,2.5619189614189963e-07,2.7659189072437584e-07,3.331664117922628e-07,2.751981469373277e-07,5.087196655040316e-07,2.8207031732563337e-07,4.247011133884371e-07,3.609443979257776e-07,2.979540170144901e-07
272,8912896,0.00026206000000000184,2.7950103056765165,2.69567577840148,0.0,0.0,-0.02098296582698822,0.08862157166004181,1.6135803662109538e-06,0.0,-0.8925355076789856,1,0,0.9999947547912598,394.41179110288107,0.9999947547912598,2.0045902147103334e-06,2.88698288386513e-07,2.556276399445778e-07,2.759811366104259e-07,3.324177271224471e-07,2.745904623679962e-07,5.07544996253273e-07,2.8144688712927746e-07,4.2373579844934284e-07,3.601319633617095e-07,2.972915353893768e-07
273,8945664,0.00026192000000000186,2.7748104129014113,2.696524176413832,0.0,0.0,-0.049090705811977386,0.058504726737737656,1.5990170822988148e-06,0.0,-0.8951795101165771,1,0,0.9999947547912598,394.42520285145895,0.9999947547912598,1.9804726889560698e-06,2.8598265089385677e-07,2.532405005695182e-07,2.73392970484565e-07,3.292500423413003e-07,2.7201613761462795e-07,5.025752898291103e-07,2.788037534173782e-07,4.19653133576503e-07,3.566940733890078e-07,2.944889274658635e-07
274,8978432,0.0002617800000000019,2.7231250321780065,2.6902426813266724,0.0,0.0,0.10358511656522751,0.09595203399658203,1.591406430634379e-06,0.0,-0.8965896368026733,1,0,0.9999947547912598,394.7184165756238,0.9999947547912598,1.967907564903726e-06,2.845644075932796e-07,2.5199398123731953e-07,2.7204129082747386e-07,3.2759692203399027e-07,2.7067153496318497e-07,4.999812972528161e-07,2.774229699298303e-07,4.175210222001624e-07,3.54899782450957e-07,2.9302543680387316e-07
275,9011200,0.0002616400000000019,2.713598319563057,2.6875313973248964,0.0,0.0,0.05712146311998367,0.10502070188522339,1.5874506971158553e-06,0.0,-0.8956886529922485,1,0,0.9999948740005493,395.2809803365819,0.9999948740005493,1.9653120943985414e-06,2.8427288611965196e-07,2.5173582685056317e-07,2.717625591230899e-07,3.2725475307415763e-07,2.703942243442725e-07,4.99444752222189e-07,2.771389802092017e-07,4.1708133835527406e-07,3.545273727922904e-07,2.927237972016883e-07
276,9043968,0.0002615000000000019,2.7161018315783876,2.68186852821721,0.0,0.0,-0.032858170568943024,0.08172920346260071,1.586456846780493e-06,0.0,-0.896233081817627,1,0,0.9999948740005493,395.8703375478236,0.9999948740005493,1.963670911209192e-06,2.840885713339958e-07,2.5157288519039867e-07,2.715866571634251e-07,3.270375827923999e-07,2.7021917503589066e-07,4.991057380721031e-07,2.769593265838921e-07,4.1680416984490876e-07,3.542924389421387e-07,2.925340538695309e-07
277,9076736,0.00026136000000000193,2.805561338151001,2.6859899165438206,0.0,0.0,-0.048134878277778625,0.04272569343447685,1.5842713310121326e-06,0.0,-0.8954325914382935,1,0,0.9999948740005493,396.4067056086024,0.9999948740005493,1.9600597624958027e-06,2.8368032189973746e-07,2.512142316390964e-07,2.7119790502183605e-07,3.26562599184399e-07,2.698323839922523e-07,4.983589860785287e-07,2.7656236056827765e-07,4.16189664065314e-07,3.5377553331272793e-07,2.921125314969686e-07
278,9109504,0.0002612200000000019,2.8086380826353814,2.6958732669021535,0.0,0.0,-0.033419303596019745,0.052732255309820175,1.582194158800121e-06,0.0,-0.8954871296882629,1,0,0.9999948740005493,396.949540812912,0.9999948740005493,1.9566421087802155e-06,2.832937013863557e-07,2.508742511508899e-07,2.708300996800972e-07,3.261125982589874e-07,2.6946645448333584e-07,4.97652763442602e-07,2.7618651188277e-07,4.156082127337868e-07,3.5328599778949865e-07,2.9171332016630913e-07
279,9142272,0.0002610800000000019,2.807896240837932,2.699880749511069,0.0,0.0,0.0882025957107544,0.10468520224094391,1.5733634199932567e-06,0.0,-0.8952087759971619,1,0,0.9999948740005493,397.20933216837585,0.9999948740005493,1.9420874650677433e-06,2.8164319587631326e-07,2.4942639242908626e-07,2.6925761176244123e-07,3.2419561080132553e-07,2.679026636087656e-07,4.946410854245187e-07,2.7458003160063527e-07,4.1312890175504435e-07,3.5120260122312175e-07,2.900112860970694e-07
280,9175040,0.00026094000000000193,2.7795312416840097,2.767119810108892,0.0,0.0,-0.02897164225578308,0.2489352822303772,1.5701526763223228e-06,0.0,-0.8954380750656128,1,0,0.9999948740005493,397.6993096075367,0.9999948740005493,1.93679943549796e-06,2.810427304211771e-07,2.488991128757334e-07,2.686861364509241e-07,3.234976588828431e-07,2.6733454205896123e-07,4.935469632982858e-07,2.7399593705013103e-07,4.1222767777071567e-07,3.5044448054577515e-07,2.8939183494003373e-07
281,9207808,0.00026080000000000195,2.8022219142980185,2.772649471950372,0.0,0.0,0.012867063283920288,0.05518258363008499,1.5596899629599648e-06,0.0,-0.8946003317832947,1,0,0.9999949932098389,397.9695839688521,0.9999949932098389,1.9235153558838647e-06,2.795349018924753e-07,2.475736664564465e-07,2.672509538115264e-07,3.2174179409594217e-07,2.659070901245286e-07,4.90795628138585e-07,2.725303147599334e-07,4.0996087591338437e-07,3.485376964817988e-07,2.8783455263692304e-07
282,9240576,0.00026066000000000197,2.8207298884047107,2.775221430223192,0.0,0.0,0.005609307438135147,0.046550266444683075,1.557347786729224e-06,0.0,-0.8942743539810181,1,0,0.9999949932098389,398.4828587890052,0.9999949932098389,1.9196688754163915e-06,2.7909857180929976e-07,2.471893481015286e-07,2.668353147328162e-07,3.212319086287607e-07,2.6549329845693137e-07,4.89997262320685e-07,2.721057228427526e-07,4.093045617992175e-07,3.4798435422089824e-07,2.8738389801219455e-07
283,9273344,0.000260520000000002,2.816334844732926,2.779373873406343,0.0,0.0,-0.05567086488008499,0.031181860715150833,1.546515477457433e-06,0.0,-0.8928247094154358,1,0,0.9999949932098389,398.620610794391,0.9999949932098389,1.9018871171283536e-06,2.7707929461939784e-07,2.454093817050307e-07,2.649100849794195e-07,3.188737593973201e-07,2.635782720972202e-07,4.863013600697741e-07,2.7014010584025527e-07,4.062680716288014e-07,3.4542188132036244e-07,2.8529871087812353e-07
284,9306112,0.000260380000000002,2.8238844435126667,2.7894498145398092,0.0,0.0,0.055337172001600266,0.05365933105349541,1.5391526630992303e-06,0.0,-0.8942702412605286,1,0,0.9999951124191284,399.01115779276597,0.9999951124191284,1.8937229242510512e-06,2.761494783953822e-07,2.445902111958276e-07,2.640240950313455e-07,3.1779057962921797e-07,2.626969717312022e-07,4.846023102800245e-07,2.692353575639572e-07,4.0487032038072357e-07,3.44242664596095e-07,2.843388244855305e-07
285,9338880,0.00026024000000000197,2.812125670308046,2.799302549614308,0.0,0.0,0.012369191274046898,0.04691934213042259,1.533546537757502e-06,0.0,-0.8953951001167297,1,0,0.9999951124191284,399.3744044441333,0.9999951124191284,1.8845545355361537e-06,2.7510407107911306e-07,2.43668722532675e-07,2.6302737410333066e-07,3.165733915011515e-07,2.6170548039772257e-07,4.826918598155316e-07,2.68217149823613e-07,4.0329956618734286e-07,3.429175876590307e-07,2.8325973744358635e-07
286,9371648,0.00026010000000000193,2.8222589212340323,2.8099182585798728,0.0,0.0,0.00011875294148921967,0.04541704058647156,1.5332781231336412e-06,0.0,-0.8953578472137451,1,0,0.9999951124191284,399.9643542062224,0.9999951124191284,1.8841160454030614e-06,2.750542194007721e-07,2.436250383652805e-07,2.6297996669200074e-07,3.1651484277972486e-07,2.6165832878177753e-07,4.826007966585166e-07,2.681688329175813e-07,4.0322495920008805e-07,3.42854150403582e-07,2.8320840783635504e-07
287,9404416,0.00025996000000000195,2.7991413384587087,2.8092762586106432,0.0,0.0,-0.03547832369804382,0.046544160693883896,1.5322534636652563e-06,0.0,-0.8949967622756958,1,0,0.9999951124191284,400.52681211517495,0.9999951124191284,1.882442234091286e-06,2.7486333920023753e-07,2.43455957615879e-07,2.627974424740387e-07,3.162918176258245e-07,2.6147671405851725e-07,4.822510959456849e-07,2.679826991425216e-07,4.0293741676578065e-07,3.426116279570124e-07,2.830118717156438e-07
288,9437184,0.00025982000000000197,2.810200936799384,2.809432544027044,0.0,0.0,-0.07640604674816132,0.0460507795214653,1.5307119838325889e-06,0.0,-0.8953744173049927,1,0,0.9999951124191284,401.06781604718924,0.9999951124191284,1.8799161125571118e-06,2.74575654657383e-07,2.4320161173818633e-07,2.62522888760941e-07,3.159553898512968e-07,2.6120355300918163e-07,4.817225658371171e-07,2.677027453046321e-07,4.025049520350876e-07,3.422449026402319e-07,2.8271512064748094e-07
289,9469952,0.000259680000000002,2.7763862736049365,2.806281547303744,0.0,0.0,0.03319057822227478,0.08466384559869766,1.520953674116754e-06,0.0,-0.8919923305511475,1,0,0.9999951124191284,401.21619779162114,0.9999951124191284,1.8639831296241027e-06,2.7275837055640295e-07,2.415926871890406e-07,2.607861517844867e-07,3.1383729037770536e-07,2.594755414975225e-07,4.783905183103343e-07,2.659314475295105e-07,3.9977086885301105e-07,3.3993180181823845e-07,2.8084158998353814e-07
290,9502720,0.00025954000000000195,2.8096180860638267,2.8092902317417257,0.0,0.0,-0.003567848354578018,0.10071095079183578,1.520774389973667e-06,0.0,-0.8922814130783081,1,0,0.9999951124191284,401.8132156579092,0.9999951124191284,1.8636881122802151e-06,2.727245771438902e-07,2.4156273070730094e-07,2.6075383630086435e-07,3.1379840947920457e-07,2.594433965441567e-07,4.78328956887708e-07,2.6589850676828064e-07,3.997201645233872e-07,3.398890271455457e-07,2.808067733894859e-07
291,9535488,0.00025940000000000197,2.8051713468739568,2.8095851749993193,0.0,0.0,-0.13535696268081665,0.06982466578483582,1.5085053064467502e-06,0.0,-0.893349289894104,1,0,0.9999951124191284,401.8546444750862,0.9999951124191284,1.8436908248986583e-06,2.7043193995268666e-07,2.3954075345500314e-07,2.585670131338702e-07,3.1113674481275666e-07,2.572683115431573e-07,4.741446275602357e-07,2.636657825405564e-07,3.9627300907341123e-07,3.3698484003252815e-07,2.7844353667205723e-07
292,9568256,0.000259260000000002,2.7829681243744284,2.805808998596291,0.0,0.0,0.08823727816343307,0.10277606546878815,1.496618665441929e-06,0.0,-0.8954553008079529,1,0,0.999995231628418,402.00120730645153,0.999995231628418,1.8282391920365626e-06,2.6865805580200686e-07,2.3797151982307696e-07,2.568721413354069e-07,3.0907548875802604e-07,2.555821936311986e-07,4.709028758043132e-07,2.619369752210332e-07,3.9360529058285465e-07,3.347337838022213e-07,2.7661525336952764e-07
293,9601024,0.000259120000000002,2.8015501870302497,2.804330532826024,0.0,0.0,0.06927371770143509,0.10093680024147034,1.4929581766409683e-06,0.0,-0.8975728154182434,1,0,0.999995231628418,402.420215009089,0.999995231628418,1.8222982589577441e-06,2.6797454211191507e-07,2.3736610899049992e-07,2.562188967658585e-07,3.082806756538048e-07,2.549319617628498e-07,4.696542248439073e-07,2.6127085561711283e-07,3.9257739103959466e-07,3.3386729114681657e-07,2.7591099183155166e-07
294,9633792,0.000258980000000002,2.648443706885597,2.786786459163317,0.0,0.0,0.05706115812063217,0.14324018359184265,1.492801516178588e-06,0.0,-0.8977768421173096,1,0,0.999995231628418,403.0088231503347,0.999995231628418,1.822042690946546e-06,2.6794489826897916e-07,2.3733984733098623e-07,2.561905603215564e-07,3.082465696024883e-07,2.5490376742709486e-07,4.696005078130838e-07,2.612419507386221e-07,3.925328257992078e-07,3.3383034292455704e-07,2.758804669156234e-07
295,9666560,0.00025884000000000204,2.7252431192697824,2.7780982040594906,0.0,0.0,0.06140575930476189,0.20076344907283783,1.4840117046333035e-06,0.0,-0.89683598279953,1,0,0.999995231628418,403.2232385522689,0.999995231628418,1.8077738559441059e-06,2.6629999183569453e-07,2.3589295494730322e-07,2.5462264829911874e-07,3.0633174219474313e-07,2.5334449560432404e-07,4.6660105113005557e-07,2.59640927424698e-07,3.900628087194491e-07,3.3175024327647407e-07,2.7418292347647366e-07
296,9699328,0.00025870000000000206,2.62456390673501,2.758328702609588,0.0,0.0,-0.010278087109327316,0.2784045338630676,1.4828939356448245e-06,0.0,-0.8963106870651245,1,0,0.999995231628418,403.7583662583941,0.999995231628418,1.805961005629797e-06,2.6609106384967163e-07,2.3570790119720186e-07,2.5442290052524186e-07,3.060905555685167e-07,2.531459983856621e-07,4.66219859163175e-07,2.594374848285952e-07,3.897486351434054e-07,3.314855518965487e-07,2.7396779955779493e-07
297,9732096,0.000258560000000002,2.6589525099894487,2.7443098197626616,0.0,0.0,0.17228080332279205,0.5035446286201477,1.4791514786338666e-06,0.0,-0.8961918354034424,1,0,0.999995231628418,404.16984219297996,0.999995231628418,1.7998899011217873e-06,2.65392372966744e-07,2.3509052482495463e-07,2.5375626933055173e-07,3.0527488092957356e-07,2.5248269253097533e-07,4.6494110961248225e-07,2.5875749543047277e-07,3.8869887930559344e-07,3.3059751558539574e-07,2.732468544763833e-07
298,9764864,0.000258420000000002,2.7178091273150082,2.735070638814224,0.0,0.0,-0.03618740290403366,0.10410966724157333,1.4778448758079321e-06,0.0,-0.8953768014907837,1,0,0.999995231628418,404.6959957120799,0.999995231628418,1.7977661173063098e-06,2.6514646833675215e-07,2.348738235014025e-07,2.535218754928792e-07,3.049902659313375e-07,2.5224949240509886e-07,4.644952582566475e-07,2.5851824148048763e-07,3.883291128659039e-07,3.302883442302118e-07,2.729931622980075e-07
299,9797632,0.000258280000000002,2.7859457195377133,2.736026583407502,0.0,0.0,-0.1241510808467865,0.0780208557844162,1.4724014363309834e-06,0.0,-0.8994288444519043,1,0,0.999995231628418,405.019066970139,0.999995231628418,1.7889581158669898e-06,2.641284027049551e-07,2.3397373638545105e-07,2.525498814520688e-07,3.038099123386928e-07,2.512823584766011e-07,4.626419922715286e-07,2.5752606802598166e-07,3.867974669446994e-07,3.2900163660087856e-07,2.719430938213918e-07
300,9830400,0.000258140000000002,2.7949435401782434,2.734559128818944,0.0,0.0,0.0009017437696456909,0.10242238640785217,1.4695513073093025e-06,0.0,-0.8987283110618591,1,0,0.999995231628418,405.4547271481026,0.999995231628418,1.7843524346972117e-06,2.6359666094322165e-07,2.3350298761215527e-07,2.520417297091626e-07,3.03189921169178e-07,2.507767362658342e-07,4.6166621814336395e-07,2.5700791184135596e-07,3.859989305965428e-07,3.2832397778292943e-07,2.7139486746818875e-07
301,9863168,0.000258000000000002,2.7559559056978573,2.729637584701334,0.0,0.0,0.04492761194705963,0.14018326997756958,1.4659444786957465e-06,0.0,-0.8985381722450256,1,0,0.999995231628418,405.8278690129761,0.999995231628418,1.7785285990612465e-06,2.629235780204908e-07,2.3290694173283555e-07,2.51398375894496e-07,3.024067893875326e-07,2.501365941043332e-07,4.604368086802424e-07,2.5635185352257395e-07,3.8498754406646185e-07,3.2747024647505896e-07,2.70701121962702e-07
302,9895936,0.00025786000000000195,2.7731286068994407,2.7286536329538347,0.0,0.0,0.09371963143348694,0.15237191319465637,1.465618765905674e-06,0.0,-0.8981407880783081,1,0,0.999995231628418,406.3635658838478,0.999995231628418,1.7780046164261876e-06,2.628628976708569e-07,2.3285298311748193e-07,2.5134011139016366e-07,3.023367298737867e-07,2.500788980341895e-07,4.603270724601316e-07,2.562927079452493e-07,3.848957703667111e-07,3.273940762937855e-07,2.7063813945460424e-07
303,9928704,0.00025772000000000197,2.796906658474235,2.728189280098234,0.0,0.0,-0.012482982128858566,0.07306098937988281,1.465252921661886e-06,0.0,-0.8977108597755432,1,0,0.999995231628418,406.89980861802513,0.999995231628418,1.7774128764358466e-06,2.627937192301033e-07,2.327919190747707e-07,2.5127420144599455e-07,3.0225743330447585e-07,2.5001307335514866e-07,4.602028411682113e-07,2.5622526322877093e-07,3.8479225850096554e-07,3.273079016707925e-07,2.705674262415414e-07
304,9961472,0.000257580000000002,2.7743812362632614,2.740783033036,0.0,0.0,0.06886204332113266,0.10734714567661285,1.4566212485078722e-06,0.0,-0.8974849581718445,1,0,0.999995231628418,406.9899603776548,0.999995231628418,1.7634902178542688e-06,2.6117768925359997e-07,2.3136102811349701e-07,2.497290267911012e-07,3.0038930276532483e-07,2.484756294052204e-07,4.572603415908816e-07,2.546496205013682e-07,3.823633392130432e-07,3.25264153389071e-07,2.689025677682366e-07
305,9994240,0.000257440000000002,2.7884050316247135,2.747099224271493,0.0,0.0,0.006835766136646271,0.04009755700826645,1.4511252857118961e-06,0.0,-0.8993437886238098,1,0,0.9999953508377075,407.38305672863,0.9999953508377075,1.7584623037691927e-06,2.6059350943796744e-07,2.3084446354459942e-07,2.491709381047258e-07,2.997137187321641e-07,2.479203544680786e-07,4.5619586330758466e-07,2.540805326134432e-07,3.8148559156070405e-07,3.24523966810375e-07,2.6830113597497984e-07
306,10027008,0.000257300000000002,2.7572966068566074,2.760372494283653,0.0,0.0,-0.02602560818195343,0.06556610763072968,1.449867568226182e-06,0.0,-0.8999022841453552,1,0,0.9999953508377075,407.8763037354646,0.9999953508377075,1.7564408381076646e-06,2.603592861305515e-07,2.3063718401772348e-07,2.4894720240808965e-07,2.994414671775303e-07,2.4769775563981966e-07,4.5576751972475904e-07,2.538521641781699e-07,3.811335886894085e-07,3.242257662350312e-07,2.6805969355336856e-07
307,10059776,0.00025716000000000204,2.7276191898808664,2.7672391622727948,0.0,0.0,-0.06738440692424774,0.10815563797950745,1.4491935189653304e-06,0.0,-0.8996704816818237,1,0,0.9999953508377075,408.38668070035385,0.9999953508377075,1.7553541056258837e-06,2.602329232104239e-07,2.305250319523111e-07,2.4882615434762556e-07,2.992946974700317e-07,2.475775602306385e-07,4.55536792287603e-07,2.537289560677891e-07,3.809435327184474e-07,3.2406560990239086e-07,2.679298631846905e-07
308,10092544,0.000257020000000002,2.78250436818128,2.7737086863594214,0.0,0.0,-0.040974173694849014,0.1445055454969406,1.438462618352787e-06,0.0,-0.8971748948097229,1,0,0.9999953508377075,408.3714424863358,0.9999953508377075,1.73809655734658e-06,2.582262652595091e-07,2.2874763772051665e-07,2.4690766053936386e-07,2.9696812475776824e-07,2.456687013818737e-07,4.5187238129074103e-07,2.517726898076944e-07,3.779281598781381e-07,3.2151828577298147e-07,2.658625817275606e-07
309,10125312,0.00025688000000000197,2.7524252094748363,2.770356635353134,0.0,0.0,-0.025545937940478325,0.06409063935279846,1.432339786333614e-06,0.0,-0.8976882696151733,1,0,0.9999953508377075,408.5794705997703,0.9999953508377075,1.7282602584600681e-06,2.5707828399390564e-07,2.2773113528273825e-07,2.4581046886851254e-07,2.956400351195043e-07,2.44576767727267e-07,4.497837267081195e-07,2.5065338604690623e-07,3.76202791585456e-07,3.2006818173613283e-07,2.6467989755474264e-07
310,10158080,0.000256740000000002,2.7701420050420054,2.7678764818395103,0.0,0.0,0.020729146897792816,0.26300477981567383,1.4308952813735232e-06,0.0,-0.897202730178833,1,0,0.9999953508377075,409.04314337000494,0.9999953508377075,1.725950937725429e-06,2.5680850512799225e-07,2.2749216554984741e-07,2.4555228606004675e-07,2.953283626538905e-07,2.44320091269401e-07,4.4929157638762263e-07,2.503905704998033e-07,3.757969011530804e-07,3.197264959453605e-07,2.64401847971385e-07
311,10190848,0.000256600000000002,2.7730693282770407,2.769587824097429,0.0,0.0,0.04086087644100189,0.15347686409950256,1.4181777032717946e-06,0.0,-0.893696665763855,1,0,0.9999953508377075,408.9144121520186,0.9999953508377075,1.7055599528248422e-06,2.544258279613132e-07,2.253840705179755e-07,2.432759060866374e-07,2.925643229900743e-07,2.4205490944950725e-07,4.44950330802385e-07,2.48068431574211e-07,3.722186647792114e-07,3.167093325373571e-07,2.6194700808446214e-07
312,10223616,0.000256460000000002,2.7565850848910163,2.767933471896586,0.0,0.0,0.023409925401210785,0.12315148115158081,1.4170286704029422e-06,0.0,-0.8932716846466064,1,0,0.9999953508377075,409.39028306744876,0.9999953508377075,1.7037197039826424e-06,2.54210476668959e-07,2.2519307663060317e-07,2.430695076327538e-07,2.9231497933324135e-07,2.418497615508386e-07,4.445571448741248e-07,2.4785842356322974e-07,3.7189508361734624e-07,3.1643520514990087e-07,2.617247503167164e-07
313,10256384,0.00025632000000000205,2.796349714805873,2.7678777775297503,0.0,0.0,0.04663069546222687,0.07313546538352966,1.4067328493183595e-06,0.0,-0.8935636878013611,1,0,0.9999954700469971,409.48620404092696,0.9999954700469971,1.6910790918700513e-06,2.5272632342421275e-07,2.23878771521413e-07,2.416508380065352e-07,2.906008944592031e-07,2.40438026821721e-07,4.4186094783071894e-07,2.4641136064929015e-07,3.6966744687561004e-07,3.145607934129657e-07,2.6019725396508875e-07
314,10289152,0.000256180000000002,2.782659121549858,2.76870556605841,0.0,0.0,-0.06356948614120483,0.08855678141117096,1.4045500620341045e-06,0.0,-0.8916788697242737,1,0,0.9999954700469971,409.90519218997446,0.9999954700469971,1.6875911796887522e-06,2.523173918689281e-07,2.2351650841301307e-07,2.4125986897161056e-07,2.9012707614128885e-07,2.4004901888474706e-07,4.4111573060945375e-07,2.4601266090940044e-07,3.6905311162627186e-07,3.140428077585966e-07,2.597759873879113e-07
315,10321920,0.00025604000000000203,2.696509206350566,2.759515983530995,0.0,0.0,-0.0049715228378772736,0.234744131565094,1.4036212405699189e-06,0.0,-0.890407919883728,1,0,0.9999954700469971,410.38609554187525,0.9999954700469971,1.6861014273672481e-06,2.521427688861877e-07,2.2336180904858338e-07,2.4109289142870693e-07,2.8992349143663887e-07,2.398828655714169e-07,4.4079695271648234e-07,2.458423864482029e-07,3.6879134768241784e-07,3.138212605335866e-07,2.595959358586697e-07
316,10354688,0.00025590000000000205,2.7860940773926233,2.762395730584596,0.0,0.0,-0.06003116816282272,0.07890859246253967,1.4021401284480817e-06,0.0,-0.8897453546524048,1,0,0.9999954700469971,410.8388332225218,0.9999954700469971,1.6837425391713623e-06,2.5186565721924126e-07,2.231165439070537e-07,2.4082771687972127e-07,2.896024113852036e-07,2.396192257947405e-07,4.402915578793909e-07,2.455724370520329e-07,3.6837516859122843e-07,3.1347008189186454e-07,2.5931041136573185e-07
317,10387456,0.00025576000000000206,2.754778705836629,2.7651116821801724,0.0,0.0,0.0361788347363472,0.1124403178691864,1.3974009789308184e-06,0.0,-0.8899029493331909,1,0,0.9999954700469971,411.0938127342033,0.9999954700469971,1.67619657531759e-06,2.509758587621036e-07,2.2232894991702778e-07,2.3997714038159756e-07,2.8857624556621886e-07,2.387726851793559e-07,4.386770910969062e-07,2.447046369979944e-07,3.6703980299535033e-07,3.1234984021466516e-07,2.583945502010465e-07
318,10420224,0.00025562000000000203,2.7921078520501688,2.766072030567062,0.0,0.0,-0.039022982120513916,0.10070598125457764,1.3957258033769904e-06,0.0,-0.8897473216056824,1,0,0.9999954700469971,411.5253056803822,0.9999954700469971,1.6735145891288994e-06,2.5066057673939213e-07,2.2204966398930992e-07,2.3967567130966927e-07,2.8821239084209083e-07,2.3847275087973685e-07,4.38101778854616e-07,2.4439725621050457e-07,3.6656689417213784e-07,3.1194946359391906e-07,2.580699742793513e-07
319,10452992,0.00025548000000000205,2.7891151007516206,2.76974101969474,0.0,0.0,0.0962836816906929,0.1303342580795288,1.393795514559315e-06,0.0,-0.8898741602897644,1,0,0.9999954700469971,411.93764865796487,0.9999954700469971,1.6704452718840912e-06,2.503003599940712e-07,2.2173057345753477e-07,2.393312286130822e-07,2.8779322747141123e-07,2.3813002769657032e-07,4.3744381628130213e-07,2.4404602072536363e-07,3.6602611430680554e-07,3.114925561931159e-07,2.5769909939299396e-07
320,10485760,0.00025534000000000206,2.76869604944227,2.7695964241347664,0.0,0.0,-0.0865781158208847,0.05664075165987015,1.392639774167037e-06,0.0,-0.8900172114372253,1,0,0.9999954700469971,412.4020303431497,0.9999954700469971,1.6685951322870096e-06,2.500832181340229e-07,2.215382153281098e-07,2.391236080256931e-07,2.8753891001542797e-07,2.3792345871243015e-07,4.3704682184397825e-07,2.43834335833526e-07,3.6569988992596336e-07,3.112157855866826e-07,2.5747408471943345e-07
321,10518528,0.0002552000000000021,2.7339346076258946,2.765682952069652,0.0,0.0,-0.10252009332180023,0.5415029525756836,1.3912448366681929e-06,0.0,-0.8910655379295349,1,0,0.9999954700469971,412.8452033052746,0.9999954700469971,1.6663751694068196e-06,2.4982244894999894e-07,2.2130761578864622e-07,2.3887471911621105e-07,2.8723499667648866e-07,2.3767582035816304e-07,4.365694508123852e-07,2.435805299683125e-07,3.6530914826471417e-07,3.1088413265933923e-07,2.572055848304444e-07
322,10551296,0.0002550600000000021,2.7730003329299393,2.7673244768735445,0.0,0.0,0.0060695502907037735,0.16055530309677124,1.3854945564162335e-06,0.0,-0.8885775804519653,1,0,0.9999954700469971,413.068875344341,0.9999954700469971,1.6572149661442381e-06,2.4874265136531903e-07,2.2035528957076167e-07,2.3784497216183809e-07,2.859801497834269e-07,2.366517009022573e-07,4.3460707388476294e-07,2.4252932462331955e-07,3.6368857081470196e-07,3.0951801477385743e-07,2.5609142539906316e-07
323,10584064,0.0002549200000000021,2.812918271374042,2.768981332530361,0.0,0.0,-0.04627406597137451,0.09443064779043198,1.3795751101497444e-06,0.0,-0.8895684480667114,1,0,0.9999954700469971,413.24460884089683,0.9999954700469971,1.6478159068356035e-06,2.4763070882727334e-07,2.1937086103207548e-07,2.367817302229014e-07,2.846962843250367e-07,2.3559377382298408e-07,4.325920031078567e-07,2.414449227217119e-07,3.620202448928467e-07,3.081185013797949e-07,2.5494563260508585e-07
324,10616832,0.00025478000000000214,2.813683857686465,2.772083806144022,0.0,0.0,0.04300296679139137,0.08152559399604797,1.3774073295280687e-06,0.0,-0.8881270289421082,1,0,0.9999954700469971,413.6415525666939,0.9999954700469971,1.6443716503999894e-06,2.4722436364754685e-07,2.190108858712847e-07,2.3639319124413305e-07,2.8422454079191084e-07,2.3520719594216644e-07,4.3185130493839097e-07,2.410487525139615e-07,3.614100307913759e-07,3.076035284266254e-07,2.5452703766859486e-07
325,10649600,0.00025464000000000216,2.768533348927469,2.779286220401713,0.0,0.0,-0.06665769219398499,0.06476494669914246,1.3738634834226104e-06,0.0,-0.8884193897247314,1,0,0.9999954700469971,413.9367609975497,0.9999954700469971,1.6387547248086776e-06,2.465559134634532e-07,2.184220448953056e-07,2.357551522891299e-07,2.8345388614070544e-07,2.345723402186195e-07,4.3064341070930823e-07,2.4039769641603925e-07,3.6041328144165163e-07,3.067674185786018e-07,2.538384080708056e-07
326,10682368,0.0002545000000000021,2.742569077599442,2.774933720422394,0.0,0.0,0.07613877952098846,0.2873575687408447,1.3732341130889836e-06,0.0,-0.8879872560501099,1,0,0.9999954700469971,414.41596776379725,0.9999954700469971,1.6377501879105694e-06,2.4643745177854726e-07,2.1831752405887528e-07,2.356423038918365e-07,2.8331498924671905e-07,2.344600744663694e-07,4.304274341393466e-07,2.4028241796258953e-07,3.602356173360022e-07,3.066170961574244e-07,2.5371619472025486e-07
327,10715136,0.0002543600000000021,2.8056707073825873,2.7800229205769904,0.0,0.0,0.004354631528258324,0.13365384936332703,1.3725829148825142e-06,0.0,-0.8877502679824829,1,0,0.9999954700469971,414.8928212143563,0.9999954700469971,1.6367242778869695e-06,2.463159773924417e-07,2.1820990525611705e-07,2.3552614436539443e-07,2.8317450073700456e-07,2.3434449758497067e-07,4.3020705220442323e-07,2.401639562776836e-07,3.600532352265873e-07,3.0646330628769647e-07,2.5359111077705165e-07
328,10747904,0.0002542200000000021,2.78622400244919,2.779434535616892,0.0,0.0,0.058605220168828964,0.13648578524589539,1.368552261737932e-06,0.0,-0.8863887786865234,1,0,0.9999954700469971,415.16318602404635,0.9999954700469971,1.6303384882121463e-06,2.4555768618483853e-07,2.1753815815372946e-07,2.348010923469701e-07,2.823011300279177e-07,2.3362308354535344e-07,4.2883647211056086e-07,2.394246223502705e-07,3.589140362691978e-07,3.055114348171628e-07,2.5281045168412675e-07
329,10780672,0.00025408000000000207,2.7960437924881383,2.780127404790544,0.0,0.0,0.0693570077419281,0.11271688342094421,1.3662671562997275e-06,0.0,-0.8885401487350464,1,0,0.9999954700469971,415.5501588852385,0.9999954700469971,1.626718358238577e-06,2.4512834784218285e-07,2.1715842990488454e-07,2.3439120866441954e-07,2.8180539857203257e-07,2.3321527464759129e-07,4.280572625248169e-07,2.3900642531771155e-07,3.5826971611641056e-07,3.0496880754071753e-07,2.5236818146368023e-07
330,10813440,0.0002539400000000021,2.813299840714011,2.7845877839177176,0.0,0.0,-0.0489412322640419,0.11807091534137726,1.3655907196152839e-06,0.0,-0.8886770606040955,1,0,0.9999954700469971,416.01370752078543,0.9999954700469971,1.6256403796433005e-06,2.4500073436684033e-07,2.170453825556251e-07,2.3426920847668953e-07,2.8165760568299447e-07,2.3309388552661403e-07,4.27824232929197e-07,2.3888199507382524e-07,3.5807806852972135e-07,3.048068606403831e-07,2.522368163226929e-07
331,10846208,0.0002538000000000021,2.81194575809935,2.7923888989650627,0.0,0.0,0.07938027381896973,0.13945142924785614,1.3599285466625588e-06,0.0,-0.8882606625556946,1,0,0.9999955892562866,416.33971701164756,0.9999955892562866,1.6204445500989095e-06,2.4438563173134753e-07,2.1650045312071597e-07,2.336808222480613e-07,2.809445618368045e-07,2.3250865410773258e-07,4.267062081453332e-07,2.3828226858313428e-07,3.5715459034690866e-07,3.040279921151523e-07,2.516028132504289e-07
332,10878976,0.0002536600000000021,2.810766632388429,2.7961655289109126,0.0,0.0,0.055071745067834854,0.18977543711662292,1.3571419685831643e-06,0.0,-0.889678955078125,1,0,0.9999955892562866,416.67063306807876,0.9999955892562866,1.6160462337211356e-06,2.4386179120483575e-07,2.160368097747778e-07,2.3318017383644474e-07,2.803423626573931e-07,2.3201029364372516e-07,4.25761498945576e-07,2.377715020429605e-07,3.563682753338071e-07,3.033713937838911e-07,2.5106351131398696e-07
333,10911744,0.00025352000000000214,2.8327520369939156,2.7981489054728996,0.0,0.0,0.09319838136434555,0.15420851111412048,1.3568203485192498e-06,0.0,-0.8897044062614441,1,0,0.9999955892562866,417.14862476099216,0.9999955892562866,1.6155406683537876e-06,2.438008834815264e-07,2.1598305011139018e-07,2.331219093321124e-07,2.80272359987066e-07,2.3195232756734185e-07,4.2565147850837093e-07,2.3771212909196038e-07,3.562789174793579e-07,3.032955930848402e-07,2.5100078460127406e-07
334,10944512,0.00025338000000000216,2.824741901792122,2.7992547098834657,0.0,0.0,0.02311546541750431,0.10319551825523376,1.3565207837018534e-06,0.0,-0.8897261619567871,1,0,0.9999955892562866,417.6279261546566,0.9999955892562866,1.615066366866813e-06,2.437441253277939e-07,2.1593298527022853e-07,2.3306743912598904e-07,2.8020687636853836e-07,2.3189835474113352e-07,4.255487908721989e-07,2.3765679202369938e-07,3.561946755326062e-07,3.032247377632302e-07,2.509423779883946e-07
335,10977280,0.0002532400000000022,2.8294111840910787,2.8053424933998263,0.0,0.0,0.11283832788467407,0.11044573783874512,1.343161102340673e-06,0.0,-0.891612708568573,1,0,0.9999957084655762,417.512464038254,0.9999957084655762,1.5977155953805777e-06,2.416817892481049e-07,2.1410676254163263e-07,2.310960809381868e-07,2.7781985068031645e-07,2.2993667414539232e-07,4.218049127757695e-07,2.3564641082884918e-07,3.53101057726235e-07,3.006184101650433e-07,2.488176846782153e-07
336,11010048,0.0002531000000000022,2.7694391857459353,2.808029504214476,0.0,0.0,0.06108478829264641,0.12437352538108826,1.341929873888148e-06,0.0,-0.8911028504371643,1,0,0.9999957084655762,417.935423792383,0.9999957084655762,1.5957709820213495e-06,2.414504933767603e-07,2.1390225413142616e-07,2.3087514477992954e-07,2.775529139853461e-07,2.297170738074783e-07,4.213843567413278e-07,2.3542088456451893e-07,3.5275436971460294e-07,3.0032558129278186e-07,2.485797949702828e-07
337,11042816,0.00025296000000000216,2.8264321862850226,2.810105652104719,0.0,0.0,-0.01883978769183159,0.08784105628728867,1.335752699560544e-06,0.0,-0.8913626074790955,1,0,0.9999957084655762,418.09862959858015,0.9999957084655762,1.5860199482631288e-06,2.4029000655900745e-07,2.128766283249206e-07,2.2976701075094752e-07,2.762046449333866e-07,2.2861425463815976e-07,4.1927549432330125e-07,2.3429026896337746e-07,3.510143642415642e-07,2.9885814001318067e-07,2.4738244519539876e-07
338,11075584,0.0002528200000000021,2.784659628069651,2.8099492146667653,0.0,0.0,-0.07915659993886948,0.08213727921247482,1.3344414355742629e-06,0.0,-0.892218828201294,1,0,0.9999957084655762,418.50785334461915,0.9999957084655762,1.5839551679164288e-06,2.4004378929021186e-07,2.1265869065700826e-07,2.295317926837015e-07,2.7592005835685995e-07,2.283802160718551e-07,4.1883026824507397e-07,2.3405040394663956e-07,3.5064499570580665e-07,2.985479170547478e-07,2.47128951968989e-07
339,11108352,0.00025268000000000214,2.807971024015967,2.8111419378195484,0.0,0.0,-0.0934978574514389,0.12434603273868561,1.327440486420528e-06,0.0,-0.8915062546730042,1,0,0.9999957084655762,418.5949016125184,0.9999957084655762,1.5729362985439366e-06,2.387263009495655e-07,2.114933153052334e-07,2.282730946490119e-07,2.743980758168618e-07,2.2712782765665906e-07,4.164457152455725e-07,2.327664816448305e-07,3.486705679733859e-07,2.9688922609238944e-07,2.4577187218710606e-07
340,11141120,0.00025254000000000216,2.8022849090588524,2.8100404446540326,0.0,0.0,-0.056424111127853394,0.0824253037571907,1.3193033510106034e-06,0.0,-0.8930370807647705,1,0,0.9999957084655762,418.59454952117443,0.9999957084655762,1.5601508494000882e-06,2.371940013290441e-07,2.101362497342052e-07,2.2680791289531044e-07,2.726277443798608e-07,2.2567000712570007e-07,4.136741154070478e-07,2.312724802777666e-07,3.4637349699551123e-07,2.9496362685677013e-07,2.4419389887953e-07
341,11173888,0.0002524000000000022,2.802696966380286,2.809115565482126,0.0,0.0,0.20398174226284027,0.37331071496009827,1.3060473520454252e-06,0.0,-0.8922803401947021,1,0,0.9999958276748657,418.4528914678295,0.9999958276748657,1.5430986195497098e-06,2.3514851932304737e-07,2.0832588631947146e-07,2.248528403470118e-07,2.7025964755011955e-07,2.2372516639279638e-07,4.099674697499722e-07,2.2927869736122375e-07,3.4330821563344216e-07,2.9238509569040616e-07,2.4208688387261645e-07
342,11206656,0.0002522600000000022,2.7519781885330845,2.8032367210965914,0.0,0.0,-0.020206905901432037,0.18909549713134766,1.3057127716820105e-06,0.0,-0.8923500776290894,1,0,0.9999958276748657,418.89751870579727,0.9999958276748657,1.5425689525727648e-06,2.3508484048306855e-07,2.082696539673634e-07,2.2479194683455717e-07,2.701859500575665e-07,2.2366457130829076e-07,4.0985099758472643e-07,2.2921661013697303e-07,3.432136281844578e-07,2.923045485658804e-07,2.420208602416096e-07
343,11239424,0.0002521200000000022,2.708979840195912,2.790859501416791,0.0,0.0,0.04461224004626274,0.11248654872179031,1.2990363984499709e-06,0.0,-0.8910732865333557,1,0,0.9999958276748657,418.9559838102472,0.9999958276748657,1.5321259070333326e-06,2.3382376923564152e-07,2.0715401660709176e-07,2.2358629792051943e-07,2.6873610181610275e-07,2.2246499042921641e-07,4.0757933561508253e-07,2.279872290955609e-07,3.413269382690487e-07,2.90727939500357e-07,2.4072309656730795e-07
344,11272192,0.00025198000000000223,2.6442329715378827,2.772808608391367,0.0,0.0,-0.08162961155176163,0.09476371109485626,1.2894062138002482e-06,0.0,-0.8934313058853149,1,0,0.9999958276748657,418.7963266564016,0.9999958276748657,1.5171076483966317e-06,2.320030461078204e-07,2.0555016533307935e-07,2.2184741510500317e-07,2.6663840912988235e-07,2.2073479044593114e-07,4.042995556119422e-07,2.2621303230607737e-07,3.386209641575988e-07,2.884547427584039e-07,2.388474626968673e-07
345,11304960,0.00025184000000000225,2.7072750913865438,2.7605949991209138,0.0,0.0,-0.12511613965034485,0.1297118067741394,1.2883111821793136e-06,0.0,-0.8942691087722778,1,0,0.9999958276748657,419.1967278411195,0.9999958276748657,1.5153970025494345e-06,2.3179471497769555e-07,2.0536636213819293e-07,2.2164817892189603e-07,2.663989846496406e-07,2.205365774443635e-07,4.039249859033589e-07,2.2600990234877827e-07,3.383110822596791e-07,2.881957357203646e-07,2.3863299247750547e-07
346,11337728,0.00025170000000000227,2.7469072208684464,2.7583418026331654,0.0,0.0,-0.07618644088506699,0.08198222517967224,1.2878915640612831e-06,0.0,-0.894162654876709,1,0,0.9999958276748657,419.639883511151,0.9999958276748657,1.5147396652537282e-06,2.317149210284697e-07,2.052956773468395e-07,2.215716818909641e-07,2.6630729621501814e-07,2.2046046410650888e-07,4.037816836444108e-07,2.2593189896724652e-07,3.381917110800714e-07,2.880962597373582e-07,2.3855062636357616e-07
347,11370496,0.0002515600000000023,2.744101376710491,2.750108721675712,0.0,0.0,-0.026762118563055992,0.10930477827787399,1.287284362661012e-06,0.0,-0.8950384855270386,1,0,0.9999958276748657,420.06707076333595,0.9999958276748657,1.5138009530346608e-06,2.3160046680459345e-07,2.0519469501323329e-07,2.2146225830965705e-07,2.6617576054377423e-07,2.2035159474853572e-07,4.035761094201007e-07,2.2582030112516804e-07,3.380214934622927e-07,2.8795395223824016e-07,2.3843281837798713e-07
348,11403264,0.0002514200000000023,2.8099495439052298,2.7526377132592694,0.0,0.0,0.022816678509116173,0.10944691300392151,1.2861917184636695e-06,0.0,-0.8940640687942505,1,0,0.9999958276748657,420.4662287695686,0.9999958276748657,1.5120926946110558e-06,2.3139340044053824e-07,2.0501178710219392e-07,2.2126465637484216e-07,2.659374729319097e-07,2.2015497336269618e-07,4.032021934108343e-07,2.2561837909051974e-07,3.377128052761691e-07,2.87694291500884e-07,2.3821962713554967e-07
349,11436032,0.00025128000000000227,2.7871737730587887,2.750557988163552,0.0,0.0,0.02823430299758911,0.11722156405448914,1.2840018825954758e-06,0.0,-0.8945028185844421,1,0,0.9999958276748657,420.7865785727141,0.9999958276748657,1.5086845905898372e-06,2.309797935140523e-07,2.04645331791653e-07,2.2086915407726337e-07,2.6546214826339565e-07,2.197614463739228e-07,4.0245916466119525e-07,2.2521508924455702e-07,3.370921035639185e-07,2.871792048608768e-07,2.3779381308486336e-07
350,11468800,0.0002511400000000023,2.77635085761998,2.747964583019665,0.0,0.0,0.09408512711524963,0.12261015176773071,1.2810752423320082e-06,0.0,-0.8945150375366211,1,0,0.9999958276748657,421.06013978555177,0.9999958276748657,1.504129159002332e-06,2.3042599650580087e-07,2.0415683366081794e-07,2.2033981394997681e-07,2.6482516091164143e-07,2.192347778873227e-07,4.014628984805313e-07,2.2467536098247365e-07,3.3626596973590495e-07,2.8648798888752935e-07,2.372239009673649e-07
351,11501568,0.0002510000000000023,2.7818560645212997,2.745880492833766,0.0,0.0,0.03627108782529831,0.13588596880435944,1.2780452607330517e-06,0.0,-0.8947466015815735,1,0,0.9999958276748657,421.32202090452944,0.9999958276748657,1.499412746852613e-06,2.2985143743881054e-07,2.0365123987176048e-07,2.1979121811455116e-07,2.6416455511935055e-07,2.1868936528335325e-07,4.0042934301709465e-07,2.2411531119814754e-07,3.3541147104187985e-07,2.8577221655723406e-07,2.3663237413984461e-07
352,11534336,0.0002508600000000023,2.7823866106345263,2.74892133504391,0.0,0.0,-0.015989720821380615,0.11617767810821533,1.2740993042825721e-06,0.0,-0.8959255218505859,1,0,0.9999958276748657,421.5237592830444,0.9999958276748657,1.4932879821571987e-06,2.2910492702976626e-07,2.029939025760541e-07,2.1907803215981403e-07,2.6330613422942406e-07,2.1798015836793638e-07,3.990858772340289e-07,2.2338765859331033e-07,3.343007790590491e-07,2.848395013188565e-07,2.3586363795402576e-07
353,11567104,0.00025072000000000234,2.7779226553593825,2.7558156165602568,0.0,0.0,-0.010378274135291576,0.05674576759338379,1.2727958846880938e-06,0.0,-0.8964904546737671,1,0,0.9999958276748657,421.90537820063514,0.9999958276748657,1.4912585584170301e-06,2.2885838291131222e-07,2.0277603596241534e-07,2.1884207512812281e-07,2.63021519231188e-07,2.1774536662633182e-07,3.9864002587819414e-07,2.2314726777494798e-07,3.3393243370483106e-07,2.845297046860651e-07,2.3560981787795754e-07
354,11599872,0.00025058000000000236,2.756285748745842,2.7670208942810532,0.0,0.0,0.023455820977687836,0.07542435824871063,1.2623070233530598e-06,0.0,-0.894599437713623,1,0,0.9999959468841553,421.8490635355741,0.9999959468841553,1.478677631894243e-06,2.2732638171873987e-07,2.0142114465215855e-07,2.17378158140491e-07,2.6125758267880883e-07,2.1628879665058776e-07,3.958805336878868e-07,2.2165414748087642e-07,3.316407344300387e-07,2.8261237616789003e-07,2.3403217142003996e-07
355,11632640,0.0002504400000000024,2.795212280442829,2.7758146131866814,0.0,0.0,-0.003720169886946678,0.0749453455209732,1.258705424334039e-06,0.0,-0.896270751953125,1,0,0.9999959468841553,422.07093981635086,0.9999959468841553,1.473102429372375e-06,2.2664492860258179e-07,2.0081810703231895e-07,2.1672653360838012e-07,2.6047442247545405e-07,2.1564042640420666e-07,3.9465655277126643e-07,2.2098970475781243e-07,3.306235782929434e-07,2.8176387445455475e-07,2.3333062415531458e-07
356,11665408,0.0002503000000000024,2.8011881521887645,2.7812427063187135,0.0,0.0,0.05329660326242447,0.10217952728271484,1.250618197445874e-06,0.0,-0.8963429927825928,1,0,0.9999959468841553,421.99516648776245,0.9999959468841553,1.4605755040975055e-06,2.251120463370171e-07,1.9946637053180893e-07,2.1526155080664466e-07,2.58712276490769e-07,2.141832027291457e-07,3.9190172174130566e-07,2.1949546180621837e-07,3.2834046237439907e-07,2.798528271341638e-07,2.3175252295004611e-07
357,11698176,0.00025016000000000236,2.8038892996577998,2.787221498613444,0.0,0.0,0.0555742084980011,0.12257867306470871,1.2486231071306975e-06,0.0,-0.8963525295257568,1,0,0.9999959468841553,422.31998930995513,0.9999959468841553,1.4574933402400347e-06,2.247349613071492e-07,1.991326143979677e-07,2.149009503682464e-07,2.5827887384366477e-07,2.1382440706929629e-07,3.9122508610489604e-07,2.1912779857302667e-07,3.2777731462374504e-07,2.793832436509547e-07,2.313642966100815e-07
358,11730944,0.0002500200000000024,2.83269852133097,2.789496396356019,0.0,0.0,0.01810980588197708,0.0779481828212738,1.2395157682476565e-06,0.0,-0.8972824811935425,1,0,0.9999959468841553,422.1767077543262,0.9999959468841553,1.443421638214204e-06,2.2301007618352742e-07,1.976101060563451e-07,2.13252988601198e-07,2.562943279826868e-07,2.1218488654994871e-07,3.88122828098858e-07,2.1744615708030324e-07,3.252054625590972e-07,2.7722757067749626e-07,2.2958789713811711e-07
359,11763712,0.00024988000000000234,2.8145201705764764,2.792231036107787,0.0,0.0,-0.009960763156414032,0.1249416396021843,1.2373561730782967e-06,0.0,-0.8969961404800415,1,0,0.9999959468841553,422.48307045081873,0.9999959468841553,1.440090045434772e-06,2.2260063303747302e-07,1.9724896560546767e-07,2.128620479879828e-07,2.558230676186213e-07,2.1179593545639364e-07,3.8738579632990877e-07,2.1704713049075508e-07,3.2459630006087536e-07,2.7671595148603956e-07,2.2916614739187935e-07
360,11796480,0.0002497400000000023,2.793038723727877,2.7938998227185765,0.0,0.0,-0.0634905993938446,0.0648665577173233,1.235494210050092e-06,0.0,-0.8965005874633789,1,0,0.9999959468841553,422.815343167913,0.9999959468841553,1.4372197938428144e-06,2.2224766382805683e-07,1.969373215615633e-07,2.1252452597764204e-07,2.554174045599211e-07,2.1146009032690927e-07,3.8675125324516557e-07,2.167029578004076e-07,3.2407231742581644e-07,2.762758697372192e-07,2.2880277583681163e-07
361,11829248,0.0002496000000000023,2.8243010323327806,2.798144319499724,0.0,0.0,0.04709745943546295,0.07208146154880524,1.233949319612293e-06,0.0,-0.8976081609725952,1,0,0.9999959468841553,423.1727541409044,0.9999959468841553,1.4348396462082746e-06,2.219557870830613e-07,1.9667868400574662e-07,2.1224541058018076e-07,2.550814883761632e-07,2.111823818040648e-07,3.862263895371143e-07,2.1641837122388097e-07,3.2363436730520334e-07,2.759103949756536e-07,2.285022873138587e-07
362,11862016,0.0002494600000000023,2.8242626079850615,2.8023319192347786,0.0,0.0,0.01567772775888443,0.12248612940311432,1.2318264452915173e-06,0.0,-0.9001696705818176,1,0,0.9999959468841553,423.4831557558456,0.9999959468841553,1.4315701264422387e-06,2.2155396095513424e-07,1.9632337000530242e-07,2.1186117749039113e-07,2.54619692441338e-07,2.108000671796617e-07,3.8550513181689894e-07,2.1602657795938285e-07,3.230342997539992e-07,2.7540880864762585e-07,2.2808862354395387e-07
363,11894784,0.0002493200000000023,2.844239186728104,2.8089635723716504,0.0,0.0,-0.037655796855688095,0.0656895861029625,1.22946812552982e-06,0.0,-0.8992851376533508,1,0,0.9999959468841553,423.7877514508079,0.9999959468841553,1.4279418110163533e-06,2.211085927683598e-07,1.9592890510011784e-07,2.1143529238543124e-07,2.54105941621674e-07,2.1037651265487511e-07,3.847023037906183e-07,2.155923226609957e-07,3.2236772540272796e-07,2.748493841409072e-07,2.2763009610571316e-07
364,11927552,0.00024918000000000233,2.7829152485074085,2.811626522347807,0.0,0.0,0.03267127275466919,0.1875603199005127,1.2284557442399091e-06,0.0,-0.8978829383850098,1,0,0.9999959468841553,424.1664962789796,0.9999959468841553,1.4263848697737558e-06,2.20916575699448e-07,1.9575914222969004e-07,2.1125167393165611e-07,2.538855028433318e-07,2.1019361895469046e-07,3.8435831584138214e-07,2.1540529360208893e-07,3.2208103561970347e-07,2.746107270468201e-07,2.2743263627944543e-07
365,11960320,0.0002490400000000023,2.7637388047696145,2.808479174780486,0.0,0.0,0.09138527512550354,0.2516483664512634,1.2272871572349686e-06,0.0,-0.8984307050704956,1,0,0.9999959468841553,424.5160614924383,0.9999959468841553,1.424586230314162e-06,2.2069356475640234e-07,1.9556451036351064e-07,2.1103923586451856e-07,2.5362896849401295e-07,2.0998224670165655e-07,3.8395748447328515e-07,2.1518806647691235e-07,3.2175344699680863e-07,2.7433353011474537e-07,2.272028325478459e-07
366,11993088,0.0002489000000000023,2.7686120058125865,2.8052215601428676,0.0,0.0,-0.03372085466980934,0.08305501192808151,1.2223291605550912e-06,0.0,-0.8965527415275574,1,0,0.9999960660934448,424.78229060155456,0.9999960660934448,1.4206316336640157e-06,2.2020459766736167e-07,1.951339925199136e-07,2.1057164190096955e-07,2.530665312860947e-07,2.0951719648110156e-07,3.830793957604328e-07,2.1471129230121733e-07,3.2102832392411074e-07,2.737251634243876e-07,2.2669942723041459e-07
367,12025856,0.00024876000000000233,2.7789543891224815,2.802728069089336,0.0,0.0,0.04120687022805214,0.13415373861789703,1.2204119457237539e-06,0.0,-0.8960407972335815,1,0,0.9999960660934448,425.0943461832285,0.9999960660934448,1.4176906688589952e-06,2.1984158138366183e-07,1.9481360880035936e-07,2.1022451335284131e-07,2.526493290133658e-07,2.091718158681033e-07,3.824281975539634e-07,2.143573425428258e-07,3.204874872153596e-07,2.73273116135897e-07,2.263257101731142e-07
368,12058624,0.00024862000000000235,2.8146437144299514,2.8009225883992346,0.0,0.0,-0.0733407586812973,0.046694595366716385,1.219404794028378e-06,0.0,-0.8949500918388367,1,0,0.9999960660934448,425.46661368964885,0.9999960660934448,1.4161406625134987e-06,2.196498201101349e-07,1.946448122680522e-07,2.1004133543556236e-07,2.524292028738273e-07,2.0898995956031285e-07,3.8208440855669323e-07,2.141705692793039e-07,3.20201849035584e-07,2.7303451588522876e-07,2.261280798165899e-07
369,12091392,0.00024848000000000236,2.820274019627836,2.8014979733043703,0.0,0.0,-0.03271888196468353,0.06506665050983429,1.2191222822366399e-06,0.0,-0.8949507474899292,1,0,0.9999960660934448,425.8863252914697,0.9999960660934448,1.4157072882881039e-06,2.1959621676614915e-07,1.9459729116988456e-07,2.0999007688260463e-07,2.523676130294916e-07,2.0893894259188528e-07,3.8198822949198075e-07,2.1411828754480666e-07,3.2012184192353743e-07,2.7296786697661446e-07,2.2607289906773076e-07
370,12124160,0.0002483400000000024,2.8210417924509334,2.804298280176676,0.0,0.0,0.009683631360530853,0.18306025862693787,1.216867531184107e-06,0.0,-0.8938462138175964,1,0,0.9999960660934448,426.1647520777646,0.9999960660934448,1.4122456377663184e-06,2.1916835635238385e-07,1.9422073194164113e-07,2.0958194113518402e-07,2.518741837320704e-07,2.0853283899668895e-07,3.8121964962556376e-07,2.1370151159771922e-07,3.1948593459674157e-07,2.724339367432549e-07,2.2563241941497836e-07
371,12156928,0.0002482000000000024,2.8177311828471154,2.8036412952281093,0.0,0.0,0.008185685612261295,0.126413032412529,1.2160257938376162e-06,0.0,-0.8937272429466248,1,0,0.9999960660934448,426.54688361920466,0.9999960660934448,1.4109479025137261e-06,2.1900871161051327e-07,1.940794618349173e-07,2.0942950129665405e-07,2.5169026685034623e-07,2.083809675923476e-07,3.8093179455245263e-07,2.1354607326884434e-07,3.1924773225000536e-07,2.722334500049328e-07,2.254683124647272e-07
372,12189696,0.00024806000000000236,2.8184941491825724,2.8030644493478603,0.0,0.0,0.099263995885849,0.31358304619789124,1.214547523886722e-06,0.0,-0.8945894241333008,1,0,0.9999960660934448,426.8800572942623,0.9999960660934448,1.4086838291405002e-06,2.1872861566407664e-07,1.9383456617561023e-07,2.0916263565595727e-07,2.513676520266017e-07,2.0811602041703736e-07,3.8042787764425157e-07,2.132733527560049e-07,3.1883303108770633e-07,2.7188369244868227e-07,2.2517971842717088e-07
373,12222464,0.0002479200000000024,2.7525560139974647,2.7938961320747966,0.0,0.0,-0.013224227353930473,0.10276687145233154,1.2134788676121389e-06,0.0,-0.89445561170578,1,0,0.9999960660934448,427.24873481699444,0.9999960660934448,1.4070377574171289e-06,2.1852575571301713e-07,1.9365478465260821e-07,2.0896882801935135e-07,2.511335424060235e-07,2.0792280963632948e-07,3.8006234603926714e-07,2.1307553765836929e-07,3.185300272434688e-07,2.716297160532122e-07,2.2497087570627627e-07
374,12255232,0.0002477800000000024,2.8070712117011776,2.7963117283941736,0.0,0.0,0.005713559687137604,0.08259746432304382,1.2111023579564062e-06,0.0,-0.893843412399292,1,0,0.9999960660934448,427.5141558497379,0.9999960660934448,1.403400688104739e-06,2.180743905455529e-07,1.932581312757975e-07,2.0853761384387326e-07,2.506148462089186e-07,2.0749415341470012e-07,3.7925207152511575e-07,2.126356406506602e-07,3.178621170718543e-07,2.7106815991828626e-07,2.245062091787986e-07
375,12288000,0.0002476400000000024,2.801470235176213,2.8000848714348328,0.0,0.0,0.04059622809290886,0.10141026973724365,1.201637360281893e-06,0.0,-0.8942509293556213,1,0,0.9999960660934448,427.3333296835771,0.9999960660934448,1.3888984540244564e-06,2.1628139279528114e-07,1.9167245568496583e-07,2.0682362844581803e-07,2.4855123115230526e-07,2.0578872295118344e-07,3.76029845483572e-07,2.1088757762299792e-07,3.1518612786385347e-07,2.688258859961934e-07,2.2265967913881468e-07
376,12320768,0.00024750000000000244,2.804712838481816,2.803694954701756,0.0,0.0,0.006283959373831749,0.08259451389312744,1.1974154858762631e-06,0.0,-0.8919501304626465,1,0,0.9999960660934448,427.46219414054656,0.9999960660934448,1.3824509323967504e-06,2.1547805317823077e-07,1.909688904788709e-07,2.060569812556423e-07,2.4762800876487745e-07,2.0502629638485814e-07,3.745880974292959e-07,2.1010546902289207e-07,3.14000175194451e-07,2.6782737450048444e-07,2.2183265002695407e-07
377,12353536,0.00024736000000000246,2.8013951990283967,2.805939035692348,0.0,0.0,0.02576563134789467,0.10937283933162689,1.1961684549532947e-06,0.0,-0.8899843692779541,1,0,0.9999960660934448,427.79914075177675,0.9999960660934448,1.3805458820570493e-06,2.1524022031371715e-07,1.9076139778917423e-07,2.0583013338182354e-07,2.4735447823331924e-07,2.048007843313826e-07,3.7416074860630033e-07,2.098739599887267e-07,3.1365090080726077e-07,2.6753122028821963e-07,2.2158781121106585e-07
378,12386304,0.0002472200000000025,2.792568298239194,2.8037314940732716,0.0,0.0,-0.040599167346954346,0.12989144027233124,1.1882613080160809e-06,0.0,-0.8880362510681152,1,0,0.9999960660934448,427.7068185923264,0.9999960660934448,1.3684718851436628e-06,2.1374064829160488e-07,1.8943687507544382e-07,2.0439649972558982e-07,2.456292520491843e-07,2.0337452610874607e-07,3.714661431786226e-07,2.0841196146648144e-07,3.114178923624422e-07,2.656574622506014e-07,2.2004378763540444e-07
379,12419072,0.0002470800000000025,2.8047741735313405,2.8021815094636224,0.0,0.0,-0.007724396884441376,0.11665064096450806,1.187692419080122e-06,0.0,-0.8877912759780884,1,0,0.9999960660934448,428.0916412603176,0.9999960660934448,1.3676043408850092e-06,2.136322336809826e-07,1.893415060294501e-07,2.042928173295877e-07,2.4550467969675083e-07,2.0327138372522313e-07,3.7127168184269976e-07,2.0830626112910977e-07,3.1125665600484353e-07,2.6552271492619184e-07,2.1993217558247125e-07
380,12451840,0.0002469400000000025,2.6518133981831644,2.7852586700368454,0.0,0.0,-0.06640761345624924,0.1709316372871399,1.187187990581151e-06,0.0,-0.8867140412330627,1,0,0.9999960660934448,428.4728110550778,0.9999960660934448,1.3668388874066295e-06,2.135364951527663e-07,1.8925665301594563e-07,2.042012852143671e-07,2.4539465925954573e-07,2.0318027793564397e-07,3.711003557782533e-07,2.082128958136309e-07,3.11115371687265e-07,2.6540371322880674e-07,2.198336090941666e-07
381,12484608,0.00024680000000000253,2.7874400757890294,2.782229559331037,0.0,0.0,0.09690017998218536,0.06573107093572617,1.1763393104047282e-06,0.0,-0.8879687786102295,1,0,0.9999961853027344,428.2955897802376,0.9999961853027344,1.3539588508137967e-06,2.1192589372276416e-07,1.878424455981076e-07,2.026618659556334e-07,2.435430701552832e-07,2.0164894465324323e-07,3.6820964055550576e-07,2.0664265321101993e-07,3.08736133547427e-07,2.633999258705444e-07,2.181748897100988e-07
382,12517376,0.0002466600000000025,2.7960839765771697,2.7799885420704964,0.0,0.0,-0.0840497761964798,0.05207385867834091,1.1731035556294955e-06,0.0,-0.887821614742279,1,0,0.9999961853027344,428.4882727089417,0.9999961853027344,1.3490378023561789e-06,2.1130995264684316e-07,1.8730257522747706e-07,2.0207401973948436e-07,2.428342895655078e-07,2.0106402587316552e-07,3.6710449080601393e-07,2.060426567140894e-07,3.078244219523185e-07,2.626331081501121e-07,2.1754038925791974e-07
383,12550144,0.0002465200000000025,2.804491852566685,2.7851821259274185,0.0,0.0,-0.008101599290966988,0.05749702453613281,1.1720499060174916e-06,0.0,-0.8871692419052124,1,0,0.9999961853027344,428.83828743057546,0.9999961853027344,1.347442207588756e-06,2.1110932379997394e-07,1.8712741223225748e-07,2.0188274163501774e-07,2.4260421582766867e-07,2.0087371410681953e-07,3.667451267119759e-07,2.0584762694397796e-07,3.075298593557818e-07,2.6238376449327916e-07,2.173338629063437e-07
384,12582912,0.00024638000000000253,2.8298341660054325,2.7874584213578446,0.0,0.0,0.06259672343730927,0.08592533320188522,1.1719416761479806e-06,0.0,-0.8869215250015259,1,0,0.9999961853027344,429.2544752816353,0.9999961853027344,1.347277589047735e-06,2.1108878911491047e-07,1.8710922233822203e-07,2.0186310223380133e-07,2.425801426397811e-07,2.0085415997073142e-07,3.6670769532065606e-07,2.0582722015660693e-07,3.074999312957516e-07,2.6235824179821066e-07,2.173127171545275e-07
385,12615680,0.0002462400000000025,2.8402403281025257,2.7913354306504754,0.0,0.0,0.041324399411678314,0.06806885451078415,1.1714962511177873e-06,0.0,-0.8863750100135803,1,0,0.9999961853027344,429.6426357473822,0.9999961853027344,1.346596832263458e-06,2.1100304081755894e-07,1.8703481430293323e-07,2.0178130455406063e-07,2.424820877422462e-07,2.0077277440577745e-07,3.6655455915024504e-07,2.0574401560224942e-07,3.0737444944861636e-07,2.6225168880955607e-07,2.1722445353589137e-07
386,12648448,0.0002461000000000025,2.8324510470401147,2.7941092515063053,0.0,0.0,0.011742489412426949,0.06593980640172958,1.1668064416880952e-06,0.0,-0.8886080384254456,1,0,0.9999961853027344,429.7429775552818,0.9999961853027344,1.3394728739513084e-06,2.1011230444401008e-07,1.8624683661983e-07,2.0092966224183328e-07,2.414579967080499e-07,1.9992576483218727e-07,3.6495839594863355e-07,2.0487543395120156e-07,3.0604675771428447e-07,2.6114355478057405e-07,2.1630741287026467e-07
387,12681216,0.0002459600000000025,2.830471470556433,2.7970168786591088,0.0,0.0,0.06480971723794937,0.10064932703971863,1.1581416856643045e-06,0.0,-0.8883926868438721,1,0,0.9999961853027344,429.56340329298234,0.9999961853027344,1.326332949247444e-06,2.0846646009431424e-07,1.8479639152246818e-07,1.9935801276460552e-07,2.3956158656801563e-07,1.9836218712043774e-07,3.620036181928299e-07,2.0327178162915516e-07,3.0360166647369624e-07,2.590890915143973e-07,2.1461138999256946e-07
388,12713984,0.00024582000000000244,2.7867527135965107,2.7964353201948406,0.0,0.0,0.03616128861904144,0.09577979147434235,1.1543395430635428e-06,0.0,-0.8889620900154114,1,0,0.9999961853027344,429.6920261105473,0.9999961853027344,1.320577666774625e-06,2.0774285758307087e-07,1.841625163478966e-07,1.98667549966558e-07,2.3872823362580675e-07,1.976753623011973e-07,3.60705115554083e-07,2.0256699428955471e-07,3.025340049589431e-07,2.581868159268197e-07,2.138654622285685e-07
389,12746752,0.00024568000000000246,2.7614854757688505,2.7921064504185917,0.0,0.0,-0.0523269847035408,0.07576556503772736,1.1522786280693254e-06,0.0,-0.8887712955474854,1,0,0.9999961853027344,429.9546271400053,0.9999961853027344,1.317454348281899e-06,2.0734975691993895e-07,1.838184289226774e-07,1.982933497401973e-07,2.3827560369227285e-07,1.9730319422706089e-07,3.5999994452140527e-07,2.021844665023309e-07,3.019532073267328e-07,2.576972804035904e-07,2.1346058076687768e-07
390,12779520,0.0002455400000000025,2.754271850129166,2.8023522956131917,0.0,0.0,-0.04852994903922081,0.09545041620731354,1.1483883781693294e-06,0.0,-0.889407753944397,1,0,0.9999961853027344,430.0769459563468,0.9999961853027344,1.3115836736687925e-06,2.0660876032252418e-07,1.8317113870125468e-07,1.9758601865760284e-07,2.3742293819850602e-07,1.965999558706244e-07,3.586699506286095e-07,2.0146229928741377e-07,3.00863774782556e-07,2.5677539383650583e-07,2.1269671890422615e-07
391,12812288,0.00024540000000000244,2.8051614735029955,2.8041244353845878,0.0,0.0,0.17081981897354126,0.1713799238204956,1.1466429441497894e-06,0.0,-0.8896533250808716,1,0,0.9999961853027344,430.36167410763204,0.9999961853027344,1.3089470485283528e-06,2.062768231780865e-07,1.82879119847712e-07,1.9726894606719725e-07,2.370405809415388e-07,1.9628447489594691e-07,3.580749137199746e-07,2.0113901655349764e-07,3.0037239184821374e-07,2.5636140321694256e-07,2.1235480573977839e-07
392,12845056,0.00024526000000000246,2.8200834487238993,2.806524382599261,0.0,0.0,-0.03763085603713989,0.11100533604621887,1.1449071735114558e-06,0.0,-0.890527606010437,1,0,0.9999961853027344,430.64776907002135,0.9999961853027344,1.3063231563137379e-06,2.059458097392053e-07,1.8258911893553886e-07,1.9695315245371603e-07,2.3665951687235065e-07,1.9597042921759567e-07,3.574812410533923e-07,2.0081682805539458e-07,2.9988322580720705e-07,2.559488052611414e-07,2.1201402944370784e-07
393,12877824,0.0002451200000000025,2.7814394662775284,2.8042191439703457,0.0,0.0,-0.015762479975819588,0.22072330117225647,1.1435733995313058e-06,0.0,-0.8902437090873718,1,0,0.9999961853027344,430.96348982552536,0.9999961853027344,1.3043139688306837e-06,2.0569181913288048e-07,1.8236828225326462e-07,1.9671136897159158e-07,2.3636675905436277e-07,1.9573042209231062e-07,3.570253568341286e-07,2.0056991445471795e-07,2.9950882662888034e-07,2.556319316227018e-07,2.1175256392780284e-07
394,12910592,0.0002449800000000025,2.830704674630181,2.8043061948328205,0.0,0.0,0.006571173667907715,0.11853847652673721,1.141606503551884e-06,0.0,-0.8907003402709961,1,0,0.9999961853027344,431.2250010977978,0.9999961853027344,1.3013444686293951e-06,2.0531827260583668e-07,1.8204143259481498e-07,1.9635636760995112e-07,2.359336974677717e-07,1.9537741025033029e-07,3.563542350093485e-07,2.0020662816477852e-07,2.989552001508855e-07,2.551632860559039e-07,2.1136658290288324e-07
395,12943360,0.0002448400000000025,2.8128983602362454,2.8015719980461924,0.0,0.0,0.0403389148414135,0.058490291237831116,1.1379900115571218e-06,0.0,-0.8901516795158386,1,0,0.9999963045120239,431.5443106354623,0.9999963045120239,1.299480686611787e-06,2.0508267084551335e-07,1.818342951764862e-07,1.961314382015189e-07,2.3566273910091695e-07,1.9515377402967715e-07,3.5593140523815237e-07,1.9997709443941858e-07,2.9860788686164597e-07,2.548695192672312e-07,2.1112384729349287e-07
396,12976128,0.00024470000000000253,2.8347495222534005,2.801801845567521,0.0,0.0,-0.08787085115909576,0.07585374265909195,1.1340434866724536e-06,0.0,-0.8909082412719727,1,0,0.9999963045120239,431.6668745104094,0.9999963045120239,1.293533387070056e-06,2.0433184033663565e-07,1.8117306410658784e-07,1.9541413109891437e-07,2.347988328210704e-07,1.94440389122974e-07,3.545856941400416e-07,1.9924515015645738e-07,2.9749733698736236e-07,2.539349850394501e-07,2.1035049257989158e-07
397,13008896,0.00024456000000000255,2.820662124408114,2.800820910952689,0.0,0.0,0.07266382873058319,0.0958489254117012,1.1326733329042327e-06,0.0,-0.8918756246566772,1,0,0.9999963045120239,431.97430270780575,0.9999963045120239,1.2914687204101938e-06,2.040705169292778e-07,1.809430614230223e-07,1.9516436111643998e-07,2.3449851482837403e-07,1.9419208285853529e-07,3.541176454291417e-07,1.9899050585081568e-07,2.9711173965552007e-07,2.536102101657889e-07,2.100814668892781e-07
398,13041664,0.00024442000000000257,2.8086447796096223,2.803010117554,0.0,0.0,-0.1743502914905548,0.06056869029998779,1.132304873863177e-06,0.0,-0.8917067646980286,1,0,0.9999963045120239,432.35069701774114,0.9999963045120239,1.2909146107631386e-06,2.0400025846356584e-07,1.8088130104843003e-07,1.9509720061705593e-07,2.3441778296273696e-07,1.9412541973906627e-07,3.539917088346556e-07,1.989219953202337e-07,2.9700862569370656e-07,2.5352267130074324e-07,2.1000894889766641e-07
399,13074432,0.0002442800000000026,2.80397928131588,2.8072594981087033,0.0,0.0,0.20728516578674316,0.10068445652723312,1.1279300906608114e-06,0.0,-0.8922526836395264,1,0,0.9999964237213135,432.64994492070093,0.9999964237213135,1.2879032738055685e-06,2.0362185182420944e-07,1.8054836914416228e-07,1.9473678491976898e-07,2.3397872439545608e-07,1.9376699356143945e-07,3.533101562425145e-07,1.9855376365285338e-07,2.964452505693771e-07,2.530468350414594e-07,2.0961880409231526e-07
400,13107200,0.00024414000000000258,2.8306244247996464,2.814894755575751,0.0,0.0,0.0057455673813819885,0.08565207570791245,1.1257159258093452e-06,0.0,-0.8913718461990356,1,0,0.9999964237213135,432.89233447085337,0.9999964237213135,1.284580434912641e-06,2.0320206317592238e-07,1.8017958325344807e-07,1.943362377687663e-07,2.3349500111180532e-07,1.933682511889856e-07,3.525565261952579e-07,1.9814497420611588e-07,2.9582366778413416e-07,2.52522227128793e-07,2.091858419817072e-07
401,13139968,0.00024400000000000257,2.8291105267808536,2.817289660903537,0.0,0.0,0.01547346729785204,0.11606702208518982,1.1250806437601568e-06,0.0,-0.8919843435287476,1,0,0.9999964237213135,433.2468258512025,0.9999964237213135,1.2836227369916742e-06,2.0308057457896211e-07,1.8007375501838396e-07,1.942208029959147e-07,2.3335543630764732e-07,1.9325358380228863e-07,3.523387022141833e-07,1.980271235879627e-07,2.9564540682258666e-07,2.52371535225393e-07,2.0906099962303415e-07
402,13172736,0.00024386000000000256,2.848772417697562,2.820158557800903,0.0,0.0,-0.0638120174407959,0.048160456120967865,1.1185246648892644e-06,0.0,-0.8905869126319885,1,0,0.9999964237213135,433.1541571515535,0.9999964237213135,1.273770635634719e-06,2.018319520402656e-07,1.7897835391522676e-07,1.9302923703889974e-07,2.3191689990653686e-07,1.920684979950238e-07,3.500999525840598e-07,1.968108591654527e-07,2.9380046839833085e-07,2.5081456556108606e-07,2.0777461884335935e-07
403,13205504,0.00024372000000000258,2.8356518300678273,2.825579794179933,0.0,0.0,-0.026304982602596283,0.06637424230575562,1.1169760227858205e-06,0.0,-0.8905014395713806,1,0,0.9999964237213135,433.4366132093868,0.9999964237213135,1.271446535611176e-06,2.0153652258159127e-07,1.7872045532385528e-07,1.9274777685041045e-07,2.3157653572525305e-07,1.9178845889200602e-07,3.4957014349856763e-07,1.9652352989396604e-07,2.933656446657551e-07,2.504464760022529e-07,2.0746969653373526e-07
404,13238272,0.00024358000000000257,2.8452127351105005,2.8270306002279653,0.0,0.0,-0.034802187234163284,0.05101732909679413,1.1144122709083604e-06,0.0,-0.8923025727272034,1,0,0.9999964237213135,433.64975382854414,0.9999964237213135,1.2675976677201106e-06,2.0104776865537133e-07,1.7829145804171276e-07,1.922810923815632e-07,2.3101472379494226e-07,1.9132443185299053e-07,3.4869444220930745e-07,1.9604732415245962e-07,2.926447280060529e-07,2.4983864932437427e-07,2.0696654701168882e-07
405,13271040,0.00024344000000000256,2.832568744161476,2.8289976386204883,0.0,0.0,-0.002900974825024605,0.07462388277053833,1.1121006764369668e-06,0.0,-0.8919002413749695,1,0,0.9999964237213135,433.86867116690524,0.9999964237213135,1.2641269222513074e-06,2.006063226644983e-07,1.7790556228192145e-07,1.9185979738267633e-07,2.305067994257115e-07,1.9090559533196938e-07,3.479035513009876e-07,1.9561740316476062e-07,2.9199600248830393e-07,2.4928934294621286e-07,2.0651168597396463e-07
406,13303808,0.00024330000000000255,2.791854904412271,2.8247081768363755,0.0,0.0,0.10305566340684891,0.16198083758354187,1.111458573177515e-06,0.0,-0.8905016779899597,1,0,0.9999964237213135,434.2163678070528,0.9999964237213135,1.2631664958462352e-06,2.0048391036198154e-07,1.777981992745481e-07,1.917429131026438e-07,2.3036616880744987e-07,1.9078910895586887e-07,3.4768430623444146e-07,1.9549803198515292e-07,2.9181617833273776e-07,2.4913725837905076e-07,2.0638569253605965e-07
407,13336576,0.00024316000000000254,2.7482788771171434,2.8174698521072785,0.0,0.0,0.026034563779830933,0.15385329723358154,1.1109061688330257e-06,0.0,-0.8906972408294678,1,0,0.9999964237213135,434.56546123685416,0.9999964237213135,1.2623366956177051e-06,2.0037821002460987e-07,1.777064966290709e-07,1.9164254183579033e-07,2.302444954693783e-07,1.9068941981004173e-07,3.4749470501083124e-07,1.9539514539701486e-07,2.916614789683081e-07,2.49005665864388e-07,2.0627686581065063e-07
408,13369344,0.00024302000000000254,2.8325017578187532,2.8198555499281914,0.0,0.0,-0.03730351850390434,0.07233710587024689,1.107889715967758e-06,0.0,-0.8917437791824341,1,0,0.9999964237213135,434.73161850415846,0.9999964237213135,1.2578194628076744e-06,1.9980383569873084e-07,1.7720336131787917e-07,1.9109431548258726e-07,2.2958253964588948e-07,1.9014427721231186e-07,3.464652422735526e-07,1.948354224623472e-07,2.9081323305035767e-07,2.482895240518701e-07,2.0568479897065117e-07
409,13402112,0.00024288000000000253,2.835799793547439,2.823037601151347,0.0,0.0,0.152816042304039,0.08960848301649094,1.1029781035176711e-06,0.0,-0.8914830088615417,1,0,0.9999964237213135,434.76778729063415,0.9999964237213135,1.250465061275463e-06,1.9886701352334057e-07,1.763807659926897e-07,1.9020014008219732e-07,2.285058542383922e-07,1.8925472033970436e-07,3.447885319474153e-07,1.9392227557091246e-07,2.894298347655422e-07,2.471242055435141e-07,2.0472040773711342e-07
410,13434880,0.00024274000000000252,2.8088838251429626,2.820863541185679,0.0,0.0,0.04461212456226349,0.15352624654769897,1.1000479389622342e-06,0.0,-0.8897780179977417,1,0,0.9999964237213135,434.93527630193006,0.9999964237213135,1.2460855032259133e-06,1.983083137702124e-07,1.7589144363228115e-07,1.8966740356063383e-07,2.2786217357406713e-07,1.8872520968216122e-07,3.437874340761482e-07,1.9337856826950883e-07,2.8860597467428306e-07,2.464280441927258e-07,2.0414431389781384e-07
411,13467648,0.0002426000000000025,2.7781599950976292,2.8157684880173566,0.0,0.0,-0.044948726892471313,0.07235510647296906,1.0989842849085107e-06,0.0,-0.8896143436431885,1,0,0.9999964237213135,435.2422337271184,0.9999964237213135,1.2444952517398633e-06,1.9810586593393964e-07,1.757155700943258e-07,1.8947505964206357e-07,2.2762739604331728e-07,1.8853400263196818e-07,3.434240056776616e-07,1.9318190425110515e-07,2.8830805831603357e-07,2.4617435201435e-07,2.0393513011640607e-07
412,13500416,0.00024246000000000253,2.8221341434676965,2.81310466059437,0.0,0.0,0.11846005171537399,0.19487714767456055,1.0973643611578154e-06,0.0,-0.8889336585998535,1,0,0.9999964237213135,435.50984173604945,0.9999964237213135,1.2420705388649367e-06,1.9779646720508026e-07,1.7544431329952204e-07,1.8918073863005702e-07,2.2727100201791473e-07,1.882413300791086e-07,3.42869668656931e-07,1.9288091834823717e-07,2.8785035510736634e-07,2.4578869783908885e-07,2.036160111629215e-07
413,13533184,0.00024232000000000255,2.808881989757401,2.8104276765633274,0.0,0.0,-0.052484624087810516,0.08247369527816772,1.0960553709082888e-06,0.0,-0.887915849685669,1,0,0.9999964237213135,435.7896190114285,0.9999964237213135,1.2401139883877477e-06,1.9754592983645125e-07,1.7522710038520017e-07,1.8894291997639812e-07,2.2698225166095654e-07,1.8800503198690421e-07,3.424200087920326e-07,1.926375290395299e-07,2.8748436875503103e-07,2.4547620114390156e-07,2.0335752992650669e-07
414,13565952,0.00024218000000000254,2.8324665424824387,2.809153057300521,0.0,0.0,0.003444029949605465,0.05248156562447548,1.0923172339971643e-06,0.0,-0.8871697783470154,1,0,0.9999964237213135,435.8775558035558,0.9999964237213135,1.2345337836450199e-06,1.968345060276988e-07,1.7460504864175164e-07,1.8826681014161295e-07,2.2615793682234653e-07,1.8733244644408842e-07,3.411432771827094e-07,1.9194580147541274e-07,2.8643461291721906e-07,2.445849247578735e-07,2.0262228872525156e-07
415,13598720,0.00024204000000000255,2.826901624429123,2.808586345327286,0.0,0.0,-0.0024565383791923523,0.12011532485485077,1.0917204917859635e-06,0.0,-0.8866196870803833,1,0,0.9999964237213135,436.21409133597086,0.9999964237213135,1.2336392956058262e-06,1.9672023654493387e-07,1.7450534528506978e-07,1.881582250007341e-07,2.260261879882819e-07,1.8722475658705662e-07,3.409386977182294e-07,1.9183491417607001e-07,2.862658448066213e-07,2.4444221935482346e-07,2.025044523179531e-07
416,13631488,0.00024190000000000255,2.770713447441569,2.8064721996302158,0.0,0.0,-0.046349234879016876,0.06834439188241959,1.084884843294276e-06,0.0,-0.8898088335990906,1,0,0.9999964237213135,436.0232527296869,0.9999964237213135,1.2234380619702279e-06,1.9541937490430428e-07,1.733728538511059e-07,1.8692377068418864e-07,2.2451398251632781e-07,1.8599784823436494e-07,3.3860112580441637e-07,1.9057144129419612e-07,2.843454467438278e-07,2.4280518573505105e-07,2.011613133845458e-07
417,13664256,0.00024176000000000254,2.82765793301664,2.8144101052201647,0.0,0.0,-0.018376940861344337,0.07308939844369888,1.0754624781839084e-06,0.0,-0.8865506649017334,1,0,0.999996542930603,435.8342793948502,0.999996542930603,1.2129545439165668e-06,1.9407771389978734e-07,1.7220325787548063e-07,1.85648957540252e-07,2.229593860647583e-07,1.847298563006916e-07,3.3619437544984976e-07,1.8926758116322162e-07,2.8236661364644533e-07,2.411237289834389e-07,1.9977488818767597e-07
418,13697024,0.00024162000000000256,2.8322690405318274,2.8143868334914726,0.0,0.0,0.14011836051940918,0.11609896272420883,1.070337020792067e-06,0.0,-0.8896030187606812,1,0,0.999996542930603,435.80467633899593,0.999996542930603,1.2053345699314377e-06,1.931007034272625e-07,1.7135009500179876e-07,1.8471894236427033e-07,2.218289409938734e-07,1.838055112557413e-07,3.344425749673974e-07,1.8831765657978394e-07,2.8092554771319556e-07,2.399009702003241e-07,1.9876712542554742e-07
419,13729792,0.00024148000000000257,2.80749433516945,2.8115562876536737,0.0,0.0,0.061927005648612976,0.12836740911006927,1.066745767275279e-06,0.0,-0.8906732797622681,1,0,0.999996542930603,435.8646676275382,0.999996542930603,1.1999831031062058e-06,1.9242125404161925e-07,1.7075434755042807e-07,1.8407214952276263e-07,2.2103114361016196e-07,1.831624558690237e-07,3.332184519422299e-07,1.8765719289604021e-07,2.79910949529949e-07,2.3903541546133056e-07,1.9806340390005062e-07
420,13762560,0.0002413400000000026,2.792521494985879,2.809920054637966,0.0,0.0,0.026528943330049515,0.09983363747596741,1.0588780696707545e-06,0.0,-0.8873085379600525,1,0,0.999996542930603,435.69070406798147,0.999996542930603,1.1883123534062179e-06,1.9092163938694284e-07,1.694295690413128e-07,1.8263899903558922e-07,2.1930729587893438e-07,1.8173690818912291e-07,3.3053646575353923e-07,1.8619540753661568e-07,2.776849896690692e-07,2.371659491018363e-07,1.9651980665003066e-07
421,13795328,0.00024120000000000258,2.7739469591097135,2.809498751039174,0.0,0.0,0.06038837134838104,0.16176074743270874,1.0577601869954378e-06,0.0,-0.8865196704864502,1,0,0.999996542930603,435.9869048073312,0.999996542930603,1.1866645763802808e-06,1.907087465724544e-07,1.692427247235173e-07,1.82436025397692e-07,2.1906272706928576e-07,1.815352703715689e-07,3.3015618328136043e-07,1.8598829853999632e-07,2.773715834791801e-07,2.3690145667387696e-07,1.9630064684861281e-07
422,13828096,0.00024106000000000257,2.7780652116270907,2.805091857855113,0.0,0.0,-0.008626928552985191,0.1304759383201599,1.0561087719906936e-06,0.0,-0.8883684873580933,1,0,0.999996542930603,436.2262718884096,0.999996542930603,1.1842193998745643e-06,1.9039508458718046e-07,1.689680715344366e-07,1.821373558641426e-07,2.1869806232643896e-07,1.8123843403827777e-07,3.2959243867480836e-07,1.8568330517609866e-07,2.769064337826421e-07,2.3650595437629818e-07,1.9597629830059304e-07
423,13860864,0.00024092000000000257,2.7350301398125065,2.797706672860624,0.0,0.0,0.07167081534862518,0.2871594727039337,1.054395852406742e-06,0.0,-0.8876744508743286,1,0,0.999996542930603,436.4411241257794,0.999996542930603,1.1816731557701132e-06,1.9007106288881914e-07,1.6868357022303826e-07,1.8182913663622458e-07,2.1831858987297892e-07,1.8093172116095957e-07,3.290089694019116e-07,1.8536836421390035e-07,2.764209625638614e-07,2.3609200638929906e-07,1.9564186004572548e-07
424,13893632,0.00024078000000000256,2.7993676837342365,2.794396786985804,0.0,0.0,0.06861560791730881,0.26902174949645996,1.051369395099755e-06,0.0,-0.8877243995666504,1,0,0.999996542930603,436.55568973786745,0.999996542930603,1.1771862773457542e-06,1.8949623381558922e-07,1.6818080439406913e-07,1.8128338297174196e-07,2.1764587643247069e-07,1.803889944085313e-07,3.27976408698305e-07,1.8481020447325136e-07,2.7556737336453807e-07,2.3536406956736755e-07,1.9504702208905655e-07
425,13926400,0.00024064000000000255,2.8295913141158335,2.7946657559544748,0.0,0.0,0.10269422829151154,0.20309890806674957,1.0497798257347313e-06,0.0,-0.8891009092330933,1,0,0.999996542930603,436.7982929375523,0.999996542930603,1.1748265933420043e-06,1.891952194910118e-07,1.679166956591871e-07,1.8099660792358918e-07,2.1729246668655833e-07,1.801039957172179e-07,3.274344635428861e-07,1.8451716243816918e-07,2.7511759981280193e-07,2.349801064838175e-07,1.947355059428446e-07
426,13959168,0.00024050000000000254,2.817252587871492,2.799319669997467,0.0,0.0,-0.05597004294395447,0.08745268732309341,1.0478635203980957e-06,0.0,-0.8897664546966553,1,0,0.999996542930603,437.0376477386009,0.999996542930603,1.171995450022223e-06,1.8883018526594242e-07,1.6759769039254024e-07,1.806496356948628e-07,2.1686828688416426e-07,1.797585724716555e-07,3.2677996841812273e-07,1.8416274372157204e-07,2.7457815576781286e-07,2.345213800936108e-07,1.943588756603276e-07
427,13991936,0.00024036000000000253,2.8147420938353553,2.7980280860793387,0.0,0.0,0.009310640394687653,0.103026382625103,1.0414170219519292e-06,0.0,-0.8920480608940125,1,0,0.999996542930603,436.90094866317764,0.999996542930603,1.1624713351920946e-06,1.876031490155583e-07,1.6652798251470813e-07,1.7948518404864444e-07,2.1543830541759235e-07,1.7860087098142685e-07,3.2457731435897585e-07,1.8297127724054008e-07,2.7276425385025505e-07,2.3297320694837254e-07,1.9309020160562795e-07
428,14024704,0.00024022000000000255,2.814356812473502,2.796236863273506,0.0,0.0,-0.009052411653101444,0.07951448857784271,1.0377787020843243e-06,0.0,-0.8929370045661926,1,0,0.999996542930603,437.00702075100145,0.999996542930603,1.157112365035573e-06,1.8690865033477166e-07,1.6592289853178954e-07,1.7882412350900267e-07,2.1463441157720808e-07,1.7794326367948088e-07,3.2333224453395815e-07,1.8229549425541336e-07,2.71742294444266e-07,2.3210301947074186e-07,1.9237373294345161e-07
429,14057472,0.00024008000000000254,2.747585406267358,2.790245970383297,0.0,0.0,-0.07270459830760956,0.07616709172725677,1.0320270575903123e-06,0.0,-0.8923640847206116,1,0,0.9999967813491821,437.3123172744937,0.9999967813491821,1.1556602430573548e-06,1.867218060169762e-07,1.6575985739564203e-07,1.786469141507041e-07,2.1441533704091853e-07,1.777670775027218e-07,3.2299635677190963e-07,1.8211395058642665e-07,2.714646711865498e-07,2.3186588293810928e-07,1.9217958424633252e-07
430,14090240,0.00023994000000000253,2.7819050166879795,2.7891843225535067,0.0,0.0,0.15036655962467194,0.22795777022838593,1.0287400300512672e-06,0.0,-0.8911092877388,1,0,0.9999967813491821,437.4291144752266,0.9999967813491821,1.1508078614497208e-06,1.8609496521548863e-07,1.652144590025273e-07,1.7805348306865199e-07,2.1368535385590803e-07,1.7717690070639946e-07,3.218715960429108e-07,1.8150657865589892e-07,2.7053943085775245e-07,2.3107564572910633e-07,1.9153135610849858e-07
431,14123008,0.00023980000000000255,2.7972660970960055,2.791516236352136,0.0,0.0,-0.03620343655347824,0.12936608493328094,1.0257410849590087e-06,0.0,-0.8904210925102234,1,0,0.9999967813491821,437.5665487236805,0.9999967813491821,1.1463935152278282e-06,1.8552510994140903e-07,1.647171643526235e-07,1.7751212055827637e-07,2.1301961794506497e-07,1.7663870721662533e-07,3.208479597560654e-07,1.8095281006935693e-07,2.696949934488657e-07,2.3035481433453242e-07,1.9094190406576672e-07
432,14155776,0.00023966000000000254,2.7911811037837104,2.792827825567798,0.0,0.0,0.039142243564128876,0.2145100235939026,1.0194540891461656e-06,0.0,-0.8926182389259338,1,0,0.9999967813491821,437.42730186298746,0.9999967813491821,1.1371381560820737e-06,1.8432972126447567e-07,1.6367286548302218e-07,1.7637812277371268e-07,2.116230604087832e-07,1.7551096220813633e-07,3.187028596585151e-07,1.7979239430587768e-07,2.6792338303494034e-07,2.2884398731548572e-07,1.8970348492075573e-07
433,14188544,0.00023952000000000253,2.7406082832941125,2.7933856399159582,0.0,0.0,-0.05132562667131424,0.1864815503358841,1.0168764674745034e-06,0.0,-0.8908713459968567,1,0,0.9999967813491821,437.5746720732493,0.9999967813491821,1.133344539994141e-06,1.8384184841124807e-07,1.6324355556207593e-07,1.7591381151760288e-07,2.1105026348777756e-07,1.7504943627955072e-07,3.178256804403645e-07,1.7931823492745025e-07,2.6719331458480156e-07,2.2822152345725044e-07,1.891990422109302e-07
434,14221312,0.00023938000000000252,2.76235920302514,2.789684791845049,0.0,0.0,0.019489707425236702,0.07923813164234161,1.0095787956743152e-06,0.0,-0.8927907347679138,1,0,0.9999969005584717,437.52585887323704,0.9999969005584717,1.126117467720178e-06,1.8291132164449664e-07,1.624261329880028e-07,1.7502843263628165e-07,2.0995960881009523e-07,1.741687327694308e-07,3.1615186912858917e-07,1.784136713922635e-07,2.658013613654475e-07,2.270334533704954e-07,1.8823799052825052e-07
435,14254080,0.00023924000000000251,2.800029927793943,2.7867286532128595,0.0,0.0,0.04907631874084473,0.1564517766237259,1.008821300274576e-06,0.0,-0.8931171894073486,1,0,0.9999969005584717,437.8435998937395,0.9999969005584717,1.1249990166106727e-06,1.8276730884281278e-07,1.6229961374847335e-07,1.7489111314716865e-07,2.0979068438009563e-07,1.740322659316007e-07,3.158929757773876e-07,1.7827352394306217e-07,2.655862374467688e-07,2.2685014755552402e-07,1.8808941604220308e-07
436,14286848,0.0002391000000000025,2.822130521657586,2.7872164465914695,0.0,0.0,-0.0697476714849472,0.09279713034629822,1.0071629503727308e-06,0.0,-0.8950383067131042,1,0,0.9999969005584717,438.0858071956199,0.9999969005584717,1.1225683920201845e-06,1.8245277999540122e-07,1.6202449160118704e-07,1.745931399455003e-07,2.0942228218245873e-07,1.7373609750848118e-07,3.153286343149375e-07,1.7796877216369467e-07,2.6511909823057067e-07,2.2645157571332675e-07,1.8776323429392505e-07
437,14319616,0.0002389600000000025,2.820586879777628,2.7878009251856968,0.0,0.0,0.10211258381605148,0.14754509925842285,1.0061730790766887e-06,0.0,-0.8946931958198547,1,0,0.9999969005584717,438.37976327949787,0.9999969005584717,1.1211132004973479e-06,1.822649551286304e-07,1.618600151687133e-07,1.744150637250641e-07,2.0920150234360335e-07,1.735588881501826e-07,3.149916949496401e-07,1.7778658900624578e-07,2.648396275617415e-07,2.2621284756496607e-07,1.8756851716261735e-07
438,14352384,0.00023882000000000251,2.8247651311776085,2.7888417570561073,0.0,0.0,-0.08062014728784561,0.09197375923395157,1.0029837085312465e-06,0.0,-0.8968951106071472,1,0,0.9999969005584717,438.4739722471298,0.9999969005584717,1.1164390798512613e-06,1.8165880533160816e-07,1.6132912605826277e-07,1.73839495687389e-07,2.0849346071827313e-07,1.7298647492225427e-07,3.1390402455144795e-07,1.7719752065659122e-07,2.6393993834972207e-07,2.2544570299487532e-07,1.8694133530061663e-07
439,14385152,0.0002386800000000025,2.817243967685842,2.7958076131979555,0.0,0.0,0.07050624489784241,0.14390474557876587,1.0012222446675878e-06,0.0,-0.8946235775947571,1,0,0.9999969005584717,438.70579911012663,0.9999969005584717,1.1138600939375465e-06,1.813225054547729e-07,1.6103582822779572e-07,1.7351983672142524e-07,2.081023069422372e-07,1.7266870599996764e-07,3.133013990463951e-07,1.7687082731754344e-07,2.6344454795435013e-07,2.2502254637402075e-07,1.8659400780052238e-07
440,14417920,0.00023854000000000252,2.825842555030145,2.800201367032172,0.0,0.0,-0.030060281977057457,0.07279428839683533,9.963849834093708e-07,0.0,-0.8917394280433655,1,0,0.9999969005584717,438.68915512797025,0.9999969005584717,1.106786726268183e-06,1.8039939675418282e-07,1.6022974591578532e-07,1.7264301277464256e-07,2.0703099323782226e-07,1.7179652900267683e-07,3.1164807978711906e-07,1.759735681616803e-07,2.6208181225229055e-07,2.2386242903849052e-07,1.8563981996067014e-07
441,14450688,0.00023840000000000252,2.8023234147602585,2.800707098798598,0.0,0.0,-0.03122560679912567,0.19737374782562256,9.957227575796423e-07,0.0,-0.8911462426185608,1,0,0.9999969005584717,439.00516946826764,0.9999969005584717,1.105817204916093e-06,1.80273843852774e-07,1.6011975390028965e-07,1.725238547578556e-07,2.0688337087904074e-07,1.716779536309332e-07,3.1142258194449823e-07,1.7585178113677102e-07,2.6189493951278564e-07,2.2370278429661994e-07,1.8550973379660718e-07
442,14483456,0.0002382600000000025,2.8217462138015192,2.803763609800378,0.0,0.0,-0.032443806529045105,0.09944948554039001,9.894821459965897e-07,0.0,-0.891289234161377,1,0,0.9999969005584717,438.8655931971049,0.9999969005584717,1.0967042953780037e-06,1.7908361371610226e-07,1.590780556171012e-07,1.713920170232086e-07,2.0549921941892535e-07,1.705522691963779e-07,3.0929123795431224e-07,1.746954012560309e-07,2.601356072773342e-07,2.222046475708339e-07,1.842800116946819e-07
443,14516224,0.00023812000000000252,2.79697064112318,2.809399845583285,0.0,0.0,0.0664478987455368,0.17218877375125885,9.888032082017162e-07,0.0,-0.8910939693450928,1,0,0.9999969005584717,439.1889149645677,0.9999969005584717,1.0957194263028214e-06,1.7895453652272408e-07,1.5896492300271348e-07,1.712688089128278e-07,2.053503465049289e-07,1.704293595139461e-07,3.0906036840860907e-07,1.7456950729410892e-07,2.5994512498073163e-07,2.2204363858691067e-07,1.8414702651625703e-07
444,14548992,0.00023798000000000252,2.75233170393891,2.8083970956746622,0.0,0.0,-0.11030155420303345,0.1560526043176651,9.875423074845457e-07,0.0,-0.8902731537818909,1,0,0.9999969005584717,439.4613140041885,0.9999969005584717,1.0938776995317312e-06,1.787125398777789e-07,1.587531244240381e-07,1.7103833727105666e-07,2.0507145848114305e-07,1.7020033737935591e-07,3.0862798894304433e-07,1.7433424659429875e-07,2.595886314793461e-07,2.2174167213506735e-07,1.8389728495549207e-07
445,14581760,0.0002378400000000025,2.801089019997187,2.8085030048949866,0.0,0.0,0.03585413843393326,0.06419216096401215,9.807631613512058e-07,0.0,-0.8945230841636658,1,0,0.9999970197677612,439.4566532704288,0.9999970197677612,1.0874714462261181e-06,1.7787751005471364e-07,1.580211659302222e-07,1.7024484577632393e-07,2.0409517276220868e-07,1.6941122282787546e-07,3.0713090382050723e-07,1.7352350312194176e-07,2.5834961547843704e-07,2.2068412874887144e-07,1.8303315130197007e-07
446,14614528,0.0002377000000000025,2.836708462525549,2.8099607989817827,0.0,0.0,-0.05236930400133133,0.08281560242176056,9.787312365006073e-07,0.0,-0.8957759737968445,1,0,0.9999970197677612,439.651776577568,0.9999970197677612,1.0845095630429569e-06,1.7749015057688666e-07,1.5768365813073615e-07,1.698773388625341e-07,2.0364409181183873e-07,1.6904601807254949e-07,3.064360498683527e-07,1.7314742706275865e-07,2.577764348643541e-07,2.2019473533418932e-07,1.826328173137881e-07
447,14647296,0.0002375600000000025,2.8339345513022085,2.811295566134241,0.0,0.0,0.015316016972064972,0.07310955226421356,9.783766472537536e-07,0.0,-0.8957193493843079,1,0,0.9999970197677612,439.9937376312925,0.9999970197677612,1.0839914921234595e-06,1.774229616557932e-07,1.576247115053775e-07,1.698135037031534e-07,2.0356527841158822e-07,1.6898266608222912e-07,3.063156555072055e-07,1.7308238398072717e-07,2.5767590727809875e-07,2.2010884492829064e-07,1.825631557039742e-07
448,14680064,0.00023742000000000248,2.8258475394312814,2.811403806959608,0.0,0.0,0.0020066294819116592,0.06949260085821152,9.759336307979538e-07,0.0,-0.8962156772613525,1,0,0.9999970197677612,440.1477863727579,0.9999970197677612,1.0804308203660185e-06,1.769596025269493e-07,1.5721666102308518e-07,1.6937197244715207e-07,2.0302356062984472e-07,1.6854343698469165e-07,3.054839510241436e-07,1.726311893435195e-07,2.569838386534684e-07,2.1951936446384934e-07,1.820848183342605e-07
449,14712832,0.00023728000000000247,2.8304658245787166,2.8127259926488954,0.0,0.0,0.11416694521903992,0.1078103631734848,9.711817483548657e-07,0.0,-0.896185040473938,1,0,0.9999970197677612,440.1151860534607,0.9999970197677612,1.073519570127246e-06,1.7605482582894183e-07,1.5642326900433545e-07,1.6851016937380336e-07,2.0196878836031829e-07,1.6768633770425367e-07,3.038628904050711e-07,1.717513384846825e-07,2.556428455591231e-07,2.183761580454302e-07,1.8115038358246238e-07
450,14745600,0.00023714000000000246,2.830713427374625,2.8132130798833437,0.0,0.0,-0.030067341402173042,0.044311828911304474,9.703712748887483e-07,0.0,-0.89682936668396,1,0,0.9999970197677612,440.41649248723,0.9999970197677612,1.0723429113568272e-06,1.759000980428027e-07,1.5628802430001087e-07,1.6836368388339906e-07,2.0178916315671813e-07,1.6754087539538887e-07,3.035862903288944e-07,1.7160120080461638e-07,2.5541376658111403e-07,2.1818131301643007e-07,1.8099048304520693e-07
451,14778368,0.00023700000000000245,2.8439504543559946,2.817375783842917,0.0,0.0,-0.04706520587205887,0.050486497581005096,9.68311951510259e-07,0.0,-0.8935786485671997,1,0,0.9999970197677612,440.6037754824141,0.9999970197677612,1.069351583282696e-06,1.755085037302706e-07,1.5594498847804061e-07,1.679911036944759e-07,2.0133225575591496e-07,1.6717011419586925e-07,3.0288413199741626e-07,1.712204777959414e-07,2.548327415752283e-07,2.1768521207832237e-07,1.805853173664218e-07
452,14811136,0.00023686000000000245,2.853088882350182,2.8205100506977834,0.0,0.0,0.057208601385354996,0.060108646750450134,9.673617569205817e-07,0.0,-0.891648530960083,1,0,0.9999970197677612,440.88908537726064,0.9999970197677612,1.0679696060833521e-06,1.7532767060401966e-07,1.5578565637497377e-07,1.6781848444225034e-07,2.0112153720219794e-07,1.6699850391432847e-07,3.025602381967474e-07,1.7104439109516534e-07,2.545636164086318e-07,2.1745634626313404e-07,1.8039888516341307e-07
453,14843904,0.00023672000000000246,2.817506823555747,2.8225636689410405,0.0,0.0,0.034667808562517166,0.11167434602975845,9.649356798036024e-07,0.0,-0.8958819508552551,1,0,0.9999970197677612,441.04572136543726,0.9999970197677612,1.0644545227478375e-06,1.7486411252320977e-07,1.5538161335371115e-07,1.6737766372898477e-07,2.0058368477293698e-07,1.6655999957038148e-07,3.01730352703089e-07,1.7059393542240286e-07,2.5388089852640405e-07,2.1687377227408433e-07,1.7992073253481067e-07
454,14876672,0.00023658000000000245,2.8272579592284757,2.8300562944699967,0.0,0.0,0.04282686114311218,0.06975444406270981,9.63492198025051e-07,0.0,-0.8948475122451782,1,0,0.9999970197677612,441.28352054955616,0.9999970197677612,1.062359274328628e-06,1.745888340565216e-07,1.5514159201757138e-07,1.6711736350316642e-07,2.0026236313697154e-07,1.6630110621917993e-07,3.0123754868327524e-07,1.7032766663760412e-07,2.5347350174342864e-07,2.1652594739407505e-07,1.79635449626403e-07
455,14909440,0.00023644000000000245,2.8208956866038304,2.832036961130661,0.0,0.0,0.017995448783040047,0.07996629923582077,9.627548251955886e-07,0.0,-0.8953700065612793,1,0,0.9999970197677612,441.57812950629193,0.9999970197677612,1.0612899359330186e-06,1.7444803290800337e-07,1.550191370824905e-07,1.66984804650383e-07,2.0009800039133552e-07,1.6616921527656814e-07,3.009854196989181e-07,1.7019158349285135e-07,2.532654548303981e-07,2.1634824065586145e-07,1.794897173112986e-07
456,14942208,0.00023630000000000246,2.804311910780381,2.828797305956144,0.0,0.0,-0.022276967763900757,0.07244360446929932,9.613064548830152e-07,0.0,-0.8959819078445435,1,0,0.9999970197677612,441.79670836980614,0.9999970197677612,1.0591918453428661e-06,1.7417390552054712e-07,1.547777799260075e-07,1.667235238755893e-07,1.9977652243596822e-07,1.6590952611750254e-07,3.004935251738061e-07,1.6992497364753945e-07,2.528554432501551e-07,2.1599879573841463e-07,1.792062960248586e-07
457,14974976,0.00023616000000000246,2.7835610657761283,2.8237599574035364,0.0,0.0,-0.07281477749347687,0.1101730540394783,9.61074988481414e-07,0.0,-0.896375298500061,1,0,0.9999970197677612,442.13175151572864,0.9999970197677612,1.0588555596768856e-06,1.741302213531526e-07,1.5473911219032743e-07,1.6668170133016247e-07,1.997256475760878e-07,1.6586776041549456e-07,3.004147117735556e-07,1.698821989748467e-07,2.5278913540205394e-07,2.1594297550109331e-07,1.7916153183250572e-07
458,15007744,0.00023602000000000245,2.8352138388341013,2.824696587343818,0.0,0.0,0.04530711844563484,0.06420004367828369,9.587695330992574e-07,0.0,-0.8970972299575806,1,0,0.9999970197677612,442.2790358459919,0.9999970197677612,1.0555073686191463e-06,1.7369254123877909e-07,1.5435324485224555e-07,1.6626432852717699e-07,1.9921336047445948e-07,1.654525618732805e-07,2.9962905045977095e-07,1.6945664071954525e-07,2.5213401499968313e-07,2.153858105202744e-07,1.787089729532454e-07
459,15040512,0.00023588000000000246,2.8337084732301303,2.8250208522089593,0.0,0.0,-0.03251003846526146,0.04073084890842438,9.528811233394663e-07,0.0,-0.8973037004470825,1,0,0.9999970197677612,442.1323265143202,0.9999970197677612,1.0469926792211481e-06,1.725693010712348e-07,1.533714595325364e-07,1.651965249038767e-07,1.9790714134160226e-07,1.643906273329776e-07,2.976190103254339e-07,1.6836447969126311e-07,2.5047484086826444e-07,2.1397110572252132e-07,1.7754872772002273e-07
460,15073280,0.00023574000000000246,2.8296700680261253,2.8249165162741092,0.0,0.0,-0.05948996916413307,0.0401945486664772,9.521734227746492e-07,0.0,-0.8980726599693298,1,0,0.9999970197677612,442.4212154218161,0.9999970197677612,1.0459658597028465e-06,1.7243539218725346e-07,1.5325316837788705e-07,1.650686414222946e-07,1.9774962822793896e-07,1.642636817678067e-07,2.9737842055510555e-07,1.6823415194267e-07,2.502735299003689e-07,2.137997512363654e-07,1.7741061242304568e-07
461,15106048,0.00023560000000000245,2.8412804247724064,2.8246495133157508,0.0,0.0,-0.015681566670536995,0.07313406467437744,9.505853881819348e-07,0.0,-0.9003055095672607,1,0,0.9999970197677612,442.6324546305105,0.9999970197677612,1.0436690445203567e-06,1.721340510130176e-07,1.5298768119009765e-07,1.6478144004850037e-07,1.9739633216886432e-07,1.6397787305777456e-07,2.9683809543712414e-07,1.6794079726878408e-07,2.4982284685393097e-07,2.1341556077913992e-07,1.7710024735606567e-07
462,15138816,0.00023546000000000247,2.8363084704209953,2.822971472122832,0.0,0.0,0.20188091695308685,0.13507452607154846,9.505234288553766e-07,0.0,-0.9004708528518677,1,0,0.9999970197677612,442.9818419528779,0.9999970197677612,1.043579459292232e-06,1.7212239811215113e-07,1.529771793684631e-07,1.6477012820814707e-07,1.9738260448320943e-07,1.6396693069964385e-07,2.9681714863727393e-07,1.6792942858501192e-07,2.498052253940841e-07,2.1340051148399652e-07,1.7708808286442945e-07
463,15171584,0.00023532000000000246,2.8331423998344683,2.824535029750704,0.0,0.0,0.014215768314898014,0.03453658148646355,9.476378863837454e-07,0.0,-0.901086688041687,1,0,0.9999970197677612,443.0758538017474,0.9999970197677612,1.0394069249741733e-06,1.7157468334971782e-07,1.5249534612848947e-07,1.6424802140591055e-07,1.9674061491059547e-07,1.6344719711014477e-07,2.958351217330346e-07,1.6739616626182396e-07,2.489875328137714e-07,2.1270216166158207e-07,1.7652254769018327e-07
464,15204352,0.00023518000000000245,2.85199058824352,2.8270082926522084,0.0,0.0,-0.007167507894337177,0.0452582910656929,9.421635240869364e-07,0.0,-0.9031309485435486,1,0,0.9999970197677612,442.93132839692004,0.9999970197677612,1.0315001190974726e-06,1.7053602618943842e-07,1.5158070709730964e-07,1.6325729745858553e-07,1.9552388152987987e-07,1.6246193013103039e-07,2.939724481620942e-07,1.6638519184652978e-07,2.474358495874185e-07,2.1137906003332319e-07,1.754494292072195e-07
465,15237120,0.00023504000000000244,2.8575253269933114,2.830671256691157,0.0,0.0,0.08543916046619415,0.0814351737499237,9.409258154846611e-07,0.0,-0.903340756893158,1,0,0.9999970197677612,443.16616273982595,0.9999970197677612,1.0297142125637038e-06,1.7030198762313375e-07,1.513736975766733e-07,1.630344996783606e-07,1.9524978256413306e-07,1.6224005605636194e-07,2.9355220476645627e-07,1.6615780396023183e-07,2.4708356249902863e-07,2.1107970837874745e-07,1.752074894056932e-07
466,15269888,0.00023490000000000243,2.828013876259554,2.833041453239074,0.0,0.0,0.07869172841310501,0.11328724026679993,9.40074812660896e-07,0.0,-0.9019216299057007,1,0,0.9999970197677612,443.4409363842364,0.9999970197677612,1.0284874178978498e-06,1.70139657029722e-07,1.5123185903576086e-07,1.6288002768760634e-07,1.9506013870795869e-07,1.6208679198825848e-07,2.9326147910069267e-07,1.659998929426365e-07,2.468435695845983e-07,2.1087468837777124e-07,1.750391334098822e-07
467,15302656,0.00023476000000000242,2.7940723795536284,2.8340925846168243,0.0,0.0,-0.037932902574539185,0.24036550521850586,9.397342637385009e-07,0.0,-0.9022958874702454,1,0,0.9999970197677612,443.75396724497625,0.9999970197677612,1.0279921980327344e-06,1.700747702670924e-07,1.5117474561066047e-07,1.6281821046959521e-07,1.949838832615569e-07,1.6202542951759824e-07,2.9314543326108833e-07,1.6593689622368402e-07,2.4674659471202176e-07,2.1079185330563632e-07,1.7497153237400198e-07
468,15335424,0.0002346200000000024,2.826047392950435,2.833175940028458,0.0,0.0,-0.017440244555473328,0.04665660113096237,9.353524319521966e-07,0.0,-0.9034343957901001,1,0,0.9999971389770508,443.9165362795826,0.9999971389770508,1.0251150115436758e-06,1.6969568150670966e-07,1.5084111737451167e-07,1.6245714107299136e-07,1.9454071775726334e-07,1.616661364778338e-07,2.9246555754980363e-07,1.655682950740811e-07,2.4618017846478324e-07,2.103097642702778e-07,1.7458053491736791e-07
469,15368192,0.0002344800000000024,2.853445933650852,2.83514968607053,0.0,0.0,0.04390770196914673,0.08826534450054169,9.351571179649909e-07,0.0,-0.9033386707305908,1,0,0.9999971389770508,444.24512385814,0.9999971389770508,1.024833522933477e-06,1.69658790127869e-07,1.5080846083037613e-07,1.6242196920757124e-07,1.9449694832474052e-07,1.6163097882326838e-07,2.923994486536685e-07,1.6553245529848937e-07,2.4612430138404306e-07,2.1026224317211017e-07,1.745427482546802e-07
470,15400960,0.0002343400000000024,2.848161683962731,2.83699884766419,0.0,0.0,0.03673244267702103,0.07553905248641968,9.333430739388859e-07,0.0,-0.9021627902984619,1,0,0.9999971389770508,444.4266873302718,0.9999971389770508,1.0222175887975027e-06,1.6931321056290471e-07,1.5050528645588201e-07,1.6209283160151244e-07,1.9409448270835128e-07,1.613036317849037e-07,2.9178019644859887e-07,1.6519655332558614e-07,2.4561032319070364e-07,2.098235540870519e-07,1.7418589948192675e-07
471,15433728,0.0002342000000000024,2.8439078700191063,2.83726159218886,0.0,0.0,0.017678219825029373,0.04015786200761795,9.315188549408049e-07,0.0,-0.9016661643981934,1,0,0.9999971389770508,444.6034247665696,0.9999971389770508,1.0195946060775896e-06,1.689663946535802e-07,1.5020101784557482e-07,1.6176268502476887e-07,1.9369082338016597e-07,1.6097521893243538e-07,2.911578462772013e-07,1.6485881815242465e-07,2.4509367335667775e-07,2.0938519185165205e-07,1.7382795647336025e-07
472,15466496,0.0002340600000000024,2.8584833441568898,2.8394790795624494,0.0,0.0,-0.011860162019729614,0.030643906444311142,9.296172152062354e-07,0.0,-0.9004899263381958,1,0,0.9999971389770508,444.7721789780033,0.9999971389770508,1.0168544122279854e-06,1.6860504103988205e-07,1.4988293628448446e-07,1.6141872549724212e-07,1.9326699884913978e-07,1.6063324892456876e-07,2.905107407968899e-07,1.6450732687189884e-07,2.445538598294661e-07,2.0892441909836634e-07,1.7345402625323914e-07
473,15499264,0.00023392000000000242,2.8437924561723262,2.840544085196236,0.0,0.0,-0.037624042481184006,0.030077580362558365,9.294351457356242e-07,0.0,-0.9000750780105591,1,0,0.9999971389770508,445.0995852414604,0.9999971389770508,1.0165935009354143e-06,1.6857029550010338e-07,1.498524966336845e-07,1.6138578473601228e-07,1.93226270539526e-07,1.6060060659128794e-07,2.9044844040981843e-07,1.6447359030280495e-07,2.445025586439442e-07,2.0888039387045865e-07,1.7341812963422853e-07
474,15532032,0.00023378000000000244,2.822865954470661,2.8376316218189492,0.0,0.0,-0.01720869168639183,0.23353388905525208,9.284587463298521e-07,0.0,-0.9011099338531494,1,0,0.9999971389770508,445.3683060672189,0.9999971389770508,1.0151935612157104e-06,1.68382797482991e-07,1.4968880179822008e-07,1.6120766588301194e-07,1.930105923975134e-07,1.604235109198271e-07,2.9011428637204517e-07,1.642912650368089e-07,2.4422803335255594e-07,2.0864725058800104e-07,1.7322474832326407e-07
475,15564800,0.00023364000000000243,2.853180216839611,2.8371971108035794,0.0,0.0,0.04194919019937515,0.04552168399095535,9.208006304106675e-07,0.0,-0.9005496501922607,1,0,0.9999972581863403,445.21923215255396,0.9999972581863403,1.007616219794727e-06,1.6738088959300512e-07,1.4880761511903984e-07,1.6025271065700508e-07,1.9184091115675983e-07,1.5947364317980828e-07,2.8831871645706997e-07,1.6331603092112346e-07,2.427327103760035e-07,2.0737471118081885e-07,1.721904112628181e-07
476,15597568,0.00023350000000000242,2.841449780218041,2.8385407011994284,0.0,0.0,0.004422750324010849,0.06009892001748085,9.205095921061002e-07,0.0,-0.9002550840377808,1,0,0.9999972581863403,445.53224449310926,0.9999972581863403,1.0071954648083192e-06,1.673259930612403e-07,1.4875865872454597e-07,1.6019983206660982e-07,1.9177618071353209e-07,1.594210345956526e-07,2.882197520648333e-07,1.632623281011547e-07,2.426493779239536e-07,2.0730372796151642e-07,1.721335962656667e-07
477,15630336,0.00023336000000000244,2.837565708467335,2.842890034090799,0.0,0.0,-0.015613727271556854,0.05716307461261749,9.196764381158573e-07,0.0,-0.9001703262329102,1,0,0.9999972581863403,445.7895620529635,0.9999972581863403,1.0059955002361676e-06,1.671685652127053e-07,1.4861913655295211e-07,1.6004958069970598e-07,1.9159190856044006e-07,1.5927150798233924e-07,2.879370697428385e-07,1.6310903561134182e-07,2.424116019028588e-07,2.0710098169729463e-07,1.719714930459304e-07
478,15663104,0.00023322000000000243,2.8443401565933177,2.8447193104550874,0.0,0.0,0.12733685970306396,0.08182508498430252,9.182384701489354e-07,0.0,-0.901030421257019,1,0,0.9999972581863403,445.9920361925975,0.9999972581863403,1.003930151455279e-06,1.6689696735738835e-07,1.4837866046946147e-07,1.5979030365542712e-07,1.9127350014969124e-07,1.5901350991498475e-07,2.8744952373926935e-07,1.6284434423141647e-07,2.4200275561270246e-07,2.0675305734130234e-07,1.7169078603274102e-07
479,15695872,0.00023308000000000242,2.8024846386308537,2.8396231809530876,0.0,0.0,0.0011184550821781158,0.029597915709018707,9.15182738481235e-07,0.0,-0.9028632044792175,1,0,0.9999972581863403,446.0429494443847,0.9999972581863403,9.995460459322203e-07,1.6631543076073285e-07,1.4786759550133866e-07,1.5923748719615105e-07,1.9059558553635725e-07,1.5846366352434416e-07,2.8640778282351675e-07,1.6227939170221362e-07,2.4113560925798083e-07,2.0601557082500221e-07,1.71090263734186e-07
480,15728640,0.00023294000000000244,2.834755955673386,2.8382826081241532,0.0,0.0,0.03119116649031639,0.06810609251260757,9.150605251306843e-07,0.0,-0.9029479026794434,1,0,0.9999972581863403,446.3744583896641,0.9999972581863403,9.993688081522123e-07,1.662916417899396e-07,1.4784714608140348e-07,1.592147214068973e-07,1.905681443759022e-07,1.5844129563902243e-07,2.8636543447646545e-07,1.622561853764637e-07,2.4110113372444175e-07,2.0598609751232289e-07,1.7106563632296456e-07
481,15761408,0.00023280000000000243,2.849970844048447,2.838888905527087,0.0,0.0,0.056170202791690826,0.061928942799568176,9.131234719461645e-07,0.0,-0.9022481441497803,1,0,0.9999972581863403,446.53197145928505,0.9999972581863403,9.965897334041074e-07,1.6592316853802913e-07,1.4752292543107615e-07,1.58864352783894e-07,1.9013718599580898e-07,1.5809294495738868e-07,2.857047718407557e-07,1.6189851237413677e-07,2.405513157555106e-07,2.0551792090373056e-07,1.706851122662556e-07
482,15794176,0.00023266000000000242,2.8550348450320486,2.8385440556146024,0.0,0.0,0.011237382888793945,0.04180730879306793,9.122128972194332e-07,0.0,-0.9026170372962952,1,0,0.9999972581863403,446.7775057201035,0.9999972581863403,9.95287564364844e-07,1.6575125982853933e-07,1.4737037190570845e-07,1.5870004688167683e-07,1.8993709716141893e-07,1.5792929275448842e-07,2.8539540153360576e-07,1.617309237644804e-07,2.4029131395764125e-07,2.052995000667579e-07,1.7050810185992304e-07
483,15826944,0.00023252000000000242,2.845333685004862,2.8386981784978564,0.0,0.0,0.0585806667804718,0.07100030034780502,9.09217078515212e-07,0.0,-0.9009871482849121,1,0,0.9999972581863403,446.8268069177108,0.9999972581863403,9.90992248262046e-07,1.6518238510343508e-07,1.4686862925827882e-07,1.5815838594335219e-07,1.8927239864297007e-07,1.5739058767394454e-07,2.8437497689992597e-07,1.6117769519041758e-07,2.394380658188311e-07,2.045738227707261e-07,1.699206251259966e-07
484,15859712,0.0002323800000000024,2.867271028453218,2.843138685896112,0.0,0.0,-0.17689958214759827,0.029778193682432175,9.057978900273156e-07,0.0,-0.8970851898193359,1,0,0.9999972581863403,446.8388425767498,0.9999972581863403,9.860974614639417e-07,1.645338443267974e-07,1.462960455000939e-07,1.5754000060042017e-07,1.885116773792106e-07,1.5677547082759702e-07,2.8321281320131675e-07,1.60546264282857e-07,2.384668107424659e-07,2.0374478992835066e-07,1.6925123702549172e-07
485,15892480,0.0002322400000000024,2.863096977594374,2.844130361971588,0.0,0.0,-0.068201445043087,0.03955567255616188,9.051562983586336e-07,0.0,-0.8962997198104858,1,0,0.9999972581863403,447.11680200742455,0.9999972581863403,9.851810318650678e-07,1.6441244099496544e-07,1.4618893828810542e-07,1.57424196345346e-07,1.8836952619949443e-07,1.5666054764551518e-07,2.8299547238930245e-07,1.604282715561567e-07,2.3828494022382074e-07,2.0358979213597195e-07,1.691258546543395e-07
486,15925248,0.0002321000000000024,2.8697031178511674,2.8469556957349007,0.0,0.0,-0.06685826927423477,0.05369792506098747,9.000509066936502e-07,0.0,-0.8952864408493042,1,0,0.9999972581863403,446.9682920233766,0.9999972581863403,9.778863159226603e-07,1.634420812024473e-07,1.4533402747929358e-07,1.5649911233595049e-07,1.8723723371749657e-07,1.5574023848330398e-07,2.812576269661804e-07,1.5948354814554477e-07,2.3683497829551925e-07,2.02356361000966e-07,1.68123378330165e-07
487,15958016,0.00023196000000000238,2.830423255647191,2.8462414504528866,0.0,0.0,0.06576628983020782,0.10069373995065689,8.99749579730269e-07,0.0,-0.895102858543396,1,0,0.9999972581863403,447.27224686419146,0.9999972581863403,9.774564659892349e-07,1.6338503883162048e-07,1.4528330893881503e-07,1.5644450002127996e-07,1.871708121825577e-07,1.5568589617487305e-07,2.8115465511291404e-07,1.594278700167706e-07,2.367487326182527e-07,2.0228343089456757e-07,1.6806470171104593e-07
488,15990784,0.00023182000000000237,2.8651059667059693,2.8483180314641516,0.0,0.0,0.08263927698135376,0.04143765941262245,8.964248081611004e-07,0.0,-0.8949169516563416,1,0,0.9999972581863403,447.2692404607913,0.9999972581863403,9.727102678880328e-07,1.6275521375064272e-07,1.4472517761987547e-07,1.5584245716127043e-07,1.8643648047600436e-07,1.5508705075717444e-07,2.8002381213809713e-07,1.588140605690569e-07,2.3579919172789232e-07,2.0147884072230227e-07,1.6741569197620265e-07
489,16023552,0.00023168000000000236,2.847828919808368,2.852852459581903,0.0,0.0,0.05863409861922264,0.06863335520029068,8.939066447055666e-07,0.0,-0.8897032737731934,1,0,0.9999972581863403,447.3563985514712,0.9999972581863403,9.691158311397885e-07,1.6227693322434789e-07,1.443027741743208e-07,1.55385961875254e-07,1.8587689964988385e-07,1.5463291447304073e-07,2.791663007428724e-07,1.5834794453439827e-07,2.3508249569204054e-07,2.008681718734806e-07,1.6692212057023426e-07
490,16056320,0.00023154000000000235,2.8588886243676623,2.855265726451331,0.0,0.0,-0.003764685243368149,0.0686284601688385,8.931264119382831e-07,0.0,-0.8908987045288086,1,0,0.9999972581863403,447.6058752690919,0.9999972581863403,9.680045423010597e-07,1.621293534981305e-07,1.4417166482871835e-07,1.552448054553679e-07,1.85706440447575e-07,1.5449245438503567e-07,2.789006998682453e-07,1.5820424437151814e-07,2.348588452605327e-07,2.0068110018200969e-07,1.6677030600931175e-07
491,16089088,0.00023140000000000234,2.854549230192192,2.855723565065705,0.0,0.0,-0.008727874606847763,0.0633232593536377,8.927686394599732e-07,0.0,-0.8902778029441833,1,0,0.9999972581863403,447.902991264197,0.9999972581863403,9.674932925918256e-07,1.6206134034746356e-07,1.4411173765438434e-07,1.551801176447043e-07,1.8562606385330582e-07,1.544280792131758e-07,2.78778912843336e-07,1.5813817810794717e-07,2.3475718080590013e-07,2.0059404448602436e-07,1.6669972069394134e-07
492,16121856,0.00023126000000000234,2.782920412089638,2.8485121217714644,0.0,0.0,0.07382366061210632,0.11321479082107544,8.917629088500689e-07,0.0,-0.8902350068092346,1,0,0.9999972581863403,448.1223817848199,0.9999972581863403,9.660614068707218e-07,1.618708722617157e-07,1.4394251479643572e-07,1.5499789185469126e-07,1.854059803463315e-07,1.5424673449615511e-07,2.7843589123222046e-07,1.5795234276083647e-07,2.3446966679330217e-07,2.0035314207689225e-07,1.66503639320581e-07
493,16154624,0.00023112000000000233,2.814141009083671,2.8453928541793454,0.0,0.0,-0.07428404688835144,0.08128752559423447,8.916806564229773e-07,0.0,-0.890281617641449,1,0,0.9999972581863403,448.4431143189215,0.9999972581863403,9.659426041253028e-07,1.6185514084554598e-07,1.4392851710454124e-07,1.5498282834869315e-07,1.8538793256084318e-07,1.5423174204443058e-07,2.784074979444995e-07,1.5793698082688934e-07,2.3444574992481648e-07,2.003332753020004e-07,1.6648745315706037e-07
494,16187392,0.00023098000000000232,2.5837107754251765,2.817036828876541,0.0,0.0,0.008560873568058014,0.21412293612957,8.908494351089757e-07,0.0,-0.8898535966873169,1,0,0.9999972581863403,448.67121182140346,0.9999972581863403,9.647586693972698e-07,1.6169761352102796e-07,1.4378829860106634e-07,1.5483183801734413e-07,1.8520627520501876e-07,1.540816327860739e-07,2.7812328085019544e-07,1.5778327622228971e-07,2.3420662387252378e-07,2.0013392543205555e-07,1.6632526467219577e-07
495,16220160,0.0002308400000000023,2.7794759272235954,2.808674723839463,0.0,0.0,0.03500887751579285,0.25982123613357544,8.905995514396636e-07,0.0,-0.8904692530632019,1,0,0.9999972581863403,448.97297016383783,0.9999972581863403,9.644026022215257e-07,1.6165012084456976e-07,1.4374607815170748e-07,1.5478636328225548e-07,1.851515349926558e-07,1.540363854246607e-07,2.780379020350665e-07,1.5773693462506344e-07,2.3413473115851957e-07,2.0007304613045562e-07,1.6627642196453962e-07
496,16252928,0.0002307000000000023,2.8553851323727977,2.807242925291626,0.0,0.0,0.014251897111535072,0.07984907925128937,8.904466426429281e-07,0.0,-0.890465497970581,1,0,0.9999972581863403,449.2832065424978,0.9999972581863403,9.641829592510476e-07,1.6162083227300172e-07,1.437202996612541e-07,1.547586236938514e-07,1.8511762789330533e-07,1.540086316254019e-07,2.779856629331334e-07,1.5770851291563304e-07,2.3409050697864586e-07,2.000356431608452e-07,1.662462949525434e-07
497,16285696,0.0002305600000000023,2.8099770929800605,2.805198309024913,0.0,0.0,0.06763286888599396,0.1239013522863388,8.895003702491522e-07,0.0,-0.8890236020088196,1,0,0.9999972581863403,449.50810711286016,0.9999972581863403,9.628377029002877e-07,1.6144183234700904e-07,1.4356113808844384e-07,1.5458721236427664e-07,1.8491047626412183e-07,1.5383805873625533e-07,2.776632186396455e-07,1.575338473003285e-07,2.338196480877741e-07,1.998089516064283e-07,1.6606216490799852e-07
498,16318464,0.00023042000000000228,2.762019414362274,2.7948896537905434,0.0,0.0,0.04022415727376938,0.3702257573604584,8.889173273018969e-07,0.0,-0.887778639793396,1,0,0.9999972581863403,449.7749220127109,0.9999972581863403,9.620042646929505e-07,1.6133162716869265e-07,1.4346299792578066e-07,1.544815404486144e-07,1.847812711730512e-07,1.5373304051991e-07,2.77464948794659e-07,1.574261574432967e-07,2.3365247159290448e-07,1.996676104454309e-07,1.6594849228113162e-07
499,16351232,0.00023028000000000227,2.823859927105873,2.792492754520294,0.0,0.0,0.03795892745256424,0.10420134663581848,8.856043791638513e-07,0.0,-0.8874238133430481,1,0,0.9999973773956299,450.00456940851177,0.9999973773956299,9.6068049515452e-07,1.6115588152842975e-07,1.4330713327126432e-07,1.543135681458807e-07,1.8457470218891103e-07,1.535657219164932e-07,2.771497236153664e-07,1.572548171679955e-07,2.333874817850301e-07,1.994426952478534e-07,1.6576723282923922e-07
500,16384000,0.00023014000000000227,2.8511499327837253,2.7917188853619,0.0,0.0,0.05598374083638191,0.09232267737388611,8.833779361339111e-07,0.0,-0.8870072364807129,1,0,0.9999973773956299,450.0972748556152,0.9999973773956299,9.575103376846528e-07,1.6073457231868815e-07,1.4293274830379232e-07,1.5391043461931986e-07,1.8408459823149315e-07,1.531646773855755e-07,2.763921713722084e-07,1.5684383924963186e-07,2.3275045180071174e-07,1.9890286750978703e-07,1.6533306279598037e-07
501,16416768,0.00023000000000000226,2.860200110440566,2.7922839733867377,0.0,0.0,-0.017712010070681572,0.061100296676158905,8.82534664015111e-07,0.0,-0.8873077630996704,1,0,0.9999973773956299,450.3288815963617,0.9999973773956299,9.563111689203652e-07,1.6057521179391188e-07,1.427911939799742e-07,1.5375799478078989e-07,1.8389755496173166e-07,1.5301283440294355e-07,2.761061068667914e-07,1.5668834407733812e-07,2.325095067590155e-07,1.986988564794956e-07,1.6516887058060092e-07
502,16449536,0.00022986000000000225,2.785502701910347,2.7925422023688085,0.0,0.0,0.013042330741882324,0.065707266330719,8.794323207439447e-07,0.0,-0.8853231072425842,1,0,0.9999973773956299,450.3623066278269,0.9999973773956299,9.51903587065317e-07,1.5998337232758786e-07,1.4227086353457707e-07,1.5319447754791327e-07,1.8320750427847088e-07,1.5245250040152314e-07,2.750485634805955e-07,1.561127618288083e-07,2.316291158876993e-07,1.9794818229001976e-07,1.6455820173177926e-07
503,16482304,0.00022972000000000224,2.8180185167632823,2.7929299531367695,0.0,0.0,0.00456533208489418,0.08248674869537354,8.777690254646586e-07,0.0,-0.8855963945388794,1,0,0.9999973773956299,450.52129704549174,0.9999973773956299,9.495434483142162e-07,1.5966693922564446e-07,1.419920323542101e-07,1.5289279531316424e-07,1.8283868996604724e-07,1.5215255189104937e-07,2.744822893419041e-07,1.558050257699506e-07,2.3115599390166608e-07,1.9754632774038328e-07,1.642316220795692e-07
504,16515072,0.00022958000000000223,2.800845463874029,2.8146434219816547,0.0,0.0,0.11818252503871918,0.2718895375728607,8.72928751505242e-07,0.0,-0.8871049880981445,1,0,0.9999973773956299,450.3697237416399,0.9999973773956299,9.426789802091662e-07,1.5874911696300842e-07,1.4118052149569849e-07,1.5201680980680976e-07,1.8176321248120075e-07,1.5128095753880189e-07,2.7283886083750986e-07,1.549107224718682e-07,2.297792320860026e-07,1.9637329273791693e-07,1.6328318963587662e-07
505,16547840,0.00022944000000000222,2.854388745138857,2.822134703773181,0.0,0.0,-0.08347266912460327,0.024607252329587936,8.710618430995964e-07,0.0,-0.8872361779212952,1,0,0.9999973773956299,450.490719649251,0.9999973773956299,9.400315548191429e-07,1.5839539457829233e-07,1.4086620581110765e-07,1.5167822198236536e-07,1.813528740512993e-07,1.509441602820516e-07,2.722026692936197e-07,1.5456569713023782e-07,2.2924450604477897e-07,1.9592377498156566e-07,1.6291892279696185e-07
506,16580608,0.00022930000000000224,2.8361495683953764,2.820211147375439,0.0,0.0,0.016670843586325645,0.07137606292963028,8.690124673194077e-07,0.0,-0.8844144344329834,1,0,0.9999973773956299,450.5908350314183,0.9999973773956299,9.37124241318088e-07,1.5800675612354098e-07,1.4052071151127166e-07,1.5130633812532324e-07,1.8090150888383505e-07,1.5057395330586587e-07,2.715044615797524e-07,1.5418676468925696e-07,2.2865650350922806e-07,1.9542812879080884e-07,1.6251885881501948e-07
507,16613376,0.00022916000000000223,2.8424467339707,2.823458111474503,0.0,0.0,-0.018814530223608017,0.056148678064346313,8.647375011605618e-07,0.0,-0.8870090246200562,1,0,0.9999973773956299,450.43635124528674,0.9999973773956299,9.310719519817212e-07,1.571957284340897e-07,1.3979997959268076e-07,1.5053029756018077e-07,1.799640472199826e-07,1.498016501955135e-07,2.7004492153537285e-07,1.533954900878598e-07,2.274325225926077e-07,1.9440166454387509e-07,1.6168374372682592e-07
508,16646144,0.00022902000000000222,2.8480791525987144,2.832064085298147,0.0,0.0,0.0280342698097229,0.13526056706905365,8.627243914816063e-07,0.0,-0.8899290561676025,1,0,0.9999973773956299,450.53912703189224,0.9999973773956299,9.282251198783342e-07,1.5681422382840537e-07,1.3946095123174018e-07,1.5016495069630764e-07,1.7952213227090397e-07,1.4943836390557408e-07,2.693594751690398e-07,1.530233504354328e-07,2.2685587452997424e-07,1.9391525540868315e-07,1.6129133939557505e-07
509,16678912,0.00022888000000000224,2.857493270243719,2.8354274196119316,0.0,0.0,0.09781166911125183,0.09314736723899841,8.623400162832695e-07,0.0,-0.8893938064575195,1,0,0.9999973773956299,450.81427110732733,0.9999973773956299,9.276826062887267e-07,1.567409526614938e-07,1.3939578025201627e-07,1.500948059174334e-07,1.7943827401722956e-07,1.493685459763583e-07,2.69227484750445e-07,1.5295185562536062e-07,2.2674512933917867e-07,1.9382410698653985e-07,1.6121599344387505e-07
510,16711680,0.00022874000000000226,2.8461298405717317,2.834925410390732,0.0,0.0,0.0004208739846944809,0.10303119570016861,8.621739766567771e-07,0.0,-0.8889267444610596,1,0,0.9999973773956299,451.1120563650452,0.9999973773956299,9.274482408727636e-07,1.567095608834279e-07,1.3936788434421032e-07,1.5006473574885604e-07,1.7940199370514165e-07,1.4933849001863564e-07,2.6917049922303704e-07,1.529210891249022e-07,2.2669713928280544e-07,1.9378491344923532e-07,1.6118356427341496e-07
511,16744448,0.00022860000000000225,2.858467026352155,2.8347521019818913,0.0,0.0,0.061373986303806305,0.07511967420578003,8.621167921774031e-07,0.0,-0.8887331485748291,1,0,0.9999973773956299,451.4256760333984,0.9999973773956299,9.27365988445672e-07,1.5669850483845948e-07,1.393580362218927e-07,1.500541486620932e-07,1.7938948815299227e-07,1.4932810188383883e-07,2.691507177132735e-07,1.5291044519472052e-07,2.2668071153475466e-07,1.937708731247767e-07,1.6117232348733523e-07
512,16777216,0.00022846000000000224,2.85327821041239,2.8415296528320955,0.0,0.0,-0.03535269945859909,0.053439050912857056,8.615400588496414e-07,0.0,-0.8888073563575745,1,0,0.9999973773956299,451.68333404925363,0.9999973773956299,9.265491485166422e-07,1.5658899599202414e-07,1.3926079134307656e-07,1.499494430845516e-07,1.7926157624970074e-07,1.4922387947535753e-07,2.6895418159256224e-07,1.5280373588666407e-07,2.2651516928817728e-07,1.936312088446357e-07,1.610595603551701e-07
513,16809984,0.00022832000000000223,2.8608365079252644,2.8458114519482938,0.0,0.0,0.13870540261268616,0.07394857704639435,8.572744150114886e-07,0.0,-0.8925919532775879,1,0,0.9999973773956299,451.5540826251998,0.9999973773956299,9.205293167724449e-07,1.5577798251342756e-07,1.3854294422799285e-07,1.4917465307462408e-07,1.7831867182849237e-07,1.4845286955278425e-07,2.6749992798613675e-07,1.5201332814740454e-07,2.2529879117882956e-07,1.9260316719282855e-07,1.6022308102492389e-07
514,16842752,0.00022818000000000225,2.851521878111175,2.8508790933720083,0.0,0.0,-0.054455168545246124,0.0407579205930233,8.55982932534971e-07,0.0,-0.8923825025558472,1,0,0.9999973773956299,451.7290266932647,0.9999973773956299,9.187094747176161e-07,1.5553334264950536e-07,1.3832550393999554e-07,1.48940685562593e-07,1.7803455421017134e-07,1.4822001048742095e-07,2.670604999366333e-07,1.51774742107591e-07,2.2492953632990975e-07,1.9229227632422408e-07,1.5997085256458377e-07
515,16875520,0.00022804000000000224,2.8488865522907956,2.8503288740872024,0.0,0.0,0.02358032390475273,0.0858384519815445,8.558090485166758e-07,0.0,-0.8919933438301086,1,0,0.9999973773956299,452.0237883678454,0.9999973773956299,9.184633427139488e-07,1.5550013188203593e-07,1.382961016815898e-07,1.4890886745888565e-07,1.7799602858303842e-07,1.4818834870311548e-07,2.670008996119577e-07,1.5174246925653279e-07,2.2487934359105566e-07,1.9225029745939537e-07,1.5993668966984842e-07
516,16908288,0.00022790000000000226,2.8181793996363695,2.8485318572113014,0.0,0.0,0.04747813940048218,0.07398401945829391,8.553895440854831e-07,0.0,-0.8922544717788696,1,0,0.9999973773956299,452.29061272315846,0.9999973773956299,9.178739901472e-07,1.5542080689101567e-07,1.3822555899878353e-07,1.488329246512876e-07,1.7790371487080847e-07,1.4811276116688532e-07,2.6685836473916424e-07,1.5166492062235193e-07,2.247597166160631e-07,1.9214928670407971e-07,1.5985510515292845e-07
517,16941056,0.00022776000000000225,2.8482313905045853,2.84911032286469,0.0,0.0,0.05124806612730026,0.08089374750852585,8.550462098355638e-07,0.0,-0.892919659614563,1,0,0.9999973773956299,452.56416513886825,0.9999973773956299,9.173891726277361e-07,1.5535545117018046e-07,1.3816732291616063e-07,1.4877034004712186e-07,1.7782872419047635e-07,1.480504749906686e-07,2.667405283318658e-07,1.5160115651724482e-07,2.2466049642844155e-07,1.9206721901809942e-07,1.5978790202098025e-07
518,16973824,0.00022762000000000224,2.8516416155034623,2.8494665691551644,0.0,0.0,-0.024059196934103966,0.04615023732185364,8.541782108295592e-07,0.0,-0.8925491571426392,1,0,0.9999973773956299,452.7815471865077,0.9999973773956299,9.161642537947046e-07,1.551904915686464e-07,1.3802086584746576e-07,1.4861235797525296e-07,1.7763855453267752e-07,1.4789328872666374e-07,2.664440899025067e-07,1.5144031806357816e-07,2.2441145119955763e-07,1.9185777944130677e-07,1.5961822441568074e-07
519,17006592,0.00022748000000000223,2.8040631278899735,2.8441235549197907,0.0,0.0,-0.10541783273220062,0.10393118858337402,8.515045806234411e-07,0.0,-0.8981204628944397,1,0,0.9999973773956299,452.79049178709045,0.9999973773956299,9.123975246438931e-07,1.5468293668163824e-07,1.3756934436059964e-07,1.4812631832228362e-07,1.7705369259601866e-07,1.474095938647224e-07,2.655306445831229e-07,1.5094488503564207e-07,2.2364359608673112e-07,1.9121627303775313e-07,1.5909604655917065e-07
520,17039360,0.00022734000000000222,2.8636147245778805,2.845872043320405,0.0,0.0,-0.07601296901702881,0.025594016537070274,8.487249942845665e-07,0.0,-0.8980809450149536,1,0,0.9999973773956299,452.7911162657882,0.9999973773956299,9.084816383619909e-07,1.54154278675378e-07,1.3709980350995465e-07,1.4762034084014886e-07,1.7644316585574416e-07,1.469061885472911e-07,2.6457996682438534e-07,1.504292725940104e-07,2.2284754663814965e-07,1.9055035238579876e-07,1.585516713475954e-07
521,17072128,0.00022720000000000222,2.8242300308856016,2.84244834377375,0.0,0.0,-0.024678124114871025,0.03378855437040329,8.477807114104507e-07,0.0,-0.8991172313690186,1,0,0.9999973773956299,452.99815886519195,0.9999973773956299,9.071553108697117e-07,1.539751650625476e-07,1.3694051403945195e-07,1.4744881582373637e-07,1.7623631265450967e-07,1.467355019713068e-07,2.6425794885653886e-07,1.5025462118956057e-07,2.2257759724197967e-07,1.90323703463946e-07,1.583675981464694e-07
522,17104896,0.0002270600000000022,2.854491496747793,2.8425696724072904,0.0,0.0,0.033951207995414734,0.0766521766781807,8.438391887466423e-07,0.0,-0.8986322283744812,1,0,0.9999973773956299,452.84380239950275,0.9999973773956299,9.016155217977939e-07,1.5322471824674722e-07,1.3627321493459021e-07,1.4673032922019047e-07,1.7537456642457983e-07,1.4602049702716613e-07,2.62906354464576e-07,1.495223358460862e-07,2.214469674299835e-07,1.8938455070838245e-07,1.5759530924697174e-07
523,17137664,0.0002269200000000022,2.8061097779701405,2.837096999411778,0.0,0.0,-0.04193587973713875,0.11169884353876114,8.415219667767815e-07,0.0,-0.8967911601066589,1,0,0.9999973773956299,452.8871963680361,0.9999973773956299,8.983609518509184e-07,1.527847928173287e-07,1.3588194747171656e-07,1.4630890632361115e-07,1.7486635783825477e-07,1.4560123418050352e-07,2.62115719351641e-07,1.4909301171428524e-07,2.2078188521845732e-07,1.8882674623910134e-07,1.5714267931343784e-07
524,17170432,0.00022678000000000222,2.8178120453697995,2.83372601613764,0.0,0.0,0.008936732076108456,0.10308974236249924,8.352936902156216e-07,0.0,-0.8950811624526978,1,0,0.9999974966049194,452.7471578487124,0.9999974966049194,8.92964351351111e-07,1.5205408487872774e-07,1.3523234088097524e-07,1.4560959016307606e-07,1.7402454943749035e-07,1.4490503019715106e-07,2.608022100503149e-07,1.4838012418749713e-07,2.1967757390939369e-07,1.8790558442560723e-07,1.5639082562302065e-07
525,17203200,0.0002266400000000022,2.8112528499907325,2.829962645907634,0.0,0.0,0.031962357461452484,0.06482073664665222,8.315199693242903e-07,0.0,-0.8951559066772461,1,0,0.9999974966049194,452.6172490992396,0.9999974966049194,8.876746164787619e-07,1.5133637987219117e-07,1.3459417402827967e-07,1.449221684879376e-07,1.7319753453648445e-07,1.4422121807911026e-07,2.595110402126011e-07,1.4767978484542255e-07,2.185956589073612e-07,1.8700332304888434e-07,1.556523727685999e-07
526,17235968,0.0002265000000000022,2.8140983724788198,2.829554543191879,0.0,0.0,-0.03993333503603935,0.0955047756433487,8.293575888274063e-07,0.0,-0.8970781564712524,1,0,0.9999974966049194,452.66470242613826,0.9999974966049194,8.846474770507484e-07,1.509251887910068e-07,1.3422834399534622e-07,1.4452854202318122e-07,1.7272563468395674e-07,1.438292116517914e-07,2.587708820556145e-07,1.472785129408294e-07,2.1797448823690502e-07,1.8648772481810738e-07,1.5522944352142076e-07
527,17268736,0.0002263600000000022,2.8256090069100357,2.827292304832424,0.0,0.0,-0.06516164541244507,0.10021837055683136,8.267223847724381e-07,0.0,-0.8979120254516602,1,0,0.9999974966049194,452.65984790316236,0.9999974966049194,8.80963227700704e-07,1.504238440475092e-07,1.3378257790463977e-07,1.4404857040517527e-07,1.7214924241670815e-07,1.4335158482481347e-07,2.5786948754102923e-07,1.4678940374324156e-07,2.1721767495819222e-07,1.8585744498977874e-07,1.5471350423013064e-07
528,17301504,0.00022622000000000218,2.852875421782979,2.827415685460376,0.0,0.0,-0.0071806833148002625,0.08722875267267227,8.244912805821514e-07,0.0,-0.8997083306312561,1,0,0.9999974966049194,452.69746050786034,0.9999974966049194,8.778433766565286e-07,1.4999895370237937e-07,1.3340469706690783e-07,1.4364155731527717e-07,1.7166135535262583e-07,1.4294667494141322e-07,2.5710454565341934e-07,1.4637477363521612e-07,2.1657851334566658e-07,1.8532576007146417e-07,1.5427620780883444e-07
529,17334272,0.00022608000000000217,2.8294630835116017,2.8299556810225384,0.0,0.0,0.005303714424371719,0.12560296058654785,8.241525506491598e-07,0.0,-0.9001449942588806,1,0,0.9999974966049194,452.9546833197721,0.9999974966049194,8.773713489063084e-07,1.4993430852427991e-07,1.3334721415958484e-07,1.4357978272983019e-07,1.715873736429785e-07,1.428850566753681e-07,2.5698787453620753e-07,1.4631170586199005e-07,2.1648249060035596e-07,1.8524588085711002e-07,1.5420987153902388e-07
530,17367040,0.00022594000000000216,2.826492202024964,2.8262434287672464,0.0,0.0,-0.05230414494872093,0.09523274004459381,8.237984729930758e-07,0.0,-0.8997247219085693,1,0,0.9999974966049194,453.2167410521957,0.9999974966049194,8.76875333233329e-07,1.4986711960318644e-07,1.332874575155074e-07,1.4351518018429488e-07,1.7150917130948073e-07,1.428210225640214e-07,2.568670822711283e-07,1.4624599486978695e-07,2.163807266697404e-07,1.851600472946302e-07,1.5414060783314198e-07
531,17399808,0.00022580000000000218,2.805139117181055,2.8243343373967926,0.0,0.0,0.012450162321329117,0.09988059103488922,8.224361067732389e-07,0.0,-0.9009473919868469,1,0,0.9999974966049194,453.3487164497656,0.9999974966049194,8.749723861001257e-07,1.4960737360070198e-07,1.3305643165040237e-07,1.4326656128105242e-07,1.7121175233114627e-07,1.425734836857373e-07,2.5639914724706614e-07,1.459925158542319e-07,2.1599107924430427e-07,1.8483648034361977e-07,1.538734579753509e-07
532,17432576,0.0002256600000000022,2.7357271350635006,2.8124579012283624,0.0,0.0,-0.03158009797334671,0.07169486582279205,8.196832936846477e-07,0.0,-0.9004861116409302,1,0,0.9999974966049194,453.3123565345771,0.9999974966049194,8.711325563126593e-07,1.4908309253769403e-07,1.325901735071966e-07,1.4276452020567376e-07,1.7061094581549696e-07,1.4207385845566023e-07,2.554555464939767e-07,1.4548103877132235e-07,2.152009130895749e-07,1.841812036218471e-07,1.5333422709318256e-07
533,17465344,0.0002255200000000022,2.7825684158242323,2.810103765013772,0.0,0.0,-0.01707463152706623,0.12101856619119644,8.193123903765809e-07,0.0,-0.9016922116279602,1,0,0.9999974966049194,453.56583647314903,0.9999974966049194,8.706159064786334e-07,1.4901245037890476e-07,1.325273473185007e-07,1.4269686232637468e-07,1.7053027079327876e-07,1.4200654163687432e-07,2.5532841618769453e-07,1.4541197401740646e-07,2.1509441694433917e-07,1.840926984186808e-07,1.5326156699302373e-07
534,17498112,0.00022538000000000218,2.7902638705594787,2.80734894753274,0.0,0.0,-0.015578646212816238,0.09955276548862457,8.169136549440736e-07,0.0,-0.9024441242218018,1,0,0.9999974966049194,453.5641355670179,0.9999974966049194,8.672720923641464e-07,1.4855484664622054e-07,1.3212036265031202e-07,1.4225878430806915e-07,1.7000643026676698e-07,1.4157045313822891e-07,2.545037887102808e-07,1.4496556843823782e-07,2.1440710895603843e-07,1.835250884596462e-07,1.5279091769571096e-07
535,17530880,0.00022524000000000217,2.70527314967181,2.7967509775008477,0.0,0.0,0.09426900744438171,0.2159155011177063,8.167200462594337e-07,0.0,-0.9026471376419067,1,0,0.9999974966049194,453.8267465338718,0.9999974966049194,8.670025408719084e-07,1.4851774210455915e-07,1.320873508348086e-07,1.4222324296042643e-07,1.6996395402202324e-07,1.4153508232084278e-07,2.544365713674779e-07,1.4492934496956877e-07,2.1435272401504335e-07,1.8347924424233497e-07,1.5275274733994593e-07
536,17563648,0.00022510000000000216,2.7559846512741064,2.790939605380376,0.0,0.0,0.07206791639328003,0.16748566925525665,8.151816928148037e-07,0.0,-0.9022706151008606,1,0,0.9999974966049194,453.94995832889225,0.9999974966049194,8.64858691329573e-07,1.48225396401358e-07,1.3182736324779398e-07,1.4194331754424638e-07,1.696261620054429e-07,1.4125649272500596e-07,2.539122760936152e-07,1.4464409048287052e-07,2.1391203119947022e-07,1.8310709037905326e-07,1.5245178985878738e-07
537,17596416,0.00022496000000000218,2.7689571735035194,2.7852744220397243,0.0,0.0,0.04123250022530556,0.09803244471549988,8.145645438162319e-07,0.0,-0.9012157917022705,1,0,0.9999974966049194,454.1663722537361,0.9999974966049194,8.640004693916126e-07,1.481077021026067e-07,1.317226718811071e-07,1.4183045493609825e-07,1.6949131520505034e-07,1.4114432644873887e-07,2.5370002276758896e-07,1.445290820356604e-07,2.1373706715621665e-07,1.8296134385309415e-07,1.5233072758746857e-07
538,17629184,0.00022482000000000217,2.778687531444364,2.7778556330058635,0.0,0.0,0.057827532291412354,0.06037003546953201,8.109296345537587e-07,0.0,-0.9049016833305359,1,0,0.9999974966049194,454.016083418046,0.9999974966049194,8.589429398853099e-07,1.4741452503130859e-07,1.3110620500356163e-07,1.4116666591235116e-07,1.6869675789621397e-07,1.4048374907815742e-07,2.524517412894056e-07,1.4385281588147336e-07,2.126939619984114e-07,1.8209965446658316e-07,1.5161764110871445e-07
539,17661952,0.00022468000000000217,2.7630546948377432,2.7712147941384777,0.0,0.0,0.0399419330060482,0.07697565853595734,8.073114372564305e-07,0.0,-0.9065696001052856,1,0,0.9999974966049194,453.8558183745774,0.9999974966049194,8.539142299923697e-07,1.4672376380531205e-07,1.3049184133251401e-07,1.4050517904706794e-07,1.6790579593362054e-07,1.3982545965518511e-07,2.512081778149877e-07,1.4317859609036532e-07,2.1165996599847858e-07,1.8123894562904752e-07,1.5090718363808264e-07
540,17694720,0.00022454000000000216,2.7224459216933683,2.760810166105318,0.0,0.0,-0.06177131459116936,0.1414947509765625,8.058796652221645e-07,0.0,-0.9053354263305664,1,0,0.9999974966049194,453.9656754530041,0.9999974966049194,8.519311904819915e-07,1.4645031853888213e-07,1.3024866518662748e-07,1.4024332983808563e-07,1.6759271659338992e-07,1.3956487521227245e-07,2.5071656750697e-07,1.4291177308223268e-07,2.1125059390669776e-07,1.8089841091750714e-07,1.506259508232688e-07
541,17727488,0.00022440000000000215,2.813559813120264,2.7616522356992386,0.0,0.0,0.12172669172286987,0.15462937951087952,8.056410365497868e-07,0.0,-0.9045066833496094,1,0,0.9999974966049194,454.2312183836828,0.9999974966049194,8.515997365066141e-07,1.4640465906268219e-07,1.3020805056385143e-07,1.401994609295798e-07,1.6754030696120026e-07,1.395213615751345e-07,2.5063431507987843e-07,1.428672078418458e-07,2.1118169968303846e-07,1.8084149644437275e-07,1.505788418398879e-07
542,17760256,0.00022426000000000214,2.821166710154424,2.7701961932083305,0.0,0.0,-0.10095754265785217,0.12103552371263504,8.050130304582126e-07,0.0,-0.9052261710166931,1,0,0.9999974966049194,454.4467888744245,0.9999974966049194,8.507279858349648e-07,1.462846341837576e-07,1.3010129862323083e-07,1.4008479354288284e-07,1.6740312958063441e-07,1.3940696419467713e-07,2.504183385099168e-07,1.4275022408583027e-07,2.1100274238960992e-07,1.8069238194584614e-07,1.5045569057292596e-07
543,17793024,0.00022412000000000213,2.7852344215581146,2.7704627937817192,0.0,0.0,0.013472989201545715,0.051994651556015015,8.012285661607166e-07,0.0,-0.906551718711853,1,0,0.9999974966049194,454.2908512694407,0.9999974966049194,8.454803150925727e-07,1.455636322589271e-07,1.294601901236092e-07,1.3939420284714288e-07,1.6657484991355886e-07,1.3872001147774426e-07,2.491232464763016e-07,1.420466304580259e-07,2.0991869575937017e-07,1.7978565836074267e-07,1.4971384132422827e-07
544,17825792,0.00022398000000000212,2.8021526919722795,2.771651675922999,0.0,0.0,0.09084559977054596,0.07172100991010666,7.988155061866564e-07,0.0,-0.9070107340812683,1,0,0.9999974966049194,454.28461410783933,0.9999974966049194,8.421391726187721e-07,1.4510291634906025e-07,1.290504485496058e-07,1.3895304107336415e-07,1.6604732877567585e-07,1.3828095291046338e-07,2.4829404310366954e-07,1.4159705585825577e-07,2.0922836085901508e-07,1.7921185246905225e-07,1.492400087954593e-07
545,17858560,0.0002238400000000021,2.765957498028392,2.7777201107586573,0.0,0.0,0.01210876926779747,0.09509818255901337,7.976058782332984e-07,0.0,-0.9075531959533691,1,0,0.9999974966049194,454.4142053568833,0.9999974966049194,8.404670666095626e-07,1.448715920560062e-07,1.288447037950391e-07,1.3873165016775602e-07,1.6578275108258822e-07,1.3806049992126646e-07,2.4787692609606893e-07,1.413713164311048e-07,2.0888585083866928e-07,1.789252905837202e-07,1.4900207645496266e-07
546,17891328,0.0002237000000000021,2.7734764224408144,2.779469287875328,0.0,0.0,0.06357336789369583,0.07319439202547073,7.970661499712151e-07,0.0,-0.9070919752120972,1,0,0.9999974966049194,454.63515524820065,0.9999974966049194,8.397204283028259e-07,1.4476815124453424e-07,1.2875270272161288e-07,1.386324584018439e-07,1.6566421834340872e-07,1.3796193343296181e-07,2.4769025230853003e-07,1.41270362519208e-07,2.0873251571629226e-07,1.7879753499983053e-07,1.4889567978570994e-07
547,17924096,0.00022356000000000212,2.725347163306685,2.7751082868556454,0.0,0.0,-0.053044021129608154,0.10415918380022049,7.959094432408165e-07,0.0,-0.9070963859558105,1,0,0.9999974966049194,454.7765043036378,0.9999974966049194,8.38118694446166e-07,1.4454714403200342e-07,1.285561381791922e-07,1.384208161425704e-07,1.6541085301469138e-07,1.377513143552278e-07,2.4729277470214583e-07,1.410546985880501e-07,2.084017296510865e-07,1.785223844308348e-07,1.4866836295368557e-07
548,17956864,0.00022342000000000214,2.7872560791478076,2.7759651416259894,0.0,0.0,-0.06944074481725693,0.037767454981803894,7.948553957248805e-07,0.0,-0.9063727259635925,1,0,0.9999974966049194,454.94923252118605,0.9999974966049194,8.366620818378578e-07,1.443464299200059e-07,1.28377763530807e-07,1.3822874223023973e-07,1.6517975609531277e-07,1.3756017835930834e-07,2.4693315481272293e-07,1.408589724860576e-07,2.0809945056043944e-07,1.7826921805408347e-07,1.4846193607809255e-07
549,17989632,0.00022328000000000213,2.6117444378173134,2.7608341159239465,0.0,0.0,-0.02868453413248062,0.6577898263931274,7.945610605020192e-07,0.0,-0.9056322574615479,1,0,0.9999974966049194,455.20329464400174,0.9999974966049194,8.362551966456522e-07,1.4429028283302614e-07,1.2832781237648305e-07,1.381749683559974e-07,1.6511549461029063e-07,1.375066602804509e-07,2.468318882620224e-07,1.408041754302758e-07,2.0801591915642348e-07,1.7819986908307328e-07,1.4840418316452997e-07
550,18022400,0.00022314000000000212,2.7120134767900925,2.7597908714336183,0.0,0.0,-0.005781721323728561,0.12896929681301117,7.885324180278985e-07,0.0,-0.9001621007919312,1,0,0.999997615814209,455.05104504403545,0.999997615814209,8.312143791044946e-07,1.4359514466377732e-07,1.2770934176842275e-07,1.3750930349942792e-07,1.643179814436735e-07,1.3684393707080744e-07,2.4558255518059013e-07,1.4012569238275319e-07,2.0697093816579581e-07,1.7733002266595577e-07,1.4768895084671385e-07
551,18055168,0.00022300000000000211,2.5788877812503905,2.736323668246631,0.0,0.0,0.008382534608244896,0.17658495903015137,7.879839927227295e-07,0.0,-0.898992121219635,1,0,0.999997615814209,455.2746585978665,0.999997615814209,8.304600100927928e-07,1.4349028276683384e-07,1.276160901397816e-07,1.3740887538915558e-07,1.6419799919731304e-07,1.3674399212959543e-07,2.453936076562968e-07,1.4002337422880373e-07,2.0681525825239078e-07,1.772000217670211e-07,1.4758109045942547e-07
552,18087936,0.0002228600000000021,2.6954258068248853,2.7237495779136776,0.0,0.0,-0.025628725066781044,0.1180238276720047,7.872129117458826e-07,0.0,-0.9002214670181274,1,0,0.999997615814209,455.46602791667755,0.999997615814209,8.293946507365035e-07,1.4334243303437688e-07,1.2748471078793955e-07,1.3726729264362802e-07,1.640289610804757e-07,1.3660321940278664e-07,2.4512721097380563e-07,1.3987923352942744e-07,2.0659564370362204e-07,1.7701709964512702e-07,1.4742916221166524e-07
553,18120704,0.00022272000000000212,2.7468650988897054,2.719912645646837,0.0,0.0,0.17151953279972076,0.09675531089305878,7.86411078479432e-07,0.0,-0.9005410671234131,1,0,0.999997615814209,455.6605072848419,0.999997615814209,8.282904104817135e-07,1.4318982266559033e-07,1.2734909660139238e-07,1.371211482137369e-07,1.6385401124807686e-07,1.364579134133237e-07,2.4485314042976825e-07,1.3973030377201212e-07,2.0636605313484324e-07,1.7682660313766974e-07,1.47272345429883e-07
554,18153472,0.00022258000000000211,2.8262253509275346,2.722319911542362,0.0,0.0,0.021511442959308624,0.04763457924127579,7.860878667997895e-07,0.0,-0.9016911387443542,1,0,0.999997615814209,455.91094763056753,0.999997615814209,8.278434506792109e-07,1.4312796281501505e-07,1.272939726959521e-07,1.3706191737128393e-07,1.6378324119159515e-07,1.3639885310112732e-07,2.447415567985445e-07,1.3966995027203666e-07,2.0627416574825475e-07,1.7675006347417366e-07,1.4720858132477588e-07
555,18186240,0.0002224400000000021,2.8436474335538127,2.7300889050949038,0.0,0.0,-0.020146869122982025,0.07752658426761627,7.825078114365169e-07,0.0,-0.9011025428771973,1,0,0.999997615814209,455.759911038517,0.999997615814209,8.229050081354217e-07,1.42444662287744e-07,1.266862597049112e-07,1.3640756435506773e-07,1.629985320050764e-07,1.3574766910551261e-07,2.4351442107217736e-07,1.3900314854708995e-07,2.052496625992717e-07,1.7589751166724454e-07,1.4650579771569028e-07
556,18219008,0.00022230000000000212,2.8278299791744153,2.735524260768264,0.0,0.0,0.07701075077056885,0.08085078746080399,7.815028766344767e-07,0.0,-0.90105140209198,1,0,0.999997615814209,455.91834641913533,0.999997615814209,8.215202456085535e-07,1.422522899474643e-07,1.265151894358496e-07,1.3622334904539457e-07,1.6277840586553793e-07,1.355643490796865e-07,2.4316815938618674e-07,1.388153094694644e-07,2.049627028100076e-07,1.7565915300110646e-07,1.4630795419634524e-07
557,18251776,0.00022216000000000211,2.744247185410326,2.7374142629786284,0.0,0.0,0.061130374670028687,0.3381063938140869,7.813217735019862e-07,0.0,-0.9009590148925781,1,0,0.999997615814209,456.18587871935546,0.999997615814209,8.212718967115507e-07,1.4221784283563466e-07,1.2648440872453648e-07,1.3619036565160059e-07,1.627388286351561e-07,1.3553137989674724e-07,2.431060295293719e-07,1.3878168658720824e-07,2.0491130214850273e-07,1.756162788524307e-07,1.4627237021613837e-07
558,18284544,0.0002220200000000021,2.7762192732087705,2.736310582384725,0.0,0.0,0.050542715936899185,0.09106041491031647,7.772802064209827e-07,0.0,-0.9004162549972534,1,0,0.999997615814209,456.03093580296417,0.999997615814209,8.157009574460972e-07,1.414487371675932e-07,1.258018471617106e-07,1.3545475496812287e-07,1.6184176843125897e-07,1.347995919331879e-07,2.4173343149413995e-07,1.3803182241645118e-07,2.0375631493152468e-07,1.7463690937802312e-07,1.454791345167905e-07
559,18317312,0.0002218800000000021,2.828469739746069,2.7579831125776,0.0,0.0,0.023765310645103455,0.0671057403087616,7.735683880127908e-07,0.0,-0.9008293151855469,1,0,0.999997615814209,455.8788354718001,0.999997615814209,8.105944857561553e-07,1.4074149135012703e-07,1.2517305947312707e-07,1.347776077409435e-07,1.6102765698633448e-07,1.3412572741344775e-07,2.404660790489288e-07,1.3734178594404511e-07,2.026905718821581e-07,1.7374681249293644e-07,1.447514677010986e-07
560,18350080,0.0002217400000000021,2.83963508367742,2.770745273266333,0.0,0.0,-0.03284633159637451,0.041766464710235596,7.717696348663594e-07,0.0,-0.9012756943702698,1,0,0.999997615814209,455.93226775437176,0.999997615814209,8.081245255198155e-07,1.4039750340089086e-07,1.248671281928182e-07,1.3444832802633755e-07,1.6063407315414224e-07,1.3379805352542462e-07,2.398472247477912e-07,1.3700612555567204e-07,2.0217780161146948e-07,1.7332067159259168e-07,1.443979442683485e-07
561,18382848,0.00022160000000000208,2.8123911477024848,2.7940956099115426,0.0,0.0,0.030839378014206886,0.055661335587501526,7.711682314948121e-07,0.0,-0.902442991733551,1,0,0.999997615814209,456.1360056343331,0.999997615814209,8.073002959463338e-07,1.4028240968855243e-07,1.2476475319544988e-07,1.34337980739474e-07,1.605022248440946e-07,1.3368821782933082e-07,2.3964005890775297e-07,1.3689378874914837e-07,2.0200782557822095e-07,1.7317807987637934e-07,1.4427943995087844e-07
562,18415616,0.00022146000000000207,2.840594833958493,2.8086125126249035,0.0,0.0,-0.003442477434873581,0.036408208310604095,7.68462712130713e-07,0.0,-0.8998708128929138,1,0,0.999997615814209,456.07828981706115,0.999997615814209,8.035879091039533e-07,1.3976509194435494e-07,1.243046625631905e-07,1.3384259034410206e-07,1.599088221837519e-07,1.3319521485755104e-07,2.3871149323895224e-07,1.3638896234624553e-07,2.0123465560573095e-07,1.725332055002582e-07,1.4374735712863185e-07
563,18448384,0.00022132000000000206,2.813151949514328,2.8152411976873655,0.0,0.0,0.038595300167798996,0.032768990844488144,7.669163437640236e-07,0.0,-0.9034830331802368,1,0,0.999997615814209,456.16036274750564,0.999997615814209,8.014702075342939e-07,1.3946922194918443e-07,1.240415201664291e-07,1.3355925432279037e-07,1.5956955223828118e-07,1.3291327150000143e-07,2.3817915462132078e-07,1.361002546218515e-07,2.0079700391306687e-07,1.7216568437561364e-07,1.4344307430746994e-07
564,18481152,0.00022118000000000205,2.7664779554012373,2.8092664581347355,0.0,0.0,0.003771187737584114,0.1360291987657547,7.663699079785147e-07,0.0,-0.9021255970001221,1,0,0.999997615814209,456.3738024423345,0.999997615814209,8.007191922843049e-07,1.3936445952822396e-07,1.2394835380291624e-07,1.3345905358619348e-07,1.5944968367875845e-07,1.3281355393246486e-07,2.3799161397164426e-07,1.359980075221756e-07,2.0063966132966016e-07,1.7203518609676394e-07,1.4333546971556643e-07
565,18513920,0.00022104000000000204,2.8301498673144163,2.807916701510796,0.0,0.0,0.04422812908887863,0.06018676608800888,7.635383099113824e-07,0.0,-0.9017762541770935,1,0,0.999997615814209,456.29124719083507,0.999997615814209,7.968463364704803e-07,1.3882285543331818e-07,1.2346664846063504e-07,1.3294040002165275e-07,1.5882835668890039e-07,1.32297401478354e-07,2.3701808515852463e-07,1.3546949162446253e-07,1.998345453557704e-07,1.713617194809558e-07,1.4277827631303808e-07
566,18546688,0.00022090000000000204,2.8435701781205394,2.8094907214054086,0.0,0.0,-0.04655382037162781,0.037897080183029175,7.628218554600608e-07,0.0,-0.9032415151596069,1,0,0.999997615814209,456.48541307050573,0.999997615814209,7.958635706017958e-07,1.3868549331164104e-07,1.2334447774264845e-07,1.3280886435040884e-07,1.5867119884660497e-07,1.3216650529557228e-07,2.3677138472066872e-07,1.3533545484278875e-07,1.996309606511204e-07,1.7119086237471492e-07,1.4263700620631425e-07
567,18579456,0.00022076000000000203,2.820035185197687,2.8170695213841443,0.0,0.0,-0.007205698639154434,0.057041510939598083,7.608142027493159e-07,0.0,-0.9004671573638916,1,0,0.999997615814209,456.50603893845255,0.999997615814209,7.9311996614706e-07,1.383015444389457e-07,1.2300300511469686e-07,1.3244105900866998e-07,1.5823115973034874e-07,1.3180047631067282e-07,2.3608097876604006e-07,1.3496077144736773e-07,1.9906023851490318e-07,1.7071350555397657e-07,1.4224198707779578e-07
568,18612224,0.00022062000000000202,2.8465593273415264,2.82410352679742,0.0,0.0,0.021907083690166473,0.04350641369819641,7.580470651191717e-07,0.0,-0.8998150825500488,1,0,0.999997615814209,456.440770905852,0.999997615814209,7.89334308137768e-07,1.377723464202063e-07,1.2253234160652937e-07,1.3193439940550888e-07,1.5762437044486433e-07,1.3129627518537745e-07,2.3513258895491163e-07,1.344443489870173e-07,1.9826771335829108e-07,1.700534681958743e-07,1.4169798134844314e-07
569,18644992,0.00022048000000000204,2.8159903262623773,2.8228555854490507,0.0,0.0,0.042003147304058075,0.05184309184551239,7.563401709376194e-07,0.0,-0.9028060436248779,1,0,0.999997615814209,456.4967161192724,0.999997615814209,7.870042395552446e-07,1.374458236114151e-07,1.2224195700127893e-07,1.31621732180065e-07,1.572508097069658e-07,1.309851143105334e-07,2.3454556696833606e-07,1.3412572741344775e-07,1.9778160265104816e-07,1.696485156799099e-07,1.413621646406682e-07
570,18677760,0.00022034000000000203,2.7967876957289293,2.8185708466542017,0.0,0.0,-0.05630809813737869,0.05715318024158478,7.531022561124701e-07,0.0,-0.9022083878517151,1,0,0.999997615814209,456.34110354197736,0.999997615814209,7.825906322977971e-07,1.368256619116437e-07,1.2169040530807251e-07,1.3102770424211485e-07,1.565408211945396e-07,1.303939569652357e-07,2.3343183386259625e-07,1.3352055816540087e-07,1.9686140717567469e-07,1.6888077425392112e-07,1.4072405463139148e-07
571,18710528,0.00022020000000000202,2.8158449804517347,2.818916229929127,0.0,0.0,0.08933070302009583,0.09440146386623383,7.509834176744334e-07,0.0,-0.903465747833252,1,0,0.999997615814209,456.3235788529436,0.999997615814209,7.79704635078815e-07,1.3641862040003616e-07,1.2132838378420274e-07,1.30638042605824e-07,1.5607514569637715e-07,1.3000618537262199e-07,2.32701239610833e-07,1.3312335056525626e-07,1.962649207598588e-07,1.683770989302502e-07,1.4030568706857593e-07
572,18743296,0.00022006000000000204,2.8433909789125913,2.819195844424537,0.0,0.0,0.10268478095531464,0.0774863064289093,7.50316303310683e-07,0.0,-0.9015946984291077,1,0,0.999997615814209,456.5092363355443,0.999997615814209,7.787965046190948e-07,1.3629066586418048e-07,1.212145832596434e-07,1.305153887187771e-07,1.5592858915169927e-07,1.298841141306184e-07,2.3247055480624113e-07,1.3299847978487378e-07,1.9607783485753316e-07,1.6821884685214172e-07,1.4017381033681886e-07
573,18776064,0.00021992000000000206,2.8506241102982903,2.822943060502933,0.0,0.0,0.01822861284017563,0.05015689134597778,7.499613161598973e-07,0.0,-0.901258111000061,1,0,0.999997615814209,456.737821202438,0.999997615814209,7.783131650285213e-07,1.3622231165300036e-07,1.2115378922317177e-07,1.3044993352195888e-07,1.5585054313760338e-07,1.2981897157260391e-07,2.323473182741509e-07,1.3293177403284062e-07,1.9597894151957007e-07,1.6813464753795415e-07,1.401036513470899e-07
574,18808832,0.00021978000000000205,2.85265250541614,2.8315605155044232,0.0,0.0,-0.09308146685361862,0.032154083251953125,7.491837550333003e-07,0.0,-0.9015377163887024,1,0,0.999997615814209,456.9095197826029,0.999997615814209,7.772546837259142e-07,1.3607274240712286e-07,1.2102074720132805e-07,1.3030681600412208e-07,1.5567941602512292e-07,1.2967656459750287e-07,2.3207869048746943e-07,1.3278581434406078e-07,1.9576039278490498e-07,1.6795019064375083e-07,1.3994994674249028e-07
575,18841600,0.00021964000000000204,2.8209111628509476,2.830636645058076,0.0,0.0,0.1015845239162445,0.05329759791493416,7.489927611459279e-07,0.0,-0.9011898040771484,1,0,0.999997615814209,457.1605717267876,0.999997615814209,7.769960461700975e-07,1.3603614945623121e-07,1.2098820434403024e-07,1.302717862472491e-07,1.5563755084713193e-07,1.2964169116003177e-07,2.3201296528441162e-07,1.327501166770162e-07,1.9570681786262867e-07,1.6790504275832063e-07,1.3991231639920443e-07
576,18874368,0.00021950000000000203,2.8555067414805055,2.831830301394073,0.0,0.0,0.05539654195308685,0.050897762179374695,7.4868279398288e-07,0.0,-0.8998641967773438,1,0,0.999997615814209,457.39817204739313,0.999997615814209,7.765737564113806e-07,1.3597674808352167e-07,1.2093536838619912e-07,1.3021490019582416e-07,1.5556958032902912e-07,1.295850751148464e-07,2.3190611386780802e-07,1.3269213638977817e-07,1.9561856845484726e-07,1.678317147479902e-07,1.3985120972392906e-07
577,18907136,0.00021936000000000202,2.8403205023791855,2.8338588331122225,0.0,0.0,-0.010940413922071457,0.048480838537216187,7.486297590730828e-07,0.0,-0.8997554183006287,1,0,0.999997615814209,457.66919947724654,0.999997615814209,7.765011673654953e-07,1.35966502057272e-07,1.2092627343918139e-07,1.3020508049521595e-07,1.5555771426534193e-07,1.2957531225765706e-07,2.3188754028069525e-07,1.3268214615891338e-07,1.956034481054303e-07,1.6781889655703708e-07,1.3984055158289266e-07
578,18939904,0.000219220000000002,2.8053318682138055,2.829736087199451,0.0,0.0,-0.07352516055107117,0.06329913437366486,7.483821491405251e-07,0.0,-0.900783360004425,1,0,0.999997615814209,457.9079970777603,0.999997615814209,7.761658480376354e-07,1.3591892411568551e-07,1.2088395351383951e-07,1.3015952049499901e-07,1.5550342880032986e-07,1.2952997963111557e-07,2.3180174935077957e-07,1.3263571929655882e-07,1.9553482388801058e-07,1.6776033362475573e-07,1.3979175150780065e-07
579,18972672,0.000219080000000002,2.842589100315544,2.832395964604767,0.0,0.0,0.022373922169208527,0.05150855332612991,7.481704642486875e-07,0.0,-0.9014847278594971,1,0,0.999997615814209,458.15170443491627,0.999997615814209,7.758771971566603e-07,1.3587822422778117e-07,1.208477584668799e-07,1.301204264336775e-07,1.55456717720881e-07,1.2949105610005063e-07,2.3172813712335483e-07,1.3259599995762983e-07,1.9547550778042933e-07,1.6770978561453376e-07,1.397496305344248e-07
580,19005440,0.000218940000000002,2.8344784616450474,2.8361650411963795,0.0,0.0,0.10019919276237488,0.09360289573669434,7.47338788187335e-07,0.0,-0.9021086692810059,1,0,0.999997615814209,458.32387950825125,0.999997615814209,7.747474342068017e-07,1.3571917634180863e-07,1.207063178298995e-07,1.2996811449283996e-07,1.5527372454471333e-07,1.29339497334513e-07,2.3144325211887917e-07,1.324408032132851e-07,1.9523835703694203e-07,1.6751125997416239e-07,1.3958619149434526e-07
581,19038208,0.00021880000000000198,2.8517787890215525,2.839758422053361,0.0,0.0,-0.053037483245134354,0.05466829240322113,7.465470730494417e-07,0.0,-0.9026694297790527,1,0,0.999997615814209,458.4869368971838,0.999997615814209,7.736716725048609e-07,1.355670633529371e-07,1.2057101628215605e-07,1.2982245323200914e-07,1.5509968420701625e-07,1.2919453240556322e-07,2.311699347501417e-07,1.322923566249301e-07,1.9501560188928124e-07,1.6732349195081042e-07,1.3942972998393088e-07
582,19070976,0.00021866000000000198,2.8029671884920684,2.835716043011309,0.0,0.0,-0.07301657646894455,0.08922022581100464,7.456702633135137e-07,0.0,-0.9027407765388489,1,0,0.999997615814209,458.63888581827723,0.999997615814209,7.724780175522028e-07,1.3539882104396384e-07,1.204214044037144e-07,1.296613447721029e-07,1.5490721239075356e-07,1.2903420554266631e-07,2.3086766987034935e-07,1.321281928312601e-07,1.947669119317652e-07,1.6711521766410442e-07,1.392567128277733e-07
583,19103744,0.00021852000000000197,2.830974973327002,2.83375112931418,0.0,0.0,0.10908995568752289,0.04897700250148773,7.453020884895523e-07,0.0,-0.9023645520210266,1,0,0.999997615814209,458.8618262793479,0.999997615814209,7.719809786976839e-07,1.3532834941543115e-07,1.2035870611271093e-07,1.295938574230604e-07,1.5482642368169763e-07,1.2896703083242755e-07,2.3074107957654633e-07,1.320593980835838e-07,1.9466385481337056e-07,1.670280624921361e-07,1.391840811493239e-07
584,19136512,0.00021838000000000196,2.853258086655876,2.8338116874381534,0.0,0.0,-0.005637031979858875,0.043574802577495575,7.397695185318298e-07,0.0,-0.903677761554718,1,0,0.9999977350234985,458.7094428062133,0.9999977350234985,7.677021471863554e-07,1.3472391913182946e-07,1.1982113790054427e-07,1.2901514878649323e-07,1.5413446874390502e-07,1.283911501559487e-07,2.29657061368016e-07,1.3146957655862934e-07,1.9377094417905028e-07,1.662796620394147e-07,1.3856269731604698e-07
585,19169280,0.00021824000000000198,2.859507533567736,2.8376713245098326,0.0,0.0,-0.00836323481053114,0.04572482407093048,7.374644042101863e-07,0.0,-0.9036030769348145,1,0,0.9999977350234985,458.64554553731705,0.9999977350234985,7.645780328857654e-07,1.3428036993445858e-07,1.1942664457365026e-07,1.2859040054991056e-07,1.5362701333287987e-07,1.279684340715903e-07,2.288653746518321e-07,1.310367139240043e-07,1.9312486188027833e-07,1.6573221728322096e-07,1.3810648624712485e-07
586,19202048,0.000218100000000002,2.865506583040753,2.838671308665857,0.0,0.0,-0.04237756505608559,0.04380097985267639,7.364141083598952e-07,0.0,-0.904674232006073,1,0,0.9999977350234985,458.7672401158606,0.9999977350234985,7.631581979694602e-07,1.34078561586648e-07,1.1924716147859726e-07,1.2839714713663852e-07,1.533961437871767e-07,1.2777611857472948e-07,2.2850552738873375e-07,1.3083979411021573e-07,1.9282985874724545e-07,1.6548298731322575e-07,1.378988230271716e-07
587,19234816,0.00021796000000000199,2.8645023429336214,2.841089492721301,0.0,0.0,-0.019713301211595535,0.037443287670612335,7.359938081208384e-07,0.0,-0.9035581350326538,1,0,0.9999977350234985,458.9805884128083,0.9999977350234985,7.625863531757204e-07,1.339975312930619e-07,1.1917508402348176e-07,1.283195416590388e-07,1.5330341796016e-07,1.2769888257935236e-07,2.2835978086277464e-07,1.3076071070372564e-07,1.9271237761131488e-07,1.6538297131774016e-07,1.3781546215341223e-07
588,19267584,0.00021782000000000198,2.859508752285571,2.8465071811284774,0.0,0.0,0.09577961266040802,0.05145694315433502,7.356323408203025e-07,0.0,-0.9030003547668457,1,0,0.9999977350234985,459.1987726123981,0.9999977350234985,7.620956239406951e-07,1.339278838941027e-07,1.1911316022406027e-07,1.2825273643102264e-07,1.5322375190862658e-07,1.2763240420099464e-07,2.2823611800504295e-07,1.3069276860733225e-07,1.9261077000010118e-07,1.652967256404736e-07,1.377437257588099e-07
589,19300352,0.00021768000000000197,2.862836888952663,2.848531959992189,0.0,0.0,0.018473386764526367,0.042679719626903534,7.355464504144038e-07,0.0,-0.902888298034668,1,0,0.9999977350234985,459.45733019859676,0.9999977350234985,7.619814823556226e-07,1.3391154141118022e-07,1.1909862251968661e-07,1.282370760691265e-07,1.532050646346761e-07,1.2761682910422678e-07,2.2820694312031264e-07,1.3067680981748708e-07,1.9258744998751354e-07,1.6527670254617988e-07,1.3772704221537424e-07
590,19333120,0.00021754000000000199,2.8671225728294814,2.8517963711106327,0.0,0.0,-0.06742783635854721,0.04235811531543732,7.3257621124867e-07,0.0,-0.9018329381942749,1,0,0.9999977350234985,459.3064889549019,0.9999977350234985,7.5795833254233e-07,1.3334037873846682e-07,1.1859062709618229e-07,1.2769011448199308e-07,1.5255160690230696e-07,1.2707252494692511e-07,2.2718417369560484e-07,1.3011944588470215e-07,1.9175175225427665e-07,1.645711336095701e-07,1.3713960811401193e-07
591,19365888,0.00021740000000000198,2.8488287478348937,2.8515013669919664,0.0,0.0,0.058208007365465164,0.1392858922481537,7.321223165490665e-07,0.0,-0.9012303352355957,1,0,0.9999977350234985,459.51256180570306,0.9999977350234985,7.573427183160675e-07,1.3325316672307963e-07,1.1851307135657407e-07,1.2760659728883184e-07,1.5245183249135152e-07,1.269894056576959e-07,2.270273711246773e-07,1.3003435128666752e-07,1.9162361297730968e-07,1.6446301742689684e-07,1.3704990919904958e-07
592,19398656,0.00021726000000000197,2.8488887924528443,2.8560935273880443,0.0,0.0,-0.08091528713703156,0.05474101006984711,7.317334507206397e-07,0.0,-0.9017574787139893,1,0,0.9999977350234985,459.7256424444669,0.9999977350234985,7.56818565150752e-07,1.3317847447069653e-07,1.1844662850535315e-07,1.2753507405705022e-07,1.5236621209169243e-07,1.2691822348642745e-07,2.2689296486078092e-07,1.2996143539112381e-07,1.9151525521010626e-07,1.6437066108210274e-07,1.3697294320991205e-07
593,19431424,0.000217120000000002,2.8112138917658394,2.854117419231928,0.0,0.0,0.02255849912762642,0.055902279913425446,7.316464234463638e-07,0.0,-0.9019548892974854,1,0,0.9999977350234985,459.97686180694814,0.9999977350234985,7.567008992737101e-07,1.331617056621326e-07,1.184317213187569e-07,1.2751901579122205e-07,1.5234718375722878e-07,1.2690223627487285e-07,2.2686289469220355e-07,1.2994509290820133e-07,1.9149115360050928e-07,1.64350140607894e-07,1.3695583334083494e-07
594,19464192,0.00021698000000000198,2.85187196970967,2.853978807537307,0.0,0.0,-0.014334510080516338,0.04260007292032242,7.314115464396309e-07,0.0,-0.9018212556838989,1,0,0.9999977350234985,460.21109232423225,0.9999977350234985,7.563820645373198e-07,1.3311650093328353e-07,1.1839151881076759e-07,1.2747584321459726e-07,1.5229547045692016e-07,1.268592910719235e-07,2.2678155175981374e-07,1.2990098241516534e-07,1.9142542839745147e-07,1.6429450511168397e-07,1.3690947753275395e-07
595,19496960,0.000216840000000002,2.8464829801110696,2.852676352191641,0.0,0.0,-0.06134037673473358,0.04074537009000778,7.29795146980905e-07,0.0,-0.9017784595489502,1,0,0.9999977350234985,460.25562003300774,0.9999977350234985,7.541937065980164e-07,1.3280634902912425e-07,1.1811567901531816e-07,1.2717872266421182e-07,1.519404833061344e-07,1.2656359160700958e-07,2.262259641838682e-07,1.2959830542058626e-07,1.9096830783382757e-07,1.6391030044360377e-07,1.3659034436841466e-07
596,19529728,0.000216700000000002,2.823410148630887,2.848466708750654,0.0,0.0,0.07135911285877228,0.07313453406095505,7.293511430361832e-07,0.0,-0.9018070101737976,1,0,0.9999977350234985,460.4615682536014,0.9999977350234985,7.535933832514274e-07,1.3272088494886702e-07,1.1803966515344655e-07,1.270969960387447e-07,1.5184271262569382e-07,1.2648226288547448e-07,2.26072188524995e-07,1.2951491612511745e-07,1.9084323810147907e-07,1.6380481326905283e-07,1.3650245023200114e-07
597,19562496,0.000216560000000002,2.8572344783211827,2.8477399222894104,0.0,0.0,0.08073621243238449,0.06731066107749939,7.26889084035065e-07,0.0,-0.9062127470970154,1,0,0.9999977350234985,460.3788922512467,0.9999977350234985,7.502696348637983e-07,1.3224746453488478e-07,1.1761861884451719e-07,1.2664351345392788e-07,1.513010658982239e-07,1.2603096877228381e-07,2.25223473648839e-07,1.2905293544918095e-07,1.9015233476693538e-07,1.6322003659752227e-07,1.3601552950603946e-07
598,19595264,0.00021642000000000202,2.865007422658657,2.8482897893267185,0.0,0.0,-0.020282795652747154,0.06738445162773132,7.264700343512231e-07,0.0,-0.9056902527809143,1,0,0.9999977350234985,460.5848242760301,0.9999977350234985,7.497039291592955e-07,1.3216677530181187e-07,1.1754684692277806e-07,1.2656624903684133e-07,1.512086100774468e-07,1.2595405962656514e-07,2.2507853714159864e-07,1.2897419310320402e-07,1.900352231132274e-07,1.6312046113853285e-07,1.3593241021681024e-07
599,19628032,0.00021628000000000202,2.861846427197731,2.8481907431512257,0.0,0.0,-0.0014686547219753265,0.045002635568380356,7.259930612235621e-07,0.0,-0.9047993421554565,1,0,0.9999977350234985,460.78326733371955,0.9999977350234985,7.490614279959118e-07,1.3207503002377052e-07,1.1746526951128544e-07,1.2647839753299195e-07,1.5110366291537503e-07,1.2586664865921193e-07,2.2491460072160407e-07,1.2888467892935296e-07,1.8990205319369124e-07,1.6300724325901683e-07,1.3583807856321073e-07
600,19660800,0.00021614000000000203,2.849504285606085,2.8464289144288855,0.0,0.0,0.006994910538196564,0.050539277493953705,7.247535336318833e-07,0.0,-0.9061604142189026,1,0,0.9999977350234985,460.8656954095271,0.9999977350234985,7.473901746379852e-07,1.3183567659780238e-07,1.1725239090765172e-07,1.262493185549829e-07,1.508301181729621e-07,1.2563867812787066e-07,2.2448986669587612e-07,1.286511093212539e-07,1.895550099106913e-07,1.627118280111972e-07,1.3559215972236416e-07
601,19693568,0.00021600000000000202,2.8671070596118637,2.848256745606583,0.0,0.0,0.01869911327958107,0.04349293187260628,7.228271670101094e-07,0.0,-0.9063934087753296,1,0,0.9999977350234985,460.846188833195,0.9999977350234985,7.447931693604914e-07,1.3146456012691488e-07,1.1692231538518172e-07,1.2589377718086325e-07,1.5040522782783228e-07,1.2528487047802628e-07,2.238271719079421e-07,1.2828894568883698e-07,1.890150826966419e-07,1.6225378374201682e-07,1.3521020036932896e-07
602,19726336,0.00021586000000000202,2.8405851645219733,2.847426382813496,0.0,0.0,0.029488250613212585,0.07662670314311981,7.225359013318666e-07,0.0,-0.9074538946151733,1,0,0.9999977350234985,461.07200853651574,0.9999977350234985,7.443997560585558e-07,1.3140865462446527e-07,1.1687259160453323e-07,1.258402448911511e-07,1.503414068793063e-07,1.2523159398369899e-07,2.2372708485818293e-07,1.2823439021758531e-07,1.8893165076860896e-07,1.6218447740357078e-07,1.351528311488437e-07
603,19759104,0.000215720000000002,2.84794221515898,2.85109921515281,0.0,0.0,0.06646417081356049,0.08377273380756378,7.200565619314148e-07,0.0,-0.9066188931465149,1,0,0.9999977350234985,460.9692229026826,0.9999977350234985,7.410593525492004e-07,1.3093153938825708e-07,1.1644826258816465e-07,1.2538335170120263e-07,1.497955679496954e-07,1.2477690347623138e-07,2.228754567568103e-07,1.2776881419540587e-07,1.882381468476524e-07,1.6159562221673696e-07,1.3466213033552776e-07
604,19791872,0.000215580000000002,2.843060144619157,2.8502180326437587,0.0,0.0,0.018940284848213196,0.10442078113555908,7.169963964770432e-07,0.0,-0.9061770439147949,1,0,0.9999978542327881,461.1280118109135,0.9999978542327881,7.401483230751182e-07,1.3080101268769795e-07,1.1633216701056881e-07,1.252583530231277e-07,1.4964622607749334e-07,1.2465251586490922e-07,2.2264393351179024e-07,1.276414280937388e-07,1.880494124861798e-07,1.6143454217854014e-07,1.3452789460188797e-07
605,19824640,0.00021544000000000202,2.791000551799013,2.8446697898125533,0.0,0.0,-0.019240885972976685,0.0785793885588646,7.167657827267249e-07,0.0,-0.9058329463005066,1,0,0.9999978542327881,461.35926788110174,0.9999978542327881,7.398363663924101e-07,1.3075636218218278e-07,1.1629246898792189e-07,1.252157204589821e-07,1.4959529437419405e-07,1.2461008225272963e-07,2.2256494958128314e-07,1.2759785761318199e-07,1.8798434098243888e-07,1.613794324839546e-07,1.3448209301714087e-07
606,19857408,0.000215300000000002,2.8278295117566556,2.8451117261251295,0.0,0.0,0.043334778398275375,0.08731962740421295,7.158756147873646e-07,0.0,-0.907164990901947,1,0,0.9999978542327881,461.51229724185725,0.9999978542327881,7.386336733361532e-07,1.3058613035354938e-07,1.1614106654178613e-07,1.2505270774454402e-07,1.4939980985673174e-07,1.244478653461556e-07,2.2226038254302694e-07,1.27431746932416e-07,1.877281334827785e-07,1.6116689494083403e-07,1.343070294979043e-07
607,19890176,0.000215160000000002,2.8635604908358907,2.8457443273766008,0.0,0.0,0.0016393065452575684,0.0633755773305893,7.143200377868197e-07,0.0,-0.9084867238998413,1,0,0.9999978542327881,461.55148579913885,0.9999978542327881,7.365409828707925e-07,1.3028709133777738e-07,1.1587509618493641e-07,1.2476621691348555e-07,1.490575556317708e-07,1.241627529680045e-07,2.2172729075009556e-07,1.2713992703083932e-07,1.8729109285686718e-07,1.6079719955541805e-07,1.3399932186075603e-07
608,19922944,0.00021502000000000202,2.8655998428854,2.845803569399275,0.0,0.0,0.004842065274715424,0.06624411791563034,7.123991281332565e-07,0.0,-0.9055918455123901,1,0,0.9999978542327881,461.52711967644706,0.9999978542327881,7.339613148360513e-07,1.299168417290275e-07,1.1554581647033046e-07,1.2441165608834126e-07,1.486339868961295e-07,1.2380991165628075e-07,2.210681060432762e-07,1.2677863026056002e-07,1.867536951749571e-07,1.6034026373290544e-07,1.3361841411096975e-07
609,19955712,0.00021488000000000204,2.8619238378338725,2.8458113104628895,0.0,0.0,0.10748256742954254,0.0744093731045723,7.094794796103088e-07,0.0,-0.9007108211517334,1,0,0.9999978542327881,461.3783183401639,0.9999978542327881,7.300394599951687e-07,1.2935507243128086e-07,1.1504618413482604e-07,1.238738036590803e-07,1.4799127256992506e-07,1.2327465981343266e-07,2.2006327071721898e-07,1.262304323290664e-07,1.8592930928207352e-07,1.5964599242579425e-07,1.3304087076448923e-07
610,19988480,0.00021474000000000203,2.867803600361384,2.847641241938419,0.0,0.0,0.04897265508770943,0.0655631497502327,7.088302709234995e-07,0.0,-0.9004384875297546,1,0,0.9999978542327881,461.5461316111567,0.9999978542327881,7.291675956366817e-07,1.292300453314965e-07,1.1493498419667958e-07,1.2375394931041228e-07,1.4784808399781468e-07,1.2315538810980797e-07,2.1983842657391506e-07,1.2610841793048166e-07,1.857476519262491e-07,1.5949154885674943e-07,1.329120351556412e-07
611,20021248,0.00021460000000000202,2.8624899096707623,2.847179526944309,0.0,0.0,0.0570925697684288,0.07861179113388062,7.087453468557214e-07,0.0,-0.9001495838165283,1,0,0.9999978542327881,461.7962990324259,0.9999978542327881,7.290542498594732e-07,1.2921378811370232e-07,1.1492051044115215e-07,1.2373838842449913e-07,1.4782960988668492e-07,1.231398982781684e-07,2.1980926590003946e-07,1.2609253019491007e-07,1.8572427507024258e-07,1.5947162523843872e-07,1.3289542266647913e-07
612,20054016,0.000214460000000002,2.8696748352644175,2.8500884940185536,0.0,0.0,0.06042349338531494,0.12130282819271088,7.082510933287267e-07,0.0,-0.8998295664787292,1,0,0.9999978542327881,461.9863445565425,0.9999978542327881,7.283892387022206e-07,1.2911857538711047e-07,1.1483582795790426e-07,1.236473110566294e-07,1.4772054157674575e-07,1.2304926144679484e-07,2.196378545704647e-07,1.2599961962678208e-07,1.8558598924300895e-07,1.5935395936139685e-07,1.3279749566663668e-07
613,20086784,0.000214320000000002,2.86832183079949,2.8521264555826047,0.0,0.0,-0.015335991978645325,0.04337339475750923,7.067548040140537e-07,0.0,-0.8957756757736206,1,0,0.9999978542327881,462.0361999225994,0.9999978542327881,7.263810175572871e-07,1.288308766334012e-07,1.1457995441332969e-07,1.2337169152942806e-07,1.473915318683794e-07,1.2277496352908202e-07,2.1912276793045748e-07,1.2571886998102855e-07,1.851631168392487e-07,1.5899873062608094e-07,1.3250159724975674e-07
614,20119552,0.000214180000000002,2.850814801559303,2.852901921276619,0.0,0.0,0.12486705183982849,0.07034818083047867,7.040433160909743e-07,0.0,-0.8956377506256104,1,0,0.9999978542327881,461.8876669136058,0.9999978542327881,7.22745653547463e-07,1.2830817297526664e-07,1.1411507472303128e-07,1.2287125628063222e-07,1.4679338278256182e-07,1.222769725472972e-07,2.1819586493165843e-07,1.2520878556188109e-07,1.84403404546174e-07,1.5835317412893346e-07,1.3196401482673537e-07
615,20152320,0.00021404000000000198,2.823482374055549,2.856150103502272,0.0,0.0,-0.12223388254642487,0.052960172295570374,7.039027423161315e-07,0.0,-0.8948972225189209,1,0,0.9999978542327881,462.11632278659044,0.9999978542327881,7.225567628665885e-07,1.2828088813421346e-07,1.1409081679403243e-07,1.2284500883197325e-07,1.467623178541544e-07,1.2225085299633065e-07,2.1814739170622488e-07,1.251821686309995e-07,1.8436421100886946e-07,1.5831935229471128e-07,1.3193594838867284e-07
616,20185088,0.000213900000000002,2.811277914837648,2.8544949438103715,0.0,0.0,-0.02169455587863922,0.03943885490298271,7.014271545813244e-07,0.0,-0.8918797373771667,1,0,0.9999978542327881,461.99982991695003,0.9999978542327881,7.192430757640977e-07,1.2780344604834681e-07,1.1366617513886013e-07,1.2238780300322105e-07,1.4621606680975674e-07,1.217958356392046e-07,2.172998136984461e-07,1.247162515483069e-07,1.8367188658885425e-07,1.577298007759964e-07,1.3144489230398904e-07
617,20217856,0.000213760000000002,2.8568730838445946,2.8538262031112422,0.0,0.0,-0.04715763032436371,0.06589926034212112,7.007483304732887e-07,0.0,-0.892516016960144,1,0,0.9999978542327881,462.1527723905778,0.9999978542327881,7.183334105320682e-07,1.2767235091359908e-07,1.1354958928677661e-07,1.2226227852352167e-07,1.4606597176225478e-07,1.2167093643711269e-07,2.1706740938043367e-07,1.2458833964501537e-07,1.8348210062413273e-07,1.5756803861677326e-07,1.3130994602761348e-07
618,20250624,0.00021362000000000198,2.8444185195489267,2.851708070777595,0.0,0.0,0.09538222849369049,0.14241693913936615,7.005364750511944e-07,0.0,-0.8923195600509644,1,0,0.9999978542327881,462.3815939092466,0.9999978542327881,7.180498187153717e-07,1.2763156576056645e-07,1.1351332318554341e-07,1.2222334078160202e-07,1.4601930331537005e-07,1.2163218343630433e-07,2.1699435137634282e-07,1.245485492518128e-07,1.8342227292578173e-07,1.5751786008877389e-07,1.3126812348218664e-07
619,20283392,0.00021348000000000197,2.8350181379730524,2.849017500791512,0.0,0.0,-0.043437790125608444,0.06978941708803177,6.995178409852087e-07,0.0,-0.8921273350715637,1,0,0.9999978542327881,462.49378974322366,0.9999978542327881,7.166883619902364e-07,1.2743562649575324e-07,1.1333906257959825e-07,1.2203558696910477e-07,1.457952834016396e-07,1.2144533911850885e-07,2.1664345695171505e-07,1.2435732799076504e-07,1.831366631677156e-07,1.5727589186553814e-07,1.3106661356232507e-07
620,20316160,0.00021334000000000197,2.8662477742300223,2.8488619181783763,0.0,0.0,-0.01728755608201027,0.04355381429195404,6.994267778281937e-07,0.0,-0.8922359347343445,1,0,0.9999978542327881,462.736472039826,0.9999978542327881,7.165674560383195e-07,1.2741813293359883e-07,1.1332349458825774e-07,1.2201883237139555e-07,1.4577511819879874e-07,1.214286555750732e-07,2.1661287519236794e-07,1.2434026075425209e-07,1.831115241657244e-07,1.5725429136637104e-07,1.3104848051170848e-07
621,20348928,0.00021320000000000196,2.858507907777814,2.8484637179890813,0.0,0.0,0.04185783118009567,0.0663079172372818,6.971552011236781e-07,0.0,-0.892889142036438,1,0,0.9999978542327881,462.640946838115,0.9999978542327881,7.135308237593563e-07,1.2697900331204437e-07,1.129329447735472e-07,1.2159843265635573e-07,1.4527286396059935e-07,1.2101028801225766e-07,2.1583588249995955e-07,1.2391173243031517e-07,1.8247766320200753e-07,1.5671231778924266e-07,1.305970869225348e-07
622,20381696,0.00021306000000000195,2.8446259683817585,2.8459588313008157,0.0,0.0,-0.004855424165725708,0.09803283214569092,6.969709716031502e-07,0.0,-0.892591118812561,1,0,0.9999978542327881,462.87399110876083,0.9999978542327881,7.132838391044061e-07,1.269438882900431e-07,1.1290170931488319e-07,1.2156468187640712e-07,1.4523254776577232e-07,1.2097669355171092e-07,2.157729142027165e-07,1.2387747005959682e-07,1.8242511146127072e-07,1.5666809360936895e-07,1.305607355561733e-07
623,20414464,0.00021292000000000197,2.7840624841039188,2.837532896631259,0.0,0.0,0.004103906452655792,0.06848656386137009,6.965934744584956e-07,0.0,-0.8907693028450012,1,0,0.9999978542327881,463.07057120772487,0.9999978542327881,7.127813432816765e-07,1.2687102923791826e-07,1.1283690781738187e-07,1.2149503447744792e-07,1.4514934321141482e-07,1.2090738721326488e-07,2.1564413543728733e-07,1.2380637315345666e-07,1.8231972376270278e-07,1.5657832364013302e-07,1.304860433037902e-07
624,20447232,0.00021278000000000196,2.819880864543827,2.834439502929711,0.0,0.0,0.052247922867536545,0.08242673426866531,6.9650144496336e-07,0.0,-0.8910409212112427,1,0,0.9999978542327881,463.30932734404877,0.9999978542327881,7.126576520022354e-07,1.2685325145866955e-07,1.1282109113608385e-07,1.214779956626444e-07,1.451288511589155e-07,1.2089043366358965e-07,2.1561328367170063e-07,1.2378900748899468e-07,1.8229398790481355e-07,1.5655638208045275e-07,1.304676260360793e-07
625,20480000,0.00021264000000000195,2.870206320536703,2.8391118975778267,0.0,0.0,-0.08334590494632721,0.04714226350188255,6.939542913642072e-07,0.0,-0.8900936841964722,1,0,0.9999978542327881,463.15764101703525,0.9999978542327881,7.092553460097406e-07,1.263607458668048e-07,1.1238306996119718e-07,1.2100623791866383e-07,1.4456551866715017e-07,1.2042097807807295e-07,2.1474649258834688e-07,1.2330839638252655e-07,1.8158122827571788e-07,1.5594839908317226e-07,1.2996109433061065e-07
626,20512768,0.00021250000000000194,2.841975215955399,2.8421816276896017,0.0,0.0,0.06490524113178253,0.10600060224533081,6.936498948562075e-07,0.0,-0.8890463709831238,1,0,0.9999978542327881,463.3651603104166,0.9999978542327881,7.088502798069385e-07,1.2630243872990832e-07,1.1233120744691405e-07,1.209504034704878e-07,1.4449881291511701e-07,1.203653994252818e-07,2.1464207122789958e-07,1.2325149612024688e-07,1.8149586367144366e-07,1.5587643531489448e-07,1.2990111031285778e-07
627,20545536,0.00021236000000000196,2.8544441175300754,2.8419387310581503,0.0,0.0,-0.04480299726128578,0.05139322951436043,6.904976999067003e-07,0.0,-0.8893745541572571,1,0,0.9999979734420776,463.4958459526027,0.9999979734420776,7.078256203385536e-07,1.2615402056326275e-07,1.1219931650430226e-07,1.2080839439931879e-07,1.4432887951443263e-07,1.202240724751391e-07,2.1437919883737777e-07,1.2310667329984426e-07,1.812825871638779e-07,1.5569327160847024e-07,1.297484715223618e-07
628,20578304,0.00021222000000000195,2.8489120860531463,2.8423880877085717,0.0,0.0,-0.026423145085573196,0.09753051400184631,6.900010021126946e-07,0.0,-0.888542115688324,1,0,0.9999979734420776,463.6715339858657,0.9999979734420776,7.071629966048931e-07,1.260581683482087e-07,1.1211396611088276e-07,1.2071647859102086e-07,1.4421935645714257e-07,1.2013261141419207e-07,2.1420812856831617e-07,1.230131374541088e-07,1.811443297583537e-07,1.555749804538209e-07,1.2964990503405716e-07
629,20611072,0.00021208000000000197,2.816231187496714,2.8405093926609384,0.0,0.0,-0.08666767179965973,0.049327801913022995,6.875414442220062e-07,0.0,-0.8900454044342041,1,0,0.9999979734420776,463.5206292598296,0.9999979734420776,7.038822786853416e-07,1.2558191997413815e-07,1.1169029079383108e-07,1.2026053752833832e-07,1.4367437017881457e-07,1.1967887303399039e-07,2.1337508826491103e-07,1.2254841408321226e-07,1.8045894023543951e-07,1.5498721950280014e-07,1.291600995045883e-07
630,20643840,0.00021194000000000196,2.861982118366189,2.8400828270745544,0.0,0.0,-0.07845214754343033,0.045273005962371826,6.868233413115377e-07,0.0,-0.8901911377906799,1,0,0.9999979734420776,463.66001085057906,0.9999979734420776,7.029283892734384e-07,1.2544342098408379e-07,1.1156722479199743e-07,1.2012780814529833e-07,1.4351593335959478e-07,1.1954676892855787e-07,2.131293967977399e-07,1.224132688548707e-07,1.8025959036549466e-07,1.548163055531404e-07,1.2901753621008538e-07
631,20676608,0.00021180000000000195,2.8576183025613764,2.839993866552911,0.0,0.0,0.03576004505157471,0.059224627912044525,6.854285174995312e-07,0.0,-0.8923348784446716,1,0,0.9999979734420776,463.69435555232445,0.9999979734420776,7.010705758148106e-07,1.251738268592817e-07,1.1132744504038783e-07,1.1986963954768726e-07,1.4320750096885604e-07,1.1928983667530701e-07,2.1265248051349772e-07,1.2215018330152816e-07,1.7986977240980195e-07,1.5448357260083867e-07,1.2874025401288236e-07
632,20709376,0.00021166000000000194,2.849771550192811,2.840508424734016,0.0,0.0,0.05096624791622162,0.1286139041185379,6.851119564998953e-07,0.0,-0.8918148875236511,1,0,0.9999979734420776,463.90069694042415,0.9999979734420776,7.006474902482296e-07,1.2511272018400632e-07,1.112731027319569e-07,1.1981123293480778e-07,1.431377256722044e-07,1.1923172849037655e-07,2.1254381010749057e-07,1.2209055455514317e-07,1.797802582359509e-07,1.5440801348631794e-07,1.286776551978619e-07
633,20742144,0.00021152000000000193,2.843067376913395,2.846408914014964,0.0,0.0,0.02267458476126194,0.10332795232534409,6.839909474365413e-07,0.0,-0.8937315940856934,1,0,0.9999979734420776,463.97096906036626,0.9999979734420776,6.991550094426202e-07,1.248961041255825e-07,1.1108055275599327e-07,1.1960379708852997e-07,1.4288976046827884e-07,1.1902530161478353e-07,2.121608559946253e-07,1.2187916809125454e-07,1.7946882735486724e-07,1.5414067888741556e-07,1.2845474373079924e-07
634,20774912,0.00021138000000000195,2.8649053978127066,2.8509113673418516,0.0,0.0,0.09773562103509903,0.1418209671974182,6.838719173174468e-07,0.0,-0.8934961557388306,1,0,0.9999979734420776,464.20544269825143,0.9999979734420776,6.989963026171608e-07,1.2487312517350801e-07,1.1106000386007508e-07,1.195817702637214e-07,1.4286359828474815e-07,1.1900338847681269e-07,2.1211957346167765e-07,1.2185674336251395e-07,1.794349486772262e-07,1.5411232823225873e-07,1.2843122476624558e-07
635,20807680,0.00021124000000000194,2.842388576574229,2.8481295929456043,0.0,0.0,0.060663774609565735,0.10543110966682434,6.836971238044498e-07,0.0,-0.8934164047241211,1,0,0.9999979734420776,464.428161627135,0.9999979734420776,6.987650635892351e-07,1.2483941702612356e-07,1.1103014685431845e-07,1.195495116235179e-07,1.4282490212735865e-07,1.1897127905058369e-07,2.12060925264268e-07,1.2182385944470298e-07,1.793863475541002e-07,1.5407071884965262e-07,1.2839643659390276e-07
636,20840448,0.00021110000000000193,2.828733165237936,2.8468053878738577,0.0,0.0,0.07167308032512665,0.1308768093585968,6.812918513787736e-07,0.0,-0.8910036087036133,1,0,0.9999979734420776,464.29850769890135,0.9999979734420776,6.955650633244659e-07,1.243743099621497e-07,1.1061626281616554e-07,1.1910410790960668e-07,1.4229279088340263e-07,1.1852802117573447e-07,2.1124060367583297e-07,1.2136996474509942e-07,1.7871529678359366e-07,1.5349669979514147e-07,1.2791807080247963e-07
637,20873216,0.00021096000000000192,2.834581191461873,2.844819095267037,0.0,0.0,-0.01809941977262497,0.07714512199163437,6.808677426306531e-07,0.0,-0.8916486501693726,1,0,0.9999979734420776,464.48356246043744,0.9999979734420776,6.950014039830421e-07,1.2429238438471657e-07,1.1054349613459635e-07,1.1902552898845897e-07,1.4219905608570116e-07,1.1844982594766407e-07,2.1109643455474725e-07,1.212900144764717e-07,1.7859704826150846e-07,1.5339543324444094e-07,1.2783368674718076e-07
638,20905984,0.00021082000000000192,2.843445478665215,2.844272434528244,0.0,0.0,-0.06492017209529877,0.10416383296251297,6.798135814278794e-07,0.0,-0.8913972973823547,1,0,0.9999979734420776,464.561622482812,0.9999979734420776,6.935997021173534e-07,1.240885438846817e-07,1.1036212299586623e-07,1.1883044237492868e-07,1.419658559598247e-07,1.1825568435597233e-07,2.107369709847262e-07,1.2109110514302301e-07,1.783027983037755e-07,1.5314401480281958e-07,1.2762416190525983e-07
639,20938752,0.00021068000000000193,2.8130858948494035,2.8439579052635136,0.0,0.0,0.059534188359975815,0.12993864715099335,6.791158853047818e-07,0.0,-0.8902631402015686,1,0,0.9999979734420776,464.7021397927141,0.9999979734420776,6.926735522938543e-07,1.239538249819816e-07,1.1024240365031801e-07,1.1870144334125143e-07,1.4181185292727605e-07,1.181273034944752e-07,2.1049794440841652e-07,1.2095964052605268e-07,1.7810923225169972e-07,1.5297776201350644e-07,1.2748573396947904e-07
640,20971520,0.00021054000000000192,2.8569007602984153,2.843449769456736,0.0,0.0,-0.005430520512163639,0.059124648571014404,6.783594699300011e-07,0.0,-0.8911793231964111,1,0,0.9999979734420776,464.82029570759835,0.9999979734420776,6.91671516506176e-07,1.2380698422020942e-07,1.1011191247689567e-07,1.1856080561756244e-07,1.4164371009428578e-07,1.1798735499723989e-07,2.1024415275405772e-07,1.2081633826710458e-07,1.778980447397771e-07,1.5279651677246875e-07,1.2733457310787344e-07
641,21004288,0.00021040000000000192,2.861467691668777,2.8438347083674764,0.0,0.0,0.005059110000729561,0.09069465100765228,6.764387876501132e-07,0.0,-0.8944004774093628,1,0,0.9999979734420776,464.7429311335107,0.9999979734420776,6.89126068209589e-07,1.234345461398334e-07,1.0978056508292866e-07,1.1820404921536465e-07,1.412176402482146e-07,1.1763232521389e-07,2.095975304428066e-07,1.20452909868618e-07,1.7736206814333855e-07,1.5233675298986782e-07,1.2695142004304216e-07
642,21037056,0.00021026000000000193,2.8736787142665836,2.846225424774853,0.0,0.0,0.039704158902168274,0.10232973098754883,6.749630756530678e-07,0.0,-0.892204761505127,1,0,0.9999979734420776,464.75287152788667,0.9999979734420776,6.871704840705206e-07,1.231485953212541e-07,1.095262476269454e-07,1.1793032683726778e-07,1.4089062005950836e-07,1.1735992444528165e-07,2.0909502040922234e-07,1.201738655254303e-07,1.769501523085637e-07,1.5198398273241764e-07,1.266575537783865e-07
643,21069824,0.00021012000000000193,2.8844965728977057,2.850368344373284,0.0,0.0,-0.009111517108976841,0.0652158111333847,6.725043135702435e-07,0.0,-0.893095076084137,1,0,0.9999979734420776,464.6020770664736,0.9999979734420776,6.839081265752611e-07,1.2267270221855142e-07,1.0910299863553519e-07,1.1747447103971353e-07,1.403460316851124e-07,1.1690628554106297e-07,2.082591663565836e-07,1.197094547933375e-07,1.762646633096665e-07,1.513965059984912e-07,1.2616784772490064e-07
644,21102592,0.00020998000000000192,2.8910860302464045,2.8529864076166542,0.0,0.0,0.08565099537372589,0.07542939484119415,6.705718647026515e-07,0.0,-0.8979279398918152,1,0,0.9999979734420776,464.53372076568286,0.9999979734420776,6.813542086092639e-07,1.2229878620928503e-07,1.0877054990032775e-07,1.1711652092571967e-07,1.3991822811476595e-07,1.16550062045917e-07,2.076016301089112e-07,1.1934457688766997e-07,1.7572590138570376e-07,1.509351790218716e-07,1.2578340147229028e-07
645,21135360,0.0002098400000000019,2.8756394328772013,2.8563114932469515,0.0,0.0,0.10451655089855194,0.09803785383701324,6.704567567794584e-07,0.0,-0.8983511924743652,1,0,0.9999979734420776,464.7608611251181,0.9999979734420776,6.812009019085963e-07,1.2227629042627086e-07,1.0875042022462367e-07,1.1709497016454407e-07,1.3989260594371444e-07,1.1652860365529705e-07,2.0756262131271797e-07,1.1932260690628027e-07,1.7569372801062855e-07,1.5090741101175809e-07,1.2576037988765165e-07
646,21168128,0.0002097000000000019,2.8742749032314165,2.860865667046299,0.0,0.0,0.10601425170898438,0.06568896770477295,6.692828833365638e-07,0.0,-0.8959567546844482,1,0,0.9999979734420776,464.80815139456723,0.9999979734420776,6.796493607907905e-07,1.2204874622057105e-07,1.0854795107206883e-07,1.1687708223462323e-07,1.3963216360934894e-07,1.163117744340525e-07,2.0716728954539576e-07,1.1910058361763731e-07,1.7536628149628086e-07,1.506266045225857e-07,1.2552624184536398e-07
647,21200896,0.0002095600000000019,2.8063683184350947,2.858044379743622,0.0,0.0,-0.08795478194952011,0.059139225631952286,6.692426950394292e-07,0.0,-0.8959488868713379,1,0,0.9999979734420776,465.04821832504615,0.9999979734420776,6.795968374717631e-07,1.2204095867218712e-07,1.0854112986180553e-07,1.1686950074363267e-07,1.396232534034425e-07,1.1630423557562608e-07,2.071540592396559e-07,1.1909297370493732e-07,1.7535508334276528e-07,1.5061684166539635e-07,1.2551809902561217e-07
648,21233664,0.00020942000000000188,2.759065666667273,2.849606398543828,0.0,0.0,0.2130347192287445,0.23871636390686035,6.685102675874077e-07,0.0,-0.8965163826942444,1,0,0.9999979734420776,465.1749013604622,0.9999979734420776,6.786272592762543e-07,1.2189927645067655e-07,1.0841511510761848e-07,1.1673382971366664e-07,1.394611501837062e-07,1.1616921113954959e-07,2.069040903052155e-07,1.1895471629941312e-07,1.7515117178845685e-07,1.504419913089805e-07,1.253723951322172e-07
649,21266432,0.00020928000000000187,2.7854752482311493,2.846845333882002,0.0,0.0,0.017604857683181763,0.16648982465267181,6.671565984106564e-07,0.0,-0.897032618522644,1,0,0.9999979734420776,465.1753583821778,0.9999979734420776,6.768394769096631e-07,1.2163590668023971e-07,1.081808775893478e-07,1.164817220455916e-07,1.3915997953972692e-07,1.1591833271040741e-07,2.0645195775159664e-07,1.1869770588646134e-07,1.7477292146850232e-07,1.5011708853762684e-07,1.2510173519331147e-07
650,21299200,0.00020914000000000186,2.8481631812040122,2.845971575972562,0.0,0.0,0.03187023848295212,0.0688265711069107,6.66764321977098e-07,0.0,-0.8964818716049194,1,0,0.9999979734420776,465.34813135404147,0.9999979734420776,6.763220312677731e-07,1.2155983597494924e-07,1.0811321260462137e-07,1.1640876351748375e-07,1.390729380545963e-07,1.1584572234824009e-07,2.0632127473163564e-07,1.1862346127600176e-07,1.7466359736317827e-07,1.5002305531197635e-07,1.2502339075126656e-07
651,21331968,0.00020900000000000188,2.873437543791322,2.8471685611848163,0.0,0.0,0.061084263026714325,0.12527361512184143,6.666073772976233e-07,0.0,-0.8971165418624878,1,0,0.9999979734420776,465.56120748327714,0.9999979734420776,6.761156896573084e-07,1.2152933948073041e-07,1.080859917124144e-07,1.1637968100330909e-07,1.3903792250857805e-07,1.1581678194261258e-07,2.062697319615836e-07,1.1859371795708284e-07,1.7461964318954415e-07,1.4998558128809236e-07,1.249920273949101e-07
652,21364736,0.00020886000000000187,2.8817485261081686,2.847975542368975,0.0,0.0,-0.026745764538645744,0.04913151636719704,6.642643484155997e-07,0.0,-0.8965448141098022,1,0,0.9999979734420776,465.4128008017325,0.9999979734420776,6.730213044647826e-07,1.2107470581668167e-07,1.0768186342602348e-07,1.159443101528268e-07,1.3851780522600166e-07,1.153835214040555e-07,2.0548024792788055e-07,1.1815006928372895e-07,1.7396507701050723e-07,1.4942449411137204e-07,1.2452444764221582e-07
653,21397504,0.00020872000000000186,2.8830688726460365,2.847832772343808,0.0,0.0,-0.06357397139072418,0.03213474154472351,6.619354735448724e-07,0.0,-0.8965051174163818,1,0,0.9999979734420776,465.2652825133137,0.9999979734420776,6.699526124975819e-07,1.206230422212684e-07,1.0728005150895115e-07,1.1551167489187719e-07,1.3800119802453992e-07,1.1495297513874903e-07,2.0469222761221317e-07,1.1770930541388225e-07,1.7331510093754332e-07,1.488669312266211e-07,1.2405990901243058e-07
654,21430272,0.00020858000000000186,2.9085409165841956,2.8495782609775873,0.0,0.0,-0.02428353950381279,0.05344175547361374,6.615535994569655e-07,0.0,-0.897612452507019,1,0,0.9999979734420776,465.4430340208627,0.9999979734420776,6.694512535432295e-07,1.2054886155965505e-07,1.0721418419734619e-07,1.1544075562142098e-07,1.379162029024883e-07,1.1488239692880597e-07,2.0456461413687066e-07,1.1763692242539037e-07,1.7320853373803402e-07,1.487755270090929e-07,1.2398362514431938e-07
655,21463040,0.00020844000000000185,2.911517729911391,2.8531660906810066,0.0,0.0,-0.010318471118807793,0.08872708678245544,6.61360218146001e-07,0.0,-0.8973085880279541,1,0,0.9999979734420776,465.652692385964,0.9999979734420776,6.691959129057068e-07,1.2051117437295034e-07,1.0718065368564567e-07,1.15404652945017e-07,1.3787307295842766e-07,1.1484646478265859e-07,2.0449965631996747e-07,1.1760013052253271e-07,1.7315434774900496e-07,1.4872900067075534e-07,1.239448437218016e-07
656,21495808,0.00020830000000000184,2.92408878352039,2.8581474787099035,0.0,0.0,0.024495473131537437,0.08330276608467102,6.611283538404678e-07,0.0,-0.8966348767280579,1,0,0.9999979734420776,465.8580789743903,0.9999979734420776,6.688890152872773e-07,1.2046612596350315e-07,1.0714060039163087e-07,1.1536150879010165e-07,1.3782153018837562e-07,1.1480354089599132e-07,2.0442067238946038e-07,1.1755617634889859e-07,1.7308930466697348e-07,1.4867339359625475e-07,1.2389851633543003e-07
657,21528576,0.00020816000000000186,2.8992524757367453,2.867435894440068,0.0,0.0,-0.11260758340358734,0.05186352878808975,6.607016871384985e-07,0.0,-0.895749032497406,1,0,0.9999979734420776,466.03165837324417,0.9999979734420776,6.683279138997023e-07,1.203835466867531e-07,1.0706705211305234e-07,1.1528232590762855e-07,1.377271985347761e-07,1.1472473460116817e-07,2.0427647484666522e-07,1.174756008026634e-07,1.7297067245181097e-07,1.485713454485449e-07,1.2381359226765198e-07
658,21561344,0.00020802000000000185,2.841462332551017,2.875675561028443,0.0,0.0,-0.08141578733921051,0.11605193465948105,6.598638719879091e-07,0.0,-0.8949256539344788,1,0,0.9999979734420776,466.14506329867356,0.9999979734420776,6.672223662462784e-07,1.2022167084069224e-07,1.0692298246794962e-07,1.1512742048580549e-07,1.3754186056758044e-07,1.145705681437903e-07,2.0398756817030517e-07,1.1731763294164921e-07,1.7273659125294216e-07,1.4837171136150573e-07,1.2364709789380868e-07
659,21594112,0.00020788000000000184,2.867020462299017,2.88383008243523,0.0,0.0,-0.039127934724092484,0.0974133238196373,6.596337698283605e-07,0.0,-0.8948929905891418,1,0,0.9999979734420776,466.349126368891,0.9999979734420776,6.669201866316143e-07,1.2017719086543366e-07,1.0688342655384986e-07,1.1508482344879667e-07,1.3749098570770002e-07,1.1452818426960221e-07,2.0391053112689406e-07,1.1727422588592162e-07,1.7267267082843318e-07,1.483168148297409e-07,1.2360135315248044e-07
660,21626880,0.00020774000000000183,2.9086301964895283,2.889876783963781,0.0,0.0,0.06190890818834305,0.1412498950958252,6.574176723006531e-07,0.0,-0.9006245732307434,1,0,0.9999979734420776,466.24224085793185,0.9999979734420776,6.64000822325761e-07,1.1974874780662503e-07,1.0650246906607208e-07,1.1467442107004899e-07,1.37000938593701e-07,1.1411977141051466e-07,2.0315391680014727e-07,1.1685612832934567e-07,1.7205248070695234e-07,1.477879010280958e-07,1.2316068875861674e-07
661,21659648,0.00020760000000000182,2.891569958560516,2.8916900254407008,0.0,0.0,-0.10410146415233612,0.0736609697341919,6.551501314788766e-07,0.0,-0.9031611680984497,1,0,0.9999979734420776,466.0920755441978,0.9999979734420776,6.610173954868515e-07,1.1930873711207823e-07,1.061111376543522e-07,1.142530621223159e-07,1.364975474871244e-07,1.1370044461500584e-07,2.0239008335920516e-07,1.1642674735412584e-07,1.7141998398528813e-07,1.472448758477185e-07,1.2270815830106585e-07
662,21692416,0.0002074600000000018,2.894899987597356,2.8930051715896195,0.0,0.0,0.062234681099653244,0.08399011194705963,6.550030775542837e-07,0.0,-0.9039361476898193,1,0,0.9999979734420776,466.3056456350749,0.9999979734420776,6.608251510442642e-07,1.1928005960726296e-07,1.0608563627556578e-07,1.1422559964557877e-07,1.36464734623587e-07,1.1367313135224322e-07,2.0234145381436974e-07,1.163987661811916e-07,1.7137878671746876e-07,1.4720949081947765e-07,1.2267868498838652e-07
663,21725184,0.0002073200000000018,2.866458842387106,2.8913441685637262,0.0,0.0,-0.03059227019548416,0.09238488972187042,6.549029194502509e-07,0.0,-0.9038587212562561,1,0,0.9999979734420776,466.52885316144,0.9999979734420776,6.606928195651562e-07,1.1926060494715784e-07,1.0606823508396701e-07,1.1420708290188486e-07,1.3644236673826526e-07,1.136546998736776e-07,2.023074898716004e-07,1.1637979469014681e-07,1.7135084817709867e-07,1.471856165835561e-07,1.2265867610494752e-07
664,21757952,0.0002071800000000018,2.9340731514768366,2.893897392052991,0.0,0.0,0.05585348978638649,0.09332698583602905,6.534224326060212e-07,0.0,-0.9054349660873413,1,0,0.9999979734420776,466.50162127490887,0.9999979734420776,6.587519578715728e-07,1.1897264329263635e-07,1.0581221943084529e-07,1.13931214684726e-07,1.3611303018024046e-07,1.1338015326600726e-07,2.018145579540942e-07,1.1609877503815369e-07,1.7093708493121085e-07,1.4683007520943647e-07,1.2236249347097328e-07
665,21790720,0.00020704000000000179,2.926584859259929,2.8954041049878443,0.0,0.0,-0.11986523121595383,0.06940118223428726,6.533597343150177e-07,0.0,-0.9064253568649292,1,0,0.9999979734420776,466.7277256893859,0.9999979734420776,6.586683980458474e-07,1.1896015905676904e-07,1.0580111364788536e-07,1.1391937704274824e-07,1.3609874827125168e-07,1.13368365362021e-07,2.0179358273253456e-07,1.160865892302354e-07,1.7091915083256026e-07,1.4681482696232706e-07,1.2234977475600317e-07
666,21823488,0.00020690000000000178,2.8733173062631034,2.8903269572621157,0.0,0.0,0.10513907670974731,0.38944077491760254,6.531337248816271e-07,0.0,-0.9070459604263306,1,0,0.9999979734420776,466.92425063822583,0.9999979734420776,6.583738922927296e-07,1.1891626172655378e-07,1.0576197695399969e-07,1.1387733422907331e-07,1.3604839921299572e-07,1.133265357111668e-07,2.0171835046767228e-07,1.1604376481955114e-07,1.708560830593342e-07,1.46760640973298e-07,1.2230451318373525e-07
667,21856256,0.0002067600000000018,2.9137573029588193,2.8917774399843226,0.0,0.0,0.0661185011267662,0.09636620432138443,6.5237662738582e-07,0.0,-0.9065738916397095,1,0,0.9999979734420776,467.02496955315,0.9999979734420776,6.573800419573672e-07,1.1876858962978076e-07,1.0563073260527744e-07,1.1373590780294762e-07,1.3587957425897912e-07,1.131857985114948e-07,2.014670883454528e-07,1.1589964543645692e-07,1.7064390078758152e-07,1.4657838676157553e-07,1.221527412553769e-07
668,21889024,0.00020662000000000179,2.9193819755772576,2.8995694042869475,0.0,0.0,-0.025937896221876144,0.0629582479596138,6.519961743833846e-07,0.0,-0.907181978225708,1,0,0.9999979734420776,467.19575761771216,0.9999979734420776,6.568818093910522e-07,1.1869453686585985e-07,1.0556487239909984e-07,1.136648890565084e-07,1.3579472124547465e-07,1.1311511372014138e-07,2.0133971645464044e-07,1.1582738324023012e-07,1.705375041183288e-07,1.4648685464635491e-07,1.2207634370042797e-07
669,21921792,0.00020648000000000178,2.881260866916347,2.9009934447486794,0.0,0.0,0.05953552573919296,0.5176668167114258,6.515305130960769e-07,0.0,-0.9077929258346558,1,0,0.9999979734420776,467.3597387680945,0.9999979734420776,6.562706857948797e-07,1.1860434767640982e-07,1.0548476581107025e-07,1.1357863627381448e-07,1.3569155044024228e-07,1.1302928015766156e-07,2.0118156385251496e-07,1.1573937541697887e-07,1.7040711952631682e-07,1.463756973407726e-07,1.2198370313853957e-07
670,21954560,0.00020634000000000177,2.902798958732502,2.900410320972977,0.0,0.0,-0.026985513046383858,0.08018087595701218,6.495655497928965e-07,0.0,-0.909516453742981,1,0,0.9999979734420776,467.21273147831823,0.9999979734420776,6.537071044476761e-07,1.182207327588003e-07,1.0514349213508467e-07,1.1321116488716143e-07,1.3525279030091042e-07,1.1266359223327527e-07,2.0052954141647206e-07,1.1536503308207102e-07,1.698561220564443e-07,1.459021206073885e-07,1.2158916717908141e-07
671,21987328,0.0002062000000000018,2.925994526446202,2.9038527777615455,0.0,0.0,0.051224008202552795,0.06628313660621643,6.475609666267701e-07,0.0,-0.9134159088134766,1,0,0.9999979734420776,467.0681184378824,0.9999979734420776,6.510908860946074e-07,1.1782959319361908e-07,1.0479571699306689e-07,1.1283670886541586e-07,1.3480517679909099e-07,1.1229095520093324e-07,1.9986283916750835e-07,1.1498335084070277e-07,1.6929398327647505e-07,1.4541953419211495e-07,1.2118688630380348e-07
672,22020096,0.0002060600000000018,2.9399353910953216,2.9083563181113425,0.0,0.0,-0.025477318093180656,0.06175624206662178,6.456066330429167e-07,0.0,-0.9108516573905945,1,0,0.9999979734420776,466.9195606391044,0.9999979734420776,6.485432209046849e-07,1.1744815964220834e-07,1.0445646836387823e-07,1.1247144016124366e-07,1.3436878987249656e-07,1.1192743443189102e-07,1.9921546368095733e-07,1.1461111171229277e-07,1.6874592745352857e-07,1.4494877120796446e-07,1.207945672376809e-07
673,22052864,0.0002059200000000018,2.9616390005504574,2.917874333927678,0.0,0.0,-0.11293919384479523,0.07166342437267303,6.436239914364705e-07,0.0,-0.912186324596405,1,0,0.9999979734420776,466.7729223325183,0.9999979734420776,6.459544010795071e-07,1.1706124780630489e-07,1.0411235962237697e-07,1.121009205462542e-07,1.3392613595897274e-07,1.1155871959545038e-07,1.9855842481319996e-07,1.1423355772421928e-07,1.68190041449634e-07,1.4447127227867895e-07,1.2039664909480052e-07
674,22085632,0.0002057800000000018,2.958601463511789,2.920327165131173,0.0,0.0,-0.036482855677604675,0.07867440581321716,6.399576477633673e-07,0.0,-0.9145597815513611,1,0,0.9999980926513672,466.7636371412822,0.9999980926513672,6.44280476080894e-07,1.1681123623930034e-07,1.0388981053210955e-07,1.1186150317143984e-07,1.3364009987526515e-07,1.1132045329986795e-07,1.9813360552234371e-07,1.1398957866504134e-07,1.6783081946414313e-07,1.441627262011025e-07,1.2013950367872894e-07
675,22118400,0.00020564000000000178,2.9986531743152693,2.927533996636707,0.0,0.0,0.009916377253830433,0.0934617817401886,6.379930823641189e-07,0.0,-0.9152551889419556,1,0,0.9999980926513672,466.61824275189804,0.9999980926513672,6.41721555894037e-07,1.1642787001164834e-07,1.0354894897091071e-07,1.1149427336931694e-07,1.332016239530276e-07,1.1095499985458446e-07,1.974827910089516e-07,1.13615485020091e-07,1.6728017726563849e-07,1.436894478956674e-07,1.1974522351465566e-07
676,22151168,0.00020550000000000177,3.0276201822936923,2.9429642842397654,0.0,0.0,-0.004853835329413414,0.09593546390533447,6.361212285810325e-07,0.0,-0.9176531434059143,1,0,0.9999980926513672,466.47457603147996,0.9999980926513672,6.39289226000983e-07,1.1606214656012526e-07,1.0322377619331746e-07,1.111441463308438e-07,1.3278308585995546e-07,1.1060657101324978e-07,1.968622598269576e-07,1.1325858650934606e-07,1.667545461714326e-07,1.432382248367503e-07,1.1936906219034427e-07
677,22183936,0.00020536000000000176,3.0007763983413485,2.9516661937780184,0.0,0.0,0.048891108483076096,0.13526320457458496,6.342847882478964e-07,0.0,-0.920401394367218,1,0,0.9999980926513672,466.3317703985374,0.9999980926513672,6.369079983414849e-07,1.1570308089403625e-07,1.0290433039017444e-07,1.108001939087444e-07,1.3237242058039556e-07,1.1026428836657942e-07,1.9625322522642819e-07,1.1290820367548804e-07,1.662388200429632e-07,1.4279495985647372e-07,1.1899977891971503e-07
678,22216704,0.00020522000000000175,3.0358048587816864,2.963308482098461,0.0,0.0,-0.10577379912137985,0.09867715835571289,6.32482340279239e-07,0.0,-0.9192092418670654,1,0,0.9999980926513672,466.1882734684236,0.9999980926513672,6.345744054669922e-07,1.153505237994068e-07,1.025907678808835e-07,1.1046257952784799e-07,1.3196905968015926e-07,1.0992829402312054e-07,1.9565523246001248e-07,1.1256416598826036e-07,1.6573227412663982e-07,1.4235985190680367e-07,1.1863716764537457e-07
679,22249472,0.00020508000000000174,3.0535845022610744,2.9805408456329348,0.0,0.0,0.014327488839626312,0.19654253125190735,6.324348191810714e-07,0.0,-0.9190852642059326,1,0,0.9999980926513672,466.4130401055891,0.9999980926513672,6.345126166706905e-07,1.1534128674384192e-07,1.0258255400685812e-07,1.1045373327078778e-07,1.3195837311741343e-07,1.0991948329319712e-07,1.9563937314615032e-07,1.125551420955162e-07,1.6571884486893396e-07,1.4234845480132208e-07,1.1862755400215974e-07
680,22282240,0.00020494000000000173,2.9918279716007197,2.9894437469197563,0.0,0.0,0.09725978970527649,0.1372683048248291,6.317133056654711e-07,0.0,-0.9217296838760376,1,0,0.9999980926513672,466.50134179687313,0.9999980926513672,6.33578451925132e-07,1.152003505922039e-07,1.0245721426827004e-07,1.1031876567813015e-07,1.3179726465750718e-07,1.0978519071613846e-07,1.954003323589859e-07,1.1241761654900984e-07,1.655165107194989e-07,1.4217452815046272e-07,1.184827169709024e-07
681,22315008,0.00020480000000000173,3.0362441238154565,3.0004687066566817,0.0,0.0,-0.05349554866552353,0.13317933678627014,6.309287527983543e-07,0.0,-0.9257090091705322,1,0,0.9999980926513672,466.5729461959444,0.9999980926513672,6.325629442471836e-07,1.1504686625585236e-07,1.0232071190330316e-07,1.1017199597063154e-07,1.3162166112579143e-07,1.0963912444594826e-07,1.951399752897487e-07,1.1226784124573896e-07,1.652959866760284e-07,1.4198522535480151e-07,1.183249693781363e-07
682,22347776,0.00020466000000000172,3.0307188813621897,3.009547055683368,0.0,0.0,0.06400415301322937,0.1373330056667328,6.301269195319037e-07,0.0,-0.9266449213027954,1,0,0.9999980926513672,466.6363966574654,0.9999980926513672,6.315279961199849e-07,1.1488975104612109e-07,1.0218086998747822e-07,1.1002143196492398e-07,1.314417801268064e-07,1.0948929229925852e-07,1.948732943901632e-07,1.1211461981019966e-07,1.6507010514033027e-07,1.4179131824221258e-07,1.1816326406233202e-07
683,22380544,0.00020452000000000173,2.945430016268697,3.0079261572551923,0.0,0.0,-0.06375221908092499,0.2270244061946869,6.300023187577608e-07,0.0,-0.9257862567901611,1,0,0.9999980926513672,466.8441527749236,0.9999980926513672,6.313683797998237e-07,1.1486542916827602e-07,1.0215944001856769e-07,1.0999814037404576e-07,1.3141395527327404e-07,1.0946611439521803e-07,1.9483204027892498e-07,1.1209067452000454e-07,1.6503514643773087e-07,1.4176130491705408e-07,1.181382458526059e-07
684,22413312,0.00020438000000000173,3.156447049589154,3.027710715862929,0.0,0.0,0.16669023036956787,0.2706367075443268,6.295340995166043e-07,0.0,-0.9245692491531372,1,0,0.9999980926513672,466.9708292932785,0.9999980926513672,6.307653848125483e-07,1.1477366967937996e-07,1.0207762812797228e-07,1.0991026755391431e-07,1.3130897968949284e-07,1.0937866790072803e-07,1.9467638878722937e-07,1.1200133798183742e-07,1.6490329812768323e-07,1.4164805861582863e-07,1.1804387156644225e-07
685,22446080,0.00020424000000000172,3.121896945317005,3.0400350929631026,0.0,0.0,-0.04383343458175659,0.44079920649528503,6.29227145054756e-07,0.0,-0.9246352910995483,1,0,0.9999980926513672,467.134488556618,0.9999980926513672,6.303715167632618e-07,1.1471337302282336e-07,1.0202448663676478e-07,1.0985263543261681e-07,1.3124011388754298e-07,1.0932131289109748e-07,1.9457411326584406e-07,1.1194239135647877e-07,1.6481683928759594e-07,1.4157350847199268e-07,1.1798186250189246e-07
686,22478848,0.00020410000000000174,3.165209301037329,3.053794004837466,0.0,0.0,0.01586359366774559,0.25774967670440674,6.290190412983065e-07,0.0,-0.9262543320655823,1,0,0.9999980926513672,467.32102838171926,0.9999980926513672,6.301046369117103e-07,1.1467224680927757e-07,1.0198830580065987e-07,1.0981325004877363e-07,1.3119306174758094e-07,1.0928211224836559e-07,1.9450453692115843e-07,1.1190226700819039e-07,1.6475775055369013e-07,1.4152288940749713e-07,1.1793967757967039e-07
687,22511616,0.00020396000000000173,3.304569730136318,3.084173338016963,0.0,0.0,0.023984454572200775,0.2728319466114044,6.288444183155661e-07,0.0,-0.9269559383392334,1,0,0.9999980926513672,467.5104234007302,0.9999980926513672,6.298811285887496e-07,1.1463846050219217e-07,1.0195952171443423e-07,1.0978121878224556e-07,1.3115352714976325e-07,1.0925042914777805e-07,1.9444576082605636e-07,1.1186961046405486e-07,1.6470809782731521e-07,1.4148011473480437e-07,1.1790435650027575e-07
688,22544384,0.00020382000000000172,3.2491065330701225,3.1055035054458067,0.0,0.0,-0.06296944618225098,0.2996419668197632,6.284995492933376e-07,0.0,-0.9273584485054016,1,0,0.9999980926513672,467.65534959699625,0.9999980926513672,6.294385457294993e-07,1.1457026261041392e-07,1.0190158405976035e-07,1.0971695019179606e-07,1.3107501217746176e-07,1.0918627424416627e-07,1.94329516034486e-07,1.1180348735706502e-07,1.6460948870644643e-07,1.4139567383608664e-07,1.1783410513999115e-07
689,22577152,0.0002036800000000017,3.388760948356712,3.1390211500553704,0.0,0.0,0.0427873320877552,0.3823891282081604,6.284660685196286e-07,0.0,-0.92751145362854,1,0,0.9999980926513672,467.8845421442557,0.9999980926513672,6.293965384429612e-07,1.1456381088237322e-07,1.0189613419697707e-07,1.097106760994393e-07,1.31067764641557e-07,1.0918023463091231e-07,1.9431858788721001e-07,1.1179709247244318e-07,1.6460037954857398e-07,1.413875878597537e-07,1.1782747577626651e-07
690,22609920,0.0002035400000000017,3.3597608444019826,3.1758144373354966,0.0,0.0,-0.05056627467274666,0.334788054227829,6.279921080931672e-07,0.0,-0.9281982183456421,1,0,0.9999980926513672,467.98486867880285,0.9999980926513672,6.287851874731132e-07,1.1447163927869042e-07,1.0181940268694234e-07,1.0962469332298497e-07,1.3095855422307068e-07,1.090948842374928e-07,1.9415686836055102e-07,1.1170840963359296e-07,1.6446324480057228e-07,1.4127004988040426e-07,1.1773121855185309e-07
691,22642688,0.0002034000000000017,3.2654611718758018,3.1987361421415312,0.0,0.0,-0.021017298102378845,0.26741158962249756,6.266743071137171e-07,0.0,-0.9303767681121826,1,0,0.9999980926513672,467.8503032235577,0.9999980926513672,6.270916514949931e-07,1.1421364121133593e-07,1.0160328400843355e-07,1.0938263272919357e-07,1.306572983139631e-07,1.088544010485748e-07,1.9370985171462962e-07,1.1145962020009392e-07,1.6408473868523288e-07,1.4094466393999028e-07,1.1746350736530076e-07
692,22675456,0.00020326000000000168,3.2093060856233935,3.2165948625676513,0.0,0.0,-0.07210011035203934,0.22724656760692596,6.260432314775244e-07,0.0,-0.9335368871688843,1,0,0.9999980926513672,467.9234844804286,0.9999980926513672,6.262848160076828e-07,1.1408931044343262e-07,1.0149559415140175e-07,1.0926419236056972e-07,1.3051469238689606e-07,1.0873695543978101e-07,1.9349845103988628e-07,1.1133872135360434e-07,1.6390551138556475e-07,1.4079095933539065e-07,1.1733543914260736e-07
693,22708224,0.00020312000000000167,3.2794092005329323,3.249992780994075,0.0,0.0,-0.0493728406727314,0.34960079193115234,6.253860647120746e-07,0.0,-0.9345403909683228,1,0,0.9999980926513672,467.97420570521723,0.9999980926513672,6.254402364902489e-07,1.1396142696185052e-07,1.0138685269112102e-07,1.0914338588463579e-07,1.3036468260452239e-07,1.0861693766628377e-07,1.9327509903632745e-07,1.1121476717335099e-07,1.6371647859614313e-07,1.4062833031402988e-07,1.1720290871153338e-07
694,22740992,0.00020298000000000166,3.2906006687240112,3.2634081429075605,0.0,0.0,0.043585486710071564,0.49966302514076233,6.252184903132729e-07,0.0,-0.9366159439086914,1,0,0.9999980926513672,468.1525790862421,0.9999980926513672,6.252219577618234e-07,1.1393013465976765e-07,1.013595891663499e-07,1.0911382730682817e-07,1.3032715173721954e-07,1.0858772725441668e-07,1.9321612398925936e-07,1.111844341039614e-07,1.6366651323096448e-07,1.4058595354526915e-07,1.1717060743876573e-07
695,22773760,0.00020284000000000168,3.402439218699948,3.291462370245855,0.0,0.0,0.146087646484375,0.4528639614582062,6.24762719780847e-07,0.0,-0.9365782737731934,1,0,0.9999980926513672,468.2541388187109,0.9999980926513672,6.246355042094365e-07,1.1384118181467784e-07,1.0128557903499313e-07,1.0903082170443668e-07,1.3022254563566094e-07,1.0850511955595721e-07,1.9306085619064106e-07,1.1109921871366168e-07,1.6353483545117342e-07,1.4047311935883044e-07,1.1707790292803111e-07
696,22806528,0.0002027000000000017,3.285605452771163,3.3035019854192385,0.0,0.0,-0.06052384525537491,0.3686203062534332,6.245495569601189e-07,0.0,-0.9368820786476135,1,0,0.9999980926513672,468.4256906591617,0.9999980926513672,6.243627694857423e-07,1.1379928821497742e-07,1.0125100402547105e-07,1.0899152158572178e-07,1.3017374556056893e-07,1.0846601128378097e-07,1.9298869347039727e-07,1.1105854014203942e-07,1.6347371456504334e-07,1.4042046814211062e-07,1.1703424718234601e-07
697,22839296,0.0002025600000000017,3.329061539200505,3.305951166325657,0.0,0.0,0.022035080939531326,0.47490328550338745,6.232188525245874e-07,0.0,-0.9361205697059631,1,0,0.9999980926513672,468.3004763962205,0.9999980926513672,6.226550226529071e-07,1.1353954931792032e-07,1.010281920343914e-07,1.0874566669372143e-07,1.2987068487291253e-07,1.0822174800750872e-07,1.9253903360549884e-07,1.1080675221819547e-07,1.6309299155636836e-07,1.4009343374254968e-07,1.1676501543433915e-07
698,22872064,0.00020242000000000168,3.429740477528634,3.3240145607715084,0.0,0.0,0.12974153459072113,0.4490923285484314,6.226719051483087e-07,0.0,-0.9371345043182373,1,0,0.9999980926513672,468.36774937324384,0.9999980926513672,6.219481747393729e-07,1.1343543349084939e-07,1.009392036621648e-07,1.0864739152793845e-07,1.2974477670013584e-07,1.0812416206817943e-07,1.9235037029829982e-07,1.1070618910480334e-07,1.6293301996483933e-07,1.399561426751461e-07,1.1665683530281967e-07
699,22904832,0.0002022800000000017,3.5487671115272237,3.34001517708856,0.0,0.0,0.021821647882461548,0.6081070899963379,6.215663574948849e-07,0.0,-0.9370014667510986,1,0,0.9999980926513672,468.25686763458776,0.9999980926513672,6.205173690432275e-07,1.1322478599140595e-07,1.0075973477796651e-07,1.0844946274346512e-07,1.294911271543242e-07,1.0792759752575876e-07,1.9196771461338358e-07,1.1050282466840144e-07,1.6260919721844402e-07,1.3968012524401274e-07,1.1643720654319623e-07
700,22937600,0.00020214000000000172,3.588379820183267,3.362877074666687,0.0,0.0,0.051303308457136154,0.8656334280967712,6.214475547494658e-07,0.0,-0.9383756518363953,1,0,0.9999980926513672,468.44632098152874,0.9999980926513672,6.203629823176016e-07,1.1320254600377666e-07,1.0074032275042555e-07,1.084283667296404e-07,1.2946470917540864e-07,1.0790660098791705e-07,1.9192526679034927e-07,1.1048133785607206e-07,1.6257416746157105e-07,1.3965095035928243e-07,1.1641444075394247e-07
701,22970368,0.00020200000000000174,3.4654210224340165,3.3828730597225096,0.0,0.0,-0.025180324912071228,0.5728477239608765,6.213475671756896e-07,0.0,-0.9384000897407532,1,0,0.9999980926513672,468.6429179155718,0.9999980926513672,6.202316171766142e-07,1.1318419268491198e-07,1.0072399447835778e-07,1.084107879023577e-07,1.2944322236307926e-07,1.0788910742576263e-07,1.9188938438219338e-07,1.1046342507370355e-07,1.6254377044333523e-07,1.3962525713395735e-07,1.1639545505204296e-07
702,23003136,0.00020186000000000173,3.4591818061311064,3.4078606317732807,0.0,0.0,-0.021937329322099686,0.4448665976524353,6.21030494585284e-07,0.0,-0.939709484577179,1,0,0.9999980926513672,468.77711564848374,0.9999980926513672,6.198195023898734e-07,1.1312440761912512e-07,1.0067252276257932e-07,1.0835476871307037e-07,1.2937029225668084e-07,1.0783356430010826e-07,1.9177925025815057e-07,1.1040592085009848e-07,1.6245033407358278e-07,1.395453921304579e-07,1.1633287044787721e-07
703,23035904,0.00020172000000000172,3.6166792303561426,3.4415876347556016,0.0,0.0,0.03103816509246826,0.6891809105873108,6.203885050126701e-07,0.0,-0.9397765398025513,1,0,0.9999980926513672,468.7839150348553,0.9999980926513672,6.189795271893672e-07,1.1300558355742396e-07,1.0056811561298673e-07,1.0824177110180244e-07,1.292271321062799e-07,1.0772111380674687e-07,1.915526013362978e-07,1.1029057844780255e-07,1.622590986016803e-07,1.393855200149119e-07,1.1620955575608605e-07
704,23068672,0.0002015800000000017,3.5801800722488863,3.470545575108089,0.0,0.0,-0.038799479603767395,0.7511857151985168,6.199543349794112e-07,0.0,-0.9427205324172974,1,0,0.9999980926513672,468.8492921445925,0.9999980926513672,6.184066023706691e-07,1.1292575408106131e-07,1.0049716792082108e-07,1.0816520301659693e-07,1.2913312730233883e-07,1.0764491520376396e-07,1.91396111404174e-07,1.1021255374998873e-07,1.6212869979881361e-07,1.392802744248911e-07,1.1612736017241332e-07
705,23101440,0.0002014400000000017,3.7965435300007466,3.509956006238169,0.0,0.0,0.02404368855059147,1.465149998664856,6.199454674060689e-07,0.0,-0.9427249431610107,1,0,0.9999980926513672,469.07863579729786,0.9999980926513672,6.183947789395461e-07,1.1292414114905114e-07,1.0049563314851184e-07,1.081637677202707e-07,1.2913127989122586e-07,1.0764347990743772e-07,1.913930134378461e-07,1.1021109003195306e-07,1.621260707906913e-07,1.3927815700753854e-07,1.16125704607839e-07
706,23134208,0.0002013000000000017,3.747692505091525,3.5561647114702053,0.0,0.0,0.038993950933218,1.256827712059021,6.197466291268938e-07,0.0,-0.9423949718475342,1,0,0.9999980926513672,469.21475602740765,0.9999980926513672,6.181282401485078e-07,1.1288730661362933e-07,1.0046286291753859e-07,1.0812848927344021e-07,1.2908917312870472e-07,1.0760837199086382e-07,1.9132218653794553e-07,1.1017515078037832e-07,1.620671810087515e-07,1.3923219910338958e-07,1.1608782557459563e-07
707,23166976,0.0002011600000000017,3.6935624281807256,3.592614800368227,0.0,0.0,-0.07758420705795288,1.2115157842636108,6.193575359247916e-07,0.0,-0.9445319771766663,1,0,0.9999980926513672,469.2980158333419,0.9999980926513672,6.176185820550018e-07,1.1281552758646285e-07,1.0039907039072204e-07,1.080596305769177e-07,1.290035243073362e-07,1.0753984724942711e-07,1.9118284910746297e-07,1.1010498468522201e-07,1.619519167661565e-07,1.3913530949594133e-07,1.1601378702152942e-07
708,23199744,0.0002010200000000017,3.9936549737090834,3.6490062499862725,0.015625,0.0015625,-0.014767568558454514,1.521458387374878,6.19211164121225e-07,0.0,-0.9446191787719727,1,0,0.9999980926513672,469.46531346626085,0.9999980926513672,6.17423665971728e-07,1.1278852696250397e-07,1.0037494746484299e-07,1.0803386629731904e-07,1.2897251622234762e-07,1.0751420376209353e-07,1.9113035421014501e-07,1.1007873723656303e-07,1.61908531026711e-07,1.3910094764923997e-07,1.1598601901141592e-07
709,23232512,0.0002008800000000017,3.7387250305179487,3.6680020418853445,0.0,0.0015625,0.07253902405500412,1.1281386613845825,6.188513452798361e-07,0.0,-0.9460065960884094,1,0,0.9999980926513672,469.5504041477868,0.9999980926513672,6.169457265059464e-07,1.1272238964465942e-07,1.0031618558059563e-07,1.0797042193644302e-07,1.2889628919765528e-07,1.0745127099198726e-07,1.9099988435300475e-07,1.1001408495303622e-07,1.6179892270429264e-07,1.390164783288128e-07,1.1591801296617632e-07
710,23265280,0.00020074000000000169,3.715680324423409,3.680732092309359,0.0,0.0015625,-0.100169837474823,0.8907041549682617,6.186232894833665e-07,0.0,-0.9485036134719849,1,0,0.9999980926513672,469.68783955886596,0.9999980926513672,6.166428079268371e-07,1.1268047472867693e-07,1.0027888919239558e-07,1.0793027627187257e-07,1.288479865024783e-07,1.0741110401113474e-07,1.909172056002717e-07,1.0997317900773851e-07,1.6172965899841074e-07,1.389631876236308e-07,1.1587491144382511e-07
711,23298048,0.00020060000000000168,3.8226720079825207,3.7164571908642094,0.03125,0.0046875,0.03947090357542038,0.6291314363479614,6.183394134495757e-07,0.0,-0.9502977132797241,1,0,0.9999980926513672,469.7908678392027,0.9999980926513672,6.162665044939786e-07,1.1262741139717036e-07,1.0023165231132225e-07,1.0787943693912894e-07,1.2878729194198968e-07,1.0736071942574199e-07,1.9081417690358649e-07,1.0992137333687424e-07,1.6164824501174735e-07,1.3889773242681258e-07,1.1582032755086402e-07
712,23330816,0.00020046000000000167,3.868665631542242,3.757405573405323,0.03125,0.0078125,0.07490907609462738,1.2388222217559814,6.182760898809647e-07,0.0,-0.951688289642334,1,0,0.9999980926513672,469.99416361561754,0.9999980926513672,6.161836836326984e-07,1.1261548138463695e-07,1.0022094443229435e-07,1.0786811799334828e-07,1.287736637323178e-07,1.0734925126598682e-07,1.9079070057159697e-07,1.0990984833370021e-07,1.6163021143711376e-07,1.3888302419218235e-07,1.158080635832448e-07
713,23363584,0.00020032000000000166,3.6958952216107432,3.765327172530783,0.0,0.0078125,-0.05935312807559967,0.9861064553260803,6.173890483296418e-07,0.0,-0.9522594809532166,1,0,0.9999980926513672,469.85703089919963,0.9999980926513672,6.150141871330561e-07,1.1245064257536797e-07,1.0007424577906932e-07,1.0771022829203503e-07,1.2858369302648498e-07,1.0719212184540083e-07,1.9046582622195274e-07,1.0974897435289677e-07,1.6137146019445936e-07,1.3867351356111612e-07,1.1563854940277452e-07
714,23396352,0.00020018000000000165,3.543923501390455,3.7617015154449396,0.0,0.0078125,-0.10094515979290009,0.6013412475585938,6.169526045596285e-07,0.0,-0.9542503356933594,1,0,0.9999980926513672,469.9121340813275,0.9999980926513672,6.144361464066606e-07,1.1237002439656862e-07,1.0000269412557827e-07,1.0763299940208526e-07,1.2849052666297212e-07,1.0711526954310102e-07,1.9030750308957067e-07,1.0967029595576605e-07,1.6124040769227577e-07,1.3857105329861952e-07,1.1555554380038302e-07
715,23429120,0.00020004000000000164,3.7009279700661764,3.7521399594514824,0.0,0.0078125,-0.1389857828617096,0.9498934149742126,6.169436232994485e-07,0.0,-0.9544028639793396,1,0,0.9999980926513672,470.1381719174907,0.9999980926513672,6.144250050965638e-07,1.1236852515139617e-07,1.0000116645869639e-07,1.0763157121118638e-07,1.284888213604063e-07,1.0711384135220214e-07,1.9030423459298618e-07,1.0966882513230303e-07,1.6123777868415345e-07,1.385690779898141e-07,1.1555399481721906e-07
716,23461888,0.00019990000000000163,3.625937738375841,3.7399644827799143,0.0,0.0078125,0.04120336472988129,1.4473956823349,6.169124162624939e-07,0.0,-0.9546670317649841,1,0,0.9999980926513672,470.3558220359374,0.9999980926513672,6.143833957139577e-07,1.1236274133352708e-07,9.999602212928949e-08,1.0762602897784745e-07,1.28482199102109e-07,1.0710832043514529e-07,1.9029279485494044e-07,1.0966318342298109e-07,1.6122839952004142e-07,1.385616883453622e-07,1.1554804757452075e-07
717,23494656,0.00019976000000000162,3.603601768991359,3.7309684168609776,0.015625,0.009375,0.026918863877654076,1.0971890687942505,6.167957167235727e-07,0.0,-0.9559744596481323,1,0,0.9999980926513672,470.53769093210855,0.9999980926513672,6.142287247712375e-07,1.123413042591892e-07,9.997695116226168e-08,1.0760550139821135e-07,1.284573158955027e-07,1.0708789943691954e-07,1.9025053177301743e-07,1.0964225793941296e-07,1.611925739553044e-07,1.3853419034148828e-07,1.1552600653885747e-07
718,23527424,0.00019962000000000162,3.4279009158449565,3.674393011074565,0.046875,0.0125,0.11499906331300735,1.5047476291656494,6.166287107589596e-07,0.0,-0.9570581316947937,1,0,0.9999980926513672,470.6952829685657,0.9999980926513672,6.140073764981935e-07,1.123104524936025e-07,9.994949579095191e-08,1.0757594992583108e-07,1.2842204455409956e-07,1.0705849007308643e-07,1.901895672062892e-07,1.096121522436988e-07,1.6114262280098046e-07,1.384954941840988e-07,1.1549428080570578e-07
719,23560192,0.0001994800000000016,3.357340181864205,3.6362545262091905,0.0,0.0125,0.20479950308799744,1.103714942932129,6.159874601507909e-07,0.0,-0.9583979249000549,1,0,0.9999980926513672,470.677245659618,0.9999980926513672,6.131617737992201e-07,1.1219270135143233e-07,9.984488968939331e-08,1.0746315837195652e-07,1.2828385820284893e-07,1.069462314262637e-07,1.8995936557075765e-07,1.0949722906161696e-07,1.609485025255708e-07,1.3833933110163343e-07,1.1537296984442946e-07
720,23592960,0.00019934000000000163,3.3971418931821535,3.604400683085065,0.015625,0.0140625,0.09018301963806152,1.1892462968826294,6.157287657515553e-07,0.0,-0.9595279693603516,1,0,0.9999980926513672,470.8130436431427,0.9999980926513672,6.128221912149456e-07,1.1214498840672604e-07,9.98028113485816e-08,1.0741786837797918e-07,1.282266168800561e-07,1.069013677579278e-07,1.8986771976869932e-07,1.0945107931092934e-07,1.6087085441540694e-07,1.382744301281491e-07,1.1532368660027714e-07
721,23625728,0.00019920000000000164,3.3932133083628475,3.5614548131230976,0.0,0.0109375,0.15263886749744415,1.1349728107452393,6.150207241262251e-07,0.0,-0.9638078212738037,1,0,0.9999980926513672,470.7737685648051,0.9999980926513672,6.118930286902469e-07,1.1201458249843199e-07,9.96867584035499e-08,1.0729295496503255e-07,1.280723722629773e-07,1.0677706541173393e-07,1.8961293335451046e-07,1.0932381400152735e-07,1.606575779078412e-07,1.3810206667130842e-07,1.1518958586975714e-07
722,23658496,0.00019906000000000163,3.392655708729727,3.513853820841846,0.015625,0.009375,0.032791659235954285,1.3765877485275269,6.146954660835036e-07,0.0,-0.9664254784584045,1,0,0.9999980926513672,470.88562566234947,0.9999980926513672,6.114672146395606e-07,1.1195478322179042e-07,9.963353164721411e-08,1.0723587706706894e-07,1.280002095427335e-07,1.067200585680439e-07,1.8949725699712872e-07,1.092654358103573e-07,1.6056002039022133e-07,1.3802069531720917e-07,1.1512764785948093e-07
723,23691264,0.00019892000000000163,3.364643240945415,3.480728622775313,0.0,0.009375,-0.12061116844415665,0.9227470755577087,6.146617010927002e-07,0.0,-0.9666059017181396,1,0,0.9999980926513672,471.100843023272,0.9999980926513672,6.114240704846452e-07,1.1194859439456195e-07,9.962801783558461e-08,1.072299511406527e-07,1.2799252147033258e-07,1.0671416106333709e-07,1.8948531987916795e-07,1.0925939619710334e-07,1.6054991647251882e-07,1.3801214038267062e-07,1.1512127429114116e-07
724,23724032,0.00019878000000000162,3.232753606765921,3.4496116333128604,0.0,0.009375,0.01045709103345871,0.8297176957130432,6.140342065918958e-07,0.0,-0.9642307162284851,1,0,0.9999980926513672,471.09321479077903,0.9999980926513672,6.106018872742425e-07,1.1183313120000093e-07,9.952526625056635e-08,1.0711935516383164e-07,1.2785442038421024e-07,1.0660409799356785e-07,1.892606462661206e-07,1.0914671122463915e-07,1.6036214844916685e-07,1.378573131205485e-07,1.1500210916892684e-07
725,23756800,0.0001986400000000016,3.3883469018956367,3.418353526495806,0.015625,0.0109375,-0.07251618057489395,1.0209567546844482,6.137955779195181e-07,0.0,-0.9632269740104675,1,0,0.9999980926513672,471.22833794699443,0.9999980926513672,6.102875431679422e-07,1.117889780744008e-07,9.948617218924483e-08,1.0707707787105392e-07,1.2780223812569602e-07,1.0656221860472215e-07,1.8917475586022192e-07,1.0910363101857001e-07,1.6029075311507768e-07,1.3779948915271234e-07,1.1495671259353912e-07
726,23789568,0.0001985000000000016,3.3188686947324815,3.38764662213147,0.0,0.0109375,0.10320591181516647,0.8407374620437622,6.136634169706667e-07,0.0,-0.9631693363189697,1,0,0.9999980926513672,471.40853072036964,0.9999980926513672,6.101158760429826e-07,1.1176446435001708e-07,9.946454326836829e-08,1.0705399233756907e-07,1.2777226743310166e-07,1.0653904780610901e-07,1.8912822952188435e-07,1.0908011205401635e-07,1.60251616421192e-07,1.3776703156054282e-07,1.1493128226902627e-07
727,23822336,0.0001983600000000016,3.5954317511294573,3.38682962034528,0.0,0.009375,-0.008619461208581924,0.8864701986312866,6.133438432698313e-07,0.0,-0.9654355645179749,1,0,0.9999980926513672,471.50968081211613,0.9999980926513672,6.096959168644389e-07,1.117052192967094e-07,9.941200573848619e-08,1.0699724839469127e-07,1.277033163660235e-07,1.064825738694708e-07,1.8901209841715172e-07,1.090222880861802e-07,1.601569152853699e-07,1.376904492644826e-07,1.1487035322943484e-07
728,23855104,0.00019822000000000158,3.7099084331263565,3.41503037207342,0.0,0.0046875,0.06617693603038788,0.9708751440048218,6.125958975644608e-07,0.0,-0.9677553176879883,1,0,0.9999980926513672,471.4321971609829,0.9999980926513672,6.087082056183135e-07,1.1156702584003142e-07,9.928902500178083e-08,1.0686488138844652e-07,1.2754338740705862e-07,1.0635104530365425e-07,1.887415521650837e-07,1.0888741996950557e-07,1.5993467172847886e-07,1.37513040954218e-07,1.1472803151946209e-07
729,23887872,0.00019808000000000157,3.547589489184766,3.4340553028054766,0.0,0.0046875,0.043566249310970306,0.935488224029541,6.125571871962165e-07,0.0,-0.9673027992248535,1,0,0.9999980926513672,471.63563759639464,0.9999980926513672,6.08656534950569e-07,1.1156000567780211e-07,9.928258748459484e-08,1.0685815965416623e-07,1.275352303764521e-07,1.0634414593369002e-07,1.8872749762977037e-07,1.0888036428013947e-07,1.5992277724308224e-07,1.3750398863976443e-07,1.147207058238564e-07
730,23920640,0.00019794000000000156,3.76502527308034,3.4708436407952945,0.0,0.003125,0.03677879273891449,0.7972626686096191,6.121653086665901e-07,0.0,-0.9690958261489868,1,0,0.9999980926513672,471.7013770675819,0.9999980926513672,6.081407377678261e-07,1.1148747347533572e-07,9.921821941816233e-08,1.0678867568003625e-07,1.2745000788072502e-07,1.0627520907746657e-07,1.8858681016808987e-07,1.0880977185934171e-07,1.5980782563929097e-07,1.374090743411216e-07,1.1464599936061859e-07
731,23953408,0.00019780000000000156,3.651585824190236,3.4966808923780333,0.0,0.003125,-0.06426224112510681,0.4658079147338867,6.120192779235367e-07,0.0,-0.9710093140602112,1,0,0.9999980926513672,471.8757318264583,0.9999980926513672,6.079505396883178e-07,1.1146025258312875e-07,9.919418886283893e-08,1.0676301798184795e-07,1.2741645605274243e-07,1.0624947321957734e-07,1.8853502581350767e-07,1.0878342493469972e-07,1.5976394251993042e-07,1.373722540165545e-07,1.1461801818768436e-07
732,23986176,0.00019766000000000157,3.693876712065503,3.526802992711611,0.0,0.0015625,-0.1079096719622612,0.8051491379737854,6.115201927059388e-07,0.0,-0.9710829257965088,1,0,0.9999980926513672,471.88992698348403,0.9999980926513672,6.072910991861136e-07,1.1136781097320636e-07,9.911192222489262e-08,1.0667426408872416e-07,1.2730981779895956e-07,1.0616135170948837e-07,1.8835459059118875e-07,1.0869298705529218e-07,1.5961774124662043e-07,1.3725571079703514e-07,1.1452284809365665e-07
733,24018944,0.0001975200000000016,3.907262359668166,3.5810649045838865,0.0,0.0015625,-0.013140317052602768,1.0110973119735718,6.108041361585492e-07,0.0,-0.9711395502090454,1,0,0.9999980926513672,471.80392357712606,0.9999980926513672,6.06341416187206e-07,1.1123491816533715e-07,9.899365238652535e-08,1.0654718352043346e-07,1.271576621775239e-07,1.060346690451297e-07,1.88096805686655e-07,1.0856350485255462e-07,1.5940871378461452e-07,1.370882642959259e-07,1.1438629599069827e-07
734,24051712,0.00019738000000000158,3.9020489703367867,3.6479944409409724,0.0,0.0015625,0.05122215300798416,1.386766791343689,6.105011607360211e-07,0.0,-0.9741067886352539,1,0,0.9999980926513672,471.89596813923214,0.9999980926513672,6.059402721803053e-07,1.1117828790929707e-07,9.894325359027789e-08,1.0649292647713082e-07,1.2709267593891127e-07,1.0598068911349401e-07,1.879872542076555e-07,1.0850822462771248e-07,1.5932131702811603e-07,1.3701742318517063e-07,1.1432805990807537e-07
735,24084480,0.00019724000000000157,3.8941047915141462,3.698570229902824,0.0,0.0,-0.0714501440525055,0.9649456143379211,6.097541813687712e-07,0.0,-0.980476975440979,1,0,0.9999980926513672,471.7609543273111,0.9999980926513672,6.049477292435768e-07,1.110379983515486e-07,9.881840412617748e-08,1.0635834968297786e-07,1.2693193696122762e-07,1.0584675180780323e-07,1.8772119858567748e-07,1.0837129593710415e-07,1.5911345485619677e-07,1.3684348232345656e-07,1.1418368472959628e-07
736,24117248,0.00019710000000000157,3.8313252031404965,3.7498158807436246,0.0,0.0,-0.037394776940345764,1.0970040559768677,6.097001232774346e-07,0.0,-0.9804856777191162,1,0,0.9999980926513672,471.95315936897725,0.9999980926513672,6.04874514920084e-07,1.1102783048499987e-07,9.880935891715126e-08,1.0634860814207059e-07,1.269203266929253e-07,1.0583706000488746e-07,1.8770258236600057e-07,1.0836137676051294e-07,1.5909859030216467e-07,1.3683094834959775e-07,1.1417323264595325e-07
737,24150016,0.00019696000000000156,3.918612119813072,3.7821339176119864,0.0,0.0,-0.045872762799263,1.0987536907196045,6.094815034884959e-07,0.0,-0.9812580347061157,1,0,0.9999980926513672,472.0543754747297,0.9999980926513672,6.045780196473061e-07,1.1098675400944558e-07,9.87728014933964e-08,1.0630926539079155e-07,1.2687337402894627e-07,1.0579790199471972e-07,1.876288564517381e-07,1.0832128793936135e-07,1.590388052363778e-07,1.367803292851022e-07,1.1413098377488495e-07
738,24182784,0.00019682000000000155,4.171812641905831,3.828324338489934,0.015625,0.0015625,0.048939045518636703,1.3017797470092773,6.09225025982596e-07,0.0,-0.9846304059028625,1,0,0.9999980926513672,472.1226479459115,0.9999980926513672,6.042321842869569e-07,1.1093828788943938e-07,9.872967154933576e-08,1.0626304458583036e-07,1.2681807959324942e-07,1.0575190856343397e-07,1.8754404607079778e-07,1.082739871094418e-07,1.589690583614356e-07,1.3672072896042664e-07,1.1408125999423646e-07
739,24215552,0.00019668000000000157,4.230949045177136,3.896660294089171,0.0,0.0015625,-0.019341489300131798,1.3915181159973145,6.0917193422938e-07,0.0,-0.9855443239212036,1,0,0.9999980926513672,472.31392654640206,0.9999980926513672,6.041602205186791e-07,1.109283473965661e-07,9.872081818684819e-08,1.062533172557778e-07,1.2680659722263954e-07,1.0574222386594556e-07,1.8752616881556605e-07,1.0826428109567132e-07,1.5895450644620723e-07,1.367083513059697e-07,1.1407092870285851e-07
740,24248320,0.00019654000000000158,3.944910915978088,3.9146488583789463,0.0,0.0015625,0.02278008498251438,2.010622978210449,6.091001978347776e-07,0.0,-0.9867623448371887,1,0,0.9999980926513672,472.4976917853743,0.9999980926513672,6.040645530447364e-07,1.1091479734659515e-07,9.87087673820497e-08,1.0624034985085018e-07,1.2679110739099997e-07,1.0572932040986416e-07,1.8750077401818999e-07,1.0825106500078618e-07,1.5893510862952098e-07,1.3669166776253405e-07,1.1405700206523761e-07
741,24281088,0.0001964000000000016,3.818244741633373,3.93131475012326,0.0,0.0015625,0.040142811834812164,1.6572015285491943,6.087129804654978e-07,0.0,-0.991628110408783,1,0,0.9999980926513672,472.4966171427692,0.9999980926513672,6.035410820004472e-07,1.1084163276109393e-07,9.864365324574464e-08,1.061702619153948e-07,1.26707476511001e-07,1.0565956642949459e-07,1.8737135576429864e-07,1.0817964835041494e-07,1.588302467325775e-07,1.3660148567851138e-07,1.1398174848409326e-07
742,24313856,0.0001962600000000016,3.8475948727997187,3.9466865661966812,0.0,0.0015625,-0.0066147539764642715,1.3205723762512207,6.084331971578649e-07,0.0,-0.9921932220458984,1,0,0.9999980926513672,472.5563834403866,0.9999980926513672,6.031642101334e-07,1.1078857653501473e-07,9.859643768095339e-08,1.0611944389893324e-07,1.2664682458307652e-07,1.0560919605495656e-07,1.872777346534349e-07,1.0812765793843937e-07,1.5875421865985118e-07,1.3653610153596674e-07,1.1392720722369631e-07
743,24346624,0.00019612000000000158,4.001001086041366,3.956060438834001,0.0,0.0015625,0.12709040939807892,1.192505955696106,6.08031712090451e-07,0.0,-0.9919766783714294,1,0,0.9999980926513672,472.5524374031539,0.9999980926513672,6.026208438925096e-07,1.1071274030882705e-07,9.852895033191089e-08,1.0604701117244986e-07,1.265602520561515e-07,1.0553689833159297e-07,1.871431294375725e-07,1.0805385386447597e-07,1.58645249825895e-07,1.364427646421973e-07,1.1384932463442965e-07
744,24379392,0.00019598000000000158,4.063357838596037,3.9721913256599266,0.0,0.0015625,0.0018653292208909988,1.3205459117889404,6.079550871618267e-07,0.0,-0.993159294128418,1,0,0.9999980926513672,472.72586776028237,0.9999980926513672,6.025174457136018e-07,1.1069816707731661e-07,9.851598292698327e-08,1.0603305611311953e-07,1.265435969344253e-07,1.0552302143196357e-07,1.8711813254412846e-07,1.0803964300976077e-07,1.586243882911731e-07,1.36424816332692e-07,1.1383434639355983e-07
745,24412160,0.00019584000000000157,4.054040239918021,3.9881848705003136,0.015625,0.003125,0.08419838547706604,2.1645514965057373,6.079145578041789e-07,0.0,-0.9933980703353882,1,0,0.9999980926513672,472.92354103804877,0.9999980926513672,6.02463444465684e-07,1.1069057137547134e-07,9.850921856013883e-08,1.0602557409811197e-07,1.2653478620450187e-07,1.0551577389605882e-07,1.8710457538873015e-07,1.0803201888620606e-07,1.5861348856560653e-07,1.3641530927088752e-07,1.1382641673662874e-07
746,24444928,0.00019570000000000156,4.085012950225227,4.013553645208787,0.0,0.003125,0.01832405850291252,1.3244471549987793,6.078315095692233e-07,0.0,-0.9939363598823547,1,0,0.9999980926513672,473.0933671604362,0.9999980926513672,6.023490755069361e-07,1.1067494654071197e-07,9.849531323880001e-08,1.0601061717352422e-07,1.2651692316012486e-07,1.0550087381488993e-07,1.8707763160819013e-07,1.0801676353366929e-07,1.585911064694301e-07,1.3639605356274842e-07,1.1381035136537321e-07
747,24477696,0.00019556000000000155,3.9309739468192157,4.014789827909401,0.0,0.003125,0.048778269439935684,1.3896050453186035,6.078150818211725e-07,0.0,-0.9941716194152832,1,0,0.9999980926513672,473.3030745746906,0.9999980926513672,6.02327872911701e-07,1.1067178462553784e-07,9.84924994895664e-08,1.0600757605061517e-07,1.265133136030272e-07,1.0549765505629694e-07,1.8707228832681722e-07,1.080138787301621e-07,1.5858655899592122e-07,1.3639215978855646e-07,1.1380709707964343e-07
748,24510464,0.00019542000000000157,4.023314365549095,3.999940000273728,0.0,0.0015625,-2.5741755962371826e-06,1.6252549886703491,6.077833063500293e-07,0.0,-0.9941760301589966,1,0,0.9999980926513672,473.50227530864174,0.9999980926513672,6.022853540343931e-07,1.1066565974715559e-07,9.848704252135576e-08,1.0600171407304515e-07,1.265063076516526e-07,1.0549202755782972e-07,1.8706194282458455e-07,1.0800770411378835e-07,1.5857779089856194e-07,1.3638461382470268e-07,1.1380080167100459e-07
749,24543232,0.00019528000000000156,4.1941823435167365,3.9962633301076878,0.015625,0.003125,0.02298062853515148,1.7534446716308594,6.076905947338673e-07,0.0,-0.9949762225151062,1,0,0.9999980926513672,473.6612507233494,0.9999980926513672,6.021606964168313e-07,1.1064792460047101e-07,9.847126847262189e-08,1.059849310536265e-07,1.2648617087052116e-07,1.0547512374614598e-07,1.87031432119511e-07,1.079906013501386e-07,1.5855239610118588e-07,1.3636288542784314e-07,1.1378268283124271e-07
750,24576000,0.00019514000000000155,4.143353350944329,4.0161075736043115,0.0,0.003125,0.05333989858627319,0.9319871068000793,6.073979648135719e-07,0.0,-0.9962832927703857,1,0,0.9999980926513672,473.71682786898276,0.9999980926513672,6.017697273819067e-07,1.1059243831823551e-07,9.842188575248656e-08,1.0593178245699164e-07,1.264227336150725e-07,1.05422230944896e-07,1.8693192771479517e-07,1.0793644378281897e-07,1.5847273004965245e-07,1.362945027949536e-07,1.1372561914413382e-07
751,24608768,0.00019500000000000154,4.014391902404278,4.035722289681402,0.0,0.003125,0.07691965997219086,1.625544548034668,6.073187250876799e-07,0.0,-0.9965029358863831,1,0,0.9999980926513672,473.88705766202247,0.9999980926513672,6.016612701387203e-07,1.1057746718279304e-07,9.840856307619106e-08,1.0591743659915664e-07,1.2640560953514068e-07,1.0540794903590722e-07,1.869060781700682e-07,1.0792182791874438e-07,1.584512716590325e-07,1.3627604289467854e-07,1.1371021457762254e-07
752,24641536,0.00019486000000000153,4.025321722309144,4.053494974632345,0.0,0.003125,0.04924371838569641,1.3728446960449219,6.069431037758477e-07,0.0,-0.9970500469207764,1,0,0.9999980926513672,473.8553760794857,0.9999980926513672,6.011565574226552e-07,1.1050598658357558e-07,9.834495529048581e-08,1.0584876974917279e-07,1.2632378343369055e-07,1.0533961614100917e-07,1.8678437641028722e-07,1.0785207393837482e-07,1.5834869770969817e-07,1.3618783611946128e-07,1.1363660235019779e-07
753,24674304,0.00019472000000000152,4.189599028860923,4.0723547689143,0.0,0.003125,0.046933721750974655,1.4833768606185913,6.069246865081368e-07,0.0,-0.9969252943992615,1,0,0.9999980926513672,474.05985567245875,0.9999980926513672,6.011318873788696e-07,1.1050240544818735e-07,9.834175784817489e-08,1.0584534493318642e-07,1.2631969070753257e-07,1.0533639738241618e-07,1.8677832258617855e-07,1.078483720107215e-07,1.5834355338029127e-07,1.3618341654364485e-07,1.1363292173882655e-07
754,24707072,0.00019458000000000154,3.7846058317850177,4.044479568233198,0.0,0.003125,-0.09910564124584198,1.1221321821212769,6.068090101507551e-07,0.0,-0.9967789053916931,1,0,0.9999980926513672,474.20861703402454,0.9999980926513672,6.009771595927305e-07,1.1048048520478915e-07,9.832225345007828e-08,1.0582434839534471e-07,1.2629462275981496e-07,1.0531550742598483e-07,1.8673931378998532e-07,1.0782697756894777e-07,1.5831214739137067e-07,1.3615641591968597e-07,1.136103904286756e-07
755,24739840,0.00019444000000000153,4.118788605475059,4.050954404788902,0.0,0.0015625,0.03642731532454491,1.4134644269943237,6.067295998946065e-07,0.0,-0.9964745044708252,1,0,0.9999980926513672,474.3709796152168,0.9999980926513672,6.008700097481778e-07,1.1046531511738067e-07,9.830875313809884e-08,1.0580981069097106e-07,1.262772855170624e-07,1.0530104788131212e-07,1.8671278212423204e-07,1.0781216985833453e-07,1.5829041899451113e-07,1.3613771443488076e-07,1.1359478691019831e-07
756,24772608,0.00019430000000000152,4.22523243603479,4.064976353369859,0.0,0.0015625,-0.008122268132865429,0.7894260883331299,6.066587161512871e-07,0.0,-0.9967955350875854,1,0,0.9999980926513672,474.54442340969393,0.9999980926513672,6.007754222991935e-07,1.104518361216833e-07,9.829675207129185e-08,1.057969001294623e-07,1.2626188095055113e-07,1.0528820126864957e-07,1.8668963264190097e-07,1.0779901771229561e-07,1.5827109223209845e-07,1.3612108773486398e-07,1.1358092422142363e-07
757,24805376,0.00019416000000000152,4.181889462222555,4.0900679049101925,0.0,0.0015625,0.05410800129175186,1.2393968105316162,6.065545790079341e-07,0.0,-0.9981216192245483,1,0,0.9999980926513672,474.6974965581896,0.9999980926513672,6.006333705954603e-07,1.1043223935303104e-07,9.82793153525563e-08,1.0577813469581088e-07,1.2623947043266526e-07,1.0526932214816043e-07,1.866558108076788e-07,1.0778009595924232e-07,1.5824302579403593e-07,1.3609695770355756e-07,1.1356077322943747e-07
758,24838144,0.0001940200000000015,4.389196299512044,4.126656098306488,0.0,0.0015625,0.004665964748710394,1.5038392543792725,6.063982596060669e-07,0.0,-1.0016796588897705,1,0,0.9999980926513672,474.804989296837,0.9999980926513672,6.004197530273814e-07,1.1040255287753098e-07,9.825289026821338e-08,1.0574988351663706e-07,1.2620564859844308e-07,1.0524121307753376e-07,1.8660597334019258e-07,1.0775111292105066e-07,1.582004642841639e-07,1.3606047843950364e-07,1.1353034778949223e-07
759,24870912,0.0001938800000000015,4.402603878766331,4.147498251831447,0.0,0.0,0.05711958929896355,2.1819803714752197,6.0610170748987e-07,0.0,-1.0045757293701172,1,0,0.9999980926513672,474.81228858040697,0.9999980926513672,6.000207690703974e-07,1.1034612157345691e-07,9.820267621307721e-08,1.0569564778961649e-07,1.2614103184205305e-07,1.0518743209786408e-07,1.8651024902283098e-07,1.0769584690706324e-07,1.5811961873168912e-07,1.3599083104054444e-07,1.1347221828827969e-07
760,24903680,0.0001937400000000015,4.364462063356836,4.169609123072698,0.0,0.0,0.033457279205322266,1.2225418090820312,6.05969830758113e-07,0.0,-1.0056054592132568,1,0,0.9999980926513672,474.9462286473656,0.9999980926513672,5.998417123009858e-07,1.1032108204744873e-07,9.818039359288377e-08,1.0567185881882324e-07,1.2611252486749436e-07,1.0516355786194254e-07,1.8646686328338546e-07,1.0767161029434646e-07,1.5808373632353323e-07,1.3596007875094074e-07,1.1344658190637347e-07
761,24936448,0.0001936000000000015,4.4366450143835445,4.2118344342706235,0.0,0.0,0.07081924378871918,1.007340669631958,6.058961616872693e-07,0.0,-1.0064334869384766,1,0,0.9999980926513672,475.11548863707844,0.9999980926513672,5.997438847771264e-07,1.103069919849986e-07,9.816784540817025e-08,1.0565835140141644e-07,1.2609642396910203e-07,1.0515011439338195e-07,1.8644303168002807e-07,1.0765784708155479e-07,1.580635284881282e-07,1.3594271308647876e-07,1.134320797291366e-07
762,24969216,0.0001934600000000015,4.449870652105497,4.25428932725026,0.0,0.0,0.10808293521404266,1.3798317909240723,6.055863082110591e-07,0.0,-1.008412480354309,1,0,0.9999980926513672,475.1411583001768,0.9999980926513672,5.993276204208087e-07,1.1024788193481072e-07,9.811525103486929e-08,1.0560174246165843e-07,1.2602885135493125e-07,1.0509377545986354e-07,1.8634206355727656e-07,1.0760016522226579e-07,1.579788317940256e-07,1.3586986824520864e-07,1.1337129990351968e-07
763,25001984,0.0001933200000000015,4.393758091624553,4.274705233526623,0.0,0.0,-0.012524154037237167,1.1185411214828491,6.054326036064595e-07,0.0,-1.008731484413147,1,0,0.9999980926513672,475.2563301853454,0.9999980926513672,5.991207672195742e-07,1.1021865731208891e-07,9.808923806531311e-08,1.0557375418329684e-07,1.259954416354958e-07,1.0506591507919438e-07,1.8629231135491864e-07,1.0757164403685238e-07,1.579369524051799e-07,1.3583385793936031e-07,1.1334124394579703e-07
764,25034752,0.0001931800000000015,4.554411210730185,4.35168577142114,0.0,0.0,-0.14266620576381683,1.060245156288147,6.053740548850328e-07,0.0,-1.0092380046844482,1,0,0.9999980926513672,475.4370952896681,0.9999980926513672,5.990430622659915e-07,1.1020752310741955e-07,9.807932599414926e-08,1.0556287577401235e-07,1.2598258081197855e-07,1.0505510061875611e-07,1.8627241615831736e-07,1.0756076562756789e-07,1.5792099361533474e-07,1.35820002356013e-07,1.1332967631005886e-07
765,25067520,0.0001930400000000015,4.668938119820069,4.406700722855641,0.0,0.0,-0.07848317921161652,1.3334381580352783,6.051956233932287e-07,0.0,-1.011584758758545,1,0,0.9999980926513672,475.53407866483474,0.9999980926513672,5.988054567751533e-07,1.101732607367012e-07,9.804883660535779e-08,1.0553026186244097e-07,1.259435435940759e-07,1.0502263592115924e-07,1.862148621967208e-07,1.0752733459185038e-07,1.5787189511229371e-07,1.3577790980434656e-07,1.132945612880576e-07
766,25100288,0.0001929000000000015,4.541965127091432,4.4383739919613046,0.015625,0.0015625,-0.07419481873512268,2.3231658935546875,6.051495233805326e-07,0.0,-1.012211799621582,1,0,0.9999980926513672,475.71537753020436,0.9999980926513672,5.987438385091082e-07,1.101644286904957e-07,9.804098510812764e-08,1.0552180640388542e-07,1.259334538872281e-07,1.0501423020059519e-07,1.8619995501012454e-07,1.075187157084656e-07,1.578592616624519e-07,1.3576702428963472e-07,1.1328548765732194e-07
767,25133056,0.00019276000000000148,4.608088733064347,4.480993919045484,0.015625,0.003125,-0.09334928542375565,0.9947634339332581,6.051057539480098e-07,0.0,-1.0127708911895752,1,0,0.9999980926513672,475.9002753442496,0.9999980926513672,5.98685517161357e-07,1.1015602296993166e-07,9.803349598769273e-08,1.0551375595468926e-07,1.2592384734944062e-07,1.0500622238396318e-07,1.8618574415540934e-07,1.0751051604529493e-07,1.5784722506850812e-07,1.3575667878740205e-07,1.132768474576551e-07
768,25165824,0.00019262000000000147,4.531153303711892,4.495189619465469,0.0,0.003125,0.011698134243488312,1.2480366230010986,6.04834099249274e-07,0.0,-1.0128108263015747,1,0,0.9999980926513672,475.9370038270713,0.9999980926513672,5.983220034977421e-07,1.1010414624479381e-07,9.79873320261504e-08,1.0546385453835683e-07,1.2586441755502165e-07,1.0495655544673355e-07,1.8609770791044866e-07,1.0745987566451731e-07,1.5777287387663819e-07,1.356926020434912e-07,1.132233862222165e-07
769,25198592,0.00019248000000000146,4.556399052322533,4.510569136821088,0.0,0.003125,-0.05249482020735741,1.2471346855163574,6.046354883437743e-07,0.0,-1.0127274990081787,1,0,0.9999980926513672,476.00663425295966,0.9999980926513672,5.980561468277301e-07,1.10066139313858e-07,9.795351019192822e-08,1.0542765238596985e-07,1.25821088658995e-07,1.0492053093003051e-07,1.8603347484713595e-07,1.0742278533371064e-07,1.5771841788136953e-07,1.3564589096404234e-07,1.131844058477327e-07
770,25231360,0.00019234000000000148,4.647455931708986,4.538868523656303,0.0,0.003125,0.069822758436203,1.5587679147720337,6.044289193596342e-07,0.0,-1.013852834701538,1,0,0.9999980926513672,476.0756272892468,0.9999980926513672,5.977812520541192e-07,1.1002646971292052e-07,9.791819621796094e-08,1.053896525604614e-07,1.2577574182159879e-07,1.04882708740206e-07,1.859664138237349e-07,1.0738406075461171e-07,1.57661560251654e-07,1.3559700562382204e-07,1.1314361358927272e-07
771,25264128,0.0001922000000000015,4.799082092509392,4.57511223146889,0.0,0.003125,0.16370537877082825,1.341324806213379,6.039737741048157e-07,0.0,-1.016822338104248,1,0,0.9999980926513672,475.9414994532247,0.9999980926513672,5.971642167423852e-07,1.0994025245736339e-07,9.784147181335356e-08,1.0530686722631799e-07,1.2567706164645642e-07,1.0480052736738799e-07,1.8581980043563817e-07,1.0729971222644963e-07,1.5753802529161476e-07,1.3549060895456932e-07,1.1305484548529421e-07
772,25296896,0.0001920600000000015,4.813058084566344,4.611430974714974,0.0,0.003125,-0.010602161288261414,0.9889591932296753,6.03757200678956e-07,0.0,-1.0187056064605713,1,0,0.9999980926513672,476.00793296718876,0.9999980926513672,5.968720984128595e-07,1.0989894150270629e-07,9.780470833220534e-08,1.0526751026418424e-07,1.2562996687393024e-07,1.0476115619439952e-07,1.8575016724753368e-07,1.0725960919444333e-07,1.5747883708172594e-07,1.3543984778152662e-07,1.1301248292738819e-07
773,25329664,0.00019192000000000148,4.758063168900813,4.6478614824425994,0.0,0.003125,0.030626237392425537,1.4588149785995483,6.034930493115098e-07,0.0,-1.0192910432815552,1,0,0.9999980926513672,476.043202565458,0.9999980926513672,5.965187028778018e-07,1.0984844323047582e-07,9.775975939874115e-08,1.0521913651473369e-07,1.2557222817122238e-07,1.0471301692405177e-07,1.856646463238576e-07,1.0721031884486365e-07,1.5740647540951613e-07,1.3537760423787404e-07,1.1296054935883149e-07
774,25362432,0.00019178000000000147,4.783979178720312,4.670818279241611,0.0,0.003125,0.025837689638137817,1.2050896883010864,6.032315695847501e-07,0.0,-1.020415186882019,1,0,0.9999980926513672,476.039745648229,0.9999980926513672,5.961683768873627e-07,1.097985915521349e-07,9.771540021574765e-08,1.0517118198549724e-07,1.255151289569767e-07,1.0466548872045678e-07,1.8558019121428515e-07,1.0716145482092543e-07,1.573350374428628e-07,1.3531602860439307e-07,1.1290916290818132e-07
775,25395200,0.00019164000000000147,4.8099964742177015,4.684924114681375,0.0,0.003125,-0.11437258869409561,1.2012608051300049,6.031549446561257e-07,0.0,-1.0212103128433228,1,0,0.9999980926513672,476.1909556445368,0.9999980926513672,5.96064921865036e-07,1.0978394016092352e-07,9.77023546511191e-08,1.0515733350757728e-07,1.254984880461052e-07,1.0465151234484438e-07,1.8555559222477314e-07,1.0714735054762059e-07,1.5731401958873903e-07,1.3529809450574248e-07,1.1289419887816621e-07
776,25427968,0.00019150000000000146,4.798287163380164,4.710556318310249,0.0,0.0015625,0.11181148886680603,1.4423635005950928,6.03084174599644e-07,0.0,-1.0210344791412354,1,0,0.9999980926513672,476.3418977638872,0.9999980926513672,5.959694249213499e-07,1.0977053221949973e-07,9.769042463858568e-08,1.0514450110576945e-07,1.254831687447222e-07,1.0463874389188277e-07,1.8553295433321182e-07,1.071342765612826e-07,1.572948207240188e-07,1.3528158149256342e-07,1.1288042145451982e-07
777,25460736,0.00019136000000000145,5.008308493789521,4.750578294382766,0.0,0.0,0.017049774527549744,1.1820111274719238,6.030235795151384e-07,0.0,-1.022146224975586,1,0,0.9999980926513672,476.5018496791397,0.9999980926513672,5.958870019640017e-07,1.0975902142718041e-07,9.768017861233602e-08,1.0513326742511708e-07,1.254698815955635e-07,1.046275599492219e-07,1.855133149319954e-07,1.0712302866977552e-07,1.5727832192169444e-07,1.352672569510105e-07,1.1286847723113169e-07
778,25493504,0.00019122000000000144,4.951475873514525,4.79261055136303,0.0,0.0,-0.10031358152627945,1.7996119260787964,6.027859171808814e-07,0.0,-1.021125078201294,1,0,0.9999980926513672,476.52683169672133,0.9999980926513672,5.955689061920566e-07,1.0971360353551063e-07,9.763975583609863e-08,1.0508976799883385e-07,1.2541796934328886e-07,1.0458446553229805e-07,1.854365478948239e-07,1.0707849895652544e-07,1.5721323620709882e-07,1.3521128039428731e-07,1.1282177325711018e-07
779,25526272,0.00019108000000000143,4.742338924654935,4.81120453859627,0.0,0.0,0.09351800382137299,1.3363474607467651,6.024659455761139e-07,0.0,-1.0191811323165894,1,0,0.9999980926513672,476.4990247126107,0.9999980926513672,5.951367825218767e-07,1.096527242339107e-07,9.758557695249692e-08,1.0503165270847603e-07,1.2534849247458624e-07,1.0452643550706853e-07,1.8533346235471981e-07,1.0701928943035455e-07,1.571260099808569e-07,1.3513637497908348e-07,1.1275927391807272e-07
780,25559040,0.00019094000000000142,4.837647314763137,4.830223676901685,0.0,0.0,0.013753518462181091,2.3504698276519775,6.024334311405255e-07,0.0,-1.0207091569900513,1,0,0.9999980926513672,476.6883661456079,0.9999980926513672,5.9509420680115e-07,1.0964644303612658e-07,9.757999208659385e-08,1.0502564862235886e-07,1.2534131599295506e-07,1.0452045984266078e-07,1.85322875267957e-07,1.0701317165739965e-07,1.5711701450982218e-07,1.3512865848497313e-07,1.1275282929545938e-07
781,25591808,0.0001908000000000014,4.70146834738928,4.820462302389673,0.0,0.0,0.010471254587173462,1.8091706037521362,6.022175398356922e-07,0.0,-1.0242518186569214,1,0,0.9999980926513672,476.73638055971594,0.9999980926513672,5.948053853899182e-07,1.0960525997916193e-07,9.754333518685598e-08,1.0498618507881474e-07,1.2529422122042888e-07,1.0448118814565532e-07,1.852532420798525e-07,1.0697296204398299e-07,1.5705798261933523e-07,1.3507789731193043e-07,1.12710459632126e-07
782,25624576,0.0001906600000000014,5.012989970904532,4.8404554910234925,0.0,0.0,0.02683279477059841,1.739502191543579,6.020153477948043e-07,0.0,-1.0271087884902954,1,0,0.9999980926513672,476.7646965266128,0.9999980926513672,5.94529808495281e-07,1.0956699725284125e-07,9.750929308438572e-08,1.0494935054339294e-07,1.2525038073363248e-07,1.0444453124591746e-07,1.8518841216064175e-07,1.0693563012864615e-07,1.570031713526987e-07,1.3503061779829295e-07,1.1267101740486396e-07
783,25657344,0.0001905200000000014,5.148105452670674,4.8794597194004785,0.0,0.0,0.017435070127248764,1.8648343086242676,6.018637463967025e-07,0.0,-1.0306072235107422,1,0,0.9999980926513672,476.8504037964691,0.9999980926513672,5.943246037531935e-07,1.0953817053405146e-07,9.748362828077006e-08,1.0492173174725394e-07,1.2521741155069321e-07,1.044170403474709e-07,1.8513968313982332e-07,1.0690749263631005e-07,1.569618603980416e-07,1.3499507645065023e-07,1.1264137356192805e-07
784,25690112,0.00019038000000000139,5.2059369851564785,4.9216555000440945,0.0,0.0,-0.11838991194963455,1.441184639930725,6.016158522470505e-07,0.0,-1.0354321002960205,1,0,0.9999980926513672,476.86057714856713,0.9999980926513672,5.939902507634542e-07,1.0949116813208093e-07,9.744179862991587e-08,1.0487671175951618e-07,1.2516369451986975e-07,1.0437243957994724e-07,1.8506023025111062e-07,1.0686141393989601e-07,1.5689451515754627e-07,1.3493716721768578e-07,1.1259303533961429e-07
785,25722880,0.00019024000000000138,5.008464567309216,4.941502309353246,0.015625,0.0015625,0.017134223133325577,1.6023337841033936,6.01510691922158e-07,0.0,-1.0363247394561768,1,0,0.9999980926513672,476.98862207727615,0.9999980926513672,5.938497906754492e-07,1.0947091055868441e-07,9.742377216070963e-08,1.0485731394282993e-07,1.2514053082668397e-07,1.0435293518185063e-07,1.850259963021017e-07,1.0684185269838054e-07,1.568654823813631e-07,1.3491219874595117e-07,1.1257220933202916e-07
786,25755648,0.00019010000000000137,5.1249697318896565,4.9741705662041955,0.0,0.0015625,0.04183565825223923,1.4360650777816772,6.014161044731736e-07,0.0,-1.0369460582733154,1,0,0.9999980926513672,477.10400204865965,0.9999980926513672,5.937218361395935e-07,1.0945296224917911e-07,9.740779205458239e-08,1.0484031776059055e-07,1.2512013825016766e-07,1.0433601715931218e-07,1.8499584086839604e-07,1.0682433071451669e-07,1.568397607343286e-07,1.3489020034285204e-07,1.1255385601316448e-07
787,25788416,0.00018996000000000136,4.853161090429256,4.958655825868169,0.0,0.0015625,0.07079532742500305,1.628147840499878,6.012637072672078e-07,0.0,-1.0378154516220093,1,0,0.9999980926513672,477.1737624078121,0.9999980926513672,5.935140734436573e-07,1.094241568466714e-07,9.738216277810352e-08,1.0481272028073363e-07,1.2508719748893782e-07,1.0430855468257505e-07,1.8494714026928705e-07,1.0679621453846266e-07,1.5679847820138093e-07,1.3485468741691875e-07,1.1252423348651064e-07
788,25821184,0.00018982000000000135,4.903150789563518,4.953823317473068,0.0,0.0015625,0.04890047013759613,1.9205374717712402,6.010963602420816e-07,0.0,-1.0392911434173584,1,0,0.9999980926513672,477.2568208662209,0.9999980926513672,5.932882345405233e-07,1.0939223216155369e-07,9.735374817410047e-08,1.0478214562681387e-07,1.2505070401402918e-07,1.0427811503177509e-07,1.848931674430787e-07,1.0676505723949958e-07,1.5675271924919798e-07,1.3481535177106707e-07,1.1249139930669116e-07
789,25853952,0.00018968000000000134,4.772896313124688,4.956879056320044,0.0,0.0015625,0.061897728592157364,2.5621378421783447,6.009130402162555e-07,0.0,-1.0427429676055908,1,0,0.9999980926513672,477.3181415165949,0.9999980926513672,5.930427278144634e-07,1.0935718108839865e-07,9.73225553480006e-08,1.0474857248254921e-07,1.2501064361458702e-07,1.0424470531233965e-07,1.8483393660062575e-07,1.0673085171220009e-07,1.5670249808863446e-07,1.3477215077273286e-07,1.1245535347370605e-07
790,25886720,0.00018954000000000136,4.674955915169421,4.940609916360673,0.0,0.0015625,0.07907669991254807,1.8444207906723022,6.008820605529763e-07,0.0,-1.0436116456985474,1,0,0.9999980926513672,477.50108124898316,0.9999980926513672,5.930008910581819e-07,1.0935134753253806e-07,9.73173612806022e-08,1.047427744538254e-07,1.2500385082603316e-07,1.0423914176271865e-07,1.8482390373719682e-07,1.0672493999663857e-07,1.5669414210606192e-07,1.3476483218255453e-07,1.1244914333019551e-07
791,25919488,0.00018940000000000135,4.941446994612372,4.9646077810829805,0.0,0.0015625,0.053600721061229706,1.6566157341003418,6.006696935401123e-07,0.0,-1.0467149019241333,1,0,0.9999980926513672,477.5240036981606,0.9999980926513672,5.927097390667768e-07,1.0931130134395062e-07,9.728172756240383e-08,1.0470462541434244e-07,1.2495819134983321e-07,1.0420097851238097e-07,1.847564021772996e-07,1.0668606620356513e-07,1.5663675867472193e-07,1.3471561999267578e-07,1.1240818054147894e-07
792,25952256,0.00018926000000000134,4.984459505975723,4.9617547345901,0.0,0.0015625,0.011578980833292007,2.2392187118530273,6.006358717058902e-07,0.0,-1.0474951267242432,1,0,0.9999980926513672,477.70472584533945,0.9999980926513672,5.926650601395522e-07,1.0930504146244857e-07,9.727615690735547e-08,1.0469843658711397e-07,1.2495092960307375e-07,1.0419501705882794e-07,1.847456445602802e-07,1.0667976368949894e-07,1.5662780583625135e-07,1.34707775600873e-07,1.1240153696689958e-07
793,25985024,0.00018912000000000136,4.899840507270056,4.9369282400500385,0.0,0.0015625,0.09504659473896027,3.0928263664245605,6.003730277370778e-07,0.0,-1.0499985218048096,1,0,0.9999980926513672,477.65675356687734,0.9999980926513672,5.923079697822686e-07,1.0925501925385106e-07,9.723163429953274e-08,1.0465051758501431e-07,1.2489373091284506e-07,1.0414733253583108e-07,1.8466110418557946e-07,1.0663094229812486e-07,1.5655612628506788e-07,1.3464612891311845e-07,1.1235010077825791e-07
794,26017792,0.00018898000000000138,4.902690697090751,4.906603611243466,0.0,0.0015625,-0.020462511107325554,1.4409799575805664,6.003491535011563e-07,0.0,-1.0505506992340088,1,0,0.9999980926513672,477.8455804796625,0.9999980926513672,5.922775017097592e-07,1.0925042914777805e-07,9.722756288965684e-08,1.0464632538287333e-07,1.2488861500514759e-07,1.0414296269800616e-07,1.8465352980001626e-07,1.0662667193628295e-07,1.5654954665933474e-07,1.3464060089063423e-07,1.1234559593731319e-07
795,26050560,0.00018884000000000137,4.943842067720987,4.900141361284643,0.0,0.0,-0.021735701709985733,1.364798903465271,6.002890131640015e-07,0.0,-1.0518137216567993,1,0,0.9999980926513672,477.997508880028,0.9999980926513672,5.921955903431808e-07,1.0923918125627097e-07,9.721754423708262e-08,1.0463534749760584e-07,1.248756404947926e-07,1.0413223350269618e-07,1.8463433093529602e-07,1.0661548088819472e-07,1.5653341733923298e-07,1.3462660319873976e-07,1.1233380803332693e-07
796,26083328,0.00018870000000000136,4.974922316752663,4.885136619770943,0.0,0.0,0.03622590750455856,1.917736291885376,6.002321697451407e-07,0.0,-1.0527836084365845,1,0,0.9999980926513672,478.15425760407356,0.9999980926513672,5.921198749092582e-07,1.0922813942215726e-07,9.720772453647442e-08,1.0462476751627037e-07,1.248630212558055e-07,1.0412151141281356e-07,1.8461565787220025e-07,1.0660490801228661e-07,1.5651760065793496e-07,1.346130034107773e-07,1.1232266672323021e-07
797,26116096,0.00018856000000000135,5.116818243054459,4.911502335033464,0.0,0.0,0.05180952697992325,1.2827117443084717,6.001731094329443e-07,0.0,-1.0537257194519043,1,0,0.9999980926513672,478.30014878382957,0.9999980926513672,5.920391572544759e-07,1.0921709758804354e-07,9.71978906250115e-08,1.0461420174578961e-07,1.248503878059637e-07,1.0411118722686297e-07,1.845970132308139e-07,1.0659393723244648e-07,1.5650178397663694e-07,1.3459938941196015e-07,1.1231109198206468e-07
798,26148864,0.00018842000000000137,5.004537537652094,4.921641009842321,0.0,0.0,0.000560881569981575,1.3201335668563843,6.000652206239465e-07,0.0,-1.0546058416366577,1,0,0.9999980926513672,478.3990961510621,0.9999980926513672,5.918929559811659e-07,1.0919669080067251e-07,9.717972915268547e-08,1.045946476097015e-07,1.2482705358252133e-07,1.0409171835590314e-07,1.845625092755654e-07,1.0657400650870841e-07,1.5647252382677834e-07,1.3457423619911424e-07,1.1229010254965033e-07
799,26181632,0.0001882800000000014,4.981071417372638,4.942458520267118,0.015625,0.0015625,0.10708088427782059,1.8205010890960693,5.998826964059845e-07,0.0,-1.053093433380127,1,0,0.9999980926513672,478.42943622382734,0.9999980926513672,5.916469376643363e-07,1.0916170367636369e-07,9.714859317000446e-08,1.0456133736624906e-07,1.247871921350452e-07,1.0405837258531392e-07,1.8450354843935202e-07,1.065400709876485e-07,1.5642240214219783e-07,1.3453124836360075e-07,1.1225434093375952e-07
800,26214400,0.0001881400000000014,4.97937951848561,4.972900880598735,0.0,0.0015625,-0.04583538696169853,2.043787717819214,5.998567189635651e-07,0.0,-1.0531572103500366,1,0,0.9999980926513672,478.6108212155228,0.9999980926513672,5.91611922118318e-07,1.0915670856093129e-07,9.71441451724786e-08,1.0455654830821004e-07,1.2478147937144968e-07,1.0405360484355697e-07,1.8449509298079647e-07,1.0653518955905383e-07,1.5641523987142136e-07,1.3452509506350907e-07,1.1224920370977998e-07
801,26247168,0.0001880000000000014,5.1180542946383065,4.990561610601328,0.0,0.0015625,0.03875933587551117,2.2300424575805664,5.997455900796922e-07,0.0,-1.0538921356201172,1,0,0.9999980926513672,478.7043142081492,0.9999980926513672,5.914612870583369e-07,1.0913568360138015e-07,9.712543658224604e-08,1.0453640442165124e-07,1.2475743460527156e-07,1.0403356753840853e-07,1.8445956584400847e-07,1.0651466908484508e-07,1.5638511285942513e-07,1.3449917446450854e-07,1.1222758899975815e-07
802,26279936,0.0001878600000000014,5.0127710613393806,4.993392766137694,0.0,0.0015625,0.04041539877653122,1.5528297424316406,5.997029575155466e-07,0.0,-1.0542361736297607,1,0,0.9999980926513672,478.87648956479586,0.9999980926513672,5.914054668210156e-07,1.0912756209791041e-07,9.711821036262336e-08,1.0452863108412203e-07,1.2474815491714253e-07,1.040258297280161e-07,1.844458523692083e-07,1.0650674653334136e-07,1.5637347416941338e-07,1.3448917002278904e-07,1.1221924012261297e-07
803,26312704,0.00018772000000000138,5.244482432766667,5.027856958687355,0.0,0.0015625,0.05601759999990463,1.7059693336486816,5.99613372287422e-07,0.0,-1.0564937591552734,1,0,0.9999980926513672,478.99442192370935,0.9999980926513672,5.91281946071831e-07,1.0911070802421818e-07,9.71032037000441e-08,1.045124804477382e-07,1.2472888499814871e-07,1.0400975725133321e-07,1.844173453946496e-07,1.0649029036358115e-07,1.5634931571639754e-07,1.3446839375319541e-07,1.1220190287986043e-07
804,26345472,0.00018758000000000137,5.123382165580278,5.049926105536308,0.0,0.0015625,-0.06423614919185638,1.847597599029541,5.995715355311404e-07,0.0,-1.057652473449707,1,0,0.9999980926513672,479.1577860658971,0.9999980926513672,5.912244205319439e-07,1.091030128463899e-07,9.709635406807138e-08,1.04504906062175e-07,1.2471997479224228e-07,1.0400241734487281e-07,1.844041577214739e-07,1.064825738694708e-07,1.5633828809313854e-07,1.3445878721540794e-07,1.1219377427096333e-07
805,26378240,0.0001874400000000014,5.026858861500208,5.058227784914231,0.0,0.0015625,0.016206156462430954,1.7786387205123901,5.994987191115797e-07,0.0,-1.059619426727295,1,0,0.9999980926513672,479.2919627537488,0.9999980926513672,5.911252287660318e-07,1.0908906489248693e-07,9.7083947991905e-08,1.0449155496417006e-07,1.2470403021325183e-07,1.0398893124374808e-07,1.843805961243561e-07,1.0646917303347436e-07,1.5631832184226369e-07,1.3444160629205726e-07,1.1217964157594906e-07
806,26411008,0.00018730000000000138,4.879546245020025,5.0486901777409665,0.0,0.0015625,0.008373962715268135,1.7836556434631348,5.994250500407361e-07,0.0,-1.06307053565979,1,0,0.9999980926513672,479.43453834017873,0.9999980926513672,5.910248432883236e-07,1.0907512404401132e-07,9.707154191573863e-08,1.0447820386616513e-07,1.2468809984511608e-07,1.0397584304655538e-07,1.8435703452723828e-07,1.0645536008269119e-07,1.562983271696794e-07,1.3442442536870658e-07,1.1216510387157541e-07
807,26443776,0.00018716000000000137,4.759445186143383,5.012952872049859,0.0,0.0015625,-0.06831078976392746,2.5357155799865723,5.994174330226087e-07,0.0,-1.0631951093673706,1,0,0.9999980926513672,479.6309321518641,0.9999980926513672,5.910147251597664e-07,1.0907366743140301e-07,9.70702416225322e-08,1.0447680409697568e-07,1.246864229642597e-07,1.0397425143082728e-07,1.8435457604937255e-07,1.0645413794918568e-07,1.5629623817403626e-07,1.3442262059015775e-07,1.1216381068379633e-07
808,26476544,0.0001870200000000014,5.0861640395218,5.021115522236829,0.0,0.0015625,-0.026299212127923965,1.5129549503326416,5.993492777633946e-07,0.0,-1.0633695125579834,1,0,0.9999980926513672,479.78910108638644,0.9999980926513672,5.909245714974531e-07,1.090605650233556e-07,9.705858161623837e-08,1.044642488068348e-07,1.2467144472338987e-07,1.0396195904149863e-07,1.8433242132687155e-07,1.0644114922797598e-07,1.5627746563495748e-07,1.3440647705920128e-07,1.1215012563070559e-07
809,26509312,0.00018688000000000138,5.020924544443642,5.02510083494393,0.0,0.0,-0.06785885244607925,1.2345523834228516,5.990633553665248e-07,0.0,-1.0679384469985962,1,0,0.9999980926513672,479.75281726978915,0.9999980926513672,5.905397415517655e-07,1.0900628666377088e-07,9.70102789210614e-08,1.0441225839485924e-07,1.246094001317033e-07,1.0391001836751457e-07,1.8424069025968492e-07,1.0638838432441844e-07,1.5619968962710118e-07,1.3433958656605682e-07,1.12094518556205e-07
810,26542080,0.00018674000000000137,5.118855983212097,5.039048481416579,0.015625,0.0015625,0.04262105002999306,1.872096061706543,5.990185627524625e-07,0.0,-1.0683934688568115,1,0,0.9999980926513672,479.91260912108476,0.9999980926513672,5.904783506593958e-07,1.0899754698812103e-07,9.700251268895954e-08,1.0440409425882535e-07,1.2459953779853095e-07,1.0390189686404483e-07,1.842260957118924e-07,1.0637985781158932e-07,1.561871840749518e-07,1.3432895684672985e-07,1.1208554440145235e-07
811,26574848,0.0001866000000000014,5.068748851658277,5.034117937118577,0.0,0.0015625,-0.06229778751730919,1.57920503616333,5.989616056467639e-07,0.0,-1.0691250562667847,1,0,0.9999980926513672,480.0690175732208,0.9999980926513672,5.904017825741903e-07,1.0898694569050349e-07,9.699306957600129e-08,1.0439374875659269e-07,1.2458730225262116e-07,1.0389179294634232e-07,1.8420800529383996e-07,1.0636930625196328e-07,1.5617199267126125e-07,1.3431575496269943e-07,1.1207443151306506e-07
812,26607616,0.00018646000000000138,5.222436448444007,5.055084475829038,0.0,0.0015625,-0.058253757655620575,1.0137754678726196,5.989161309116753e-07,0.0,-1.069092035293579,1,0,0.9999980926513672,480.2326423726593,0.9999980926513672,5.903398800910509e-07,1.0897822022570836e-07,9.698530334389943e-08,1.0438557751513144e-07,1.245774399194488e-07,1.0388346538547921e-07,1.8419342495690216e-07,1.0636098579652753e-07,1.5615947290825716e-07,1.3430513945422717e-07,1.1206565631027843e-07
813,26640384,0.00018632000000000137,5.116099733879276,5.042246205940299,0.0,0.0015625,-0.04503925144672394,1.147712230682373,5.988690077174397e-07,0.0,-1.0696660280227661,1,0,0.9999980926513672,480.3855613651219,0.9999980926513672,5.902745670027798e-07,1.0896928159809249e-07,9.697734526525892e-08,1.0437702258059289e-07,1.2456722231490858e-07,1.038749530835048e-07,1.841783188183399e-07,1.0635226743715975e-07,1.5614666892815876e-07,1.3429411183096818e-07,1.1205647609813241e-07
814,26673152,0.00018618000000000137,5.005437278569901,5.030451717239261,0.0,0.0015625,0.015392236411571503,1.0701395273208618,5.987649274175055e-07,0.0,-1.0710804462432861,1,0,0.9999980926513672,480.50648614078335,0.9999980926513672,5.901349595660577e-07,1.0894953561546572e-07,9.695977354340357e-08,1.0435810793296696e-07,1.2454465547762084e-07,1.0385613080643452e-07,1.841449517314686e-07,1.0633299751816594e-07,1.561183751164208e-07,1.3426978284769575e-07,1.1203616878674438e-07
815,26705920,0.00018604000000000138,5.157139029161865,5.043479734005428,0.015625,0.003125,0.11339816451072693,1.4334118366241455,5.986989322082081e-07,0.0,-1.0723347663879395,1,0,0.9999980926513672,480.643900694126,0.9999980926513672,5.90046624893148e-07,1.0893706559045313e-07,9.6948674865871e-08,1.0434597186304018e-07,1.2453027409264905e-07,1.0384424342646525e-07,1.8412369229281467e-07,1.0632062696913636e-07,1.5610051207204378e-07,1.3425429301605618e-07,1.1202313743297054e-07
816,26738688,0.00018590000000000137,5.28177043181645,5.08370215268507,0.0,0.003125,-0.01713937520980835,1.2155605554580688,5.986519795442291e-07,0.0,-1.0729362964630127,1,0,0.9999980926513672,480.8133945002363,0.9999980926513672,5.899841539758199e-07,1.0892793511629861e-07,9.69405462569739e-08,1.0433721087110825e-07,1.2451982911443338e-07,1.0383552506709748e-07,1.8410824509373924e-07,1.0631170255237521e-07,1.5608740966399637e-07,1.3424302380826703e-07,1.1201372984714908e-07
817,26771456,0.00018576000000000137,5.232392645662964,5.130996898637028,0.0,0.003125,-0.026783792302012444,1.3620884418487549,5.986038900118729e-07,0.0,-1.072941541671753,1,0,0.9999980926513672,480.9733617281884,0.9999980926513672,5.899194661651563e-07,1.0891879043128938e-07,9.693241054264945e-08,1.043286559365697e-07,1.2450951203391014e-07,1.038268067077297e-07,1.840929684249204e-07,1.0630298419300743e-07,1.5607430725594895e-07,1.342318824981703e-07,1.120045425295757e-07
818,26804224,0.00018562000000000136,5.098227997207745,5.132203294405622,0.0,0.003125,-0.07011125981807709,1.4624638557434082,5.983902156003751e-07,0.0,-1.074793815612793,1,0,0.9999980926513672,480.9830699489779,0.9999980926513672,5.896320089959772e-07,1.0887808343795768e-07,9.689617996855304e-08,1.0428945529383782e-07,1.2446284358702542e-07,1.0378800396892984e-07,1.840239747252781e-07,1.0626304458583036e-07,1.5601597169734305e-07,1.341815760724785e-07,1.1196247129419135e-07
819,26836992,0.00018548000000000135,5.11966264326754,5.142077104288012,0.0,0.003125,0.1420237123966217,2.0566201210021973,5.982393531667185e-07,0.0,-1.0745444297790527,1,0,0.9999980926513672,481.0292026378732,0.9999980926513672,5.894273726880783e-07,1.0884962620139049e-07,9.687086333087791e-08,1.0426221308534878e-07,1.2443031494058232e-07,1.0376069070616722e-07,1.8397591361463128e-07,1.0623548973853758e-07,1.5597521496601985e-07,1.341465321047508e-07,1.1193343141258083e-07
820,26869760,0.00018534000000000137,5.18817472779682,5.149008978746485,0.0,0.0015625,0.29352498054504395,3.776257276535034,5.982079755995073e-07,0.0,-1.0741440057754517,1,0,0.9999980926513672,481.1918178244214,0.9999980926513672,5.89384626437095e-07,1.088436079044186e-07,9.686550583865028e-08,1.0425664243030042e-07,1.2442355057373788e-07,1.037551484728283e-07,1.8396590917291178e-07,1.0622960644468549e-07,1.5596658897720772e-07,1.341392419362819e-07,1.11927235479925e-07
821,26902528,0.00018520000000000136,5.124756747294294,5.154609768310086,0.015625,0.003125,0.0661500096321106,1.890486717224121,5.981828508083709e-07,0.0,-1.0739021301269531,1,0,0.9999980926513672,481.3662701580443,0.9999980926513672,5.893492698305636e-07,1.088388330572343e-07,9.686125679309043e-08,1.0425207364050948e-07,1.2441810781638196e-07,1.0375059389389207e-07,1.8395783740743354e-07,1.0622495238976626e-07,1.55959739345235e-07,1.341333444315751e-07,1.119223256296209e-07
822,26935296,0.00018506000000000135,5.1659218444049,5.148958307906176,0.0,0.003125,0.0796457827091217,1.916130542755127,5.981699473522895e-07,0.0,-1.074106216430664,1,0,0.9999980926513672,481.55609344208904,0.9999980926513672,5.893318189009733e-07,1.0883634615765914e-07,9.685903989975486e-08,1.0424968621691733e-07,1.244152514345842e-07,1.0374822068115463e-07,1.8395361678358313e-07,1.0622252233360996e-07,1.5595617242070148e-07,1.341302748869566e-07,1.119197605703448e-07
823,26968064,0.00018492000000000137,5.100801176789463,5.147428452197194,0.03125,0.00625,-0.03460144251585007,1.405653715133667,5.979821366963733e-07,0.0,-1.0729255676269531,1,0,0.9999980926513672,481.6261507939764,0.9999980926513672,5.890801162422576e-07,1.0880064849061455e-07,9.682727153403903e-08,1.0421528884307918e-07,1.2437432417300442e-07,1.0371399383757307e-07,1.838931069642058e-07,1.0618767021242093e-07,1.5590501334372675e-07,1.340861501830659e-07,1.1188305393261544e-07
824,27000832,0.00018478000000000136,5.068958326405931,5.153780556980797,0.015625,0.0078125,0.03379187732934952,1.1269497871398926,5.979586603643838e-07,0.0,-1.073373556137085,1,0,0.9999980926513672,481.8080067076977,0.9999980926513672,5.890491934223974e-07,1.0879607970082361e-07,9.682320722959048e-08,1.042109118998269e-07,1.2436910878932395e-07,1.0370963821060286e-07,1.8388540468095016e-07,1.0618321510946771e-07,1.5589847635055776e-07,1.340805226845987e-07,1.1187835724513207e-07
825,27033600,0.00018464000000000135,5.095009532697765,5.147567607334388,0.0,0.00625,0.05901160091161728,1.6848713159561157,5.97803818891407e-07,0.0,-1.0731492042541504,1,0,0.9999980926513672,481.89828379592444,0.9999980926513672,5.888441592105664e-07,1.0876640743617827e-07,9.679680346152963e-08,1.0418269624778986e-07,1.243353153768112e-07,1.0368155045625826e-07,1.8383541089406208e-07,1.061542747038402e-07,1.5585595747324987e-07,1.340440860531089e-07,1.1184784654005853e-07
826,27066368,0.00018450000000000134,5.125291789563869,5.131919743109129,0.0,0.00625,-0.07379257678985596,1.353384256362915,5.977810246804438e-07,0.0,-1.073270559310913,1,0,0.9999980926513672,482.06969689270886,0.9999980926513672,5.888127247999364e-07,1.0876225786660143e-07,9.679310863930368e-08,1.0417852536193095e-07,1.2433044105364388e-07,1.036776069440748e-07,1.838282344124309e-07,1.06150018552853e-07,1.5585001733597892e-07,1.3403885645857372e-07,1.1184337012082324e-07
827,27099136,0.00018436000000000133,4.9911822724887545,5.1077987057917085,0.015625,0.0078125,-0.029174312949180603,1.0905301570892334,5.977544788038358e-07,0.0,-1.0736918449401855,1,0,0.9999980926513672,482.23807671215826,0.9999980926513672,5.887756628908392e-07,1.0875727696202375e-07,9.678867485263254e-08,1.04173757620174e-07,1.243247567117578e-07,1.0367286051859992e-07,1.838198215864395e-07,1.061451584405404e-07,1.558428834869119e-07,1.3403271736933675e-07,1.1183825421312577e-07
828,27131904,0.00018422000000000132,5.045821553088234,5.102558061379757,0.0,0.0078125,0.032416630536317825,0.9258706569671631,5.976812644803431e-07,0.0,-1.0738489627838135,1,0,0.9999980926513672,482.3600587888875,0.9999980926513672,5.886735152671463e-07,1.0874338585153964e-07,9.677631140903031e-08,1.0416064100127187e-07,1.2430898266302393e-07,1.0365960889657799e-07,1.8379650157385186e-07,1.0613179313168075e-07,1.5582295986860117e-07,1.3401572118709737e-07,1.11824171256103e-07
829,27164672,0.00018408000000000131,5.072993408256229,5.097891137878626,0.0,0.0078125,-0.05615904927253723,0.7889630198478699,5.976257284601161e-07,0.0,-1.0749056339263916,1,0,0.9999980926513672,482.51282027671715,0.9999980926513672,5.885988230147632e-07,1.0873279876477682e-07,9.676689671778149e-08,1.0415050866185993e-07,1.242968892256613e-07,1.0364952629515756e-07,1.8377862431862013e-07,1.0612147605115752e-07,1.5580781109747477e-07,1.3400267562246881e-07,1.1181329284681851e-07
830,27197440,0.0001839400000000013,5.217093503055215,5.100783015404465,0.0,0.0078125,-0.05836926028132439,1.2704248428344727,5.976127681606158e-07,0.0,-1.0748244524002075,1,0,0.9999980926513672,482.70066404266805,0.9999980926513672,5.88582565796969e-07,1.0873053213344974e-07,9.676487167098458e-08,1.0414812123826778e-07,1.2429417495241069e-07,1.0364715308242012e-07,1.8377458843588101e-07,1.0611924494696723e-07,1.5580454260089027e-07,1.3399973397554277e-07,1.118109480557905e-07
831,27230208,0.0001838000000000013,5.31610695660647,5.119918036335683,0.0,0.00625,0.04465920850634575,1.2359658479690552,5.975609269626148e-07,0.0,-1.0758174657821655,1,0,0.9999980926513672,482.8636632245565,0.9999980926513672,5.885129894522834e-07,1.0872035716147366e-07,9.675582646195835e-08,1.0413859286018123e-07,1.2428266416009137e-07,1.0363766733689772e-07,1.8375760646449635e-07,1.0610932577037602e-07,1.557899764748072e-07,1.339873421102311e-07,1.1180050307757483e-07
832,27262976,0.00018366000000000131,5.143291860201604,5.117655037915354,0.0,0.00625,-0.05654773861169815,1.3790229558944702,5.975560952720116e-07,0.0,-1.0757501125335693,1,0,0.9999980926513672,483.05595658954195,0.9999980926513672,5.885073051103973e-07,1.0871953293190018e-07,9.67550803920858e-08,1.0413779705231718e-07,1.2428172624368017e-07,1.0363687863446103e-07,1.8375619958987954e-07,1.0610852285708461e-07,1.5578879697386583e-07,1.3398631892869162e-07,1.1179965042629192e-07
833,27295744,0.0001835200000000013,5.291897148898229,5.136764635126229,0.0,0.003125,0.01441170834004879,1.2572063207626343,5.971318159936345e-07,0.0,-1.0753737688064575,1,0,0.9999980926513672,482.9407497023985,0.9999980926513672,5.879390982954646e-07,1.0863848842745938e-07,9.66829531989788e-08,1.0405996420104202e-07,1.2418895778409933e-07,1.0355941526540846e-07,1.836190222093137e-07,1.0602941102888508e-07,1.5567265165827848e-07,1.3388630293320603e-07,1.117162966579599e-07
834,27328512,0.0001833800000000013,5.2511836207540785,5.154987164561044,0.0,0.0015625,0.09876569360494614,1.5814952850341797,5.97020118675573e-07,0.0,-1.0758768320083618,1,0,0.9999980926513672,483.06877704082945,0.9999980926513672,5.877922149011283e-07,1.0861693766628377e-07,9.666377565054063e-08,1.0403933003999555e-07,1.2416431616202317e-07,1.0353887347491764e-07,1.8358261399953335e-07,1.0600838606933394e-07,1.5564177147098235e-07,1.338597428457433e-07,1.1169413483003154e-07
835,27361280,0.0001832400000000013,5.288495040215228,5.1743357153127905,0.0,0.0015625,0.0034698881208896637,1.7547955513000488,5.966140292912314e-07,0.0,-1.077103614807129,1,0,0.9999980926513672,482.9836674441547,0.9999980926513672,5.872509518667357e-07,1.085392753452652e-07,9.659466115863324e-08,1.0396492911013411e-07,1.240755409526173e-07,1.034650409792448e-07,1.8345136254538374e-07,1.0593238641831704e-07,1.555304862677076e-07,1.3376403273923643e-07,1.1161406376913874e-07
836,27394048,0.0001831000000000013,5.540891565024013,5.215895692858806,0.015625,0.003125,0.08808259665966034,1.8105764389038086,5.965670197838335e-07,0.0,-1.0767903327941895,1,0,0.9999980926513672,483.14756165640307,0.9999980926513672,5.871881967323134e-07,1.0853016618739275e-07,9.658655386601822e-08,1.0395640970273234e-07,1.240652522938035e-07,1.0345635814701382e-07,1.8343614271998376e-07,1.0592370358608605e-07,1.5551744070307905e-07,1.3375294827255857e-07,1.1160491197870215e-07
837,27426816,0.0001829600000000013,5.373964815494009,5.25417394715933,0.0,0.0015625,-0.025052510201931,1.7825466394424438,5.965594027657062e-07,0.0,-1.0769649744033813,1,0,0.9999980926513672,483.3372831118446,0.9999980926513672,5.87178135447175e-07,1.085287166802118e-07,9.65852677836665e-08,1.0395501703897025e-07,1.2406358962380182e-07,1.0345497258867908e-07,1.8343368424211803e-07,1.0592228250061453e-07,1.5551536591829063e-07,1.3375115770486445e-07,1.1160341983895705e-07
838,27459584,0.00018282000000000132,5.316421603301705,5.281233952180678,0.0,0.0015625,0.07651793211698532,1.6559265851974487,5.962295972494758e-07,0.0,-1.081007480621338,1,0,0.9999980926513672,483.2973825422761,0.9999980926513672,5.867398158443393e-07,1.084658052263876e-07,9.65292770160886e-08,1.0389456406301179e-07,1.2399155480125046e-07,1.0339481093524228e-07,1.833271738860276e-07,1.058608845028175e-07,1.5542521225597739e-07,1.3367349538384588e-07,1.1153873202829345e-07
839,27492352,0.0001826800000000013,5.452911414521891,5.319225752807244,0.0,0.0015625,0.030937988311052322,1.2608258724212646,5.961629767625709e-07,0.0,-1.0814282894134521,1,0,0.9999980926513672,483.4492749611783,0.9999980926513672,5.866508558938222e-07,1.0845277387261376e-07,9.6517680958641e-08,1.0388227877911049e-07,1.2397677551234665e-07,1.033825896001872e-07,1.8330531759147561e-07,1.0584816578784739e-07,1.554065391928816e-07,1.3365756501571013e-07,1.1152533119229702e-07
840,27525120,0.0001825400000000013,5.470817926307832,5.344598195132506,0.0,0.0015625,-0.0026386715471744537,1.117166519165039,5.956808308837935e-07,0.0,-1.0859904289245605,1,0,0.9999980926513672,483.3177439124137,0.9999980926513672,5.860094915988157e-07,1.0836055253093946e-07,9.643560616723335e-08,1.037939441062008e-07,1.2387135939206928e-07,1.032946741474916e-07,1.8314945293695928e-07,1.0575816133950866e-07,1.5527440666573966e-07,1.3354390659969795e-07,1.1143048794792776e-07
841,27557888,0.0001824000000000013,5.552998715649539,5.368287371036812,0.015625,0.003125,0.07407724112272263,1.8864638805389404,5.955706683380413e-07,0.0,-1.0870592594146729,1,0,0.9999980926513672,483.4179189057056,0.9999980926513672,5.858597660335363e-07,1.0833968389079018e-07,9.641703258012058e-08,1.037737504816505e-07,1.2384738568016473e-07,1.0327457999892431e-07,1.8311399685444485e-07,1.0573778297384706e-07,1.5524447860570945e-07,1.33518057054971e-07,1.114090295573078e-07
842,27590656,0.00018226000000000128,5.465838135271165,5.400541998543769,0.0,0.003125,0.0581183135509491,1.1930811405181885,5.954569246569008e-07,0.0,-1.0884689092636108,1,0,0.9999980926513672,483.5396730799614,0.9999980926513672,5.857094720340683e-07,1.0831798391564007e-07,9.639772713398997e-08,1.0375296710662951e-07,1.23822573527832e-07,1.0325409505185235e-07,1.8307734706013434e-07,1.057164098483554e-07,1.5521338525559258e-07,1.334913264372517e-07,1.1138650535258421e-07
843,27623424,0.00018212000000000127,5.401344697786769,5.411486753432622,0.0,0.003125,-0.048930734395980835,1.5560890436172485,5.954328798907227e-07,0.0,-1.089141607284546,1,0,0.9999980926513672,483.7107047548572,0.9999980926513672,5.856759912603593e-07,1.0831323749016519e-07,9.639349229928484e-08,1.0374861858508666e-07,1.2381727287902322e-07,1.0324956889462555e-07,1.8306947424662212e-07,1.0571197606168425e-07,1.55206578256184e-07,1.3348559946280147e-07,1.1138182998138291e-07
844,27656192,0.00018198000000000126,5.463108544816324,5.432679245838846,0.0,0.003125,0.007738031446933746,1.7051880359649658,5.952762762717612e-07,0.0,-1.088815689086914,1,0,0.9999980926513672,483.80097688760753,0.9999980926513672,5.854665232618572e-07,1.0828348706581892e-07,9.636702458237778e-08,1.0371993397484403e-07,1.237831384059973e-07,1.0322101218207536e-07,1.8301903992323787e-07,1.0568295039092845e-07,1.5516397411374783e-07,1.3344880755994382e-07,1.1135124111660843e-07
845,27688960,0.00018184000000000125,5.380575809222039,5.441887322739528,0.015625,0.0046875,0.11404416710138321,1.8626598119735718,5.951508796897542e-07,0.0,-1.0895640850067139,1,0,0.9999980926513672,483.91750612179203,0.9999980926513672,5.852984941157047e-07,1.0825952756476909e-07,9.634570830030498e-08,1.0369698344447897e-07,1.237557540889611e-07,1.0319818244397538e-07,1.8297853898729954e-07,1.0565956642949459e-07,1.551296406887559e-07,1.3341929161470034e-07,1.1132661370538699e-07
846,27721728,0.00018170000000000125,5.387713307496105,5.426569496986738,0.015625,0.0046875,-0.013322286307811737,1.2030805349349976,5.951295065642626e-07,0.0,-1.0898503065109253,1,0,0.9999980926513672,484.0983465309293,0.9999980926513672,5.85270583997044e-07,1.0825540641690168e-07,9.634202768893374e-08,1.0369302572144079e-07,1.2375103608519566e-07,1.0319424603721927e-07,1.8297156145763438e-07,1.0565553054675547e-07,1.5512371476233966e-07,1.3341418991785758e-07,1.1132236465982714e-07
847,27754496,0.00018156000000000124,5.431269145500696,5.432299929987407,0.015625,0.00625,0.042200036346912384,1.940840721130371,5.951188768449356e-07,0.0,-1.0900331735610962,1,0,0.9999980926513672,484.2859012809789,0.9999980926513672,5.852566573594231e-07,1.0825333873754062e-07,9.634019448867548e-08,1.0369104330720802e-07,1.2374867708331294e-07,1.0319227783384122e-07,1.8296807979822916e-07,1.0565351260538591e-07,1.551207589045589e-07,1.3341164617486356e-07,1.1132024013704722e-07
848,27787264,0.00018142000000000123,5.388786112857931,5.439536380943028,0.015625,0.0078125,0.03156602010130882,1.5878243446350098,5.95106030232273e-07,0.0,-1.0899382829666138,1,0,0.9999980926513672,484.4712678155967,0.9999980926513672,5.85239945394278e-07,1.0825085894339281e-07,9.633798470076727e-08,1.0368867009447058e-07,1.2374584912322462e-07,1.0318991172653114e-07,1.8296388759608817e-07,1.0565109676008433e-07,1.551172061908801e-07,1.334085908410998e-07,1.1131768928862584e-07
849,27820032,0.00018128000000000122,5.447938102868527,5.439039049777692,0.0,0.0078125,-0.03233230859041214,1.406052827835083,5.949907517788233e-07,0.0,-1.089470624923706,1,0,0.9999980926513672,484.58639971773977,0.9999980926513672,5.850864681633539e-07,1.0822876816973803e-07,9.631832398326878e-08,1.0366751013179965e-07,1.237205964343957e-07,1.0316905019180922e-07,1.8292655568075133e-07,1.05629332836088e-07,1.5508554440657463e-07,1.3338136284346547e-07,1.1129476007454286e-07
850,27852800,0.0001811400000000012,5.34587046392719,5.426544303539629,0.0,0.0078125,0.023813210427761078,1.6548556089401245,5.949660817350377e-07,0.0,-1.0904524326324463,1,0,0.9999980926513672,484.7660303988313,0.9999980926513672,5.850546358487918e-07,1.0822402174426315e-07,9.631410335941837e-08,1.0366296976371814e-07,1.237151678878945e-07,1.0316432508261641e-07,1.8291852654783725e-07,1.0562491326027157e-07,1.5507876582887548e-07,1.3337552218217752e-07,1.1129009180876892e-07
851,27885568,0.0001810000000000012,5.364619098952564,5.407706341869931,0.0,0.00625,0.1340336799621582,1.2164429426193237,5.949393653281732e-07,0.0,-1.0907073020935059,1,0,0.9999980926513672,484.94420081914166,0.9999980926513672,5.850189381817472e-07,1.0821886320400154e-07,9.6309506147918e-08,1.036580314917046e-07,1.2370925617233297e-07,1.0315960707885097e-07,1.829098010830421e-07,1.056196623494543e-07,1.5507134776271414e-07,1.333691557192651e-07,1.1128457799713942e-07
852,27918336,0.0001808600000000012,5.538933270284593,5.415015855371275,0.0,0.00625,0.006013421341776848,1.3217494487762451,5.94879395521275e-07,0.0,-1.0911380052566528,1,0,0.9999980926513672,485.09919373061183,0.9999980926513672,5.849407784808136e-07,1.0820730267369072e-07,9.62992174891042e-08,1.036469541304541e-07,1.2369604007744783e-07,1.0314859366644669e-07,1.828902611578087e-07,1.0560839314166515e-07,1.5505479211697093e-07,1.3335491644284048e-07,1.1127269772259751e-07
853,27951104,0.00018072000000000118,5.478775420646669,5.422758927657265,0.0,0.00625,0.011615992523729801,1.336906909942627,5.94777304741001e-07,0.0,-1.0924519300460815,1,0,0.9999980926513672,485.23005875938804,0.9999980926513672,5.848024784427253e-07,1.0818789775157711e-07,9.628195840605258e-08,1.0362837343791398e-07,1.2367388535494683e-07,1.0313009823903485e-07,1.8285747671598074e-07,1.0558945717775714e-07,1.55026995685148e-07,1.333310137852095e-07,1.1125274568257737e-07
854,27983872,0.0001805800000000012,5.609467730599645,5.4373948462355965,0.0,0.00625,-0.023972727358341217,1.39203679561615,5.94638038364792e-07,0.0,-1.0942789316177368,1,0,0.9999980926513672,485.33792904971676,0.9999980926513672,5.846195563208312e-07,1.0816108897415688e-07,9.62580912755584e-08,1.036026802125889e-07,1.2364321833047143e-07,1.031045329114022e-07,1.8281214408943924e-07,1.0556327367794438e-07,1.5498855532314337e-07,1.3329795933714195e-07,1.1122516241357516e-07
855,28016640,0.0001804400000000012,5.738912534957842,5.473228518809176,0.0,0.0046875,0.008795829489827156,1.4075927734375,5.943715564171725e-07,0.0,-1.0960747003555298,1,0,0.9999980926513672,485.3493526814919,0.9999980926513672,5.842617838425213e-07,1.081103420119689e-07,9.621292917927349e-08,1.0355408619489026e-07,1.2358520962152397e-07,1.0305616626737901e-07,1.8272604052071983e-07,1.0551375595468926e-07,1.5491586680127511e-07,1.3323543157639506e-07,1.111729872604883e-07
856,28049408,0.0001803000000000012,5.579562433153201,5.492413431374886,0.0,0.003125,0.07889975607395172,1.2628343105316162,5.943437031419307e-07,0.0,-1.0959982872009277,1,0,0.9999980926513672,485.5251361627634,0.9999980926513672,5.842250061505183e-07,1.0810497741431391e-07,9.620816143751654e-08,1.0354894897091071e-07,1.2357908474314172e-07,1.030510574651089e-07,1.8271697399541154e-07,1.0550852636015406e-07,1.549081787288742e-07,1.3322880931809777e-07,1.1116746634343144e-07
857,28082176,0.0001801600000000012,5.585040033024827,5.5077905201272985,0.0,0.0015625,-0.02159101702272892,1.0635037422180176,5.941641916251683e-07,0.0,-1.097883939743042,1,0,0.9999980926513672,485.6125110635851,0.9999980926513672,5.839876848767744e-07,1.0807055161876633e-07,9.617752283475056e-08,1.0351597268254409e-07,1.235397206755806e-07,1.0301803854417813e-07,1.8265878054535278e-07,1.0547512374614598e-07,1.5485885285215772e-07,1.3318637570591818e-07,1.111322802671566e-07
858,28114944,0.0001800200000000012,5.5591449586255415,5.52482640470406,0.0,0.0,0.07014714926481247,1.1986780166625977,5.914628218306461e-07,0.0,-1.101335048675537,1,0,0.9999982118606567,485.61997994653746,0.9999982118606567,5.835674414811365e-07,1.080095728411834e-07,9.61232515805932e-08,1.034577508107759e-07,1.2347013012004027e-07,1.0296010088950425e-07,1.8255570921610342e-07,1.05415594475744e-07,1.5477147030651395e-07,1.3311134239302191e-07,1.1106956776529842e-07
859,28147712,0.00017988000000000118,5.698762501922724,5.5499088446094795,0.0,0.0,-0.01967739313840866,1.3624818325042725,5.913844347560371e-07,0.0,-1.1010053157806396,1,0,0.9999982118606567,485.7689302899223,0.9999982118606567,5.834612011312856e-07,1.0799474381428809e-07,9.611005680199014e-08,1.0344354706148806e-07,1.2345317657036503e-07,1.0294596108906262e-07,1.825306412683858e-07,1.0540112072021657e-07,1.5475021086786e-07,1.3309306723385816e-07,1.1105431241276165e-07
860,28180480,0.00017974000000000118,5.684266422417846,5.583748440458545,0.0,0.0,0.052760668098926544,1.4715704917907715,5.913144036640006e-07,0.0,-1.1004124879837036,1,0,0.9999982118606567,485.9264398655594,0.9999982118606567,5.83367125273071e-07,1.0798155614111238e-07,9.609831863599538e-08,1.034309207170736e-07,1.2343811306436692e-07,1.0293339869349438e-07,1.82506980195285e-07,1.0538825989669931e-07,1.547313246419435e-07,1.330768242269187e-07,1.110407623627907e-07
861,28213248,0.0001796000000000012,5.475186754880248,5.594805206051314,0.0,0.0,-0.049811042845249176,1.2110645771026611,5.91208447531244e-07,0.0,-1.1008574962615967,1,0,0.9999982118606567,486.0553157082077,0.9999982118606567,5.832275178363489e-07,1.0796117067002342e-07,9.608017137452407e-08,1.0341139500269492e-07,1.2341480726263399e-07,1.0291396534967134e-07,1.8247251887260063e-07,1.0536836470009803e-07,1.5470210712464905e-07,1.330516994357822e-07,1.1101980135208578e-07
862,28246016,0.00017946000000000119,5.5731681328441,5.598228692307265,0.0,0.0,-0.056049223989248276,1.0819854736328125,5.911423386351089e-07,0.0,-1.1010313034057617,1,0,0.9999982118606567,486.21058323021134,0.9999982118606567,5.831385578858317e-07,1.0794860827445518e-07,9.606899453729056e-08,1.033993655141785e-07,1.2340044008851692e-07,1.0290198559914643e-07,1.824512736448014e-07,1.0535610073247881e-07,1.546841161825796e-07,1.3303622381499736e-07,1.110068765797223e-07
863,28278784,0.0001793200000000012,5.528991387776403,5.603250289020238,0.0,0.0,-0.11914858222007751,1.012927532196045,5.910039249101828e-07,0.0,-1.100644826889038,1,0,0.9999982118606567,486.31791391278983,0.9999982118606567,5.829539304613718e-07,1.0792225424438584e-07,9.604555373243784e-08,1.0337392097881093e-07,1.2337019938968297e-07,1.0287667606689865e-07,1.824063957656108e-07,1.0533037908544429e-07,1.546463579416013e-07,1.3300362411428068e-07,1.1097978358520777e-07
864,28311552,0.00017918000000000122,5.576054096929903,5.599908925653263,0.0,0.0,0.030728019773960114,1.1433870792388916,5.909900551159808e-07,0.0,-1.1006271839141846,1,0,0.9999982118606567,486.502999209479,0.9999982118606567,5.8293505844631e-07,1.0791957549827202e-07,9.604315920341833e-08,1.0337136302496219e-07,1.2336712984506448e-07,1.0287432417044329e-07,1.8240187671381136e-07,1.0532757244163804e-07,1.546425210108282e-07,1.3300032719598676e-07,1.1097682062199965e-07
865,28344320,0.0001790400000000012,5.492033748652007,5.575221047022679,0.0,0.0,-0.08643051981925964,2.192251205444336,5.908993898628978e-07,0.0,-1.1019315719604492,1,0,0.9999982118606567,486.63573332228174,0.9999982118606567,5.828160851706343e-07,1.0790228799351098e-07,9.602777595318912e-08,1.0335480027379162e-07,1.2334737675701035e-07,1.0285783957897365e-07,1.823726591965169e-07,1.0531069705166374e-07,1.546177372802049e-07,1.3297902512476867e-07,1.1095904284275093e-07
866,28377088,0.0001789000000000012,5.415932080799113,5.558858011787271,0.0,0.0,-0.1047266274690628,0.9983265995979309,5.908455591452366e-07,0.0,-1.102876901626587,1,0,0.9999982118606567,486.7826573464726,0.9999982118606567,5.827415634485078e-07,1.0789199933469718e-07,9.601861705732517e-08,1.0334494504604663e-07,1.2333561016930616e-07,1.0284803408922016e-07,1.823552651103455e-07,1.053006641882348e-07,1.5460300062386523e-07,1.32966334831508e-07,1.1094846286141546e-07
867,28409856,0.0001787600000000012,5.377064018601527,5.538060410344942,0.0,0.0,-0.0013328026980161667,1.2070302963256836,5.907409672545327e-07,0.0,-1.1046222448349,1,0,0.9999982118606567,486.9114703798282,0.9999982118606567,5.826049118695664e-07,1.078718341318563e-07,9.600067585324723e-08,1.0332563249448867e-07,1.233125601629581e-07,1.028288068027905e-07,1.8232117326988373e-07,1.0528098215445425e-07,1.5457410995622922e-07,1.329414800466111e-07,1.1092771501353127e-07
868,28442624,0.0001786200000000012,5.628174365308466,5.544963351013234,0.0,0.0,0.010509295389056206,0.7564592957496643,5.906147180212429e-07,0.0,-1.10476815700531,1,0,0.9999982118606567,487.02891613893456,0.9999982118606567,5.824376785312779e-07,1.0784756199200274e-07,9.597906824865277e-08,1.0330237643074724e-07,1.2328480636369932e-07,1.0280567153131415e-07,1.8228016074317566e-07,1.0525728555421665e-07,1.545393217838864e-07,1.329115661974356e-07,1.1090276075265137e-07
869,28475392,0.00017848000000000118,5.716067274600071,5.546693828280969,0.0,0.0,0.04412821680307388,0.8163653612136841,5.903579562982486e-07,0.0,-1.1090672016143799,1,0,0.9999982118606567,487.0695083734474,0.9999982118606567,5.820989485982864e-07,1.0779820058814948e-07,9.593514249672808e-08,1.0325509691710977e-07,1.2322838927047997e-07,1.0275861939135211e-07,1.821967288151427e-07,1.0520911786215947e-07,1.5446859435996885e-07,1.3285074373925454e-07,1.1085200668503603e-07
870,28508160,0.0001783400000000012,5.8027349586059,5.558540681899774,0.0,0.0,-0.055347710847854614,0.7368600964546204,5.898157837691542e-07,0.0,-1.1109678745269775,1,0,0.9999982118606567,486.94017332670796,0.9999982118606567,5.813760708406335e-07,1.0769462477355773e-07,9.584297089304528e-08,1.031560827868816e-07,1.2311012653754005e-07,1.0265988237279089e-07,1.820209689640251e-07,1.051082278991089e-07,1.5432017619332328e-07,1.3272321552904032e-07,1.1074570238633896e-07
871,28540928,0.0001782000000000012,5.72179776594772,5.583201783006521,0.0,0.0,0.0878334492444992,1.0696241855621338,5.897868504689541e-07,0.0,-1.1116276979446411,1,0,0.9999982118606567,487.11422655528446,0.9999982118606567,5.813378152197402e-07,1.076890825402188e-07,9.583803262103174e-08,1.0315077503264547e-07,1.2310378849633707e-07,1.0265459593483683e-07,1.8201158979991305e-07,1.051028135634624e-07,1.5431223232553748e-07,1.327163801079223e-07,1.1074000383359817e-07
872,28573696,0.00017806000000000118,5.659424900362344,5.5918274597583455,0.0,0.0,-0.11333227157592773,0.9688208103179932,5.89449143717502e-07,0.0,-1.1140609979629517,1,0,0.9999982118606567,487.10395140922645,0.9999982118606567,5.808867058476608e-07,1.0762460078694858e-07,9.578064918969176e-08,1.030890146580532e-07,1.2303007679292932e-07,1.0259312688276623e-07,1.81902265694589e-07,1.0503988789878349e-07,1.5421984755903395e-07,1.326369272192096e-07,1.1067368888006968e-07
873,28606464,0.0001779200000000012,5.777103954071871,5.616638716387892,0.0,0.0,0.026075750589370728,0.8778588771820068,5.894171977161022e-07,0.0,-1.1138501167297363,1,0,0.9999982118606567,487.2763876653777,0.9999982118606567,5.808451533084735e-07,1.0761844038142954e-07,9.57751780106264e-08,1.0308311004791904e-07,1.2302302820899058e-07,1.0258726490519621e-07,1.8189186334893748e-07,1.050338696018116e-07,1.542110084074011e-07,1.3262932441193698e-07,1.1066736504972141e-07
874,28639232,0.0001777800000000012,5.772469123079167,5.636280219002819,0.0,0.0,0.07439817488193512,0.8971430063247681,5.891478735975397e-07,0.0,-1.1154708862304688,1,0,0.9999982118606567,487.3126392642591,0.9999982118606567,5.804835154776811e-07,1.0756734525330103e-07,9.57296961701104e-08,1.0303396891231387e-07,1.2296450790927338e-07,1.025385500952325e-07,1.8180377026055794e-07,1.0498379765522259e-07,1.5413777987305366e-07,1.3256622821700148e-07,1.1061460014616387e-07
875,28672000,0.00017764000000000118,5.541831939187252,5.641260038056343,0.0,0.0,0.08356155455112457,1.163975715637207,5.890736929359264e-07,0.0,-1.117056131362915,1,0,0.9999982118606567,487.45993530133745,0.9999982118606567,5.803855742669839e-07,1.0755319124200469e-07,9.571709824740537e-08,1.0302041175691556e-07,1.2294832174575276e-07,1.025248579367144e-07,1.8177949812070437e-07,1.0497019076183278e-07,1.5411751519422978e-07,1.325487772874112e-07,1.1060026139375623e-07
876,28704768,0.00017750000000000117,5.73998477247803,5.673665307224235,0.0,0.0,-0.08314062654972076,0.8472486138343811,5.88927662192873e-07,0.0,-1.1168859004974365,1,0,0.9999982118606567,487.56150579963355,0.9999982118606567,5.801924203296949e-07,1.0752508927680537e-07,9.569209424853398e-08,1.0299348929265761e-07,1.229162052140964e-07,1.0249826942754225e-07,1.8173199123339145e-07,1.0494255775483907e-07,1.540772416319669e-07,1.3251415964532498e-07,1.1057115045787214e-07
877,28737536,0.0001773600000000012,5.828145967715777,5.71877350213566,0.0,0.0,-0.03313250467181206,1.1368441581726074,5.886918188480195e-07,0.0,-1.1174135208129883,1,0,0.9999982118606567,487.60712639907075,0.9999982118606567,5.798821121061337e-07,1.074797708611186e-07,9.565175673742488e-08,1.029502882943234e-07,1.2286452033549722e-07,1.024550755346354e-07,1.8165557946758781e-07,1.0489853252693138e-07,1.5401231223677314e-07,1.3245843888398667e-07,1.1052476622808172e-07
878,28770304,0.00017722000000000118,5.749738789182111,5.730929944523024,0.0,0.0,0.016041811555624008,0.9415076971054077,5.882389473299554e-07,0.0,-1.120369553565979,1,0,0.9999982118606567,487.5207146591383,0.9999982118606567,5.792840624962992e-07,1.0739268674342384e-07,9.557425784123552e-08,1.0286687057714516e-07,1.227649590873625e-07,1.0237205572138919e-07,1.8150838343444775e-07,1.0481353740487975e-07,1.5388751251066424e-07,1.3235110429832275e-07,1.1043520231623916e-07
879,28803072,0.00017708000000000117,5.763252402166126,5.735648457279629,0.0,0.0,0.020596705377101898,0.8680203557014465,5.882163236492488e-07,0.0,-1.1206114292144775,1,0,0.9999982118606567,487.6957987116397,0.9999982118606567,5.792536512672086e-07,1.0738838085444513e-07,9.557042091046242e-08,1.028627423238504e-07,1.2276004213163105e-07,1.0236795588980385e-07,1.8150112168768828e-07,1.0480933809731141e-07,1.5388134499971784e-07,1.3234580364951398e-07,1.1043078274042273e-07
880,28835840,0.0001769400000000012,5.8359859066878,5.7389735520878205,0.0,0.0,0.04004960134625435,1.3793400526046753,5.881947799935006e-07,0.0,-1.1213783025741577,1,0,0.9999982118606567,487.8714776194341,0.9999982118606567,5.792243769064953e-07,1.0738428812828715e-07,9.556678293165533e-08,1.02858820127949e-07,1.2275535254957504e-07,1.0236404790475717e-07,1.8149420100144198e-07,1.0480533774170908e-07,1.5387547591672046e-07,1.3234074458523537e-07,1.1042656922199967e-07
881,28868608,0.00017680000000000118,5.834623491659208,5.75025612465897,0.0,0.0,0.04624626040458679,1.031488060951233,5.881797164875024e-07,0.0,-1.1219615936279297,1,0,0.9999982118606567,488.05029112257006,0.9999982118606567,5.792039132757054e-07,1.0738141753563468e-07,9.556423208323395e-08,1.0285607032756161e-07,1.2275208405299054e-07,1.0236131942065185e-07,1.814893550999841e-07,1.0480253820333019e-07,1.5387136897970777e-07,1.32337220293266e-07,1.1042362046964627e-07
882,28901376,0.00017666000000000117,5.78650236462333,5.762963871085068,0.0,0.0,-0.02920440584421158,1.0687909126281738,5.880773414901341e-07,0.0,-1.122528314590454,1,0,0.9999982118606567,488.1771063852049,0.9999982118606567,5.790664090454811e-07,1.0736196998095693e-07,9.554691615676347e-08,1.0283743989702998e-07,1.2272984406536125e-07,1.0234277425524851e-07,1.8145647118217312e-07,1.0478355250143068e-07,1.5384348728275654e-07,1.3231323237050674e-07,1.1040361869163462e-07
883,28934144,0.00017652000000000116,5.739130806618929,5.759166556339773,0.0,0.0,0.014194540679454803,1.1159172058105469,5.879312539036619e-07,0.0,-1.1231027841567993,1,0,0.9999982118606567,488.2820827816703,0.9999982118606567,5.788714929622074e-07,1.0733411670571513e-07,9.552213242614016e-08,1.0281076612272955e-07,1.226980117507992e-07,1.0231622837864052e-07,1.8140853796921874e-07,1.0475638134721521e-07,1.5380358320271625e-07,1.3227892736722424e-07,1.1037498381938349e-07
884,28966912,0.00017638000000000115,5.746884254505383,5.756608069482395,0.0,0.0,0.11027361452579498,1.2939528226852417,5.877831199541106e-07,0.0,-1.1231825351715088,1,0,0.9999982118606567,488.38438495422236,0.9999982118606567,5.786744736724359e-07,1.0730587263196867e-07,9.549699342414897e-08,1.0278350970338579e-07,1.2266559679119382e-07,1.0228929880895521e-07,1.813604484368625e-07,1.0472860623167435e-07,1.5376311068848736e-07,1.3224398287547956e-07,1.1034572366952489e-07
885,28999680,0.00017624000000000115,5.6395808699922245,5.766382962562892,0.0,0.0,0.18658095598220825,1.140721321105957,5.875245960851316e-07,0.0,-1.1247304677963257,1,0,0.9999982118606567,488.4222198632876,0.9999982118606567,5.78326876166102e-07,1.0725675991807293e-07,9.545328794047236e-08,1.0273647177427847e-07,1.2260946391506877e-07,1.0224248114809598e-07,1.8127710177395784e-07,1.0468067301871997e-07,1.5369273853593768e-07,1.3218345884524751e-07,1.1029521829186706e-07
886,29032448,0.00017610000000000114,5.815606902753415,5.7739451755904305,0.0,0.0,0.11246579885482788,1.158546805381775,5.874917405890301e-07,0.0,-1.1252552270889282,1,0,0.9999982118606567,488.5885932841236,0.9999982118606567,5.782839025414432e-07,1.0725041477144259e-07,9.544763912572307e-08,1.0273039663388772e-07,1.226022021683093e-07,1.0223624968830336e-07,1.8126638678950258e-07,1.0467468314345751e-07,1.5368365779977466e-07,1.3217565708600887e-07,1.1028891577780087e-07
887,29065216,0.00017596000000000113,5.78562501362296,5.769693080181149,0.0,0.0,-0.06624831259250641,0.866120457649231,5.869507617717318e-07,0.0,-1.126391053199768,1,0,0.9999982118606567,488.45019311862467,0.9999982118606567,5.775635258942202e-07,1.0714695974911592e-07,9.535556699802328e-08,1.0263149619049727e-07,1.2248406733306183e-07,1.0213781820311851e-07,1.8109135169197543e-07,1.04573715020706e-07,1.5353539595253096e-07,1.320482709843418e-07,1.1018251910854815e-07
888,29097984,0.00017582000000000112,5.774513643142158,5.772170565577154,0.0,0.0,0.07421741634607315,1.0358918905258179,5.869305823580362e-07,0.0,-1.1264691352844238,1,0,0.9999982118606567,488.62039100806663,0.9999982118606567,5.775376052952197e-07,1.0714308018577867e-07,9.535211376032748e-08,1.0262777294656189e-07,1.2247961933553597e-07,1.021341162754652e-07,1.81084786277097e-07,1.0456992072249705e-07,1.535298252974826e-07,1.3204348192630277e-07,1.1017852585837318e-07
889,29130752,0.0001756800000000011,5.524793655202075,5.748324690880748,0.0,0.0,-0.04866812378168106,1.2177789211273193,5.868528774044535e-07,0.0,-1.1270908117294312,1,0,0.9999982118606567,488.75760051591357,0.9999982118606567,5.774346050202439e-07,1.0712836484572108e-07,9.533902556313478e-08,1.0261348393214575e-07,1.2246269420757017e-07,1.021200901618613e-07,1.8105835408732673e-07,1.0455536170184132e-07,1.5350875059993996e-07,1.3202522097799374e-07,1.1016318524070812e-07
890,29163520,0.0001755400000000011,5.743406255119572,5.739066725723926,0.0,0.0,0.03664131462574005,0.8476244211196899,5.866693300049519e-07,0.0,-1.1282658576965332,1,0,0.9999982118606567,488.8320171105852,0.9999982118606567,5.771879614258069e-07,1.0709342745940376e-07,9.530793221301792e-08,1.0258002447471881e-07,1.2242274749496573e-07,1.0208659517729757e-07,1.8099932219683978e-07,1.0452146881334556e-07,1.534586857587783e-07,1.319821762990614e-07,1.1012747336280881e-07
891,29196288,0.0001754000000000011,5.918564842480226,5.747460860806028,0.0,0.0,0.03866247087717056,1.0640125274658203,5.866041306035186e-07,0.0,-1.1285299062728882,1,0,0.9999982118606567,488.9748525508041,0.9999982118606567,5.771015594291384e-07,1.0708096453981852e-07,9.52968406409127e-08,1.0256808735675804e-07,1.224085082185411e-07,1.0207491385472167e-07,1.8097826171015186e-07,1.045091124751707e-07,1.53440836925256e-07,1.3196681436511426e-07,1.1011444911446233e-07
892,29229056,0.00017526000000000108,5.840274138611993,5.752838038204894,0.0,0.0,0.1364763230085373,1.6948621273040771,5.863100795977516e-07,0.0,-1.1296055316925049,1,0,0.9999982118606567,488.9829783841793,0.9999982118606567,5.767120114796853e-07,1.0702461139544539e-07,9.524669053462276e-08,1.0251410742512235e-07,1.2234407620326238e-07,1.0202118971847085e-07,1.8088302056185057e-07,1.044541093619955e-07,1.5336007663790951e-07,1.3189736591812107e-07,1.1005649724893374e-07
893,29261824,0.00017512000000000107,6.067078713095923,5.785632828852593,0.015625,0.0015625,0.050609737634658813,0.9182586669921875,5.859312750544632e-07,0.0,-1.1346771717071533,1,0,0.9999982118606567,488.9388156003467,0.9999982118606567,5.762084356319974e-07,1.0695217156353465e-07,9.518221588677989e-08,1.0244471582154802e-07,1.222612695528369e-07,1.0195194022344367e-07,1.8076023877711123e-07,1.0438360220632603e-07,1.5325626634421496e-07,1.3180807911794545e-07,1.0998221000591002e-07
894,29294592,0.00017498000000000107,5.9921629937256125,5.810160702774616,0.0,0.0015625,0.11120294779539108,1.2306203842163086,5.857855285285041e-07,0.0,-1.1367850303649902,1,0,0.9999982118606567,489.0315596454335,0.9999982118606567,5.76015054321033e-07,1.0692421881230985e-07,9.515735399645564e-08,1.0241794967669193e-07,1.2222933776229183e-07,1.0192549382281868e-07,1.807130018960379e-07,1.0435613262416155e-07,1.5321623436648224e-07,1.3177364621697052e-07,1.0995326249485515e-07
895,29327360,0.00017484000000000106,5.87099844624934,5.833302460400327,0.0,0.0015625,0.0865325927734375,1.235584020614624,5.85682641940366e-07,0.0,-1.1373357772827148,1,0,0.9999982118606567,489.15027961571883,0.9999982118606567,5.758799375144008e-07,1.0690444440797364e-07,9.51397467474635e-08,1.0239900660735657e-07,1.2220671408158523e-07,1.0190644417207295e-07,1.8067957796574774e-07,1.0433702612999696e-07,1.531878837113254e-07,1.3174927460113395e-07,1.0993313281915107e-07
896,29360128,0.00017470000000000105,6.071977540443375,5.858939524169324,0.0,0.0015625,0.09682565182447433,1.264393925666809,5.855746962879493e-07,0.0,-1.1384578943252563,1,0,0.9999982118606567,489.26291061593037,0.9999982118606567,5.757387953053694e-07,1.0688364682209794e-07,9.512123710919695e-08,1.0237908298904586e-07,1.221829393216467e-07,1.0188662002974525e-07,1.8064443452203705e-07,1.0431673302946365e-07,1.5315808354898763e-07,1.3172363821922772e-07,1.0991174548280469e-07
897,29392896,0.00017456000000000104,6.042006638147692,5.884577686621796,0.0,0.0015625,0.07662984728813171,1.2312171459197998,5.854644768987782e-07,0.0,-1.1398534774780273,1,0,0.9999982118606567,489.37439547977846,0.9999982118606567,5.755938445872744e-07,1.0686244422686286e-07,9.510236509413517e-08,1.0235878278308519e-07,1.2215870981435728e-07,1.0186641219434023e-07,1.806085947464453e-07,1.0429604202499831e-07,1.5312771495246125e-07,1.3169751866826118e-07,1.0988994603167157e-07
898,29425664,0.00017442000000000103,6.083194767730939,5.915445799080675,0.0,0.0015625,-0.03133266419172287,1.2188749313354492,5.854378173353325e-07,0.0,-1.140883207321167,1,0,0.9999982118606567,489.53557687430384,0.9999982118606567,5.7555763532946e-07,1.0685734963544746e-07,9.509783183148102e-08,1.0235390135449052e-07,1.2215288336392405e-07,1.0186175103399364e-07,1.805999829684879e-07,1.0429086927388198e-07,1.5312041057313763e-07,1.3169123747047706e-07,1.0988450327431565e-07
899,29458432,0.00017428000000000105,6.0532662330640195,5.9682930568668695,0.0,0.0015625,0.06665694713592529,1.6409108638763428,5.84983922635729e-07,0.0,-1.143222451210022,1,0,0.9999982118606567,489.45941905856296,0.9999982118606567,5.749525371356867e-07,1.0677097606048847e-07,9.502095821289913e-08,1.0227135760487727e-07,1.2205426003220055e-07,1.0177939913091905e-07,1.8045055583115754e-07,1.0420676233025006e-07,1.529966198177135e-07,1.3158491185549792e-07,1.0979587017345693e-07
900,29491200,0.00017414000000000104,6.149928238313498,6.008945255186262,0.0,0.0015625,0.021722598001360893,1.0540145635604858,5.847682018611522e-07,0.0,-1.146383285522461,1,0,0.9999982118606567,489.5108796339712,0.9999982118606567,5.746663873651414e-07,1.0672963668412194e-07,9.498417341546883e-08,1.0223176616364071e-07,1.220070089402725e-07,1.017400066416485e-07,1.8038052473912103e-07,1.041664177137136e-07,1.5293740318611526e-07,1.3153396594134392e-07,1.0975337971785848e-07
901,29523968,0.00017400000000000103,6.046843054995428,6.021773076437782,0.0,0.0015625,0.06709149479866028,1.6200778484344482,5.84743759191042e-07,0.0,-1.146577000617981,1,0,0.9999982118606567,489.67335829626063,0.9999982118606567,5.746346118939982e-07,1.0672495420749328e-07,9.498000252960992e-08,1.0222727553355071e-07,1.2200165144804487e-07,1.0173554443326793e-07,1.8037260929304466e-07,1.0416184892392266e-07,1.5293069566268969e-07,1.3152819633432955e-07,1.0974856223811003e-07
902,29556736,0.00017386000000000105,6.217499120578074,6.05949557463439,0.0,0.0015625,-0.033340465277433395,0.9995975494384766,5.846887347615848e-07,0.0,-1.1474761962890625,1,0,0.9999982118606567,489.82060429314333,0.9999982118606567,5.745611701968301e-07,1.0671458028355119e-07,9.49707725794724e-08,1.0221713608871141e-07,1.2198967169751995e-07,1.0172544762099278e-07,1.8035420623618847e-07,1.0415171658451072e-07,1.5291567478925572e-07,1.3151527866739343e-07,1.0973788278079155e-07
903,29589504,0.00017372000000000104,6.170389662475023,6.069826669572301,0.0,0.0,0.023610714823007584,1.356837511062622,5.846308681611845e-07,0.0,-1.1472580432891846,1,0,0.9999982118606567,489.9635979161996,0.9999982118606567,5.744839199905982e-07,1.0670358108200162e-07,9.496098840600098e-08,1.022066129507948e-07,1.2197710930195171e-07,1.0171497422106768e-07,1.803356326490757e-07,1.0414098738920075e-07,1.5289991495137656e-07,1.3150173572284984e-07,1.0972658515129297e-07
904,29622272,0.00017358000000000103,6.064064828253608,6.077016853025099,0.0,0.0,0.03632703423500061,1.2350306510925293,5.840818744218268e-07,0.0,-1.1493618488311768,1,0,0.9999982118606567,489.82333331798225,0.9999982118606567,5.737551305173838e-07,1.065986268145025e-07,9.48675733525306e-08,1.021060640482574e-07,1.2185711284473655e-07,1.0161491559301794e-07,1.8015703062701505e-07,1.0403854133755885e-07,1.5274952147592558e-07,1.3137237431237736e-07,1.0961863949887629e-07
905,29655040,0.00017344000000000102,6.120648791355967,6.1019818875357625,0.0,0.0,0.01636810600757599,0.7644588351249695,5.839766004100966e-07,0.0,-1.1513150930404663,1,0,0.9999982118606567,489.93741774083526,0.9999982118606567,5.73614556742541e-07,1.0657849003337105e-07,9.484966767558944e-08,1.0208678702383622e-07,1.2183410547095264e-07,1.0159592278569107e-07,1.8012300984082685e-07,1.0401870298437643e-07,1.5272067344085372e-07,1.3134756216004462e-07,1.0959774243701759e-07
906,29687808,0.00017330000000000101,6.212655962282274,6.116049729719653,0.0,0.0,-0.03783149644732475,0.7712112069129944,5.836562309013971e-07,0.0,-1.1553118228912354,1,0,0.9999982118606567,489.9367362347894,0.9999982118606567,5.731869237024512e-07,1.0651752546664284e-07,9.47954106322868e-08,1.0202858646835011e-07,1.21764529126267e-07,1.0153780749533325e-07,1.800174089794382e-07,1.0395939398222254e-07,1.5263346142546652e-07,1.3127255726885778e-07,1.0953525020340749e-07
907,29720576,0.000173160000000001,6.105867221786182,6.122435788083502,0.015625,0.0015625,0.07565678656101227,0.773000955581665,5.831565772496106e-07,0.0,-1.159163236618042,1,0,0.9999982118606567,489.8341009031266,0.9999982118606567,5.725187861571612e-07,1.064226964331283e-07,9.471100526070586e-08,1.0193774357958318e-07,1.2165611451564473e-07,1.014474051430625e-07,1.7985300360123802e-07,1.0386683868546243e-07,1.5249756302182504e-07,1.3115567298882524e-07,1.0943772821292441e-07
908,29753344,0.000173020000000001,6.097295149157439,6.123845826226151,0.0,0.0015625,-0.1068752259016037,1.0438952445983887,5.830069653711689e-07,0.0,-1.161062240600586,1,0,0.9999982118606567,489.92301520346865,0.9999982118606567,5.723233584831178e-07,1.0639386971433851e-07,9.468535466794492e-08,1.0191013188887155e-07,1.216231737544149e-07,1.0141992845547065e-07,1.7980413247187244e-07,1.0383870829855368e-07,1.5245626627802267e-07,1.3112017427374667e-07,1.0940809147541586e-07
909,29786112,0.000172880000000001,6.132237846451397,6.131742987564889,0.0,0.0015625,0.07045615464448929,1.1667499542236328,5.827859013152192e-07,0.0,-1.1623539924621582,1,0,0.9999982118606567,489.9706823305877,0.9999982118606567,5.720314106838487e-07,1.0635146452386834e-07,9.464762484867606e-08,1.0186952437152286e-07,1.2157470052898134e-07,1.0137951278466062e-07,1.7973179922137206e-07,1.0379732628962302e-07,1.5239550066326046e-07,1.3106790675010416e-07,1.0936449257314962e-07
910,29818880,0.00017274000000000098,6.180134039848304,6.13476356771837,0.0,0.0015625,-0.04064338654279709,1.1726830005645752,5.82657776249107e-07,0.0,-1.1632492542266846,1,0,0.9999982118606567,490.07597957024274,0.9999982118606567,5.71860141462821e-07,1.063271213297412e-07,9.462596040066273e-08,1.0184620435893521e-07,1.2154687567544897e-07,1.0135631356433805e-07,1.7968980614568864e-07,1.037735657405392e-07,1.5236062722578936e-07,1.3103790763580037e-07,1.0933946015256879e-07
911,29851648,0.00017260000000000097,6.142931598638085,6.144372422082635,0.0,0.0015625,0.11834244430065155,2.3984413146972656,5.825069138154504e-07,0.0,-1.1657406091690063,1,0,0.9999982118606567,490.1606703861303,0.9999982118606567,5.716589157600538e-07,1.0629833724351556e-07,9.460033822961122e-08,1.0181862819536036e-07,1.2151396333592857e-07,1.0132886529845564e-07,1.7964113396828907e-07,1.0374546377533989e-07,1.523193589036964e-07,1.310024231315765e-07,1.0930984473134231e-07
912,29884416,0.00017246000000000096,6.037658445787821,6.126388354603611,0.0,0.0015625,-0.09023668617010117,1.2335917949676514,5.82365373702487e-07,0.0,-1.1654627323150635,1,0,0.9999982118606567,490.2539737584738,0.9999982118606567,5.71469740862085e-07,1.0627137214669347e-07,9.45763432014246e-08,1.0179279996691548e-07,1.214831399920513e-07,1.0130317207313055e-07,1.7959557396807213e-07,1.0371915237783469e-07,1.5228071958972578e-07,1.3096919815325236e-07,1.0928211935379295e-07
913,29917184,0.00017232000000000095,6.095764622414527,6.11892585059756,0.0,0.0015625,0.08747795224189758,2.068282127380371,5.82335133003653e-07,0.0,-1.1654598712921143,1,0,0.9999982118606567,490.4123424062455,0.9999982118606567,5.714283588531544e-07,1.0626569491023474e-07,9.4571284137146e-08,1.0178736431498692e-07,1.2147664563144644e-07,1.0129776484291142e-07,1.7958598164113937e-07,1.0371361724992312e-07,1.522726051916834e-07,1.3096220641273248e-07,1.0927628579793236e-07
914,29949952,0.00017218000000000097,6.10707143213865,6.123226510986065,0.0,0.0015625,-0.0016846917569637299,1.293750286102295,5.821621016366407e-07,0.0,-1.1668325662612915,1,0,0.9999982118606567,490.4937666353719,0.9999982118606567,5.711951871489873e-07,1.0623306678780864e-07,9.454225136096284e-08,1.0175610754004083e-07,1.2143935634867375e-07,1.0126665728193984e-07,1.7952912401142385e-07,1.0368176361907899e-07,1.5222583726881567e-07,1.3092200390474318e-07,1.0924274107537713e-07
915,29982720,0.00017204000000000096,5.939331007038776,6.105094732554346,0.0,0.0015625,0.093541219830513,1.7335846424102783,5.821106014991528e-07,0.0,-1.1667001247406006,1,0,0.9999982118606567,490.6381375310886,0.9999982118606567,5.711270887331921e-07,1.0622314050579007e-07,9.453341931475734e-08,1.0174660047823636e-07,1.214280018757563e-07,1.0125719285269952e-07,1.795123552028599e-07,1.0367207892159058e-07,1.5221161220324575e-07,1.309097683588334e-07,1.0923253057626425e-07
916,30015488,0.00017190000000000095,6.114517133036387,6.095280849629757,0.0,0.0015625,-0.05186914652585983,1.1200284957885742,5.818508839183778e-07,0.0,-1.1673142910003662,1,0,0.9999982118606567,490.66810987095994,0.9999982118606567,5.707796617571148e-07,1.0617392121048397e-07,9.448961435509773e-08,1.0169925701575266e-07,1.213716274151011e-07,1.0121027571585728e-07,1.794274595567913e-07,1.0362384017525983e-07,1.521407995141999e-07,1.3084897432236176e-07,1.0918170545437533e-07
917,30048256,0.00017176000000000094,6.065399700503716,6.091234097501511,0.0,0.0,0.034538500010967255,1.3294914960861206,5.817499868498999e-07,0.0,-1.1687500476837158,1,0,0.9999982118606567,490.78818040635616,0.9999982118606567,5.70646875530656e-07,1.0615468681862694e-07,9.447249027516591e-08,1.016808326426144e-07,1.2134962901200197e-07,1.0119174476130866e-07,1.7939392193966341e-07,1.036052594827197e-07,1.521132304560524e-07,1.308252706166968e-07,1.0916213000200514e-07
918,30081024,0.00017162000000000094,6.065561659296993,6.088060748515465,0.0,0.0,0.04857367277145386,0.7871753573417664,5.815015811094781e-07,0.0,-1.1719459295272827,1,0,0.9999982118606567,490.8211399521026,0.9999982118606567,5.703117835764715e-07,1.0610751388639983e-07,9.443051851576456e-08,1.0163584818201343e-07,1.2129582671605021e-07,1.0114697346352841e-07,1.7931387219505268e-07,1.0355923052429716e-07,1.520459278481212e-07,1.3076726190774934e-07,1.0911363546028952e-07
919,30113792,0.00017148000000000095,6.059333472433591,6.080770311113684,0.0,0.0,-0.03482244908809662,0.8040180206298828,5.812572680952144e-07,0.0,-1.1732158660888672,1,0,0.9999982118606567,490.855035818361,0.9999982118606567,5.699849339180219e-07,1.0606097333720754e-07,9.438909387426975e-08,1.015912758361992e-07,1.212426212759965e-07,1.0110261428053491e-07,1.79234717734289e-07,1.0351381263262738e-07,1.5197925051779748e-07,1.307099068981188e-07,1.0906578040703607e-07
920,30146560,0.00017134000000000094,6.132978167327969,6.076054723861652,0.0,0.0,-0.03891564905643463,1.1194636821746826,5.812518679704226e-07,0.0,-1.1732169389724731,1,0,0.9999982118606567,491.02538715823204,0.9999982118606567,5.699784537682717e-07,1.0605996436652276e-07,9.438819859042269e-08,1.0159030239265121e-07,1.2124147019676457e-07,1.0110164794241427e-07,1.7923299822086847e-07,1.0351281787279731e-07,1.5197778679976182e-07,1.3070867055375857e-07,1.090647359092145e-07
921,30179328,0.00017120000000000094,6.211118213341944,6.082873385332038,0.0,0.0,-0.004578802734613419,1.0651092529296875,5.81169615543331e-07,0.0,-1.1727930307388306,1,0,0.9999982118606567,491.15519349931037,0.9999982118606567,5.698702807421796e-07,1.060443892697549e-07,9.437434300707537e-08,1.0157519625408895e-07,1.212235503089687e-07,1.0108680470466425e-07,1.7920514494562667e-07,1.0349742751714075e-07,1.5195475100426847e-07,1.306893437913459e-07,1.090485142185571e-07
922,30212096,0.00017106000000000093,6.043352489527408,6.083442789705996,0.0,0.0,-0.017833024263381958,1.1273086071014404,5.81164329105377e-07,0.0,-1.1728622913360596,1,0,0.9999982118606567,491.32427159187097,0.9999982118606567,5.698632321582409e-07,1.0604338029907012e-07,9.43734335123736e-08,1.0157422991596832e-07,1.2122238501888205e-07,1.010856394145776e-07,1.7920343964306085e-07,1.0349663881470406e-07,1.5195330149708752e-07,1.3068809323613095e-07,1.090476757781289e-07
923,30244864,0.00017092000000000092,5.968830571352379,6.070749384599781,0.0,0.0,0.0006828028708696365,1.6002731323242188,5.808590231026756e-07,0.0,-1.1758437156677246,1,0,0.9999982118606567,491.322458765004,0.9999982118606567,5.694568585568049e-07,1.0598514421644722e-07,9.432160652522725e-08,1.0151844520578379e-07,1.2115582137539604e-07,1.0103012471063266e-07,1.7910400629261858e-07,1.034398025012706e-07,1.5186985535819986e-07,1.3061632841981918e-07,1.0898779123635904e-07
924,30277632,0.0001707800000000009,6.074688053386781,6.067511046724594,0.0,0.0,0.06540682166814804,0.9807087182998657,5.803132125947741e-07,0.0,-1.1751755475997925,1,0,0.9999982118606567,491.18409422904494,0.9999982118606567,5.687366524398385e-07,1.0588048127146976e-07,9.422846147799646e-08,1.0141838657773405e-07,1.2103629387638648e-07,1.0093054925164324e-07,1.789257595419258e-07,1.0333765487757773e-07,1.5172001610608277e-07,1.3048746438926173e-07,1.0888016532817346e-07
925,30310400,0.0001706400000000009,6.123938496136017,6.085971795634319,0.0,0.0,-0.013949580490589142,0.8724418878555298,5.801375664304942e-07,0.0,-1.1758121252059937,1,0,0.9999982118606567,491.254993897241,0.9999982118606567,5.685034238922526e-07,1.058469578651966e-07,9.419863289394925e-08,1.0138628425693241e-07,1.209979814120743e-07,1.0089860325024347e-07,1.78869115075031e-07,1.0330494149002334e-07,1.516719976280001e-07,1.3044615343460464e-07,1.088457040054891e-07
926,30343168,0.0001705000000000009,5.984875425427894,6.07300762487347,0.0,0.0,0.03777776658535004,1.3151812553405762,5.800687858936726e-07,0.0,-1.176476001739502,1,0,0.9999982118606567,491.3862688215658,0.9999982118606567,5.68413440760196e-07,1.0583364229432846e-07,9.418678104111677e-08,1.013735158039708e-07,1.2098273316496488e-07,1.0088589874612808e-07,1.7884660508116212e-07,1.0329193145253157e-07,1.5165289823926287e-07,1.3042973989740858e-07,1.0883199763611628e-07
927,30375936,0.00017036000000000088,6.142800782319425,6.08074773305504,0.0,0.0,0.11537327617406845,1.2828774452209473,5.800121698484872e-07,0.0,-1.1770994663238525,1,0,0.9999982118606567,491.5214657848627,0.9999982118606567,5.68338691664394e-07,1.0582294152072791e-07,9.417725266303023e-08,1.0136307793118249e-07,1.209703981430721e-07,1.0087570245786992e-07,1.788283583437078e-07,1.0328129462777724e-07,1.51637422618478e-07,1.3041643853739515e-07,1.0882079237717335e-07
928,30408704,0.00017022000000000087,6.088792959541671,6.083070863079508,0.0,0.0,0.01335216872394085,1.3178943395614624,5.798772804155305e-07,0.0,-1.1769263744354248,1,0,0.9999982118606567,491.6140586227679,0.9999982118606567,5.681608854501974e-07,1.0579690723488966e-07,9.415408896984445e-08,1.0133832972769596e-07,1.2094075430013618e-07,1.0085088320010982e-07,1.7878454627862084e-07,1.0325608457151247e-07,1.5160026123339776e-07,1.3038446411428595e-07,1.0879422518428328e-07
929,30441472,0.0001700800000000009,6.051288938242474,6.082266409660396,0.0,0.0,0.08249329775571823,1.9157354831695557,5.797862172585155e-07,0.0,-1.1769204139709473,1,0,0.9999982118606567,491.73318066764523,0.9999982118606567,5.680417416442651e-07,1.0577934261846167e-07,9.413847124051244e-08,1.0132152539199524e-07,1.209206885732783e-07,1.0083414991868267e-07,1.787548740139755e-07,1.032389533861533e-07,1.5157510802055185e-07,1.303628351934094e-07,1.0877617739879497e-07
930,30474240,0.0001699400000000009,5.970965462890222,6.0660651392166205,0.0,0.0,0.0041661858558654785,0.9354276061058044,5.792839488094614e-07,0.0,-1.178502082824707,1,0,0.9999982118606567,491.6022290547741,0.9999982118606567,5.673790610671858e-07,1.0568315644832182e-07,9.405285794628071e-08,1.0122919036348321e-07,1.2081061129265436e-07,1.0074226253209417e-07,1.7859214551663172e-07,1.0314506226904996e-07,1.5143713483212196e-07,1.3024416034568276e-07,1.0867724853369509e-07
931,30507008,0.0001698000000000009,5.942370759824824,6.039190393864909,0.0,0.0,0.019648343324661255,1.4959752559661865,5.792303454654757e-07,0.0,-1.1791784763336182,1,0,0.9999982118606567,491.74234111260387,0.9999982118606567,5.673081773238664e-07,1.0567286778950802e-07,9.404371326127148e-08,1.0121934934659294e-07,1.2079885891580489e-07,1.007326559943067e-07,1.7857477985216974e-07,1.0313483755908237e-07,1.5142238396492758e-07,1.302314984741315e-07,1.0866647670582097e-07
932,30539776,0.0001696600000000009,5.872960429956445,6.022151187907813,0.0,0.0,-0.08455608785152435,1.0050086975097656,5.791446824332525e-07,0.0,-1.1782981157302856,1,0,0.9999982118606567,491.86661446751344,0.9999982118606567,5.671934673046053e-07,1.0565655372829497e-07,9.402918266232518e-08,1.0120390214751751e-07,1.2078029953954683e-07,1.0071708800296619e-07,1.7854617340162804e-07,1.0311909903748528e-07,1.5139914921746822e-07,1.3021150380154722e-07,1.0864989263836833e-07
933,30572544,0.00016952000000000088,6.086563223955307,6.033924453168106,0.0,0.0,-0.022997066378593445,1.1530625820159912,5.790992645415827e-07,0.0,-1.1784098148345947,1,0,0.9999982118606567,492.01001718863154,0.9999982118606567,5.671328722200997e-07,1.0564788510691869e-07,9.402146616821483e-08,1.0119560300836383e-07,1.2077040878466505e-07,1.0070883149637666e-07,1.7853153622127138e-07,1.0311064357892974e-07,1.5138672893044713e-07,1.302008172388014e-07,1.0864098953788925e-07
934,30605312,0.00016938000000000088,6.14467519043482,6.0409231668729095,0.0,0.0,-0.018267206847667694,1.3767015933990479,5.790856221210561e-07,0.0,-1.1784818172454834,1,0,0.9999982118606567,492.1671023785085,0.9999982118606567,5.671150802299962e-07,1.0564526320422374e-07,9.401913558804154e-08,1.011930947925066e-07,1.2076741029432014e-07,1.0070633749137414e-07,1.7852708822374552e-07,1.03108085625081e-07,1.513829630539476e-07,1.3019759137478104e-07,1.0863829658092072e-07
935,30638080,0.00016924000000000087,5.9003765515354765,6.018566972412856,0.0,0.0,0.04936099797487259,2.2905325889587402,5.789918873233546e-07,0.0,-1.1789770126342773,1,0,0.9999982118606567,492.2809305648598,0.9999982118606567,5.669933784702152e-07,1.056271372590345e-07,9.400299916251242e-08,1.0117572202261726e-07,1.2074667665729066e-07,1.006890499866131e-07,1.7849646383183426e-07,1.0309038600553322e-07,1.5135698561152822e-07,1.3017523770031403e-07,1.0861964483410702e-07
936,30670848,0.00016910000000000088,6.000052280211619,6.0200846578912275,0.0,0.0,-0.040699828416109085,1.0188672542572021,5.78805895656842e-07,0.0,-1.180814504623413,1,0,0.9999982118606567,492.3427045185376,0.9999982118606567,5.667516802532191e-07,1.0559127616716069e-07,9.397108868824944e-08,1.0114118254023197e-07,1.207055788654543e-07,1.0065467392905703e-07,1.7843569821707206e-07,1.0305539177579703e-07,1.513054712631856e-07,1.3013092825531203e-07,1.0858276766612107e-07
937,30703616,0.00016896000000000088,6.168232752813994,6.022627854940685,0.0,0.0,-0.010848987847566605,0.9393596649169922,5.787059649264847e-07,0.0,-1.1806995868682861,1,0,0.9999982118606567,492.4543503336367,0.9999982118606567,5.66619803521462e-07,1.0557214835671402e-07,9.395406408430063e-08,1.0112285764307671e-07,1.206837083600476e-07,1.0063663324899608e-07,1.7840336852259497e-07,1.0303651976073525e-07,1.5127805852443998e-07,1.301073524473395e-07,1.085628866803745e-07
938,30736384,0.00016882000000000087,5.923751639967572,6.006123722983275,0.0,0.0,0.0376199334859848,1.6772733926773071,5.781550953543046e-07,0.0,-1.1823391914367676,1,0,0.9999982118606567,492.31211960434064,0.9999982118606567,5.658886266246554e-07,1.0546708040237718e-07,9.386057087112931e-08,1.0102223058083837e-07,1.2056361242684943e-07,1.0053648225039069e-07,1.7822311804138735e-07,1.0293398844396506e-07,1.5112750872958713e-07,1.299778773500293e-07,1.0845485576282954e-07
939,30769152,0.00016868000000000086,5.963911682636626,5.997385997422691,0.0,0.0,0.007368765771389008,1.5529415607452393,5.781071195087861e-07,0.0,-1.1826802492141724,1,0,0.9999982118606567,492.4496947805129,0.9999982118606567,5.658260420204897e-07,1.0545783624138494e-07,9.385233568082185e-08,1.0101336300749608e-07,1.2055303955094132e-07,1.0052766441503991e-07,1.7820747189034591e-07,1.0292495744579355e-07,1.5111426421299257e-07,1.299664802445477e-07,1.0844534159559771e-07
940,30801920,0.00016854000000000085,5.940584950367068,5.994347946170375,0.0,0.0,0.07088905572891235,2.259833812713623,5.779962179985887e-07,0.0,-1.1835306882858276,1,0,0.9999982118606567,492.5526898441632,0.9999982118606567,5.656797839037608e-07,1.0543651285388478e-07,9.38333570843497e-08,1.0099294200927034e-07,1.2052866793510475e-07,1.0050733578736981e-07,1.7817144737364288e-07,1.0290414564906314e-07,1.5108371087535488e-07,1.299402043741793e-07,1.0842341424677215e-07
941,30834688,0.00016840000000000084,5.936741194295763,5.993784989617469,0.0,0.0,0.0021620653569698334,1.546250343322754,5.777974365628324e-07,0.0,-1.1836212873458862,1,0,0.9999982118606567,492.6054248166128,0.9999982118606567,5.654165988744353e-07,1.0539850592294897e-07,9.379953525012752e-08,1.009565480103447e-07,1.2048522535224038e-07,1.0047092757758946e-07,1.781070579909283e-07,1.0286726137564983e-07,1.5102925488008623e-07,1.29893365397038e-07,1.0838454755912608e-07
942,30867456,0.00016826000000000083,5.982482394626712,6.004737186084496,0.0,0.0,-0.03007090464234352,1.707778811454773,5.775462454948865e-07,0.0,-1.1853067874908447,1,0,0.9999982118606567,492.62550462478197,0.9999982118606567,5.650861680805974e-07,1.0535027428204558e-07,9.37566042580329e-08,1.0091034141623823e-07,1.204300872359454e-07,1.0042494835715843e-07,1.7802555873913661e-07,1.0282018081397837e-07,1.5096013328275149e-07,1.298339213917643e-07,1.0833494457074266e-07
943,30900224,0.00016812000000000085,5.962805302488443,5.992361393937809,0.0,0.0,-0.008341427892446518,2.038724422454834,5.774306259809237e-07,0.0,-1.1848537921905518,1,0,0.9999982118606567,492.7259684940879,0.9999982118606567,5.649331455970241e-07,1.0532816929753608e-07,9.373693643510705e-08,1.0088936619467859e-07,1.2040493402309949e-07,1.004040726115818e-07,1.7798717522055085e-07,1.0279860873652069e-07,1.5092859939613845e-07,1.298068070809677e-07,1.0831222141405306e-07
944,30932992,0.00016798000000000084,6.09780031067252,5.987673905961579,0.0,0.0,-0.07316618412733078,1.0999202728271484,5.77368837184622e-07,0.0,-1.184967279434204,1,0,0.9999982118606567,492.8540321105301,0.9999982118606567,5.648512342304457e-07,1.053163174447036e-07,9.372639198090837e-08,1.0087801172176114e-07,1.203913910785559e-07,1.0039277498208321e-07,1.7796715212625713e-07,1.0278704110078252e-07,1.509116316356085e-07,1.2979219832232047e-07,1.0830002850070741e-07
945,30965760,0.00016784000000000083,5.9034722610324,5.987983476911271,0.0,0.0,-0.06076937913894653,1.5250461101531982,5.77169942062028e-07,0.0,-1.1850221157073975,1,0,0.9999982118606567,492.9004026644367,0.9999982118606567,5.645895271300105e-07,1.0527816129979328e-07,9.36924351435664e-08,1.0084146140343364e-07,1.2034776375458023e-07,1.0035639519401229e-07,1.7790249273730296e-07,1.0274979445057397e-07,1.508569482666644e-07,1.2974517460406787e-07,1.0826078522541138e-07
946,30998528,0.00016770000000000082,5.964455079506978,5.9844237568408065,0.0,0.0,-0.013989482074975967,1.4862022399902344,5.769741733274714e-07,0.0,-1.1846411228179932,1,0,0.9999982118606567,492.95099296079263,0.9999982118606567,5.643311169478693e-07,1.0524062332706308e-07,9.36590183187036e-08,1.0080549373014946e-07,1.2030484697334032e-07,1.0032060515641206e-07,1.7783906969270902e-07,1.0271315176169082e-07,1.5080314597071265e-07,1.2969890406111517e-07,1.0822217433315018e-07
947,31031296,0.00016756000000000081,6.048056485465356,5.972406130105943,0.0,0.0,-0.03723436966538429,1.127763271331787,5.767342372564599e-07,0.0,-1.184560775756836,1,0,0.9999982118606567,492.97788296549277,0.9999982118606567,5.640158633468673e-07,1.0519466542291411e-07,9.361811947883325e-08,1.0076128376113047e-07,1.202521957566205e-07,1.0027679309132509e-07,1.777608957809207e-07,1.0266810335224363e-07,1.5073715076141525e-07,1.2964214590738266e-07,1.081747100784014e-07
948,31064064,0.0001674200000000008,6.088230430084584,5.988854009117644,0.0,0.0,-0.08063551783561707,1.169416904449463,5.764198363067408e-07,0.0,-1.183878779411316,1,0,0.9999982118606567,492.96383540534606,0.9999982118606567,5.63600224268157e-07,1.0513448955862259e-07,9.356456587283901e-08,1.0070364453440561e-07,1.2018341521979892e-07,1.0021943097626718e-07,1.7765869131380896e-07,1.026093698897057e-07,1.506509192950034e-07,1.2956797945662402e-07,1.0811282891154406e-07
949,31096832,0.00016728000000000082,5.969718923078023,5.989434733161785,0.0,0.0,0.05932612717151642,1.3273067474365234,5.76217189518502e-07,0.0,-1.183985710144043,1,0,0.9999982118606567,493.01159739842876,0.9999982118606567,5.633336286336998e-07,1.0509559444926708e-07,9.352994823075278e-08,1.0066638367334235e-07,1.2013894945539505e-07,1.0018235485631521e-07,1.7759296611075115e-07,1.025714126967614e-07,1.505951985336651e-07,1.2952004624366964e-07,1.0807283246094812e-07
950,31129600,0.00016714000000000082,6.047150580266112,6.000091296151689,0.0,0.0,0.030323997139930725,1.4258918762207031,5.760437602475577e-07,0.0,-1.1832690238952637,1,0,0.9999982118606567,493.0763075079203,0.9999982118606567,5.631054023069737e-07,1.050623268383788e-07,9.350033991495366e-08,1.0063451583164351e-07,1.2010090699732245e-07,1.0015063622859088e-07,1.7753640690898465e-07,1.0253894089373716e-07,1.505475211160956e-07,1.2947904792781628e-07,1.0803861982822127e-07
951,31162368,0.0001670000000000008,6.065751800108041,6.0129923567329175,0.0,0.0,0.040035441517829895,2.2648215293884277,5.756941163781448e-07,0.0,-1.1841429471969604,1,0,0.9999982118606567,493.03107716212367,0.9999982118606567,5.626485517495894e-07,1.0499501712502024e-07,9.344044116232908e-08,1.0057005539465536e-07,1.2002396942989435e-07,1.000864813249791e-07,1.77422322167331e-07,1.0247325121781614e-07,1.504510578342888e-07,1.2939609916884365e-07,1.0796939875490352e-07
952,31195136,0.00016686000000000082,5.926992996911705,6.007443416961417,0.0,0.0,0.06113263964653015,2.604006290435791,5.755913434768445e-07,0.0,-1.1851301193237305,1,0,0.9999982118606567,493.1377698867986,0.9999982118606567,5.625117296403914e-07,1.0497539193465855e-07,9.34229760218841e-08,1.0055124732843979e-07,1.2000153049029905e-07,1.0006777273474654e-07,1.7738916824328044e-07,1.0245409498566005e-07,1.5042294876366213e-07,1.2937191229411837e-07,1.079492264466353e-07
953,31227904,0.00016672000000000082,5.59361614997495,5.9705245017100665,0.0,0.0,0.008153155446052551,1.4302308559417725,5.755384222538851e-07,0.0,-1.1854619979858398,1,0,0.9999982118606567,493.27103615312905,0.9999982118606567,5.624431196338264e-07,1.0496518143554567e-07,9.341388818029372e-08,1.0054147026039573e-07,1.1998986337857787e-07,1.0005784645272797e-07,1.7737191626565618e-07,1.0244432502304335e-07,1.5040829737245076e-07,1.2935933568769542e-07,1.0793893068239413e-07
954,31260672,0.0001665800000000008,5.951801839902634,5.955924654633079,0.0,0.0,-0.04768410697579384,1.3163905143737793,5.755156280429219e-07,0.0,-1.185673475265503,1,0,0.9999982118606567,493.4206334457082,0.9999982118606567,5.624141294902074e-07,1.0496077607058396e-07,9.340996598439233e-08,1.0053724963654531e-07,1.1998483273600868e-07,1.0005364714515963e-07,1.7736446977778542e-07,1.02440026239492e-07,1.5040200196381193e-07,1.293539071411942e-07,1.0793439741973998e-07
955,31293440,0.0001664400000000008,5.97696269170874,5.963273697700712,0.0,0.0,-0.03407779335975647,1.2853509187698364,5.754617404818418e-07,0.0,-1.1853866577148438,1,0,0.9999982118606567,493.5535874458061,0.9999982118606567,5.623433025903068e-07,1.0495035951407772e-07,9.340070761254538e-08,1.005272807219626e-07,1.1997293825061206e-07,1.0004372796856842e-07,1.773468909505027e-07,1.0242986547837063e-07,1.5038708056636096e-07,1.2934107473938639e-07,1.0792369664613943e-07
956,31326208,0.0001663000000000008,6.021506168342747,5.96897880658429,0.0,0.0,0.046647828072309494,1.5136271715164185,5.753902883043338e-07,0.0,-1.1856544017791748,1,0,0.9999982118606567,493.67414282330975,0.9999982118606567,5.622511025649146e-07,1.0493656077414926e-07,9.338841522321673e-08,1.0051405041622274e-07,1.1995713578016876e-07,1.0003075345821344e-07,1.7732354251620563e-07,1.024161946361346e-07,1.503672990565974e-07,1.2932405013543757e-07,1.0790928683945822e-07
957,31358976,0.0001661600000000008,5.923592341893651,5.9565323922271185,0.0,0.0,-0.06602998822927475,1.6536266803741455,5.752841047979018e-07,0.0,-1.1852433681488037,1,0,0.9999982118606567,493.77027923967034,0.9999982118606567,5.621112109110982e-07,1.0491613977592351e-07,9.337024664546334e-08,1.0049450338556198e-07,1.199338015567264e-07,1.0001129879810833e-07,1.7728905277181184e-07,1.0239627101782389e-07,1.503380389067388e-07,1.2929888271173695e-07,1.0788830451247122e-07
958,31391744,0.0001660200000000008,5.966521421069219,5.944361491325583,0.0,0.0,0.03430179879069328,2.060080051422119,5.751094818151614e-07,0.0,-1.184617280960083,1,0,0.9999982118606567,493.82820336757936,0.9999982118606567,5.618823024633457e-07,1.048825239990947e-07,9.334033279628784e-08,1.0046249343531599e-07,1.198954890924142e-07,9.997925332072555e-08,1.7723240830491704e-07,1.0236366421167986e-07,1.5029002042865613e-07,1.2925758596793457e-07,1.0785394266576986e-07
959,31424512,0.00016588000000000082,6.021070350608459,5.949496634078626,0.0,0.0,-0.09362035989761353,1.4765102863311768,5.749860747528146e-07,0.0,-1.1867070198059082,1,0,0.9999982118606567,493.9193334727998,0.9999982118606567,5.617216061182262e-07,1.0485872081744674e-07,9.331915862276219e-08,1.0043969211892545e-07,1.198682895164893e-07,9.995656569117273e-08,1.7719219158607302e-07,1.023404294642205e-07,1.5025591437733965e-07,1.292282547638024e-07,1.0782946446852293e-07
960,31457280,0.0001657400000000008,5.893124608208195,5.9340940368728345,0.0,0.0,-0.006009887903928757,1.382521629333496,5.747407385570114e-07,0.0,-1.186314582824707,1,0,0.9999982118606567,493.9301495705277,0.9999982118606567,5.614018618871341e-07,1.0481154077979227e-07,9.327715844165141e-08,1.0039448739007639e-07,1.198143309011357e-07,9.99115741251444e-08,1.7711245448026602e-07,1.0229437208408854e-07,1.5018828491975e-07,1.291701039463078e-07,1.0778093439967051e-07
961,31490048,0.0001656000000000008,6.129017553222029,5.940420612184233,0.0,0.0,0.08390267193317413,2.29292893409729,5.745526436840009e-07,0.0,-1.1862715482711792,1,0,0.9999982118606567,493.9788761656519,0.9999982118606567,5.61155673040048e-07,1.0477516099172135e-07,9.324478611461018e-08,1.0035964947974207e-07,1.19772749940239e-07,9.98768996396393e-08,1.7705099253362278e-07,1.022588662635826e-07,1.5013615950465464e-07,1.2912526869968133e-07,1.0774352432463274e-07
962,31522816,0.0001654600000000008,6.121620783487886,5.959883390841851,0.0,0.0,0.033664729446172714,1.7365593910217285,5.743494284615736e-07,0.0,-1.1886866092681885,1,0,0.9999982118606567,494.02406495532017,0.9999982118606567,5.608902711173869e-07,1.0473599587612625e-07,9.320993399342115e-08,1.003221399287213e-07,1.1972798574788612e-07,9.983957482972983e-08,1.7698479837235936e-07,1.0222064616982607e-07,1.500800408393843e-07,1.290769944262138e-07,1.0770325786779722e-07
963,31555584,0.00016532000000000078,5.913997282745171,5.991921504118873,0.0,0.0,-0.0616295225918293,1.367598295211792,5.739444759456092e-07,0.0,-1.1892013549804688,1,0,0.9999982118606567,493.9494796595557,0.9999982118606567,5.603603767667664e-07,1.0465811328685959e-07,9.314062054954775e-08,1.002475471523212e-07,1.1963895474309538e-07,9.97653231138429e-08,1.768532058576966e-07,1.0214463941338181e-07,1.4996844299730583e-07,1.2898102852432203e-07,1.0762316549062234e-07
964,31588352,0.00016518000000000077,6.240603179423843,6.020801638070994,0.0,0.0,0.027809519320726395,1.9377609491348267,5.735998911404749e-07,0.0,-1.1900725364685059,1,0,0.9999982118606567,493.9039675594465,0.9999982118606567,5.599068799710949e-07,1.0459206123414333e-07,9.308183734901831e-08,1.0018407436973575e-07,1.195633387851558e-07,9.97023619220272e-08,1.767414090636521e-07,1.0207997291900028e-07,1.4987365659635543e-07,1.2889950085082091e-07,1.0755503865311766e-07
965,31621120,0.00016504000000000076,6.172999213352041,6.0404052902353245,0.0,0.0,0.08130247890949249,1.6122878789901733,5.735574859500048e-07,0.0,-1.1906790733337402,1,0,0.9999982118606567,494.0413096291871,0.9999982118606567,5.598519123850565e-07,1.0458388288725473e-07,9.307455428597677e-08,1.0017624418878768e-07,1.195539880427532e-07,9.969437542167725e-08,1.767275819020142e-07,1.0207218537061635e-07,1.498619326412154e-07,1.2888941114397312e-07,1.0754682477909228e-07
966,31653888,0.00016490000000000078,5.87691125580316,6.025945798981366,0.015625,0.0015625,-0.08337321132421494,1.4936308860778809,5.73388717839407e-07,0.0,-1.19009530544281,1,0,0.9999982118606567,494.10328212250874,0.9999982118606567,5.596330083790235e-07,1.0455116949970034e-07,9.304545045552004e-08,1.0014510110067931e-07,1.1951671297083521e-07,9.966338865297075e-08,1.7667248641828337e-07,1.0204026068549865e-07,1.498152073509118e-07,1.2884922284683853e-07,1.0751319479140875e-07
967,31686656,0.00016476000000000077,6.075680260923853,6.0411545908843856,0.0,0.0015625,0.026644105091691017,2.2075958251953125,5.731715759793587e-07,0.0,-1.1910228729248047,1,0,0.9999982118606567,494.13538505296,0.9999982118606567,5.59350212370191e-07,1.0450931142713671e-07,9.300818959445678e-08,1.0010500517410037e-07,1.1946885081215441e-07,9.962347036207575e-08,1.7660173057265638e-07,1.0199940447819245e-07,1.4975520912230422e-07,1.2879762323336763e-07,1.0747013590162169e-07
968,31719424,0.00016462000000000077,6.247384804680101,6.069240929245474,0.0,0.0015625,0.040090274065732956,1.7410141229629517,5.731674832532008e-07,0.0,-1.19097101688385,1,0,0.9999982118606567,494.2941471298989,0.9999982118606567,5.593448690888181e-07,1.0450851561927266e-07,9.300747905172102e-08,1.0010423068251839e-07,1.1946792710659793e-07,9.962271718677584e-08,1.7660039475231315e-07,1.0199861577575575e-07,1.49754072253927e-07,1.2879664268439228e-07,1.0746931877747556e-07
969,31752192,0.00016448000000000076,6.251923729072781,6.092326267091906,0.0,0.0015625,-0.01894458383321762,1.7569361925125122,5.730370276069152e-07,0.0,-1.1915239095687866,1,0,0.9999982118606567,494.3762788301077,0.9999982118606567,5.591742251453979e-07,1.0448339793356354e-07,9.298512537725401e-08,1.0008018591634027e-07,1.1943922118007322e-07,9.959877900200809e-08,1.7655794692927884e-07,1.0197410915679939e-07,1.497180761589334e-07,1.2876569144282257e-07,1.0744349765445804e-07
970,31784960,0.00016434000000000075,6.0619072754883305,6.10920453381992,0.0,0.0015625,0.05048088729381561,1.3465704917907715,5.729593794967514e-07,0.0,-1.1927742958068848,1,0,0.9999982118606567,494.49231500620755,0.9999982118606567,5.59072930172988e-07,1.044684552198305e-07,9.297183112266794e-08,1.000658684802147e-07,1.1942213973270555e-07,9.958452551472874e-08,1.7653269424044993e-07,1.0195952881986159e-07,1.496966604008776e-07,1.2874727417511167e-07,1.074281215096562e-07
971,31817728,0.00016420000000000074,6.129291668963081,6.109231945394025,0.0,0.0015625,-0.02217916026711464,1.4320785999298096,5.728114729208755e-07,0.0,-1.1931204795837402,1,0,0.9999982118606567,494.56278151798284,0.9999982118606567,5.588799467659555e-07,1.0443996245612652e-07,9.294647185242866e-08,1.0003857653373416e-07,1.1938958266455302e-07,9.955737567679535e-08,1.7648454786467482e-07,1.0193171817718394e-07,1.4965584682613553e-07,1.287121591531104e-07,1.073988258326608e-07
972,31850496,0.00016406000000000073,5.9980799044588355,6.09687785749112,0.0,0.0015625,-0.006718568503856659,1.6942200660705566,5.724525635741884e-07,0.0,-1.1928794384002686,1,0,0.9999982118606567,494.5096273859605,0.9999982118606567,5.584126938629197e-07,1.0437066322310784e-07,9.288480384839204e-08,9.997219763135945e-08,1.1931035714951577e-07,9.949131651865173e-08,1.7636745042182156e-07,1.0186408161416693e-07,1.495565413733857e-07,1.2862676612712676e-07,1.0732757260711878e-07
973,31883264,0.00016392000000000072,6.177679987576378,6.12324612797424,0.0,0.0015625,0.028011299669742584,1.7977455854415894,5.723715048588929e-07,0.0,-1.1941134929656982,1,0,0.9999982118606567,494.6220311928213,0.9999982118606567,5.583077609117026e-07,1.0435513786433148e-07,9.28709837921815e-08,9.995713412536134e-08,1.1929249410513876e-07,9.947632406692719e-08,1.7634104665376071e-07,1.0184892573761317e-07,1.4953414506635454e-07,1.2860749620813294e-07,1.073115996064189e-07
974,31916032,0.00016378000000000074,6.137750678578314,6.112960877889687,0.0,0.0015625,0.1890401542186737,1.7421925067901611,5.721220759369317e-07,0.0,-1.1972098350524902,1,0,0.9999982118606567,494.6362843606188,0.9999982118606567,5.579809680966719e-07,1.0430718333509503e-07,9.282830859547175e-08,9.991119753749444e-08,1.192376686276475e-07,9.943079248841968e-08,1.7626000214931992e-07,1.0180192333564264e-07,1.4946542137295182e-07,1.2854839326337242e-07,1.0726207477773642e-07
975,31948800,0.00016364000000000073,6.0721279352868684,6.10287375008317,0.0,0.0015625,0.026996508240699768,1.5904712677001953,5.719525120184699e-07,0.0,-1.1971006393432617,1,0,0.9999982118606567,494.6975530420283,0.9999982118606567,5.577606998485862e-07,1.0427435626070292e-07,9.279909818360466e-08,9.987994786797572e-08,1.192002656580371e-07,9.939950729176417e-08,1.7620453718336648e-07,1.0177008391565323e-07,1.4941853976324637e-07,1.285080770685454e-07,1.0722853005518118e-07
976,31981568,0.00016350000000000072,6.248623303522418,6.140044954855097,0.0,0.0,-0.046035174280405045,1.155758023262024,5.717339490729501e-07,0.0,-1.196243405342102,1,0,0.9999982118606567,494.73029344831457,0.9999982118606567,5.5747409533069e-07,1.0423239871215628e-07,9.27617520574131e-08,9.983957482972983e-08,1.1915219033653557e-07,9.935951084116823e-08,1.7613363922919234e-07,1.0172894349125272e-07,1.493582715283992e-07,1.2845623587054433e-07,1.0718518694829982e-07
977,32014336,0.0001633600000000007,6.070481387173066,6.139525067480017,0.0,0.0,0.0483260303735733,2.0411932468414307,5.717276962968754e-07,0.0,-1.196244716644287,1,0,0.9999982118606567,494.88588281426166,0.9999982118606567,5.574661372520495e-07,1.0423121210578756e-07,9.276069334873682e-08,9.98384237504979e-08,1.1915081898905555e-07,9.935837397279101e-08,1.7613162128782278e-07,1.0172777820116607e-07,1.4935656622583338e-07,1.2845477215250867e-07,1.0718395060393959e-07
978,32047104,0.0001632200000000007,6.02971632104456,6.117758219116464,0.0,0.0,-0.05064215511083603,1.7028728723526,5.716493092222663e-07,0.0,-1.1974411010742188,1,0,0.9999982118606567,494.99702290099094,0.9999982118606567,5.573640464717755e-07,1.0421609175637059e-07,9.274724988017624e-08,9.982395710039782e-08,1.1913355280057658e-07,9.934397127153716e-08,1.7610609859275428e-07,1.0171303443939905e-07,1.493349088832474e-07,1.2843615593283175e-07,1.0716841813973588e-07
979,32079872,0.0001630800000000007,6.172521063654539,6.109817952574639,0.0,0.0,0.04858158156275749,1.6421797275543213,5.715219231205992e-07,0.0,-1.198230266571045,1,0,0.9999982118606567,495.0789784119043,0.9999982118606567,5.571982342189585e-07,1.0419145013429443e-07,9.272531542592333e-08,9.980053761182717e-08,1.1910549346794141e-07,9.932048072869293e-08,1.7606446078843874e-07,1.0168917441433223e-07,1.49299751228682e-07,1.284059010231431e-07,1.0714327913774468e-07
980,32112640,0.00016294000000000069,6.21822312172656,6.125449537198462,0.0,0.0,-0.03328849375247955,2.1479392051696777,5.714856001759472e-07,0.0,-1.1984443664550781,1,0,0.9999982118606567,495.2115169534411,0.9999982118606567,5.571503720602777e-07,1.0418449392091134e-07,9.27191194932675e-08,9.97938798263931e-08,1.1909754249472826e-07,9.931385136496829e-08,1.7605270841158926e-07,1.0168238873120572e-07,1.4928978941952664e-07,1.2839733187774982e-07,1.0713613107782294e-07
981,32145408,0.00016280000000000068,6.069307358372586,6.119451106139413,0.0,0.0,-0.026856325566768646,1.2301028966903687,5.714496751352272e-07,0.0,-1.1979544162750244,1,0,0.9999982118606567,495.3504551574765,0.9999982118606567,5.571036467699741e-07,1.0417753770752824e-07,9.271293777146639e-08,9.978721493553167e-08,1.190895915215151e-07,9.930722200124364e-08,1.7604094182388508e-07,1.0167559594265185e-07,1.4927981339951657e-07,1.2838874852150184e-07,1.0712897591247383e-07
982,32178176,0.00016266000000000067,5.980603309145652,6.117703446608094,0.0,0.0,-0.03845854103565216,2.070467233657837,5.711686981157982e-07,0.0,-1.1962722539901733,1,0,0.9999982118606567,495.3482145912001,0.9999982118606567,5.567360972236202e-07,1.041235151433284e-07,9.266484823911014e-08,9.97354590026589e-08,1.1902782404149548e-07,9.925570765290104e-08,1.759496370823399e-07,1.0162285946080374e-07,1.4920237845217343e-07,1.2832217066716112e-07,1.070734114705374e-07
983,32210944,0.00016252000000000066,6.1313609520643215,6.113071543056888,0.0,0.0,-0.06970497220754623,1.12947416305542,5.711188464374573e-07,0.0,-1.1977509260177612,1,0,0.9999982118606567,495.4745999412629,0.9999982118606567,5.566697609538096e-07,1.041139796598145e-07,9.265636435884517e-08,9.972632852850438e-08,1.1901693142135628e-07,9.924662691673802e-08,1.7593353618394758e-07,1.0161355845639264e-07,1.4918872182079213e-07,1.2831041829031165e-07,1.070636059807839e-07
984,32243712,0.00016238000000000065,6.214584691355794,6.120754944334637,0.0,0.0,-0.020487181842327118,0.8584697246551514,5.710447794626816e-07,0.0,-1.1981881856918335,1,0,0.9999982118606567,495.58582686057696,0.9999982118606567,5.565720471167879e-07,1.0409988249193702e-07,9.264381617413164e-08,9.971262926455893e-08,1.1900069551984416e-07,9.923299160163879e-08,1.759097045805902e-07,1.0159979524360097e-07,1.4916838608769467e-07,1.2829292472815723e-07,1.070491109089744e-07
985,32276480,0.00016224000000000064,6.154172894701597,6.12895944027611,0.0,0.0,0.017347261309623718,1.4737625122070312,5.710148798243608e-07,0.0,-1.197585105895996,1,0,0.9999982118606567,495.72835067904856,0.9999982118606567,5.565333367485437e-07,1.0409411999035001e-07,9.263870026643417e-08,9.970712255835679e-08,1.1899411589411102e-07,9.922769805825737e-08,1.75899984355965e-07,1.015939901094498e-07,1.4916012958110514e-07,1.2828583351165435e-07,1.0704298603059215e-07
986,32309248,0.00016210000000000066,6.146111540771109,6.118708264000977,0.0,0.0,0.0533292293548584,1.8596457242965698,5.707325954062981e-07,0.0,-1.1984790563583374,1,0,0.9999982118606567,495.70621465184007,0.9999982118606567,5.56161978693126e-07,1.0403993400132094e-07,9.259046862553078e-08,9.965540215262081e-08,1.1893228446524517e-07,9.917604160136761e-08,1.7580840960818023e-07,1.0154128915473848e-07,1.4908262357948843e-07,1.2821917039218533e-07,1.0698746422121985e-07
987,32342016,0.00016196000000000065,6.23873801499003,6.135533926782675,0.0,0.0,-0.007658945396542549,1.3891174793243408,5.704775958292885e-07,0.0,-1.2011005878448486,1,0,0.9999982118606567,495.7090346330569,0.9999982118606567,5.55827909920481e-07,1.0399092786883557e-07,9.254685551240982e-08,9.96084636994965e-08,1.1887626527595785e-07,9.912933052191875e-08,1.7572561716860946e-07,1.0149346962862182e-07,1.4901240774634061e-07,1.2815877425964572e-07,1.069370796358271e-07
988,32374784,0.00016182000000000064,6.104602716767927,6.143022566355012,0.0,0.0,0.04382225498557091,1.5242235660552979,5.703525971512136e-07,0.0,-1.1998710632324219,1,0,0.9999982118606567,495.7876998947828,0.9999982118606567,5.556636324399733e-07,1.0396693284064895e-07,9.252549659777287e-08,9.958548474742202e-08,1.1884883122093015e-07,9.910645815125463e-08,1.7568505938925227e-07,1.0147005014005117e-07,1.4897801747792982e-07,1.281292014709834e-07,1.0691240248661416e-07
989,32407552,0.00016168000000000063,5.986661903722644,6.1244366503618215,0.0,0.0,-0.07015606760978699,1.6768678426742554,5.701660938939312e-07,0.0,-1.2022793292999268,1,0,0.9999982118606567,495.83851959973236,0.9999982118606567,5.554204562940868e-07,1.0393104332706571e-07,9.249356480722781e-08,9.955091684332729e-08,1.18807697901957e-07,9.907225262395514e-08,1.756244216721825e-07,1.0143482853663954e-07,1.4892646049702307e-07,1.2808484939341724e-07,1.0687529794495276e-07
990,32440320,0.00016154000000000063,6.286793511147133,6.131293689303879,0.0,0.0,0.09550592303276062,1.4775601625442505,5.70127383525687e-07,0.0,-1.202223539352417,1,0,0.9999982118606567,495.9707549985401,0.9999982118606567,5.553696382776252e-07,1.0392371052603266e-07,9.248703491948618e-08,9.954408142220927e-08,1.1879942718451275e-07,9.906526088343526e-08,1.7561201559601614e-07,1.014278652178291e-07,1.4891608657308097e-07,1.280759391875108e-07,1.0686795803849236e-07
991,32473088,0.00016140000000000062,6.355777937902147,6.159940747256835,0.0,0.0,0.10705463588237762,2.0335521697998047,5.700738370251202e-07,0.0,-1.2027034759521484,1,0,0.9999982118606567,496.0967601200124,0.9999982118606567,5.55298640847468e-07,1.0391340765636414e-07,9.247786181276751e-08,9.953401303164355e-08,1.1878752559368877e-07,9.905524223086104e-08,1.7559460729899e-07,1.0141780393269073e-07,1.4890117938648473e-07,1.2806310678570298e-07,1.0685734963544746e-07
992,32505856,0.0001612600000000006,6.291881023298589,6.191068518672129,0.0,0.0,-0.04509982839226723,1.2756309509277344,5.700050564882986e-07,0.0,-1.2028300762176514,1,0,0.9999982118606567,496.2153656362032,0.9999982118606567,5.552091693061811e-07,1.0390012761263279e-07,9.246604548707182e-08,9.95213014221008e-08,1.1877235550628029e-07,9.904277931127581e-08,1.755721683593947e-07,1.0140465178665181e-07,1.4888215105202107e-07,1.2804673588107107e-07,1.068435011575275e-07
993,32538624,0.0001611200000000006,6.302726505203978,6.208205073986095,0.0,0.0,-0.037095531821250916,1.486127257347107,5.697341975974268e-07,0.0,-1.2003272771835327,1,0,0.9999982118606567,496.2176246238837,0.9999982118606567,5.548576496039459e-07,1.0384781745642613e-07,9.241949783245218e-08,9.947120105380236e-08,1.1871256333506608e-07,9.899291342208016e-08,1.7548379105392087e-07,1.013536063965148e-07,1.488072030042531e-07,1.2798227544408292e-07,1.0678971307243046e-07
994,32571392,0.0001609800000000006,6.263233029034247,6.2130699077539395,0.0,0.0,-0.02111387625336647,1.375795841217041,5.695126219507074e-07,0.0,-1.202560544013977,1,0,0.9999982118606567,496.248169762463,0.9999982118606567,5.545699082176725e-07,1.0380504278373337e-07,9.238142695267015e-08,9.943022405423108e-08,1.1866366378399107e-07,9.895214247990225e-08,1.7541150043598464e-07,1.0131186911621626e-07,1.4874589737701172e-07,1.2792956738394423e-07,1.0674572337165955e-07
995,32604160,0.00016084000000000058,6.3415847986117635,6.2318110981449575,0.0,0.0,0.08781041204929352,2.0337047576904297,5.693504476766975e-07,0.0,-1.20248281955719,1,0,0.9999982118606567,496.3133327246635,0.9999982118606567,5.543578254219028e-07,1.0377396364447122e-07,9.235376552396701e-08,9.940045941903008e-08,1.1862813664720306e-07,9.892232810670976e-08,1.7535830920678563e-07,1.0128172789336531e-07,1.4870136055833427e-07,1.2789125491963205e-07,1.0671396921679843e-07
996,32636928,0.00016070000000000057,6.062284722601831,6.223428416328029,0.015625,0.0015625,-0.026853322982788086,1.283961296081543,5.692753006769635e-07,0.0,-1.202958345413208,1,0,0.9999982118606567,496.42796221664327,0.9999982118606567,5.542589747165039e-07,1.0375951831065322e-07,9.234091180587711e-08,9.938661804653748e-08,1.1861161652859664e-07,9.890874252960202e-08,1.7533389495838492e-07,1.0126743177352182e-07,1.4868066955386894e-07,1.278734487186739e-07,1.0669891281622768e-07
997,32669696,0.00016056000000000056,6.390982036497091,6.2386528184787355,0.0,0.0015625,-0.06927726417779922,0.9732770919799805,5.691167075383419e-07,0.0,-1.20350980758667,1,0,0.9999982118606567,496.4908012977247,0.9999982118606567,5.540512688639865e-07,1.0372904313271647e-07,9.231379749508051e-08,9.935742895095245e-08,1.1857677861826232e-07,9.887969554256415e-08,1.7528240903175174e-07,1.012376884546029e-07,1.4863699959732912e-07,1.2783590364051634e-07,1.066675707761533e-07
998,32702464,0.00016042000000000055,6.362815066429375,6.26447405344488,0.0,0.0015625,0.05617624521255493,1.5484871864318848,5.689437898581673e-07,0.0,-1.2027230262756348,1,0,0.9999982118606567,496.5489095656979,0.9999982118606567,5.538262826121354e-07,1.0369561209699896e-07,9.228403285987952e-08,9.93255966363904e-08,1.1853867221134351e-07,9.884782770086531e-08,1.7522607720366068e-07,1.0120525217871545e-07,1.4858923691463133e-07,1.2779482005953469e-07,1.0663339367056324e-07
999,32735232,0.00016028000000000055,6.286053748259576,6.294413237898573,0.0,0.0015625,0.1063210591673851,2.193300247192383,5.689151976184803e-07,0.0,-1.2026090621948242,1,0,0.9999982118606567,496.6895838589319,0.9999982118606567,5.53789277546457e-07,1.0369007696908739e-07,9.22791087987207e-08,9.932029598758163e-08,1.1853234838099524e-07,9.884254126291125e-08,1.7521672646125808e-07,1.0119985205392368e-07,1.4858129304684553e-07,1.277879988492714e-07,1.0662769511782244e-07
1000,32768000,0.00016014000000000054,6.099977747569179,6.275731661540777,0.0,0.0015625,0.14732374250888824,2.564967155456543,5.68638427012047e-07,0.0,-1.2041256427764893,1,0,0.9999982118606567,496.68406695144654,0.9999982118606567,5.534276397156646e-07,1.0363689284531574e-07,9.223177954709172e-08,9.926934296800027e-08,1.1847154723909625e-07,9.879184403871477e-08,1.7512684280518442e-07,1.0114793980164904e-07,1.485050802330079e-07,1.2772244417647016e-07,1.0657300464345099e-07
1001,32800768,0.00016000000000000053,6.253460877467902,6.2654999554973525,0.0,0.0015625,0.01690879836678505,1.690558910369873,5.685624273610301e-07,0.0,-1.2059544324874878,1,0,0.9999982118606567,496.7963609733122,0.9999982118606567,5.533294711312919e-07,1.0362225566495908e-07,9.22187624041726e-08,9.925533106525108e-08,1.1845482106309646e-07,9.877790319023916e-08,1.7510211591797997e-07,1.0113366499808762e-07,1.484841334331577e-07,1.2770442481269129e-07,1.0655796245373494e-07
1002,32833536,0.00015986000000000055,6.285555562644705,6.2648674094319645,0.0,0.0015625,0.00633702427148819,1.8120841979980469,5.682321670974488e-07,0.0,-1.2080774307250977,1,0,0.9999982118606567,496.74663009190283,0.9999982118606567,5.5289694955718e-07,1.035588397257925e-07,9.216231688924381e-08,9.919438781480494e-08,1.1838220359550178e-07,9.871725126231468e-08,1.7499478133231605e-07,1.010717625149482e-07,1.483930986978521e-07,1.2762613721406524e-07,1.0649274173601952e-07
1003,32866304,0.00015972000000000054,6.1104092591163415,6.245635684823201,0.015625,0.003125,-0.008434261195361614,1.1725118160247803,5.680631147697568e-07,0.0,-1.2091058492660522,1,0,0.9999982118606567,496.7992575978269,0.9999982118606567,5.526749760065286e-07,1.0352624713050318e-07,9.213331253477008e-08,9.916337262438901e-08,1.1834507063213096e-07,9.868638528587326e-08,1.7493988480055123e-07,1.0103995862209558e-07,1.483465439378051e-07,1.2758610523633251e-07,1.0645923964602844e-07
1004,32899072,0.00015958000000000056,6.092703390508966,6.228582720970673,0.0,0.003125,-0.01406564936041832,1.1228176355361938,5.676575369761849e-07,0.0,-1.2094670534133911,1,0,0.9999982118606567,496.71181096180084,0.9999982118606567,5.521466164282174e-07,1.0344827927610822e-07,9.206392803662311e-08,9.908868747743327e-08,1.1825594015135721e-07,9.861205541028539e-08,1.748081359664866e-07,1.0096386660052303e-07,1.482348324088889e-07,1.2749001143674832e-07,1.0637906200372527e-07
1005,32931840,0.00015944000000000055,6.2663115360638795,6.221055394715885,0.015625,0.0046875,0.06003609299659729,2.0570855140686035,5.675998977494601e-07,0.0,-1.2093088626861572,1,0,0.9999982118606567,496.8312063407457,0.9999982118606567,5.520718104889966e-07,1.0343703138460114e-07,9.205392359490361e-08,9.907791564955915e-08,1.1824307932783995e-07,9.860133332040277e-08,1.7478912184287765e-07,1.0095288871525554e-07,1.4821871729964187e-07,1.27476155853401e-07,1.0636749436798709e-07
1006,32964608,0.00015930000000000054,6.2490725129843625,6.2397341737541385,0.015625,0.0046875,-0.03316351771354675,0.9098736643791199,5.67549705010606e-07,0.0,-1.2095637321472168,1,0,0.9999982118606567,496.957785200733,0.9999982118606567,5.520065542441444e-07,1.034273680033948e-07,9.204531892237355e-08,9.906865727771219e-08,1.1823203038829888e-07,9.859211758111996e-08,1.7477279357080988e-07,1.0094345270772465e-07,1.4820486171629454e-07,1.2746423294629494e-07,1.0635755387511381e-07
1007,32997376,0.00015916000000000053,6.22946870213517,6.223582840317945,0.0,0.0046875,0.06427226215600967,1.7478832006454468,5.674556859958102e-07,0.0,-1.2103471755981445,1,0,0.9999982118606567,497.057084230573,0.9999982118606567,5.518843977370125e-07,1.0340922074192349e-07,9.202916828598973e-08,9.905127029696814e-08,1.182112967512694e-07,9.85748158655042e-08,1.7474212654633448e-07,1.0092573887732215e-07,1.4817885585216573e-07,1.2744187927182793e-07,1.0633888791744539e-07
1008,33030144,0.00015902000000000052,6.278762348270608,6.215177568502069,0.0,0.0046875,0.01674484834074974,0.9235782027244568,5.672675342793809e-07,0.0,-1.2107313871383667,1,0,0.9999982118606567,497.09389077735136,0.9999982118606567,5.51637128864968e-07,1.0337313938180159e-07,9.199705175433337e-08,9.901670239287341e-08,1.1817004264003117e-07,9.854041849166606e-08,1.7468113355789683e-07,1.0089051727391052e-07,1.481271425518571e-07,1.2739739929656935e-07,1.0630177627035664e-07
1009,33062912,0.0001588800000000005,6.297385838553967,6.216310777531508,0.0,0.0046875,0.009772634133696556,1.284012794494629,5.671989242728159e-07,0.0,-1.2114992141723633,1,0,0.9999982118606567,497.20835785071586,0.9999982118606567,5.515482257578697e-07,1.0335992328691646e-07,9.198529227205654e-08,9.900405473217688e-08,1.1815493650146891e-07,9.852783477981575e-08,1.7465882251599396e-07,1.0087762802868383e-07,1.4810821369337646e-07,1.2738111365706573e-07,1.0628819069324891e-07
1010,33095680,0.0001587400000000005,6.321580158277943,6.238471018602384,0.015625,0.00625,0.02531070075929165,1.4761360883712769,5.671591907230322e-07,0.0,-1.2118133306503296,1,0,0.9999982118606567,497.3405563694132,0.9999982118606567,5.514961003427743e-07,1.0335224231994289e-07,9.197844974551117e-08,9.899668640400705e-08,1.1814615419325492e-07,9.852049487335535e-08,1.7464583379478427e-07,1.0087011759196685e-07,1.4809720028097217e-07,1.273716492278254e-07,1.0628028945802726e-07
1011,33128448,0.0001586000000000005,6.042971708441794,6.217422101699773,0.0,0.00625,0.029014866799116135,1.1806414127349854,5.670521545653173e-07,0.0,-1.2127666473388672,1,0,0.9999982118606567,497.4341518678737,0.9999982118606567,5.513583118954557e-07,1.0333153710462284e-07,9.196003247780027e-08,9.89768693671067e-08,1.1812248601472675e-07,9.850077020701065e-08,1.7461086088133015e-07,1.0084992396741654e-07,1.4806754222718155e-07,1.2734614074361161e-07,1.0625900159766388e-07
1012,33161216,0.00015846000000000049,6.22537433369585,6.2114039788048885,0.0,0.00625,-0.05711735785007477,1.2024431228637695,5.67044935451122e-07,0.0,-1.2129132747650146,1,0,0.9999982118606567,497.58453597557207,0.9999982118606567,5.513488758879248e-07,1.0333015865171546e-07,9.195881034429476e-08,9.897554775761819e-08,1.1812090860985336e-07,9.849945570294949e-08,1.7460851609030215e-07,1.008485739362186e-07,1.4806556691837613e-07,1.273444354410458e-07,1.0625758761761972e-07
1013,33193984,0.00015832000000000048,6.3434939810873905,6.234712451001994,0.0,0.0046875,0.2632999122142792,2.982865571975708,5.670286782333278e-07,0.0,-1.2129642963409424,1,0,0.9999982118606567,497.73028488484215,0.9999982118606567,5.513278438229463e-07,1.0332700384196869e-07,9.195599659506115e-08,9.897252795099121e-08,1.1811730615818306e-07,9.849645010717722e-08,1.7460320123063866e-07,1.0084550439160012e-07,1.480610478665767e-07,1.2734055587770854e-07,1.0625434754274465e-07
1014,33226752,0.00015818000000000047,6.287473018948331,6.25418941384593,0.0,0.0046875,0.054685596376657486,2.002297878265381,5.670042924066365e-07,0.0,-1.2129366397857666,1,0,0.9999982118606567,497.86206426043015,0.9999982118606567,5.512941925189807e-07,1.0332266953128055e-07,9.195213834800597e-08,9.896818653487571e-08,1.1811223998847709e-07,9.84923147484551e-08,1.7459571211020375e-07,1.0084107771035633e-07,1.48054695614519e-07,1.2733508469864319e-07,1.0624968638239807e-07
1015,33259520,0.00015804000000000046,6.263286438654253,6.253886904104967,0.0,0.003125,0.06661053746938705,1.4278415441513062,5.669966185450903e-07,0.0,-1.212920904159546,1,0,0.9999982118606567,498.00822222482964,0.9999982118606567,5.512831648957217e-07,1.0332129818380054e-07,9.195091621450047e-08,9.896685781995984e-08,1.181106625836037e-07,9.849080839785529e-08,1.7459336731917574e-07,1.0083991952569704e-07,1.480527203057136e-07,1.2733337939607736e-07,1.0624846424889256e-07
1016,33292288,0.00015790000000000045,6.262854100293525,6.255265062835884,0.0,0.0015625,0.09892819821834564,1.663332223892212,5.669572828992386e-07,0.0,-1.2126567363739014,1,0,0.9999982118606567,498.13437655399224,0.9999982118606567,5.512300731425057e-07,1.0331360300597225e-07,9.19440736879551e-08,9.895968844375602e-08,1.1810198685680007e-07,9.848367454878826e-08,1.7458054912822263e-07,1.0083242329983477e-07,1.4804184900185646e-07,1.2732402865367476e-07,1.0624056301367091e-07
1017,33325056,0.00015776000000000044,6.177250302317695,6.250043222854136,0.0,0.0015625,0.03601640462875366,1.2124428749084473,5.666132096848742e-07,0.0,-1.2157864570617676,1,0,0.9999982118606567,498.0838181039786,0.9999982118606567,5.507812943505996e-07,1.0324761490210221e-07,9.188534022541717e-08,9.889628671544415e-08,1.180264348477067e-07,9.842057835385276e-08,1.7446886602101586e-07,1.0076801260083812e-07,1.4794714786603436e-07,1.2724258624530194e-07,1.0617269907697846e-07
1018,33357824,0.00015762000000000046,6.309076849787947,6.2530746730058695,0.0,0.0015625,0.01470276154577732,1.0811023712158203,5.665976345881063e-07,0.0,-1.2154912948608398,1,0,0.9999982118606567,498.227612590664,0.9999982118606567,5.507602622856211e-07,1.0324446009235544e-07,9.188253358161091e-08,9.889345875535582e-08,1.1802294608287411e-07,9.841776460461915e-08,1.7446370748075424e-07,1.0076493595079228e-07,1.4794277092278207e-07,1.272388203688024e-07,1.0616946610753075e-07
1019,33390592,0.00015748000000000045,6.38846641794982,6.262182730945456,0.0,0.0015625,-0.007406586781144142,0.9448647499084473,5.665106073138304e-07,0.0,-1.2161056995391846,1,0,0.9999982118606567,498.33159993458804,0.9999982118606567,5.506478828465333e-07,1.0322772681092829e-07,9.186764060586938e-08,9.887724417012578e-08,1.1800370458558973e-07,9.840181292020134e-08,1.744352573496144e-07,1.007484087267585e-07,1.4791865510233038e-07,1.272180725209182e-07,1.0615205070507727e-07
1020,33423360,0.00015734000000000044,6.271438655590775,6.257168580676739,0.015625,0.0015625,0.009819969534873962,1.4142705202102661,5.664396667270921e-07,0.0,-1.2168943881988525,1,0,0.9999982118606567,498.44196690455726,0.9999982118606567,5.505555122908845e-07,1.0321394228185454e-07,9.185538374367752e-08,9.886422702720665e-08,1.1798805843454829e-07,9.838867498501713e-08,1.7441213628899277e-07,1.0073514999930921e-07,1.478990441228234e-07,1.2720121844722598e-07,1.0613808143489223e-07
1021,33456128,0.00015720000000000043,6.184318692112674,6.271303279043827,0.0,0.0015625,0.09260841459035873,1.2182660102844238,5.662834610120626e-07,0.0,-1.2178840637207031,1,0,0.9999982118606567,498.5048774033292,0.9999982118606567,5.503533770934155e-07,1.0318382948071303e-07,9.182857496625729e-08,9.883518714559614e-08,1.17953518952163e-07,9.835977721195377e-08,1.7436109089885576e-07,1.0070575484633082e-07,1.478557578593609e-07,1.2716398600787215e-07,1.0610710887704045e-07
1022,33488896,0.00015706000000000045,6.284076330300634,6.277173478704305,0.0,0.0015625,-0.0432150661945343,1.0284819602966309,5.657661290570104e-07,0.0,-1.2192789316177368,1,0,0.9999982118606567,498.3671432048579,0.9999982118606567,5.496804078575224e-07,1.0308409770232174e-07,9.17398210731335e-08,9.873984652131185e-08,1.1783963316247537e-07,9.826489133502037e-08,1.7419272069219005e-07,1.0060841759695904e-07,1.4771298140203726e-07,1.270411900122781e-07,1.0600454913856083e-07
1023,33521664,0.00015692000000000047,6.246879174461654,6.267511998041732,0.0,0.0015625,-0.022944215685129166,1.3136065006256104,5.657467454511789e-07,0.0,-1.2195191383361816,1,0,0.9999982118606567,498.50776055218677,0.9999982118606567,5.49655226222967e-07,1.0308036024753164e-07,9.173649573313014e-08,9.873627249135097e-08,1.1783535569520609e-07,9.826132441048685e-08,1.741864110726965e-07,1.0060477961815195e-07,1.4770762390980963e-07,1.2703658569535037e-07,1.0600070510236037e-07
1024,33554432,0.00015678000000000046,6.372926407672971,6.276057336914194,0.0,0.0015625,0.01111220195889473,0.9170522689819336,5.656544885823678e-07,0.0,-1.2198052406311035,1,0,0.9999982118606567,498.6044097952972,0.9999982118606567,5.495346613315633e-07,1.0306266062798386e-07,9.17207501061057e-08,9.871913420056444e-08,1.1781501996210864e-07,9.824427849025597e-08,1.7415634090411913e-07,1.0058750632424562e-07,1.4768212963645055e-07,1.270146583465248e-07,1.0598251520832491e-07
1025,33587200,0.00015664000000000045,6.167892475638484,6.2665179406126175,0.0,0.0015625,-0.0250544473528862,1.4142502546310425,5.655092536471784e-07,0.0,-1.2186455726623535,1,0,0.9999982118606567,498.67231333480714,0.9999982118606567,5.493470780493226e-07,1.030345657682119e-07,9.169573900180694e-08,9.869221173630649e-08,1.1778288921959756e-07,9.821766866480175e-08,1.7410884822766093e-07,1.0055988042267927e-07,1.4764184186333296e-07,1.2698002649358386e-07,1.0595341137786818e-07
1026,33619968,0.00015650000000000047,6.089142744453816,6.249146805028646,0.0,0.0015625,0.09992379695177078,1.5746419429779053,5.651858714372793e-07,0.0,-1.220699429512024,1,0,0.9999982118606567,498.6448010749747,0.9999982118606567,5.489281420523184e-07,1.0297208064002916e-07,9.164013192730636e-08,9.863256167363943e-08,1.1771157915063668e-07,9.81581180781177e-08,1.7400344631823828e-07,1.0049910059706235e-07,1.4755246979802905e-07,1.2690314576957462e-07,1.0588937016109412e-07
1027,33652736,0.00015636000000000046,6.1353496054973125,6.244956735346609,0.0,0.0015625,0.15042348206043243,1.4631121158599854,5.64962988391926e-07,0.0,-1.2223637104034424,1,0,0.9999982118606567,498.67031901176114,0.9999982118606567,5.486381837727095e-07,1.0292907859366096e-07,9.160186209555832e-08,9.859137151124742e-08,1.176624238041768e-07,9.811711976226434e-08,1.7393078621807945e-07,1.00457128837661e-07,1.4749083732112922e-07,1.2685015349234163e-07,1.0584513887579305e-07
1028,33685504,0.00015622000000000045,6.262901307246219,6.240339181092436,0.0,0.0015625,0.006943061947822571,1.6058461666107178,5.649548029396101e-07,0.0,-1.222356915473938,1,0,0.9999982118606567,498.820749899572,0.9999982118606567,5.486277245836391e-07,1.0292750829421493e-07,9.160046232636887e-08,9.85898651606476e-08,1.1766062613105532e-07,9.811562762251924e-08,1.73928114577393e-07,1.0045559406535176e-07,1.4748860621693893e-07,1.2684822081610037e-07,1.0584353304921024e-07
1029,33718272,0.00015608000000000047,6.377576644169435,6.2392502037143975,0.015625,0.003125,0.03414037078619003,1.4267604351043701,5.647946181852603e-07,0.0,-1.2245362997055054,1,0,0.9999982118606567,498.86598540430856,0.9999982118606567,5.484153575707751e-07,1.0289708285426968e-07,9.157339064813641e-08,9.856053395651543e-08,1.176257384827295e-07,9.808662326804551e-08,1.7387654338563152e-07,1.0042570863788569e-07,1.4744485099527083e-07,1.2681060468366923e-07,1.0581204179516135e-07
1030,33751040,0.00015594000000000046,6.142458538007193,6.226352191956039,0.0,0.0015625,0.016535840928554535,1.6276674270629883,5.646975864692649e-07,0.0,-1.2256604433059692,1,0,0.9999982118606567,498.962929249455,0.9999982118606567,5.482893357111607e-07,1.0287823926091733e-07,9.155662894499983e-08,9.854267091213842e-08,1.1760430851381898e-07,9.806866785311286e-08,1.7384486739047134e-07,1.0040751163842287e-07,1.474180066907138e-07,1.267874978339023e-07,1.0579286424672318e-07
1031,33783808,0.00015580000000000045,6.103933806685588,6.2183137034133305,0.0,0.0015625,-0.12015614658594131,1.5991730690002441,5.645262035613996e-07,0.0,-1.2264602184295654,1,0,0.9999982118606567,499.0081077376673,0.9999982118606567,5.480650315803359e-07,1.0284548324079879e-07,9.152746827112423e-08,9.85111014983886e-08,1.1756674211937934e-07,9.803724765333754e-08,1.7378934558109904e-07,1.0037553721531367e-07,1.4737091191818763e-07,1.267470111088187e-07,1.057591774156208e-07
1032,33816576,0.00015566000000000047,6.286541256547187,6.218560196037986,0.0,0.0015625,-0.03988826274871826,1.0494937896728516,5.64414960990689e-07,0.0,-1.2276314496994019,1,0,0.9999982118606567,499.098232110532,0.9999982118606567,5.479202513924974e-07,1.0282390405791375e-07,9.1508269406404e-08,9.849062365674399e-08,1.1754218576243147e-07,9.801686928767595e-08,1.7375305105815642e-07,1.003544838340531e-07,1.473401312068745e-07,1.2672053628648428e-07,1.0573698716598301e-07
1033,33849344,0.00015552000000000046,6.3257508971699075,6.226447368308811,0.015625,0.003125,-0.0007403241470456123,1.9382787942886353,5.643805138788593e-07,0.0,-1.2284268140792847,1,0,0.9999982118606567,499.2316206326368,0.9999982118606567,5.478758566823672e-07,1.0281723916705232e-07,9.150232926913304e-08,9.848423587754951e-08,1.1753457584973148e-07,9.801050993019089e-08,1.7374178185036726e-07,1.0034796815716618e-07,1.473305815125059e-07,1.2671230820160417e-07,1.0573013042858292e-07
1034,33882112,0.00015538000000000045,6.264059756046048,6.215560703146119,0.0,0.003125,-0.04371250793337822,1.8288185596466064,5.643086637974193e-07,0.0,-1.2292354106903076,1,0,0.9999982118606567,499.34123215375814,0.9999982118606567,5.477828608491109e-07,1.0280351148139744e-07,9.149011503950533e-08,9.847089899039929e-08,1.1751876627386082e-07,9.79972369918869e-08,1.7371841920521547e-07,1.003345744265971e-07,1.473107715810329e-07,1.2669528359765536e-07,1.0571601194442337e-07
1035,33914880,0.00015524000000000044,6.311088030822168,6.229880258664487,0.0,0.003125,0.018627893179655075,1.1590981483459473,5.639627147502324e-07,0.0,-1.2283821105957031,1,0,0.9999982118606567,499.27919997722177,0.9999982118606567,5.473295914271148e-07,1.0273706152474915e-07,9.143097656760801e-08,9.84072485721299e-08,1.1744280214998071e-07,9.793408395353254e-08,1.7360613924211066e-07,1.0026953134456562e-07,1.4721554464358633e-07,1.2661338644193165e-07,1.0564748009755931e-07
1036,33947648,0.00015510000000000044,6.328660601676377,6.253832044386743,0.0,0.003125,-0.0014156214892864227,2.09381365776062,5.639021765091456e-07,0.0,-1.2277400493621826,1,0,0.9999982118606567,499.3955881135795,0.9999982118606567,5.472518296301132e-07,1.0272550099443833e-07,9.142068790879421e-08,9.839617831630676e-08,1.1742958605509557e-07,9.79228786945896e-08,1.7358659931687725e-07,1.002584397724604e-07,1.4719898899784312e-07,1.265991329546523e-07,1.0563579166955606e-07
1037,33980416,0.00015496000000000045,6.190758308068214,6.259372914643833,0.0,0.003125,0.01650286465883255,1.5038025379180908,5.638383981931838e-07,0.0,-1.22794771194458,1,0,0.9999982118606567,499.4880958241115,0.9999982118606567,5.471630970532715e-07,1.0271354966562285e-07,9.141005108403988e-08,9.838491621394496e-08,1.1741604311055198e-07,9.79116663302193e-08,1.7356656201172882e-07,1.0024677266073923e-07,1.4718199281560373e-07,1.2658452419600508e-07,1.0562350638565476e-07
1038,34013184,0.00015482000000000045,6.195668450765059,6.252649628995717,0.0,0.003125,-0.0517425574362278,1.1992075443267822,5.638020752485318e-07,0.0,-1.2278618812561035,1,0,0.9999982118606567,499.60523687588085,0.9999982118606567,5.471130180012551e-07,1.0270669292822276e-07,9.14039475219397e-08,9.837835079906654e-08,1.1740820582417655e-07,9.790512933705031e-08,1.7355498016513593e-07,1.0024007934816836e-07,1.4717217311499553e-07,1.2657606873744953e-07,1.0561645069628867e-07
1039,34045952,0.00015468000000000044,6.183632364500197,6.233255201028794,0.0,0.0015625,0.004355143755674362,1.707914113998413,5.635645266011124e-07,0.0,-1.2279529571533203,1,0,0.9999982118606567,499.61042777640563,0.9999982118606567,5.468021413435054e-07,1.026610547683049e-07,9.136334000459101e-08,9.833463820996258e-08,1.1735603067108968e-07,9.786163701619444e-08,1.7347771574804938e-07,1.0019554252949092e-07,1.4710678897245089e-07,1.2651983638534148e-07,1.0556952645401907e-07
1040,34078720,0.00015454000000000043,6.3143400848161635,6.250443355709692,0.0,0.0015625,0.03405243903398514,2.375577449798584,5.635311026708223e-07,0.0,-1.2278070449829102,1,0,0.9999982118606567,499.73692425728944,0.9999982118606567,5.46759395092522e-07,1.0265459593483683e-07,9.135759171385871e-08,9.832844938273411e-08,1.1734864813206514e-07,9.785546950524804e-08,1.7346678760077339e-07,1.0018923290999737e-07,1.4709752349517657e-07,1.2651187830670096e-07,1.0556288287943971e-07
1041,34111488,0.00015440000000000042,6.224312804627985,6.26248125550393,0.0,0.0015625,0.05296638607978821,1.8287150859832764,5.630956820823485e-07,0.0,-1.2282052040100098,1,0,0.9999982118606567,499.63185481414166,0.9999982118606567,5.461955083774228e-07,1.0257063109975206e-07,9.128286393433882e-08,9.824803015590078e-08,1.1725266801931866e-07,9.777543397149202e-08,1.733249064272968e-07,1.0010729312170952e-07,1.4697721439915767e-07,1.2640839486266486e-07,1.0547653772619014e-07
1042,34144256,0.00015426000000000044,6.344789116366237,6.268306041485835,0.0,0.0015625,-0.025278985500335693,1.571021556854248,5.630814143842144e-07,0.0,-1.228018045425415,1,0,0.9999982118606567,499.7683472399137,0.9999982118606567,5.461766932057799e-07,1.0256789551021939e-07,9.128042677275516e-08,9.824520930123981e-08,1.1724942083901624e-07,9.777281917422442e-08,1.7332010315840307e-07,1.0010442252905705e-07,1.4697316430556384e-07,1.2640489899240492e-07,1.0547351791956316e-07
1043,34177024,0.00015412000000000043,6.256144975304049,6.261345449299249,0.0,0.0,-0.04285304248332977,1.2771488428115845,5.626093866339943e-07,0.0,-1.2271649837493896,1,0,0.9999982118606567,499.6276160068957,0.9999982118606567,5.455613631966116e-07,1.0247696025089681e-07,9.119950306057945e-08,9.815830281922899e-08,1.1714559633446697e-07,9.76861471713164e-08,1.7316661171662417e-07,1.0001587469332662e-07,1.468429928763726e-07,1.2629296008981328e-07,1.0538022365835786e-07
1044,34209792,0.00015398000000000045,6.422306731796743,6.277170146874319,0.0,0.0,0.00873478502035141,1.545926570892334,5.625557832900085e-07,0.0,-1.2274608612060547,1,0,0.9999982118606567,499.7419333779819,0.9999982118606567,5.45492184755858e-07,1.0246660764323678e-07,9.119028732129664e-08,9.814837653721042e-08,1.1713375869248921e-07,9.767627062728934e-08,1.7314911815446976e-07,1.000057565647694e-07,1.4682815674404992e-07,1.262801845314243e-07,1.0536956551732146e-07
1045,34242560,0.00015384000000000044,6.162920306948155,6.262353374486918,0.0,0.0,0.011616175062954426,1.1834008693695068,5.625325911751133e-07,0.0,-1.2280584573745728,1,0,0.9999982118606567,499.8758244060432,0.9999982118606567,5.454625124912127e-07,1.0246210990771942e-07,9.118628696569431e-08,9.814407064823172e-08,1.1712862146850966e-07,9.767198605459271e-08,1.7314151534719713e-07,1.0000137251608976e-07,1.4682171922686393e-07,1.262746565089401e-07,1.0536493988411166e-07
1046,34275328,0.00015370000000000043,6.150533960536485,6.244540710372929,0.0,0.0,0.1500486433506012,2.6691277027130127,5.624345362775784e-07,0.0,-1.228510856628418,1,0,0.9999982118606567,499.96223531716817,0.9999982118606567,5.453351263895456e-07,1.0244335157949536e-07,9.116958921140395e-08,9.812591628133305e-08,1.1710705649647934e-07,9.765391695282233e-08,1.7310966882178036e-07,9.998306182978922e-08,1.4679470439205033e-07,1.2625140755062603e-07,1.0534564864883578e-07
1047,34308096,0.00015356000000000042,6.188946564096231,6.244359535975731,0.0,0.0,-0.030878569930791855,1.1948819160461426,5.622487151413225e-07,0.0,-1.230520248413086,1,0,0.9999982118606567,499.9913107037569,0.9999982118606567,5.450912681226328e-07,1.0240760417445927e-07,9.113777110769661e-08,9.809185996800807e-08,1.170663068705835e-07,9.762002406432657e-08,1.730494147977879e-07,9.99481741814634e-08,1.4674360215849447e-07,1.2620746758784662e-07,1.0530888516768755e-07
1048,34340864,0.0001534200000000004,6.197638690709525,6.244556559970176,0.0,0.0,0.045680440962314606,2.3664944171905518,5.621261607302586e-07,0.0,-1.2307296991348267,1,0,0.9999982118606567,500.049362529472,0.9999982118606567,5.449296054393926e-07,1.0238436232157255e-07,9.111708720865863e-08,9.80695986640967e-08,1.1703973967769343e-07,9.759786934182557e-08,1.7301013599535509e-07,9.992548655191058e-08,1.4671030612589675e-07,1.261788327155955e-07,1.052849967209113e-07
1049,34373632,0.0001532800000000004,5.933518051348347,6.219545128654991,0.0,0.0,-0.05809473991394043,1.035441279411316,5.619669423140294e-07,0.0,-1.2291395664215088,1,0,0.9999982118606567,500.0940431238173,0.9999982118606567,5.447201942843094e-07,1.0235370950795186e-07,9.10898094730328e-08,9.80402390382551e-08,1.1700469570996574e-07,9.756864471910376e-08,1.7295833742991817e-07,9.989557270273508e-08,1.4666638037397206e-07,1.2614104605290777e-07,1.0525346993972562e-07
1050,34406400,0.0001531400000000004,5.948114283868977,6.182922548560273,0.0,0.0,0.031175194308161736,1.4148484468460083,5.617356464426848e-07,0.0,-1.2295458316802979,1,0,0.9999982118606567,500.1026278105698,0.9999982118606567,5.44418981007766e-07,1.0230920821641121e-07,9.105020382094153e-08,9.799761357953685e-08,1.1695382085008532e-07,9.752622531777888e-08,1.7288313358676533e-07,9.985213722529807e-08,1.4660261626886495e-07,1.260862063645618e-07,1.0520770388211531e-07
1051,34439168,0.00015300000000000039,5.739811964793221,6.134472464576797,0.0,0.0,-0.030190227553248405,0.7676106095314026,5.616296903099283e-07,0.0,-1.2298556566238403,1,0,0.9999982118606567,500.1782391096252,0.9999982118606567,5.442803967525833e-07,1.0228890801045054e-07,9.103214182459851e-08,9.797818023571381e-08,1.1693062162976275e-07,9.750688434451149e-08,1.7284884279433754e-07,9.983233439925243e-08,1.4657352664926293e-07,1.2606119526026305e-07,1.051868423473934e-07
1052,34471936,0.00015286000000000038,6.034318684495543,6.103425421389727,0.0,0.0,-0.03629537299275398,1.6976401805877686,5.61587739866809e-07,0.0,-1.2298818826675415,1,0,0.9999982118606567,500.28710512949476,0.9999982118606567,5.442227575258585e-07,1.022811062512119e-07,9.102519982207014e-08,9.797051347959496e-08,1.1692159063159124e-07,9.749943785664072e-08,1.7283548459090525e-07,9.982452553458643e-08,1.4656221480890963e-07,1.2605146082478313e-07,1.0517861426251329e-07
1053,34504704,0.00015272000000000037,6.041072186178766,6.0819181424772,0.0,0.0,-0.012941899709403515,1.6730568408966064,5.615501095235231e-07,0.0,-1.230440616607666,1,0,0.9999982118606567,500.40566328464917,0.9999982118606567,5.441734742817061e-07,1.0227408608898259e-07,9.101894704599545e-08,9.796378463988731e-08,1.1691356149867715e-07,9.749274454406986e-08,1.7282361852721806e-07,9.981766879718634e-08,1.4655215352377127e-07,1.2604280641426158e-07,1.0517139514831797e-07
1054,34537472,0.00015258000000000036,6.084444008838068,6.048131870181332,0.0,0.0,0.07769466936588287,1.7514421939849854,5.612671998278529e-07,0.0,-1.234299659729004,1,0,0.9999982118606567,500.35353879138523,0.9999982118606567,5.437973413791042e-07,1.022202553713214e-07,9.09710422547505e-08,9.791222765898056e-08,1.1685202849776033e-07,9.744143625312063e-08,1.7273268326789548e-07,9.97651383727316e-08,1.4647503121523187e-07,1.2597647014445101e-07,1.0511604386920226e-07
1055,34570240,0.00015244000000000035,6.037914195621996,6.035631259048715,0.0,0.0,0.044475845992565155,1.7761492729187012,5.611364031210542e-07,0.0,-1.235325574874878,1,0,0.9999982118606567,500.42125633685237,0.9999982118606567,5.436273227132915e-07,1.0219491031193684e-07,9.094848962831747e-08,9.788795551912699e-08,1.1682305967042339e-07,9.741728490553214e-08,1.7268985175178386e-07,9.974041148552715e-08,1.464387082705798e-07,1.25945234685787e-07,1.0508998116165458e-07
1056,34603008,0.00015230000000000037,6.270414523227045,6.047619315317772,0.0,0.0,0.05234765633940697,1.0546787977218628,5.610525590782345e-07,0.0,-1.23624849319458,1,0,0.9999982118606567,500.5167597320115,0.9999982118606567,5.435189223135239e-07,1.0217873835927094e-07,9.093409403249098e-08,9.787246568748742e-08,1.1680457134843891e-07,9.740167428162749e-08,1.7266251006731181e-07,9.972480796704986e-08,1.4641553036653931e-07,1.2592529685662157e-07,1.050735534136038e-07
1057,34635776,0.00015216000000000036,6.120000377610681,6.040724696669217,0.0,0.0,-0.00341796875,1.101603388786316,5.609550157714693e-07,0.0,-1.235853672027588,1,0,0.9999982118606567,500.601691154089,0.9999982118606567,5.433924457065586e-07,1.0215983081707236e-07,9.091727548593553e-08,9.785454579969155e-08,1.1678307032525481e-07,9.738384676438727e-08,1.7263073459616862e-07,9.970636227762952e-08,1.4638857237514458e-07,1.259021331634358e-07,1.0505411296435341e-07
1058,34668544,0.00015202000000000035,6.16048756433495,6.037009584031759,0.0,0.0,-0.0431264191865921,1.4394068717956543,5.607899993265164e-07,0.0,-1.2364861965179443,1,0,0.9999982118606567,500.6461902716887,0.9999982118606567,5.431779754871968e-07,1.021280837676386e-07,9.088901720133435e-08,9.78241203597463e-08,1.1674676869688483e-07,9.735357764384389e-08,1.7257707440876402e-07,9.967536129806831e-08,1.463430692183465e-07,1.258629822586954e-07,1.0502145642021787e-07
1059,34701312,0.00015188000000000037,5.9873829658526,6.042396075482185,0.0,0.0,-0.06757376343011856,1.6363829374313354,5.606233344224165e-07,0.0,-1.2390403747558594,1,0,0.9999982118606567,500.6909387427179,0.9999982118606567,5.429609473139863e-07,1.0209594591970017e-07,9.086041075079265e-08,9.779333964843318e-08,1.1671004074287339e-07,9.732293904107792e-08,1.7252276052204252e-07,9.964399794171186e-08,1.4629702604906925e-07,1.2582339081745886e-07,1.0498840197215031e-07
1060,34734080,0.00015174000000000036,6.211051226554753,6.068689769750763,0.0,0.0,-0.08571475744247437,1.003157138824463,5.605891146842623e-07,0.0,-1.2388479709625244,1,0,0.9999982118606567,500.81454906289184,0.9999982118606567,5.42916950507788e-07,1.0208932366140289e-07,9.08545203515132e-08,9.77870016072302e-08,1.1670246635731019e-07,9.731662942158437e-08,1.7251157657938165e-07,9.96375391082438e-08,1.462875331981195e-07,1.2581523378685233e-07,1.0498159497274173e-07
1061,34766848,0.00015160000000000035,6.165879331377397,6.11129650640918,0.0,0.0,0.019834499806165695,1.577859878540039,5.605488695437089e-07,0.0,-1.2394835948944092,1,0,0.9999982118606567,500.93511117618385,0.9999982118606567,5.428651661532058e-07,1.0208153611301896e-07,9.084759255983954e-08,9.777953380307736e-08,1.1669357036225847e-07,9.730920424999567e-08,1.7249841732791538e-07,9.962993630097117e-08,1.4627637767716806e-07,1.2580562724906486e-07,1.0497358715610972e-07
1062,34799616,0.00015146000000000034,6.03918317429024,6.11178295538865,0.0,0.0,-0.03428904712200165,1.3008408546447754,5.603968702416751e-07,0.0,-1.2404025793075562,1,0,0.9999982118606567,500.9900459866884,0.9999982118606567,5.426689995147171e-07,1.0205232570115186e-07,9.082160090656544e-08,9.775156684099784e-08,1.166601819591051e-07,9.728137229103595e-08,1.7244906302948948e-07,9.960143643183983e-08,1.462345409208865e-07,1.2576964536492596e-07,1.0494356672552385e-07
1063,34832384,0.00015132000000000033,6.09062052815802,6.116737789586574,0.0,0.0,0.05177339166402817,1.3195254802703857,5.602577743957227e-07,0.0,-1.2415516376495361,1,0,0.9999982118606567,501.05466944082855,0.9999982118606567,5.424884079729964e-07,1.0202547429116748e-07,9.079769824893447e-08,9.772565334742467e-08,1.1662936572065519e-07,9.725576433083916e-08,1.7240351724012726e-07,9.957503266377898e-08,1.4619591581777058e-07,1.2573642038660182e-07,1.0491574187199149e-07
1064,34865152,0.00015118000000000032,6.245312217645148,6.132824610467283,0.0,0.0,-0.10343039035797119,1.127671480178833,5.599762857855239e-07,0.0,-1.2442148923873901,1,0,0.9999982118606567,501.0214068462605,0.9999982118606567,5.42120176305616e-07,1.0197138777812143e-07,9.074956608401408e-08,9.76740324176717e-08,1.1656765508405442e-07,9.72042073499324e-08,1.7231229776371038e-07,9.952243829047802e-08,1.4611855192470102e-07,1.2566988516482525e-07,1.0486032664402956e-07
1065,34897920,0.00015104000000000032,6.295340558509628,6.158567246756046,0.0,0.0,0.022855494171380997,1.097291350364685,5.598723191724275e-07,0.0,-1.2452574968338013,1,0,0.9999982118606567,501.1035104802318,0.9999982118606567,5.419847184384707e-07,1.0195135757840035e-07,9.073173856677386e-08,9.765484776380617e-08,1.1654475429168087e-07,9.718512217204989e-08,1.7227843329692405e-07,9.950289125981726e-08,1.4608984599817632e-07,1.2564520091018494e-07,1.0483972090469251e-07
1066,34930688,0.0001509000000000003,6.034811065144794,6.135006900947821,0.0,0.0,-0.047648459672927856,2.132315158843994,5.598213874691282e-07,0.0,-1.2451982498168945,1,0,0.9999982118606567,501.21476211216276,0.9999982118606567,5.419186095423356e-07,1.0194163735377515e-07,9.07230841562523e-08,9.764534780742906e-08,1.1653352771645586e-07,9.717565774280956e-08,1.722618492294714e-07,9.949340551429486e-08,1.4607577725200827e-07,1.256330932619676e-07,1.0482973067382773e-07
1067,34963456,0.0001507600000000003,6.178728149143785,6.140879678101132,0.0,0.0,0.19110924005508423,2.291043996810913,5.596193091150781e-07,0.0,-1.2456915378570557,1,0,0.9999982118606567,501.2350134953029,0.9999982118606567,5.416561066340364e-07,1.01902749349847e-07,9.068848072502078e-08,9.760810826264787e-08,1.1648909037376143e-07,9.713860293913967e-08,1.7219615244812303e-07,9.945545542677792e-08,1.4602005649066996e-07,1.2558517425986793e-07,1.0478975553951386e-07
1068,34996224,0.0001506200000000003,6.203715374291738,6.145202459096811,0.0,0.0,-0.0645848885178566,1.2169992923736572,5.594399112851534e-07,0.0,-1.2470990419387817,1,0,0.9999982118606567,501.2736604276019,0.9999982118606567,5.414236738943146e-07,1.018681601294702e-07,9.065770001370765e-08,9.757516039599068e-08,1.1644964814649938e-07,9.710581139188434e-08,1.7213787373293599e-07,9.94216904359746e-08,1.459706453488252e-07,1.2554266959341476e-07,1.0475417866473435e-07
1069,35028992,0.00015048000000000028,6.32191855986544,6.178656018498094,0.0,0.0,-0.016525857150554657,1.9642207622528076,5.591040803665237e-07,0.0,-1.2478245496749878,1,0,0.9999982118606567,501.2092026885639,0.9999982118606567,5.409834216152376e-07,1.0180367837619997e-07,9.060030947694031e-08,9.75133858105437e-08,1.1637593644309163e-07,9.704433523438638e-08,1.720288906881251e-07,9.935875056044097e-08,1.4587823216061224e-07,1.2546320249384735e-07,1.0468786371120586e-07
1070,35061760,0.00015034000000000027,6.250399979342637,6.182590893776882,0.0,0.0,-0.07038046419620514,1.4770779609680176,5.590633804786194e-07,0.0,-1.2474653720855713,1,0,0.9999982118606567,501.32727673074805,0.9999982118606567,5.409308414527914e-07,1.0179591214409811e-07,9.059340300154872e-08,9.750576168698899e-08,1.1636694807748427e-07,9.703675374339582e-08,1.720156035389664e-07,9.935116906945041e-08,1.458669629528231e-07,1.2545351069093158e-07,1.0467987721085592e-07
1071,35094528,0.00015020000000000026,6.245905734321566,6.1905935340713,0.0,0.0,0.08533895015716553,2.1182899475097656,5.58575095510605e-07,0.0,-1.2476539611816406,1,0,0.9999982118606567,501.1852108701457,0.9999982118606567,5.402981742008706e-07,1.0170177944246461e-07,9.05096300130026e-08,9.741560802467575e-08,1.1625935059100811e-07,9.694721825326269e-08,1.7185655565299385e-07,9.925912536346004e-08,1.457320877307211e-07,1.2533750748389139e-07,1.0458288812742467e-07
1072,35127296,0.00015006000000000025,6.144330703543419,6.201108286996617,0.0,0.0,0.012837007641792297,1.0331764221191406,5.585360440818476e-07,0.0,-1.2480484247207642,1,0,0.9999982118606567,501.30599853290425,0.9999982118606567,5.402476972449222e-07,1.0169421926775613e-07,9.050290117329496e-08,9.740836759419835e-08,1.1625069618048656e-07,9.693981439795607e-08,1.7184378009460488e-07,9.92519275655468e-08,1.457212448485734e-07,1.2532818516319821e-07,1.0457530663643411e-07
1073,35160064,0.00014992000000000027,6.169050298126285,6.208951263993443,0.0,0.0,-0.006521936506032944,1.2676453590393066,5.583005417975073e-07,0.0,-1.2500481605529785,1,0,0.9999982118606567,501.30043095474167,0.9999982118606567,5.39938639576576e-07,1.0164903585518914e-07,9.04626915598783e-08,9.736526607184715e-08,1.1619916051586188e-07,9.689693314385295e-08,1.7176759570247668e-07,9.920782417793816e-08,1.456566423030381e-07,1.2527260651040706e-07,1.0452884424694275e-07
1074,35192832,0.00014978000000000026,6.22050835286613,6.206470877515542,0.0,0.0,-0.020365390926599503,1.383777141571045,5.579873914030031e-07,0.0,-1.2496812343597412,1,0,0.9999982118606567,501.2647538754287,0.9999982118606567,5.395340849645436e-07,1.015885615629486e-07,9.040886794764447e-08,9.730734973345534e-08,1.1613003181309978e-07,9.683928681170073e-08,1.7166540544621967e-07,9.914880649830593e-08,1.455699845109848e-07,1.2519808478828054e-07,1.0446665754670903e-07
1075,35225600,0.00014964000000000025,6.152332855343877,6.192170107198968,0.0,0.0,0.11989802122116089,2.5779600143432617,5.578711466114328e-07,0.0,-1.2491660118103027,1,0,0.9999982118606567,501.3371662725362,0.9999982118606567,5.393838478084945e-07,1.0156627894275516e-07,9.03890366998894e-08,9.728601213510046e-08,1.1610455885602278e-07,9.681805579475622e-08,1.7162774668122438e-07,9.912706389059167e-08,1.4553805272043974e-07,1.2517062941697077e-07,1.0444374964890812e-07
1076,35258368,0.00014950000000000025,6.223835134166034,6.21107251410109,0.0,0.0,0.014750165864825249,1.4406123161315918,5.578656896432221e-07,0.0,-1.24918532371521,1,0,0.9999982118606567,501.47423278563105,0.9999982118606567,5.393766286942991e-07,1.0156512075809587e-07,9.038800641292255e-08,9.728488947757796e-08,1.1610323724653426e-07,9.681694024266108e-08,1.7162578558327368e-07,9.912592702221446e-08,1.4553639005043806e-07,1.2516919412064453e-07,1.0444254883168469e-07
1077,35291136,0.00014936000000000024,6.009156671636882,6.194115366350401,0.0,0.0,0.03752250596880913,1.5957154035568237,5.578265813710459e-07,0.0,-1.249302625656128,1,0,0.9999982118606567,501.59176222736403,0.9999982118606567,5.393262654251885e-07,1.0155756058338739e-07,9.038128467864226e-08,9.727765615252792e-08,1.1609458994144006e-07,9.680974244474783e-08,1.7161302423573943e-07,9.911855158861727e-08,1.455255755899998e-07,1.2515988601080608e-07,1.0443478259958283e-07
1078,35323904,0.00014922000000000023,6.089563790174617,6.182700207938689,0.0,0.0,0.016939759254455566,1.2862145900726318,5.574504484684439e-07,0.0,-1.2502777576446533,1,0,0.9999982118606567,501.5153667078842,0.9999982118606567,5.388388899518759e-07,1.0148514206775872e-07,9.031683134708146e-08,9.720810822955173e-08,1.1601169802588629e-07,9.674070611254137e-08,1.7149048403553024e-07,9.904768916157991e-08,1.4542165160946752e-07,1.2507052815635689e-07,1.0436011876890916e-07
1079,35356672,0.00014908000000000022,6.201211561056264,6.17062950805777,0.0,0.0,-0.028241433203220367,1.8381404876708984,5.571331485043629e-07,0.0,-1.2528722286224365,1,0,0.9999982118606567,501.48335869099253,0.9999982118606567,5.384289352150518e-07,1.0142380091338055e-07,9.026224034869301e-08,9.714953819184302e-08,1.1594168825013185e-07,9.668222844538832e-08,1.7138698638063943e-07,9.898801067720342e-08,1.4533388537074643e-07,1.2499504009610973e-07,1.0429722863136703e-07
1080,35389440,0.00014894000000000024,6.231735219387341,6.168763032062241,0.0,0.0,0.058264173567295074,1.6438332796096802,5.570920507125265e-07,0.0,-1.2532355785369873,1,0,0.9999982118606567,501.6005550724179,0.9999982118606567,5.383760708355112e-07,1.0141587836187682e-07,9.025518465932691e-08,9.714193538457039e-08,1.1593262172482355e-07,9.667466827067983e-08,1.71373585544643e-07,9.898026576138363e-08,1.4532253089782898e-07,1.2498526302806567e-07,1.0428907870618787e-07
1081,35422208,0.00014880000000000026,6.067380609051035,6.150910519535188,0.0,0.0,0.02635464444756508,1.482500433921814,5.570603889282211e-07,0.0,-1.2530940771102905,1,0,0.9999982118606567,501.7207403740258,0.9999982118606567,5.383349730436748e-07,1.0140987427575965e-07,9.0249841377954e-08,9.713619419926545e-08,1.1592576498742346e-07,9.666894840165696e-08,1.7136345320523105e-07,9.897441799466833e-08,1.4531393333072629e-07,1.2497787338361377e-07,1.0428290408981411e-07
1082,35454976,0.00014866000000000025,6.08402416891561,6.144879866072408,0.0,0.0,-0.04838186874985695,0.934683620929718,5.568829237745376e-07,0.0,-1.2537853717803955,1,0,0.9999982118606567,501.7627408500008,0.9999982118606567,5.381050414143829e-07,1.0137564032675073e-07,9.021938041087196e-08,9.710321791089882e-08,1.1588652881755479e-07,9.663632738465822e-08,1.713054444962836e-07,9.894081642869423e-08,1.4526474956255697e-07,1.249355676691266e-07,1.042475119561459e-07
1083,35487744,0.00014852000000000024,6.142813957100663,6.142256231969846,0.0,0.0,0.09660754352807999,2.1202609539031982,5.568362553276529e-07,0.0,-1.2544293403625488,1,0,0.9999982118606567,501.87338184895174,0.9999982118606567,5.380439915825264e-07,1.0136655248516035e-07,9.021130153996637e-08,9.709469850349706e-08,1.1587624015874098e-07,9.662765876328194e-08,1.7129025309259305e-07,9.893213359646325e-08,1.45251874528185e-07,1.2492448320244876e-07,1.0423836727113667e-07
1084,35520512,0.00014838000000000023,6.130905204836238,6.133295917166857,0.015625,0.0015625,-0.09986555576324463,1.1158461570739746,5.567545713347499e-07,0.0,-1.2543256282806396,1,0,0.9999982118606567,501.96564310457853,0.9999982118606567,5.37938774414215e-07,1.0135089922869156e-07,9.019736069149076e-08,9.707951420523386e-08,1.1585823500581682e-07,9.661273026040362e-08,1.7126362195085676e-07,9.891666508110575e-08,1.4522927926918783e-07,1.249050711749078e-07,1.0422206031535097e-07
1085,35553280,0.00014824000000000022,6.154339547823553,6.133496586414823,0.0,0.0015625,0.06534304469823837,1.6074081659317017,5.56458871869836e-07,0.0,-1.2533830404281616,1,0,0.9999982118606567,501.93205271502706,0.9999982118606567,5.375547402763914e-07,1.0129389238500153e-07,9.014662083473013e-08,9.702510084252935e-08,1.1579317060750327e-07,9.655838795197269e-08,1.7116744288614427e-07,9.886121432600703e-08,1.4514772317397728e-07,1.2483492639603355e-07,1.0416363949161678e-07
1086,35586048,0.0001481000000000002,6.155312021796336,6.1266442751778545,0.0,0.0015625,-0.04097813740372658,0.9825066924095154,5.560912654800632e-07,0.0,-1.2552794218063354,1,0,0.9999982118606567,501.8666156529223,0.9999982118606567,5.370802114157414e-07,1.0122301574710946e-07,9.00835459560767e-08,9.695701663758882e-08,1.1571204083793418e-07,9.649082244322926e-08,1.7104751748320268e-07,9.879184403871477e-08,1.4504601608678058e-07,1.2474745858526148e-07,1.0409054596038914e-07
1087,35618816,0.0001479600000000002,5.969774133825158,6.122706021396681,0.0,0.0015625,-0.012267015874385834,1.479421854019165,5.555813231694628e-07,0.0,-1.2546539306640625,1,0,0.9999982118606567,501.7283749652506,0.9999982118606567,5.364224193726841e-07,1.0112440662624067e-07,8.999578682278297e-08,9.686274893283553e-08,1.155994198143162e-07,9.639682474471556e-08,1.708810373202141e-07,9.869579287169472e-08,1.4490485966689448e-07,1.246260552534295e-07,1.0398934335853482e-07
1088,35651584,0.0001478200000000002,6.009226343680745,6.114672276747294,0.0,0.0015625,0.037293147295713425,2.0468356609344482,5.55355825326842e-07,0.0,-1.2548589706420898,1,0,0.9999982118606567,501.7437321334212,0.9999982118606567,5.361324610930751e-07,1.0108082193482915e-07,8.995700540026519e-08,9.682100454710962e-08,1.1554960366311207e-07,9.635527931095567e-08,1.7080742509278934e-07,9.865325267810476e-08,1.4484241717127588e-07,1.2457233822260605e-07,1.0394452942819044e-07
1089,35684352,0.00014768000000000019,6.038157737262733,6.09836689436794,0.0,0.0015625,0.016248397529125214,2.047886371612549,5.549686079575622e-07,0.0,-1.2571332454681396,1,0,0.9999982118606567,501.67164347618706,0.9999982118606567,5.35634683274111e-07,1.0100604441731775e-07,8.989044886220654e-08,9.6749381839345e-08,1.1546412537200013e-07,9.628399766370421e-08,1.7068104796180705e-07,9.858027283371484e-08,1.4473525311586855e-07,1.2448019504063268e-07,1.0386763449332648e-07
1090,35717120,0.00014754000000000018,5.948862809857179,6.070079653414925,0.0,0.0015625,0.023469798266887665,1.0151188373565674,5.5489437045253e-07,0.0,-1.257627248764038,1,0,0.9999982118606567,501.7703376360316,0.9999982118606567,5.355386747396551e-07,1.0099159908349975e-07,8.987759514411664e-08,9.673553336142504e-08,1.1544761235882106e-07,9.627022024005782e-08,1.7065663371340634e-07,9.856616856041e-08,1.447145621114032e-07,1.2446238883967453e-07,1.0385276993929438e-07
1091,35749888,0.00014740000000000017,5.944453860158623,6.057786978525683,0.0,0.0015625,0.03823746740818024,1.5640240907669067,5.546882562157407e-07,0.0,-1.258517861366272,1,0,0.9999982118606567,501.79434266303406,0.9999982118606567,5.352731022867374e-07,1.0095173763602361e-07,8.984211774532014e-08,9.66973487948053e-08,1.1540203814774941e-07,9.623222041454937e-08,1.7058927426205628e-07,9.852725924019978e-08,1.446574344754481e-07,1.2441324770406936e-07,1.0381177872886838e-07
1092,35782656,0.00014726000000000016,5.9942391530216685,6.048808476936289,0.015625,0.003125,-0.008711900562047958,1.4414554834365845,5.541795644603553e-07,0.0,-1.260164499282837,1,0,0.9999982118606567,501.65585560064085,0.9999982118606567,5.346195735000947e-07,1.008533843105397e-07,8.975458598570185e-08,9.660296740321428e-08,1.1528950949468708e-07,9.613847140599319e-08,1.7042292199676012e-07,9.843109438634201e-08,1.44516377531545e-07,1.2429192963736568e-07,1.0371044822932163e-07
1093,35815424,0.00014712000000000015,6.013143302339026,6.035841411460125,0.0,0.003125,0.014683459885418415,1.4945147037506104,5.540990173358296e-07,0.0,-1.259865164756775,1,0,0.9999982118606567,501.7485867188102,0.9999982118606567,5.34516118477768e-07,1.0083780210834448e-07,8.974073040235453e-08,9.658804600576332e-08,1.1527169618830158e-07,9.61234363217045e-08,1.7039658928297285e-07,9.841607351290804e-08,1.4449405227878742e-07,1.2427273077264545e-07,1.0369462444259625e-07
1094,35848192,0.00014698000000000014,5.989461865017777,6.021697077478279,0.0,0.0015625,0.10218113660812378,3.0421950817108154,5.539927201425598e-07,0.0,-1.2597148418426514,1,0,0.9999982118606567,501.82332324273744,0.9999982118606567,5.343800353330153e-07,1.0081723189614422e-07,8.972241261062663e-08,9.656833555027333e-08,1.1524817011832056e-07,9.610400297788146e-08,1.7036182953233947e-07,9.83958017286568e-08,1.4446455054439866e-07,1.2424737860783353e-07,1.036732655279593e-07
1095,35880960,0.00014684000000000013,6.052132504259449,6.0114763731218686,0.0,0.0015625,0.09180976450443268,2.1088669300079346,5.537304446079361e-07,0.0,-1.2567389011383057,1,0,0.9999982118606567,501.8182681141616,0.9999982118606567,5.34043238076265e-07,1.0076647782852888e-07,8.967725051434172e-08,9.651972021629263e-08,1.1519015430394575e-07,9.605562212300356e-08,1.7027606702413323e-07,9.834626979454697e-08,1.4439183360082097e-07,1.241848224253772e-07,1.0362107616401772e-07
1096,35913728,0.00014670000000000012,6.248237125611199,6.020768883503355,0.0,0.0015625,0.025968603789806366,1.263828158378601,5.53246934487106e-07,0.0,-1.2594234943389893,1,0,0.9999982118606567,501.6785737900512,0.9999982118606567,5.334176762517018e-07,1.006732972541613e-07,8.959432307165116e-08,9.643047604868116e-08,1.1508365105328267e-07,9.59666266453496e-08,1.701186249647435e-07,9.825551927633569e-08,1.4425832262077165e-07,1.2406998450842366e-07,1.0352545842806649e-07
1097,35946496,0.00014656000000000011,6.206618699590624,6.044453340079902,0.0,0.0015625,0.09637278318405151,1.597699761390686,5.531098850042326e-07,0.0,-1.258594274520874,1,0,0.9999982118606567,501.7384724621714,0.9999982118606567,5.332401542545995e-07,1.0064680822097216e-07,8.957074726367864e-08,9.640527309784375e-08,1.1505346719786758e-07,9.594155159220463e-08,1.7007401709179248e-07,9.822965552075402e-08,1.4422049332551978e-07,1.2403747007283528e-07,1.0349820911415009e-07
1098,35979264,0.0001464200000000001,6.221328511582458,6.065663556870073,0.0,0.0015625,0.018500305712223053,1.9085320234298706,5.531059059649124e-07,0.0,-1.2585123777389526,1,0,0.9999982118606567,501.87165965650917,0.9999982118606567,5.332350951903209e-07,1.0064603372939018e-07,8.957006514265231e-08,9.640454123882591e-08,1.1505258612487523e-07,9.59408197331868e-08,1.700727239040134e-07,9.822890945088147e-08,1.442193990897067e-07,1.2403651794556936e-07,1.0349742751714075e-07
1099,36012032,0.0001462800000000001,6.105875990111434,6.072435382154944,0.015625,0.003125,0.029285714030265808,1.4641000032424927,5.528668225451838e-07,0.0,-1.2585766315460205,1,0,0.9999982118606567,501.8730662963528,0.9999982118606567,5.329264922693255e-07,1.0059998345468557e-07,8.952907393222631e-08,9.636023889925127e-08,1.1499982832674505e-07,9.589673055643289e-08,1.699945642030798e-07,9.818395341198993e-08,1.4415324756100745e-07,1.239796318941444e-07,1.0345005563294762e-07
1100,36044800,0.0001461400000000001,6.1454401367100235,6.092093114840228,0.0,0.003125,-0.10437245666980743,2.3478527069091797,5.528250426323211e-07,0.0,-1.2589188814163208,1,0,0.9999982118606567,501.9861238654402,0.9999982118606567,5.328731162990152e-07,1.005919187946347e-07,8.952189745059513e-08,9.635252240514092e-08,1.1499060548203488e-07,9.588904248403196e-08,1.699809359934079e-07,9.817609480933243e-08,1.441417083469787e-07,1.2396969850669848e-07,1.0344177070464866e-07
1101,36077568,0.00014600000000000008,6.116224932194077,6.109270222043774,0.0,0.003125,0.00023414567112922668,0.9532151222229004,5.523520485439803e-07,0.0,-1.2586593627929688,1,0,0.9999982118606567,501.847331946087,0.9999982118606567,5.322601168700203e-07,1.0050082721591025e-07,8.944083162987226e-08,9.626526065176222e-08,1.148864825495366e-07,9.580239179740602e-08,1.6982700401513284e-07,9.808699985569547e-08,1.4401116743556486e-07,1.2385743275444838e-07,1.033479009038274e-07
1102,36110336,0.0001458600000000001,6.074492776839249,6.117295584425532,0.0,0.0015625,-0.011725585907697678,1.3720803260803223,5.522826995729702e-07,0.0,-1.2595248222351074,1,0,0.9999982118606567,501.94397512375167,0.9999982118606567,5.321712706063408e-07,1.004874121690591e-07,8.942888740648414e-08,9.625240693367232e-08,1.1487114193187153e-07,9.578960202816234e-08,1.698043377018621e-07,9.807390455307541e-08,1.439919543599899e-07,1.238408913195599e-07,1.0333410216389893e-07
1103,36143104,0.0001457200000000001,6.13087830575196,6.129069084766826,0.0,0.0015625,0.14994949102401733,1.7389163970947266,5.520777222045581e-07,0.0,-1.2609434127807617,1,0,0.9999982118606567,501.9675006590932,0.9999982118606567,5.319079718901776e-07,1.0044774256812161e-07,8.939359474879893e-08,9.621441421359123e-08,1.1482579509447532e-07,9.575160930808124e-08,1.697373051001705e-07,9.80353789259425e-08,1.439351109411291e-07,1.237920059793396e-07,1.0329350885740496e-07
1104,36175872,0.00014558000000000008,6.117498171071357,6.141872715372183,0.0,0.0015625,-0.0191548690199852,1.034536361694336,5.519289629773994e-07,0.0,-1.2624777555465698,1,0,0.9999982118606567,502.02178923990374,0.9999982118606567,5.317167506291298e-07,1.0041900821988747e-07,8.936802231573893e-08,9.618689489343524e-08,1.1479294670380114e-07,9.572421788561769e-08,1.6968874660960864e-07,9.800733380416204e-08,1.4389394209501916e-07,1.237565925293893e-07,1.0326396449045205e-07
1105,36208640,0.00014544000000000007,6.088235725317284,6.145483037477967,0.0,0.0015625,-0.01875774748623371,1.4104551076889038,5.517096042240155e-07,0.0,-1.2630581855773926,1,0,0.9999982118606567,502.0342560611753,0.9999982118606567,5.314343525242293e-07,1.0037649644800695e-07,8.933019302048706e-08,9.614635132493277e-08,1.1474446637294022e-07,9.568387326908123e-08,1.6961723758868175e-07,9.796583810839365e-08,1.4383316226940224e-07,1.237043250057468e-07,1.0322024479592073e-07
1106,36241408,0.0001453000000000001,6.2523397378403125,6.145893298700878,0.0,0.0015625,-0.00424529891461134,1.6922050714492798,5.514444296750298e-07,0.0,-1.2643346786499023,1,0,0.9999982118606567,502.01406259547736,0.9999982118606567,5.310909045874723e-07,1.0032557895556238e-07,8.928488171022764e-08,9.609740203586625e-08,1.1468615213061639e-07,9.563515845911752e-08,1.6953087822457746e-07,9.791614985488195e-08,1.4376006163274724e-07,1.2364145618448674e-07,1.0316789200714993e-07
1107,36274176,0.00014516000000000008,6.148905600041939,6.14012198874601,0.015625,0.003125,0.05647606775164604,2.131145477294922,5.512947041097505e-07,0.0,-1.265737771987915,1,0,0.9999982118606567,502.0679285721498,0.9999982118606567,5.308984327712096e-07,1.0029650354681507e-07,8.92589966383639e-08,9.60697263963084e-08,1.146530195228479e-07,9.560761782267946e-08,1.6948204972777603e-07,9.788776367258833e-08,1.437185233044147e-07,1.2360574430658744e-07,1.0313797815797443e-07
1108,36306944,0.00014502000000000007,6.238856541204974,6.14187479170826,0.0,0.003125,0.06551781296730042,1.5413397550582886,5.512710004040855e-07,0.0,-1.2664754390716553,1,0,0.9999982118606567,502.18981368984004,0.9999982118606567,5.30868078385538e-07,1.0029191344074206e-07,8.925491101763328e-08,9.60653352422014e-08,1.1464776861203063e-07,9.560324087942718e-08,1.6947429060110153e-07,9.788328725335305e-08,1.4371194367868156e-07,1.236000883864108e-07,1.0313326015420898e-07
1109,36339712,0.00014488000000000006,6.059479940338564,6.137235186730974,0.0,0.0015625,0.040386784821748734,1.6007834672927856,5.511665222002193e-07,0.0,-1.2669492959976196,1,0,0.9999982118606567,502.26504224686767,0.9999982118606567,5.307334163262567e-07,1.0027182639760213e-07,8.923703376240155e-08,9.604591610923308e-08,1.1462470439482786e-07,9.558410596355316e-08,1.6944002823038318e-07,9.786350574358949e-08,1.4368303880019084e-07,1.2357520517980447e-07,1.0311241283034178e-07
1110,36372480,0.00014474000000000005,6.1475725810228,6.137448431162251,0.0,0.0015625,-0.010144650936126709,1.3052008152008057,5.510894993676629e-07,0.0,-1.2674705982208252,1,0,0.9999982118606567,502.3577736586716,0.9999982118606567,5.306347361511143e-07,1.0025691210557852e-07,8.922376082409755e-08,9.603162709481694e-08,1.1460764426374226e-07,9.556988089798324e-08,1.6941483238497312e-07,9.78489396175064e-08,1.4366165146384446e-07,1.2355683054465771e-07,1.0309707221267672e-07
1111,36405248,0.00014460000000000007,6.208144708006198,6.146640408743464,0.0,0.0015625,-0.01212290022522211,1.1847758293151855,5.506003617483657e-07,0.0,-1.266639232635498,1,0,0.9999982118606567,502.2211449088059,0.9999982118606567,5.300055363477441e-07,1.0016248808142336e-07,8.913973204016656e-08,9.594136685109333e-08,1.1449982650901802e-07,9.547987644964451e-08,1.6925559975788929e-07,9.775697407121697e-08,1.4352649202464818e-07,1.2344057154223265e-07,1.0300017549980112e-07
1112,36438016,0.00014446000000000006,6.233896938958209,6.16258082495536,0.0,0.0015625,0.09677857160568237,2.1935739517211914,5.503753754965146e-07,0.0,-1.2647063732147217,1,0,0.9999982118606567,502.2310025693449,0.9999982118606567,5.297155212247162e-07,1.0011893891714863e-07,8.910097903935821e-08,9.589965088707686e-08,1.1445003877952331e-07,9.543835943759404e-08,1.6918201595217397e-07,9.77144694047638e-08,1.4346409216159373e-07,1.2338689714397333e-07,1.0295538999116616e-07
1113,36470784,0.00014432000000000005,6.128926432844111,6.162385637664575,0.0,0.0015625,-0.06971167027950287,1.2826502323150635,5.502697035808524e-07,0.0,-1.2651755809783936,1,0,0.9999982118606567,502.3032174407173,0.9999982118606567,5.295786422720994e-07,1.0009870266003418e-07,8.908296678100669e-08,9.588008254013403e-08,1.1442678982120924e-07,9.54190610968908e-08,1.6914748357521603e-07,9.769452447017102e-08,1.4343495990942756e-07,1.2336184340711043e-07,1.0293437924246973e-07
1114,36503552,0.00014418000000000005,6.146319039659076,6.165267724523346,0.0,0.0015625,-0.03219015523791313,1.3919768333435059,5.502071189766866e-07,0.0,-1.2649924755096436,1,0,0.9999982118606567,502.4039031147868,0.9999982118606567,5.294983793646679e-07,1.000864813249791e-07,8.907209547714956e-08,9.586856464238735e-08,1.1441292713243456e-07,9.540742240687905e-08,1.691271620529733e-07,9.768279340960362e-08,1.4341759424496558e-07,1.2334690779880475e-07,1.029220157988675e-07
1115,36536320,0.00014404000000000004,6.140718396034826,6.170515991595101,0.0,0.0015625,-0.1415492594242096,1.4850318431854248,5.500874635799846e-07,0.0,-1.2648097276687622,1,0,0.9999982118606567,502.47288715026406,0.9999982118606567,5.293443336995551e-07,1.0006338158063954e-07,8.905153947580402e-08,9.584643834159579e-08,1.1438652336437372e-07,9.538540268749784e-08,1.6908813904592535e-07,9.766024788859795e-08,1.4338449716433388e-07,1.233184434568102e-07,1.0289826235521105e-07
1116,36569088,0.00014390000000000003,6.08758179899227,6.154040197710296,0.0,0.0015625,0.020932286977767944,1.6348485946655273,5.498548603100062e-07,0.0,-1.2649332284927368,1,0,0.9999982118606567,502.47507848466915,0.9999982118606567,5.290445415084832e-07,1.0001854633401308e-07,8.901162829033638e-08,9.580330129210779e-08,1.1433515823000562e-07,9.534265643651452e-08,1.6901203991892544e-07,9.761629371496383e-08,1.433201077816193e-07,1.2326306375598506e-07,1.028519491796942e-07
1117,36601856,0.00014376000000000002,5.936202985765139,6.1327699362826165,0.0,0.0,-0.03636385500431061,1.1191619634628296,5.496358426171355e-07,0.0,-1.2673416137695312,1,0,0.9999982118606567,502.4835705680186,0.9999982118606567,5.287615749693941e-07,9.997639693892779e-08,8.89741187393156e-08,9.576293535928926e-08,1.1428697632709373e-07,9.530229760912334e-08,1.6894081511509285e-07,9.757534513710198e-08,1.4325969743822498e-07,1.23211123082001e-07,1.0280880502477885e-07
1118,36634624,0.00014362000000000004,6.093051894633419,6.118189471625461,0.0,0.0,-0.020550869405269623,1.220107078552246,5.495740538208338e-07,0.0,-1.267493724822998,1,0,0.9999982118606567,502.5796895721407,0.9999982118606567,5.286809141580306e-07,9.996456640237739e-08,8.896359560139899e-08,9.575160930808124e-08,1.1427346180425957e-07,9.529102840133419e-08,1.6892083465336327e-07,9.756380592307323e-08,1.4324275809940445e-07,1.231965427450632e-07,1.0279664763857e-07
1119,36667392,0.00014348000000000003,6.104873266790842,6.122728804270688,0.0,0.0,0.016667211428284645,1.4204872846603394,5.493243975251971e-07,0.0,-1.2687283754348755,1,0,0.9999982118606567,502.5694819313783,0.9999982118606567,5.283583277559956e-07,9.991634186690135e-08,8.892067882015908e-08,9.570559456051342e-08,1.142184373748023e-07,9.524523392201445e-08,1.6883966225123004e-07,9.751673957225648e-08,1.4317379282147158e-07,1.2313724084833666e-07,1.0274705175561394e-07
1120,36700160,0.00014334000000000002,6.108912281063559,6.118862774274764,0.0,0.0,0.045327357947826385,1.210192084312439,5.492594254974392e-07,0.0,-1.2687671184539795,1,0,0.9999982118606567,502.6678752873774,0.9999982118606567,5.282747110868513e-07,9.99037652604784e-08,8.89094806666435e-08,9.569355086114228e-08,1.1420406309525788e-07,9.523323996063482e-08,1.688184028125761e-07,9.75044684992099e-08,1.43155759246838e-07,1.231217510166971e-07,1.027341198778231e-07
1121,36732928,0.0001432,6.255804051915573,6.123628708665702,0.0,0.0,0.01991211250424385,0.9213465452194214,5.491082220032695e-07,0.0,-1.269505500793457,1,0,0.9999982118606567,502.71761083004856,0.9999982118606567,5.28081272932468e-07,9.987461169203016e-08,8.88835387513609e-08,9.566544889594297e-08,1.1417063205954037e-07,9.520528010398266e-08,1.6876882114047476e-07,9.747601126264271e-08,1.4311385143628286e-07,1.2308569807828462e-07,1.0270414918522874e-07
1122,36765696,0.00014306000000000003,6.137641086732952,6.114003123443178,0.015625,0.0015625,0.009430309757590294,1.776458978652954,5.489313821271935e-07,0.0,-1.2702534198760986,1,0,0.9999982118606567,502.7403711692303,0.9999982118606567,5.278506591821497e-07,9.984071169810704e-08,8.885336910680053e-08,9.563315472860268e-08,1.1413197853471502e-07,9.517314225604423e-08,1.6871186403477623e-07,9.744292839286572e-08,1.4306542084341345e-07,1.2304403185225965e-07,1.02669282853185e-07
1123,36798464,0.00014292000000000002,6.281810399078326,6.129291520066599,0.0,0.0015625,-0.020525608211755753,1.972976565361023,5.488522560881393e-07,0.0,-1.270569086074829,1,0,0.9999982118606567,502.8217494864472,0.9999982118606567,5.277469767861476e-07,9.9825669508391e-08,8.883998248165881e-08,9.561856018081016e-08,1.1411467681909926e-07,9.515879639820923e-08,1.6868611396603228e-07,9.742805673340627e-08,1.4304372086826334e-07,1.230253872108733e-07,1.0265361538586149e-07
1124,36831232,0.00014278,6.036534920807707,6.118313108181461,0.0,0.0015625,-0.017668794840574265,1.724576473236084,5.488174110723776e-07,0.0,-1.2708452939987183,1,0,0.9999982118606567,502.9280744781042,0.9999982118606567,5.276996262182365e-07,9.981900461752957e-08,8.883404944981521e-08,9.561217950704304e-08,1.1410705980097191e-07,9.51522665104676e-08,1.6867485896909784e-07,9.742174000848536e-08,1.4303417117389472e-07,1.2301717333684792e-07,1.0264695760042741e-07
1125,36864000,0.00014264,6.201148034735239,6.124356072051502,0.0,0.0015625,0.016817253082990646,1.6042308807373047,5.488079182214278e-07,0.0,-1.271026372909546,1,0,0.9999982118606567,503.05266519285817,0.9999982118606567,5.27687575413438e-07,9.981729220953639e-08,8.883252178293333e-08,9.561054525875079e-08,1.1410510580844857e-07,9.515081700328665e-08,1.6867195995473594e-07,9.741988549194502e-08,1.43031712696029e-07,1.2301505591949535e-07,1.0264500360790407e-07
1126,36896768,0.0001425,6.242000354025594,6.139797927554835,0.0,0.0015625,-0.05783480405807495,1.449995994567871,5.486494387696439e-07,0.0,-1.272331714630127,1,0,0.9999982118606567,503.0665476715863,0.9999982118606567,5.274737304716837e-07,9.978740678207032e-08,8.880592616833383e-08,9.558209512761096e-08,1.1407104949512359e-07,9.512233134501002e-08,1.6862178142673656e-07,9.739090245375337e-08,1.4298902328846452e-07,1.2297834928176599e-07,1.026144644811211e-07
1127,36929536,0.00014235999999999999,6.169355773646287,6.16311320634295,0.0,0.0015625,0.06513525545597076,1.9614170789718628,5.484527036969666e-07,0.0,-1.2732504606246948,1,0,0.9999982118606567,503.06027118490647,0.9999982118606567,5.272132739264634e-07,9.975011039387027e-08,8.877273671714647e-08,9.554618429774564e-08,1.1402830324414026e-07,9.508659104540129e-08,1.685584294364162e-07,9.735449424397302e-08,1.429354483661882e-07,1.2293226347992459e-07,1.0257610938424477e-07
1128,36962304,0.00014221999999999998,6.296145095759601,6.183422526455567,0.0,0.0015625,-0.03609751909971237,1.2852176427841187,5.484152438839374e-07,0.0,-1.2736964225769043,1,0,0.9999982118606567,503.1701022374505,0.9999982118606567,5.27164445429662e-07,9.974288417424759e-08,8.876630630538784e-08,9.553926361149934e-08,1.1402003963212337e-07,9.507969878086442e-08,1.6854622231221583e-07,9.734744566003428e-08,1.4292508865310083e-07,1.2292335327401815e-07,1.0256867000180137e-07
1129,36995072,0.00014208,6.1141990756654,6.184355107343023,0.0,0.0015625,0.06532144546508789,2.0915699005126953,5.48401089872641e-07,0.0,-1.2737501859664917,1,0,0.9999982118606567,503.2873778791451,0.9999982118606567,5.271438681120344e-07,9.974021253356113e-08,8.87639330926504e-08,9.553671276307796e-08,1.1401699850921432e-07,9.507716214329776e-08,1.685417174712711e-07,9.73448450736214e-08,1.4292126593318244e-07,1.2292007056657894e-07,1.0256593441226869e-07
1130,37027840,0.00014193999999999999,6.084994727584741,6.181963351995142,0.0,0.0015625,-0.07180578261613846,0.8706116676330566,5.482024221237225e-07,0.0,-1.2719980478286743,1,0,0.9999982118606567,503.2793352464506,0.9999982118606567,5.268794893709128e-07,9.970255376856585e-08,8.87304167918046e-08,9.550063850838342e-08,1.1397393961942726e-07,9.50412584188598e-08,1.6847808126385644e-07,9.730809580332789e-08,1.4286730731782882e-07,1.228736579150791e-07,1.025272027277424e-07
1131,37060608,0.00014179999999999998,6.109520188942071,6.167334965697792,0.0,0.0015625,0.024309571832418442,2.0064806938171387,5.480026743498456e-07,0.0,-1.2708237171173096,1,0,0.9999982118606567,503.278050724827,0.9999982118606567,5.266167590889381e-07,9.966452552134797e-08,8.86965807467277e-08,9.54643937234323e-08,1.1393058230169117e-07,9.500519126959261e-08,1.6841414662849274e-07,9.727097705081178e-08,1.4281295079854317e-07,1.2282690420306608e-07,1.0248810866642089e-07
1132,37093376,0.00014166,6.04214059792022,6.157784916816519,0.0,0.0,0.10144564509391785,2.1218056678771973,5.479620313053601e-07,0.0,-1.270928144454956,1,0,0.9999982118606567,503.38182238571665,0.9999982118606567,5.265630420581147e-07,9.965673797296404e-08,8.868963874419933e-08,9.545693302470681e-08,1.1392167209578474e-07,9.499776609800392e-08,1.6840097316617175e-07,9.726337424353915e-08,1.4280178106673702e-07,1.2281731187613332e-07,1.0248008663893415e-07
1133,37126144,0.00014152,6.282654326622495,6.157869309570936,0.0,0.0,0.012811865657567978,2.098468542098999,5.477663762576412e-07,0.0,-1.2724385261535645,1,0,0.9999982118606567,503.39551542851405,0.9999982118606567,5.263090088192257e-07,9.961929947621684e-08,8.865632139531954e-08,9.54208871917217e-08,1.1387876241997219e-07,9.49618907952754e-08,1.6833739380217594e-07,9.7226831030639e-08,1.4274799298163998e-07,1.2277105554403533e-07,1.0244158943351067e-07
1134,37158912,0.00014137999999999998,6.182012563858253,6.172417073875989,0.0,0.0,0.09573061764240265,2.0372133255004883,5.477081685967278e-07,0.0,-1.272974967956543,1,0,0.9999982118606567,503.49205378282716,0.9999982118606567,5.262332365418843e-07,9.960808711184654e-08,8.864634537530947e-08,9.541015089098437e-08,1.1386595133444644e-07,9.495138897364086e-08,1.6831845073284057e-07,9.7215703931397e-08,1.4273194892666652e-07,1.2275722838239744e-07,1.0242986547837063e-07
1135,37191680,0.00014123999999999997,6.1865825899249405,6.17096052939496,0.0,0.0,0.06184888631105423,1.7761048078536987,5.476844648910628e-07,0.0,-1.273313045501709,1,0,0.9999982118606567,503.6025730940349,0.9999982118606567,5.262000968286884e-07,9.960352542748296e-08,8.864228817628828e-08,9.540595868884338e-08,1.1386084963760368e-07,9.494704045209801e-08,1.6831106108838867e-07,9.721144067498244e-08,1.4272553983118996e-07,1.2275172878162266e-07,1.0242537484828063e-07
1136,37224448,0.00014109999999999996,6.17039214064572,6.163799708056972,0.0,0.0,0.058053158223629,2.095327138900757,5.476143201121886e-07,0.0,-1.2740342617034912,1,0,0.9999982118606567,503.688897677369,0.9999982118606567,5.261082378638093e-07,9.959023117289689e-08,8.863045053431051e-08,9.539323286844592e-08,1.1384565112848577e-07,9.493436436969205e-08,1.6828859372708393e-07,9.719846616462746e-08,1.4270648307501688e-07,1.2273534366613603e-07,1.0241169690061724e-07
1137,37257216,0.00014095999999999995,6.1276377979198795,6.159627910484333,0.0,0.0,0.08518585562705994,1.4462528228759766,5.474257136484084e-07,0.0,-1.2758984565734863,1,0,0.9999982118606567,503.7073895782885,0.9999982118606567,5.258619353298855e-07,9.955395086080898e-08,8.859817057782493e-08,9.53584802232399e-08,1.1380417674899945e-07,9.489978936016996e-08,1.6822728809984255e-07,9.716305982010454e-08,1.4265449976846867e-07,1.22690636317202e-07,1.0237439340698984e-07
1138,37289984,0.00014081999999999994,6.249792704457456,6.154992671354117,0.0,0.0,0.08887070417404175,1.914208173751831,5.472036832543381e-07,0.0,-1.2787328958511353,1,0,0.9999982118606567,503.70516886242837,0.9999982118606567,5.255731707620726e-07,9.951142487807374e-08,8.856032707171835e-08,9.531756717251483e-08,1.1375546193903574e-07,9.485906815598355e-08,1.6815511116874404e-07,9.712155701890879e-08,1.4259343572575744e-07,1.2263811299817462e-07,1.0233067371245852e-07
1139,37322752,0.00014067999999999996,6.145955970961914,6.158168360883769,0.0,0.0,-0.10041633248329163,1.0334136486053467,5.467975370265776e-07,0.0,-1.2835372686386108,1,0,0.9999982118606567,503.56519370772213,0.9999982118606567,5.25037592069566e-07,9.943421019897869e-08,8.849160337831563e-08,9.52435996737222e-08,1.136671841095449e-07,9.47856406696701e-08,1.6802462710074906e-07,9.704600500981542e-08,1.4248277580009017e-07,1.225429429041469e-07,1.0225106450434396e-07
1140,37355520,0.00014053999999999995,5.978508836547364,6.147519771780031,0.0,0.0,-0.05665779858827591,1.124387264251709,5.467255732582998e-07,0.0,-1.2842456102371216,1,0,0.9999982118606567,503.6447947837466,0.9999982118606567,5.249424930298119e-07,9.942056067302474e-08,8.847945309753413e-08,9.523051858195686e-08,1.1365157348564026e-07,9.477262352675098e-08,1.6800156288354628e-07,9.703268233351992e-08,1.4246322166400205e-07,1.225261172521641e-07,1.0223702417988534e-07
1141,37388288,0.00014039999999999997,6.236527172672791,6.160220470153104,0.0,0.0,0.06739628314971924,1.9835879802703857,5.465700496642967e-07,0.0,-1.285170316696167,1,0,0.9999982118606567,503.666977465815,0.9999982118606567,5.247347871772945e-07,9.939098077893505e-08,8.845312748917422e-08,9.52021892430821e-08,1.1361776586227279e-07,9.474442919099602e-08,1.6795158330751292e-07,9.700381298216598e-08,1.424208306843866e-07,1.2248966640981962e-07,1.022066129507948e-07
1142,37421056,0.00014025999999999996,6.220990069770492,6.178105417338131,0.0,0.0,0.020326776430010796,1.1398241519927979,5.464094670060149e-07,0.0,-1.2859535217285156,1,0,0.9999982118606567,503.7008792198228,0.9999982118606567,5.245261718300753e-07,9.936007927535684e-08,8.84256294853003e-08,9.517277987924899e-08,1.1358255136428852e-07,9.471498430002612e-08,1.67899685266093e-07,9.697384939499898e-08,1.4237669176964118e-07,1.2245170921687532e-07,1.0217503643161763e-07
1143,37453824,0.00014011999999999995,6.220757604097754,6.171915745085657,0.0,0.0,-0.03701082617044449,1.570460557937622,5.46288561054098e-07,0.0,-1.2859195470809937,1,0,0.9999982118606567,503.7587034620331,0.9999982118606567,5.24368658716412e-07,9.933696532016256e-08,8.840505216767269e-08,9.515044752106405e-08,1.1355601259310788e-07,9.469275852325154e-08,1.6786030698767718e-07,9.69512896631386e-08,1.423434383696076e-07,1.2242310276633361e-07,1.0215125456625174e-07
1144,37486592,0.00013997999999999994,6.193257201771155,6.173040208876947,0.0,0.0,0.1150863766670227,3.3001480102539062,5.461671435114113e-07,0.0,-1.2877962589263916,1,0,0.9999982118606567,503.8054475714946,0.9999982118606567,5.242076781541982e-07,9.931404321150694e-08,8.838465248572902e-08,9.512849175052907e-08,1.135298148824404e-07,9.467108696981086e-08,1.6782156819772354e-07,9.692872282585085e-08,1.4231059708436078e-07,1.223948515871598e-07,1.0212749401716792e-07
1145,37519360,0.00013983999999999996,5.9309956663432235,6.147481516518774,0.0,0.0,-0.027547989040613174,1.518507957458496,5.458350642584264e-07,0.0,-1.2882683277130127,1,0,0.9999982118606567,503.71936913334946,0.9999982118606567,5.237698701421323e-07,9.925059885063092e-08,8.832819986537288e-08,9.506791798230552e-08,1.134574034722391e-07,9.461061978299767e-08,1.677146883594105e-07,9.686699797839537e-08,1.4221981814444007e-07,1.223167913622092e-07,1.0206245093513644e-07
1146,37552128,0.00013969999999999995,5.88110816179401,6.118553118633605,0.0,0.0,0.028838783502578735,1.2837238311767578,5.456080316434964e-07,0.0,-1.288362741470337,1,0,0.9999982118606567,503.70839970787995,0.9999982118606567,5.234732611825166e-07,9.920726284917691e-08,8.828962450024846e-08,9.502640097025505e-08,1.1340785732727454e-07,9.456930882834058e-08,1.6764144561420835e-07,9.682469936933558e-08,1.4215771670933464e-07,1.2226337275933474e-07,1.0201787858932221e-07
1147,37584896,0.00013955999999999994,6.0173118770070655,6.107520526542323,0.0,0.0,-0.06604783982038498,1.1484473943710327,5.4555346196139e-07,0.0,-1.289320468902588,1,0,0.9999982118606567,503.79061100617616,0.9999982118606567,5.233969204709865e-07,9.919723709117534e-08,8.828070718891468e-08,9.501660969135628e-08,1.1339628969153637e-07,9.455956728743331e-08,1.6762417942572938e-07,9.68149080904368e-08,1.4214320742667041e-07,1.222508956288948e-07,1.0200756861422633e-07
1148,37617664,0.00013941999999999994,6.155027992150728,6.09804405531165,0.0,0.0,0.07740835845470428,1.7346961498260498,5.454887741507264e-07,0.0,-1.2905852794647217,1,0,0.9999982118606567,503.88380682526343,0.9999982118606567,5.233135311755177e-07,9.918474574988068e-08,8.826958719510003e-08,9.500483599822473e-08,1.1338212146938531e-07,9.454784333229327e-08,1.6760340315613576e-07,9.680272228251852e-08,1.421254438582764e-07,1.2223561896007595e-07,1.019947362124185e-07
1149,37650432,0.00013927999999999993,6.128316320060056,6.096280090221464,0.0,0.0,0.023835407570004463,1.5025641918182373,5.453912308439612e-07,0.0,-1.2912603616714478,1,0,0.9999982118606567,503.9459460047646,0.9999982118606567,5.231833029029076e-07,9.916639243101599e-08,8.825325892303226e-08,9.498707953525809e-08,1.1336103256098795e-07,9.453035687556621e-08,1.6757206822148873e-07,9.678463186446606e-08,1.4209902587936085e-07,1.2221289580338635e-07,1.019756652453907e-07
1150,37683200,0.00013913999999999995,6.129404742304231,6.111369680797152,0.0,0.0,-0.08195928484201431,1.1926071643829346,5.453405833577563e-07,0.0,-1.2905303239822388,1,0,0.9999982118606567,504.03404367909883,0.9999982118606567,5.231144655226672e-07,9.915694221263038e-08,8.824484609704086e-08,9.497801300994979e-08,1.1335022520597704e-07,9.452133298282206e-08,1.6755609522078885e-07,9.677539480890118e-08,1.4208548293481726e-07,1.2220124290251988e-07,1.0196593791533815e-07
1151,37715968,0.00013899999999999994,6.172548219169839,6.104971785446855,0.0,0.0,0.0556795559823513,1.9627103805541992,5.452137088468589e-07,0.0,-1.2901861667633057,1,0,0.9999982118606567,504.07121612674456,0.9999982118606567,5.229443900134356e-07,9.913291876273433e-08,8.82234729715492e-08,9.495519037727718e-08,1.1332287641607763e-07,9.449844640130323e-08,1.6751582165852597e-07,9.675214585058711e-08,1.420512063532442e-07,1.2217175537898584e-07,1.0194143840180914e-07
1152,37748736,0.00013885999999999995,6.178504167282371,6.100723195198043,0.0,0.0,-0.03705243021249771,1.9766699075698853,5.45144246189011e-07,0.0,-1.289701223373413,1,0,0.9999982118606567,504.1585359712275,0.9999982118606567,5.228536110735149e-07,9.911949661045583e-08,8.821152874816107e-08,9.494232955375992e-08,1.1330752869298522e-07,9.448564952663219e-08,1.6749315534525522e-07,9.67390434425397e-08,1.4203196485595981e-07,1.2215521394409734e-07,1.0192763255645332e-07
1153,37781504,0.00013871999999999995,6.088280986917742,6.087475533480042,0.0,0.0,0.05374549701809883,3.30177640914917,5.450360163195e-07,0.0,-1.2901332378387451,1,0,0.9999982118606567,504.2228357683984,0.9999982118606567,5.227129804552533e-07,9.909870613000749e-08,8.819301200446716e-08,9.492242014630392e-08,1.1328376103847404e-07,9.446582538430448e-08,1.674579976906898e-07,9.671875034200639e-08,1.4200216469362203e-07,1.2212959177304583e-07,1.019062523255343e-07
1154,37814272,0.00013857999999999996,6.0378257842130445,6.071932391724232,0.0,0.0,-0.049895040690898895,2.941988706588745,5.449246600619517e-07,0.0,-1.2909244298934937,1,0,0.9999982118606567,504.28008049457895,0.9999982118606567,5.225674613029696e-07,9.907753906190919e-08,8.817417551654216e-08,9.490214125662533e-08,1.1325956705832141e-07,9.444563886518154e-08,1.6742224318022636e-07,9.669809486467784e-08,1.419718387296598e-07,1.2210350064378872e-07,1.0188448129611061e-07
1155,37847040,0.00013843999999999996,6.230892990849403,6.101922124174849,0.0,0.0,0.032180726528167725,1.2939834594726562,5.448757747217314e-07,0.0,-1.2910078763961792,1,0,0.9999982118606567,504.3785558847486,0.9999982118606567,5.225036829870078e-07,9.906828069006224e-08,8.81659403262347e-08,9.489308894217174e-08,1.1324887339014822e-07,9.443663628871946e-08,1.6740627017952647e-07,9.668905676107897e-08,1.4195843789366336e-07,1.220919756406147e-07,1.0187496002345142e-07
1156,37879808,0.00013829999999999995,6.139875680239339,6.127798876019382,0.0,0.0,-0.05779051035642624,0.9608368873596191,5.444233011075994e-07,0.0,-1.2915916442871094,1,0,0.9999982118606567,504.24392914427136,0.9999982118606567,5.219170020609454e-07,9.89812107832222e-08,8.808845564090007e-08,9.480968543584822e-08,1.131493476691503e-07,9.435381542743926e-08,1.6725914520065999e-07,9.660389110877077e-08,1.4183366658926388e-07,1.219846694766602e-07,1.0178523268677964e-07
1157,37912576,0.00013815999999999994,6.199100367016686,6.145977725020343,0.0,0.0,-0.04930822551250458,1.2899596691131592,5.440248287413851e-07,0.0,-1.2914096117019653,1,0,0.9999982118606567,504.1097862017716,0.9999982118606567,5.213901772549434e-07,9.890534613532509e-08,8.802093276472078e-08,9.473720297137334e-08,1.1306273250966115e-07,9.428150349322095e-08,1.6713126171907788e-07,9.65300301913885e-08,1.4172508144838503e-07,1.218912899503266e-07,1.0170741404635919e-07
1158,37945344,0.00013801999999999996,6.257752341428871,6.156250159948158,0.0,0.0,-0.00021740049123764038,1.368549108505249,5.439642336568795e-07,0.0,-1.2914353609085083,1,0,0.9999982118606567,504.18939699155015,0.9999982118606567,5.213081522015273e-07,9.889402718954443e-08,8.80108572687277e-08,9.472636008922564e-08,1.1304979352644295e-07,9.427071034906476e-08,1.6711213390863122e-07,9.651898125184744e-08,1.4170886686315498e-07,1.2187733489099628e-07,1.0169577535634744e-07
1159,37978112,0.00013787999999999995,6.188551595809638,6.1622736875231165,0.0,0.0,-0.08512719720602036,1.1451354026794434,5.412073846855492e-07,0.0,-1.2925434112548828,1,0,0.9999983310699463,504.0528669008282,0.9999983310699463,5.208103175391443e-07,9.882370477498625e-08,8.794827266456196e-08,9.465900774330294e-08,1.129693956158917e-07,9.420368485280051e-08,1.66993288530648e-07,9.645034992900037e-08,1.4160809769236948e-07,1.2179067709894298e-07,1.0162346342212913e-07
1160,38010880,0.00013773999999999997,6.2717845892668915,6.176511672219383,0.0,0.0,0.023554187268018723,1.4806768894195557,5.410350922829821e-07,0.0,-1.2915756702423096,1,0,0.9999983310699463,504.06126812541055,0.9999983310699463,5.205818638387427e-07,9.879092033315828e-08,8.791909777983165e-08,9.462759464895498e-08,1.1293191448658035e-07,9.417242097242706e-08,1.6693789461896813e-07,9.641833997875437e-08,1.4156111660668103e-07,1.2175026142813294e-07,1.015897339584626e-07
1161,38043648,0.00013759999999999996,6.169435368152586,6.176200387117658,0.0,0.0,0.01985834911465645,1.3774830102920532,5.409457344285329e-07,0.0,-1.2928812503814697,1,0,0.9999983310699463,504.13494807914094,0.9999983310699463,5.204657327340101e-07,9.877376783151703e-08,8.790383532186752e-08,9.461117400633157e-08,1.1291231061250073e-07,9.415607848950458e-08,1.6690890447534912e-07,9.640160669732722e-08,1.4153654603887844e-07,1.2172912988717144e-07,1.0157211249861575e-07
1162,38076416,0.00013745999999999995,6.123535349463134,6.170703505335733,0.0,0.0,0.07448489964008331,2.405245780944824,5.40738653853623e-07,0.0,-1.2912440299987793,1,0,0.9999983310699463,504.11047559736085,0.9999983310699463,5.201903263696295e-07,9.873459561049458e-08,8.786896898982377e-08,9.457346550334478e-08,1.1286741852245541e-07,9.411872525788567e-08,1.6684239767528197e-07,9.636318054617732e-08,1.4148027105420624e-07,1.2168072771601146e-07,1.0153162577353214e-07
1163,38109184,0.00013731999999999994,5.8576533574012934,6.147640742384088,0.0,0.0,0.0330197736620903,1.6368058919906616,5.403200020737131e-07,0.0,-1.2925999164581299,1,0,0.9999983310699463,503.98167464639903,0.9999983310699463,5.196444021748903e-07,9.865439665190934e-08,8.779760918287138e-08,9.449683346929305e-08,1.1277585798552536e-07,9.40422850703726e-08,1.6670719560352154e-07,9.628509900494464e-08,1.4136550419152627e-07,1.2158201911915967e-07,1.0144935203015848e-07
1164,38141952,0.00013717999999999993,6.0157282112611785,6.145430985088902,0.0,0.0,0.08827775716781616,2.333895206451416,5.402802116805105e-07,0.0,-1.293049931526184,1,0,0.9999983310699463,504.08501674201995,0.9999983310699463,5.195923336032138e-07,9.864687200433764e-08,8.779090165944581e-08,9.448962856595244e-08,1.1276726041842267e-07,9.403511569416878e-08,1.6669447688855143e-07,9.627775909848424e-08,1.4135470394194272e-07,1.2157273943103064e-07,1.0144162132519341e-07
1165,38174720,0.00013703999999999992,5.915108515427631,6.113852537546725,0.015625,0.0015625,-0.009851722046732903,1.8812538385391235,5.402358169703803e-07,0.0,-1.2936522960662842,1,0,0.9999983310699463,504.18594841128487,0.9999983310699463,5.195348649067455e-07,9.863840233492738e-08,8.778336990644675e-08,9.448151416791006e-08,1.1275757572093426e-07,9.402704392869055e-08,1.6668018076870794e-07,9.626949548646735e-08,1.4134258208287065e-07,1.2156230866366968e-07,1.0143291007125299e-07
1166,38207488,0.0001368999999999999,5.861059542725367,6.085970923795328,0.0,0.0015625,-0.05786002799868584,1.412123680114746,5.401743692345917e-07,0.0,-1.2945069074630737,1,0,0.9999983310699463,504.27952081695776,0.9999983310699463,5.194556251808535e-07,9.86265504820949e-08,8.777281834682071e-08,9.447016680041997e-08,1.1274403277639067e-07,9.401574629919196e-08,1.666601434635595e-07,9.625792785072917e-08,1.4132558590063127e-07,1.2154769990502245e-07,1.014207242633347e-07
1167,38240256,0.0001367599999999999,5.80469206191207,6.046530093284867,0.0,0.0015625,0.11645635217428207,2.010678768157959,5.401001885729784e-07,0.0,-1.2957017421722412,1,0,0.9999983310699463,504.3554138877996,0.9999983310699463,5.193560355110094e-07,9.861244620879006e-08,8.776027016210719e-08,9.445665227758582e-08,1.1272791056171627e-07,9.400229572520402e-08,1.666362976493474e-07,9.624415753251014e-08,1.4130537806522625e-07,1.2153032002970576e-07,1.0140620787524313e-07
1168,38273024,0.0001366199999999999,5.8745418235010645,6.008209041492085,0.0,0.0015625,-0.013767708092927933,1.0984339714050293,5.400177087722113e-07,0.0,-1.2958608865737915,1,0,0.9999983310699463,504.43240798358227,0.9999983310699463,5.192480898585927e-07,9.859665084377411e-08,8.77462085213665e-08,9.444151771731413e-08,1.1270984856537325e-07,9.398723221920591e-08,1.6660960966419225e-07,9.622873875514415e-08,1.4128274017366493e-07,1.2151085115874594e-07,1.0138996486830365e-07
1169,38305792,0.00013647999999999989,5.813769334208365,5.970730815331958,0.0,0.0015625,-0.005028627812862396,1.469559669494629,5.397758968683775e-07,0.0,-1.297709584236145,1,0,0.9999983310699463,504.3935659072155,0.9999983310699463,5.189273224459612e-07,9.855096294586474e-08,8.77055512660263e-08,9.439775539021866e-08,1.1265762367429488e-07,9.394368305493117e-08,1.6653240209052456e-07,9.618414509304785e-08,1.41217270765992e-07,1.214545335415096e-07,1.0134298378261519e-07
1170,38338560,0.00013633999999999988,5.823619464865048,5.925914302891774,0.0,0.0015625,-0.07291832566261292,1.076411247253418,5.395584707912349e-07,0.0,-1.299966812133789,1,0,0.9999983310699463,504.3823432707036,0.9999983310699463,5.186418547964422e-07,9.85094246175322e-08,8.766858883291206e-08,9.435779446675951e-08,1.1261003862728103e-07,9.390391397801068e-08,1.6646190204028244e-07,9.614361573540009e-08,1.411576278087523e-07,1.2140324656684243e-07,1.0130028016419601e-07
1171,38371328,0.00013619999999999987,5.973897117667423,5.906360477843258,0.0,0.0015625,0.04923805221915245,1.8073272705078125,5.393934543462819e-07,0.0,-1.300325632095337,1,0,0.9999983310699463,504.4113053273429,0.9999983310699463,5.184277256375935e-07,9.847786230920974e-08,8.764050107856747e-08,9.432756087335292e-08,1.1257395726715913e-07,9.38738295985786e-08,1.6640856870253629e-07,9.611280660237753e-08,1.411123946581938e-07,1.2136435145748692e-07,1.0126782257202649e-07
1172,38404096,0.0001360599999999999,6.12949304426865,5.906956247323809,0.0,0.0015625,-0.0641968846321106,1.5017085075378418,5.39234576990566e-07,0.0,-1.302582859992981,1,0,0.9999983310699463,504.4258254974821,0.9999983310699463,5.18215188094473e-07,9.844781345691445e-08,8.761375624999346e-08,9.429896152823858e-08,1.1253971621272285e-07,9.384536525658405e-08,1.663581059574426e-07,9.608348250367271e-08,1.410694778769539e-07,1.2132743165693682e-07,1.0123692817387564e-07
1173,38436864,0.00013591999999999988,6.055273636297206,5.926718275213401,0.0,0.0015625,-0.0419430136680603,1.8573875427246094,5.390585329223541e-07,0.0,-1.3024122714996338,1,0,0.9999983310699463,504.4453511273214,0.9999983310699463,5.179849154046678e-07,9.84140200444017e-08,8.758367897598873e-08,9.426658920119735e-08,1.1250108400417957e-07,9.381315635437204e-08,1.6630100674319692e-07,9.605049910987873e-08,1.410210472840845e-07,1.2128577964176657e-07,1.0120217552866961e-07
1174,38469632,0.00013577999999999987,6.138457929719385,5.938991247059221,0.0,0.0015625,0.037873219698667526,2.1914868354797363,5.389914008446794e-07,0.0,-1.302900791168213,1,0,0.9999983310699463,504.52217479643565,0.9999983310699463,5.178955007067998e-07,9.84014505434061e-08,8.757249503332787e-08,9.425454550182621e-08,1.124867168300625e-07,9.380116239299241e-08,1.662797615153977e-07,9.603822803683215e-08,1.410030279203056e-07,1.2127027559927228e-07,1.0118924365087878e-07
1175,38502400,0.00013563999999999986,6.18108415304099,5.965588810820557,0.0,0.0,0.06789179146289825,1.7075121402740479,5.388853310250852e-07,0.0,-1.3023924827575684,1,0,0.9999983310699463,504.5698216512963,0.9999983310699463,5.177522552912706e-07,9.838155534680482e-08,8.755478830835273e-08,9.423548874565313e-08,1.1246397235709082e-07,9.378219800737497e-08,1.6624613863314153e-07,9.601880890386383e-08,1.4097452094574692e-07,1.2124576187488856e-07,1.0116878002008889e-07
1176,38535168,0.00013549999999999988,6.1527356891622835,5.9947564254642485,0.0,0.0,0.014090540818870068,1.5357422828674316,5.388764634517429e-07,0.0,-1.3020896911621094,1,0,0.9999983310699463,504.6867029447522,0.9999983310699463,5.177399771127966e-07,9.838005610163236e-08,8.755344538258214e-08,9.423387581364295e-08,1.1246203968084956e-07,9.37807698164761e-08,1.6624328225134377e-07,9.601716755014422e-08,1.4097224720899248e-07,1.2124378656608314e-07,1.0116704629581363e-07
1177,38567936,0.00013535999999999987,5.792325943636099,5.9935198136366505,0.0,0.0,0.046151287853717804,1.7425425052642822,5.387973374126886e-07,0.0,-1.3024325370788574,1,0,0.9999983310699463,504.755868379574,0.9999983310699463,5.176343051971344e-07,9.836504233362575e-08,8.754009428457721e-08,9.421949442867117e-08,1.1244487296835359e-07,9.376645948577789e-08,1.6621791587567714e-07,9.600251615893285e-08,1.4095073197495367e-07,1.2122529824409867e-07,1.0115161330759292e-07
1178,38600704,0.00013521999999999986,6.089221954837756,6.01498782677032,0.0,0.0,0.09238869696855545,1.8621009588241577,5.387330475059571e-07,0.0,-1.302202582359314,1,0,0.9999983310699463,504.8370709358566,0.9999983310699463,5.175484147912357e-07,9.835284942028011e-08,8.75292371915748e-08,9.420782021152263e-08,1.1243115238812607e-07,9.375465026550955e-08,1.661973243471948e-07,9.599079930922017e-08,1.4093326683450869e-07,1.2121026315980998e-07,1.0113927118027277e-07
1179,38633472,0.00013507999999999985,6.1725034791051625,6.05086124126,0.0,0.0,-0.09103107452392578,1.00267493724823,5.383251959756308e-07,0.0,-1.305109977722168,1,0,0.9999983310699463,504.7051814606683,0.9999983310699463,5.170131771592423e-07,9.827503077985966e-08,8.745998059112026e-08,9.413327006768668e-08,1.1234197927478817e-07,9.36806543450075e-08,1.6606581709766033e-07,9.591466465508347e-08,1.4082174004670378e-07,1.211143683121918e-07,1.0105905090540546e-07
1180,38666240,0.00013493999999999984,6.178238337154625,6.086323128488958,0.0,0.0,0.021302860230207443,1.5716469287872314,5.382417498367431e-07,0.0,-1.3058114051818848,1,0,0.9999983310699463,504.76014281005615,0.9999983310699463,5.168982966097246e-07,9.825947699937387e-08,8.744613921862765e-08,9.411854762220173e-08,1.1232441465836018e-07,9.366582531811218e-08,1.6603986807695037e-07,9.589965799250422e-08,1.4079958532420278e-07,1.21095297345164e-07,1.010432413295348e-07
1181,38699008,0.00013479999999999983,6.033298467108682,6.092263263433083,0.0,0.0,0.03369250148534775,1.8428456783294678,5.381677965488052e-07,0.0,-1.3058737516403198,1,0,0.9999983310699463,504.8198587739725,0.9999983310699463,5.167962626728695e-07,9.824579194628313e-08,8.743396762156408e-08,9.410526757847038e-08,1.1230855534449802e-07,9.365277975348363e-08,1.66016434377525e-07,9.588612925881534e-08,1.4077984644700337e-07,1.2107832958463405e-07,1.0102898073682809e-07
1182,38731776,0.00013465999999999985,5.967528987992916,6.076066857805509,0.0,0.0,0.010437224060297012,1.4978487491607666,5.380242100727628e-07,0.0,-1.3051362037658691,1,0,0.9999983310699463,504.8503352689275,0.9999983310699463,5.166074856788327e-07,9.821862789749503e-08,8.740978785226616e-08,9.407924750348684e-08,1.1227771778976603e-07,9.362670283508123e-08,1.6597051910594018e-07,9.585979654502808e-08,1.4074092291593843e-07,1.2104484881092503e-07,1.0100123404299666e-07
1183,38764544,0.00013451999999999984,5.804794485905273,6.051018942766317,0.0,0.0,0.16612602770328522,1.5182586908340454,5.379573053687636e-07,0.0,-1.3049638271331787,1,0,0.9999983310699463,504.92205160969377,0.9999983310699463,5.16515910931048e-07,9.820607260735414e-08,8.739861101503266e-08,9.406740275608172e-08,1.1226337193193103e-07,9.361491493109497e-08,1.6594962914950884e-07,9.584754678826357e-08,1.4072307408241613e-07,1.2102950108783261e-07,1.009883234814879e-07
1184,38797312,0.00013437999999999986,5.93571686017663,6.030744835812041,0.0,0.0,0.019901523366570473,2.7560017108917236,5.378033733904886e-07,0.0,-1.3044071197509766,1,0,0.9999983310699463,504.9499989722679,0.9999983310699463,5.163130367691338e-07,9.817667034894839e-08,8.737244883150197e-08,9.403924394746355e-08,1.1222975615510222e-07,9.358688402016924e-08,1.6589993379056978e-07,9.581885507259358e-08,1.4068093889818556e-07,1.2099326340830885e-07,1.009580898880813e-07
1185,38830080,0.00013423999999999985,5.7255988901095165,5.985196309518894,0.0,0.0,0.040268611162900925,2.074613094329834,5.376722356231767e-07,0.0,-1.305514931678772,1,0,0.9999983310699463,504.97270789229447,0.9999983310699463,5.161392095942574e-07,9.81519505671713e-08,8.735045042840284e-08,9.401556866350802e-08,1.122015049759284e-07,9.356332952847879e-08,1.658581822994165e-07,9.579473214671452e-08,1.4064552544823528e-07,1.2096279533579946e-07,1.0093267377442317e-07
1186,38862848,0.00013409999999999984,5.780764250554325,5.947999165658098,0.0,0.0,-0.041826143860816956,2.447119951248169,5.376317631089478e-07,0.0,-1.3057410717010498,1,0,0.9999983310699463,505.06166961677076,0.9999983310699463,5.160850946595019e-07,9.814428381105245e-08,8.734362211271218e-08,9.40082145461929e-08,1.1219272977314176e-07,9.355601093830046e-08,1.6584520778906153e-07,9.578724302627961e-08,1.406345262466857e-07,1.2095333090655913e-07,1.0092478675005623e-07
1187,38895616,0.00013395999999999984,6.031226106065898,5.971889181901078,0.0,0.0,-0.03625050187110901,2.0802478790283203,5.372565397010476e-07,0.0,-1.3086514472961426,1,0,0.9999983310699463,504.9285567896486,0.9999983310699463,5.155866915629304e-07,9.807317269405758e-08,8.728033407123803e-08,9.394010191954294e-08,1.1211144368417081e-07,9.348822516130895e-08,1.6572504080158978e-07,9.571784431727792e-08,1.405326344183777e-07,1.208657067763852e-07,1.008516576916918e-07
1188,38928384,0.00013381999999999983,6.202055828722946,5.983172569289597,0.0,0.0,0.14418573677539825,2.4245967864990234,5.371261408981809e-07,0.0,-1.3083992004394531,1,0,0.9999983310699463,504.95097231876446,0.9999983310699463,5.154107043381373e-07,9.804885792163986e-08,8.725870515036149e-08,9.391663269298078e-08,1.1208343408952715e-07,9.346505436269581e-08,1.656836445818044e-07,9.56939345542196e-08,1.404976615049236e-07,1.208356223969531e-07,1.008264689517091e-07
1189,38961152,0.00013367999999999982,6.098576328673394,5.97577985424642,0.0,0.0,0.015053775161504745,1.8422712087631226,5.371037445911497e-07,0.0,-1.3081965446472168,1,0,0.9999983310699463,505.0596050289501,0.9999983310699463,5.153802362656279e-07,9.804455203266116e-08,8.725487532501575e-08,9.391268918079732e-08,1.1207873029661641e-07,9.346095453111047e-08,1.6567668126299395e-07,9.568991288233519e-08,1.4049165031337907e-07,1.2083043543498206e-07,1.0082224122243133e-07
1190,38993920,0.0001335399999999998,6.048970425945653,5.962853063125523,0.0,0.0,0.001507587730884552,1.9604153633117676,5.369052473724878e-07,0.0,-1.3087310791015625,1,0,0.9999983310699463,505.0529690437518,0.9999983310699463,5.151193249730568e-07,9.800678668625551e-08,8.722126665361429e-08,9.387651545011977e-08,1.1203555061456427e-07,9.342495133068951e-08,1.656128745253227e-07,9.565304992520396e-08,1.4043752116776886e-07,1.2078389488578978e-07,1.0078339585106733e-07
1191,39026688,0.0001333999999999998,6.101389344151094,5.969662150829764,0.0,0.0,0.05623878911137581,1.7428644895553589,5.369019504541939e-07,0.0,-1.3086572885513306,1,0,0.9999983310699463,505.1745071646539,0.9999983310699463,5.151148911863856e-07,9.800622535749426e-08,8.72207621682719e-08,9.387579780195665e-08,1.1203469796328136e-07,9.342441842363769e-08,1.6561160975925304e-07,9.565232517161348e-08,1.4043658325135766e-07,1.20783084867071e-07,1.007826284649127e-07
1192,39059456,0.0001332599999999998,6.13519928349297,5.98642918037977,0.0,0.0,0.07998756319284439,2.911749839782715,5.3681083045376e-07,0.0,-1.30867338180542,1,0,0.9999983310699463,505.23934261087,0.9999983310699463,5.149945536686573e-07,9.798883837675021e-08,8.720530075834176e-08,9.385932742134173e-08,1.1201503724578288e-07,9.34078414616124e-08,1.6558254856136045e-07,9.563554215219483e-08,1.4041181373158906e-07,1.2076178279585292e-07,1.0076494305621964e-07
1193,39092224,0.00013311999999999978,6.076141831247009,6.013563914913943,0.0,0.0,0.08293463289737701,1.6149976253509521,5.366676987250685e-07,0.0,-1.3092153072357178,1,0,0.9999983310699463,505.24852398326533,0.9999983310699463,5.147981596564932e-07,9.796212196988563e-08,8.718151889297587e-08,9.383354893088836e-08,1.1198427785075182e-07,9.338236850453541e-08,1.6553708803712652e-07,9.560927338725378e-08,1.4037338758043916e-07,1.2072872834778536e-07,1.0073727452208914e-07
1194,39124992,0.00013297999999999977,5.851521565397042,6.005144385435985,0.0,0.0,0.03997793048620224,1.607744574546814,5.36292986907938e-07,0.0,-1.3112266063690186,1,0,0.9999983310699463,505.1181791343061,0.9999983310699463,5.143015187059063e-07,9.789114585601055e-08,8.711834453833944e-08,9.376557130735819e-08,1.1190314808118274e-07,9.331471062523633e-08,1.654171342124755e-07,9.554000968137188e-08,1.4027168049324246e-07,1.206412605370133e-07,1.006642804668445e-07
1195,39157760,0.00013283999999999976,5.931177125531237,6.0257022089781564,0.0,0.0,0.04004868119955063,1.7395395040512085,5.360623731576197e-07,0.0,-1.30996835231781,1,0,0.9999983310699463,505.09769938361507,0.9999983310699463,5.140004191162006e-07,9.784708510096607e-08,8.707914389560756e-08,9.372354980996533e-08,1.1185299086946543e-07,9.327271754955291e-08,1.65343010394281e-07,9.549719237611498e-08,1.4020868377428997e-07,1.2058708875883895e-07,1.0061917521397845e-07
1196,39190528,0.00013269999999999976,6.024851412993472,6.0501109252220715,0.0,0.0,-0.1510486751794815,0.924649178981781,5.35728190698137e-07,0.0,-1.3123245239257812,1,0,0.9999983310699463,504.96800964126385,0.9999983310699463,5.135491960572836e-07,9.778440102081731e-08,8.702335207999568e-08,9.366350184336625e-08,1.1178133263456402e-07,9.321296090547548e-08,1.652370968940886e-07,9.543600754113868e-08,1.4011885696163517e-07,1.205098243417524e-07,1.005547147769903e-07
1197,39223296,0.00013255999999999975,5.879994419044294,6.034987756519911,0.0,0.0,-0.07561148703098297,1.0544078350067139,5.355596499612147e-07,0.0,-1.3125629425048828,1,0,0.9999983310699463,504.9552585699941,0.9999983310699463,5.133180707161955e-07,9.775306608617029e-08,8.69954774884718e-08,9.363348851820774e-08,1.1174552128068171e-07,9.318309679429149e-08,1.6518414724941977e-07,9.540543288721892e-08,1.4007396487158985e-07,1.204712276603459e-07,1.0052249876935093e-07
1198,39256064,0.00013241999999999974,5.634655438557696,5.978247717503385,0.0,0.0,0.0040052421391010284,1.429410457611084,5.355359462555498e-07,0.0,-1.3124451637268066,1,0,0.9999983310699463,505.05633603473115,0.9999983310699463,5.132857836542826e-07,9.774859677236236e-08,8.699149134372419e-08,9.362920394551111e-08,1.1174040537298424e-07,9.317883353787693e-08,1.6517658707471128e-07,9.5401063049394e-08,1.400675557761133e-07,1.204656996378617e-07,1.005178944524232e-07
1199,39288832,0.00013227999999999973,5.562762003264764,5.924666284962522,0.0,0.0,-0.008279383182525635,1.4674263000488281,5.355072403290251e-07,0.0,-1.3126683235168457,1,0,0.9999983310699463,505.15865531659136,0.9999983310699463,5.132466185386875e-07,9.774318954214323e-08,8.698667386397574e-08,9.362403119439477e-08,1.1173423075661049e-07,9.317368210304267e-08,1.651674494951294e-07,9.539579082229466e-08,1.400597966494388e-07,1.2045904895785498e-07,1.0051233800822956e-07
1200,39321600,0.00013213999999999972,5.73120093754036,5.8928893361219945,0.0,0.0,0.08792378008365631,3.115679979324341,5.354414724934031e-07,0.0,-1.3116116523742676,1,0,0.9999983310699463,505.22573257173326,0.9999983310699463,5.131575449013326e-07,9.773089004738722e-08,8.697573150584503e-08,9.361223618498116e-08,1.117201691158698e-07,9.316194393704791e-08,1.6514665901468106e-07,9.538377554463295e-08,1.4004217518959194e-07,1.2044387176501914e-07,1.0049968324210568e-07
1201,39354368,0.0001319999999999997,6.023943875592227,5.885144789266107,0.0,0.0,-0.03476433828473091,1.2527897357940674,5.352264338398527e-07,0.0,-1.3123327493667603,1,0,0.9999983310699463,505.1948165099345,0.9999983310699463,5.12869860358478e-07,9.769044595486776e-08,8.693974251627878e-08,9.357350450045487e-08,1.1167393410005388e-07,9.312339699363292e-08,1.6507831901435566e-07,9.534430489566148e-08,1.3998422332406335e-07,1.2039403429753293e-07,1.0045809517578164e-07
1202,39387136,0.0001318599999999997,6.05920721567931,5.877545582484741,0.0,0.0,-0.01053743064403534,1.3581349849700928,5.349430693968316e-07,0.0,-1.3147461414337158,1,0,0.9999983310699463,505.06938156496324,0.9999983310699463,5.1248804311399e-07,9.763735420165176e-08,8.689249142435074e-08,9.352246621574523e-08,1.1161323953956526e-07,9.307260739888079e-08,1.6498829324973485e-07,9.529249211936985e-08,1.3990802472108044e-07,1.2032849383558641e-07,1.0040349707196583e-07
1203,39419904,0.00013171999999999972,6.098599795142927,5.879791378874332,0.0,0.0,0.07169175148010254,1.719402551651001,5.348977083485806e-07,0.0,-1.3153384923934937,1,0,0.9999983310699463,505.1582876948317,0.9999983310699463,5.124259132571751e-07,9.762879216168585e-08,8.688486730079603e-08,9.351427365800191e-08,1.1160344826066648e-07,9.306444326284691e-08,1.6497381238878006e-07,9.528413613679731e-08,1.398957465426065e-07,1.2031793517053302e-07,1.003946863420424e-07
1204,39452672,0.0001315799999999997,6.1085522669218175,5.90549444902681,0.0,0.0,-0.01309346966445446,1.073386788368225,5.348738341126591e-07,0.0,-1.314823865890503,1,0,0.9999983310699463,505.26804006423,0.9999983310699463,5.123947062202205e-07,9.762413810676662e-08,8.688072483664655e-08,9.350998908530528e-08,1.1159812629557564e-07,9.306018000643235e-08,1.649662664249263e-07,9.527959576871581e-08,1.398891953385828e-07,1.2031232188292051e-07,1.0038990438943074e-07
1205,39485440,0.0001314399999999997,6.290861995182282,5.941462935991915,0.0,0.0,-0.007833324372768402,1.0531857013702393,5.347340561456804e-07,0.0,-1.315816879272461,1,0,0.9999983310699463,505.27289446789075,0.9999983310699463,5.122026891513087e-07,9.759825303490288e-08,8.685769614658057e-08,9.348502061357067e-08,1.1156853929605859e-07,9.303533943239017e-08,1.6492221277530916e-07,9.525433597445954e-08,1.398519913209384e-07,1.2028031903810188e-07,1.0036329456397652e-07
1206,39518208,0.0001312999999999997,6.22340653656293,5.961318448348861,0.0,0.0,0.00809248723089695,1.214005708694458,5.346643092707382e-07,0.0,-1.3161362409591675,1,0,0.9999983310699463,505.3331256763135,0.9999983310699463,5.121054869050568e-07,9.75854135276677e-08,8.684626351396219e-08,9.347289164907124e-08,1.1155386658856514e-07,9.302327441673697e-08,1.649008396498175e-07,9.524179489517337e-08,1.3983371616177465e-07,1.2026460183278687e-07,1.0035008557451874e-07
1207,39550976,0.00013115999999999969,6.212027860794202,5.994521792523852,0.0,0.0,-0.0004978924989700317,1.10471510887146,5.34592913936649e-07,0.0,-1.3158546686172485,1,0,0.9999983310699463,505.39076348970974,0.9999983310699463,5.120097625876951e-07,9.757201269167126e-08,8.683434060685613e-08,9.346005924726342e-08,1.1153854728718215e-07,9.3010498858348e-08,1.6487818754740147e-07,9.522871380340803e-08,1.398145172970544e-07,1.2024807460875309e-07,1.00336301045445e-07
1208,39583744,0.0001310199999999997,5.854090232765306,6.016465271944613,0.0,0.0,-0.11818171292543411,1.0173182487487793,5.345440854398475e-07,0.0,-1.3152188062667847,1,0,0.9999983310699463,505.4727560835451,0.9999983310699463,5.119423462929262e-07,9.756308116948276e-08,8.682638963364298e-08,9.345132667704092e-08,1.1152812362524855e-07,9.30019865563736e-08,1.648627829808902e-07,9.521981780835631e-08,1.3980157120840886e-07,1.202369617203658e-07,1.0032692898676032e-07
1209,39616512,0.0001308799999999997,6.1488772234954,6.075076793967677,0.0,0.0,-0.00208430178463459,1.2518925666809082,5.343730435924954e-07,0.0,-1.3137400150299072,1,0,0.9999983310699463,505.45563837244583,0.9999983310699463,5.117100272400421e-07,9.753107121923676e-08,8.679791108079371e-08,9.342067386342023e-08,1.1149153777978427e-07,9.297148295672741e-08,1.6480869646784413e-07,9.518858945511965e-08,1.3975572699109762e-07,1.201975265985311e-07,1.0029402375266727e-07
1210,39649280,0.00013073999999999971,6.116566409808318,6.113613341194471,0.0,0.0,0.05264820531010628,1.7842177152633667,5.341221935850626e-07,0.0,-1.3155817985534668,1,0,0.9999983310699463,505.35839050011896,0.9999983310699463,5.113627139508026e-07,9.748476514914728e-08,8.675669249669227e-08,9.337631468042673e-08,1.1143881550879087e-07,9.29271593008707e-08,1.6473045150178223e-07,9.51435694673819e-08,1.3968936229957762e-07,1.2014045580599486e-07,1.0024658791962793e-07
1211,39682048,0.0001305999999999997,6.0879954338088655,6.120018497016135,0.0,0.0,0.0982116237282753,2.1086325645446777,5.340917823559721e-07,0.0,-1.3164067268371582,1,0,0.9999983310699463,505.4527238325814,0.9999983310699463,5.113207635076833e-07,9.747900264756026e-08,8.675156237814008e-08,9.337097139905381e-08,1.1143222167220301e-07,9.292184444120721e-08,1.6472101549425133e-07,9.513794907434203e-08,1.3968123369068053e-07,1.2013346406547498e-07,1.0024066199321169e-07
1212,39714816,0.0001304599999999997,6.124666962322589,6.126564471680463,0.0,0.0,0.09817314893007278,1.4923768043518066,5.340718871593708e-07,0.0,-1.316575527191162,1,0,0.9999983310699463,505.5613643655142,0.9999983310699463,5.112934218232112e-07,9.747527940362488e-08,8.67482583544188e-08,9.336741157994766e-08,1.1142796552121581e-07,9.291829883295577e-08,1.6471474850732193e-07,9.513431109553494e-08,1.3967591883101704e-07,1.2012887395940197e-07,1.002368392732933e-07
1213,39747584,0.0001303199999999997,6.113112095694564,6.128015701735627,0.0,0.0,-0.02442789077758789,1.3509094715118408,5.339290396477736e-07,0.0,-1.3176162242889404,1,0,0.9999983310699463,505.5648959690979,0.9999983310699463,5.110989604872884e-07,9.744870510530745e-08,8.672459728131798e-08,9.334194572829801e-08,1.1139758981926207e-07,9.289296087899857e-08,1.6466982799556718e-07,9.510836918025234e-08,1.3963781952952559e-07,1.2009611793928343e-07,1.0020949758882125e-07
1214,39780352,0.00013017999999999968,6.234583512437074,6.140618826287153,0.0,0.0,0.16776065528392792,1.6299667358398438,5.337023480933567e-07,0.0,-1.3190150260925293,1,0,0.9999983310699463,505.50026360984873,0.9999983310699463,5.107870606479992e-07,9.740652018308538e-08,8.668705930858778e-08,9.330153716291534e-08,1.1134936528378603e-07,9.285274416015454e-08,1.6459854634831572e-07,9.50672003341424e-08,1.3957738076442183e-07,1.200441204218805e-07,1.001661189548031e-07
1215,39813120,0.00013003999999999967,6.255045198816224,6.137037146650547,0.0,0.0,-0.019163288176059723,1.2515158653259277,5.335481887414062e-07,0.0,-1.3197386264801025,1,0,0.9999983310699463,505.5143578546635,0.9999983310699463,5.105806053506967e-07,9.737754425032108e-08,8.666126660727969e-08,9.327360572797261e-08,1.1131602661862416e-07,9.282512536401555e-08,1.645492631041634e-07,9.503873599214785e-08,1.3953572874925158e-07,1.200083090679982e-07,1.0013613405135402e-07
1216,39845888,0.00012989999999999966,6.238856270275287,6.138582120021783,0.0,0.0,0.1202949732542038,1.2836031913757324,5.333916419658635e-07,0.0,-1.320189356803894,1,0,0.9999983310699463,505.52410139792767,0.9999983310699463,5.103707394482626e-07,9.734819883533419e-08,8.66351541617405e-08,9.324549665734594e-08,1.1128248189606893e-07,9.279715129650867e-08,1.6449968143206206e-07,9.501010111989672e-08,1.3949366461929458e-07,1.19972142442748e-07,1.0010595730136629e-07
1217,39878656,0.00012975999999999965,6.146914356033131,6.132070769545676,0.0,0.0,-0.05540573596954346,0.8511339426040649,5.333202466317744e-07,0.0,-1.319625973701477,1,0,0.9999983310699463,505.58854526322193,0.9999983310699463,5.102719455862825e-07,9.733501826758584e-08,8.66234231011731e-08,9.323287031293148e-08,1.1126763155289154e-07,9.27844112652565e-08,1.6447739881186862e-07,9.499741082663604e-08,1.3947477839337807e-07,1.1995589943580853e-07,1.0009259199250664e-07
1218,39911424,0.00012961999999999964,6.133738509196274,6.160035597188772,0.0,0.0,0.09578527510166168,1.1894454956054688,5.332865953278088e-07,0.0,-1.3205546140670776,1,0,0.9999983310699463,505.682734747288,0.9999983310699463,5.102247655486281e-07,9.732888628377623e-08,8.661797323838982e-08,9.322700833536146e-08,1.1126041243869622e-07,9.277874823965249e-08,1.6446705330963596e-07,9.499125752654436e-08,1.394660102960188e-07,1.1994833926110005e-07,1.0008610473732915e-07
1219,39944192,0.00012947999999999966,6.300105287871025,6.175158403626336,0.0,0.0,-0.04427151754498482,1.4957032203674316,5.330275030246412e-07,0.0,-1.321582555770874,1,0,0.9999983310699463,505.6026684530121,0.9999983310699463,5.098784185975092e-07,9.727989436214557e-08,8.657436723069623e-08,9.318025462334845e-08,1.1120461351765698e-07,9.273204426563098e-08,1.643845592980142e-07,9.494361563611164e-08,1.3939592236056342e-07,1.198880852371076e-07,1.0003591199847506e-07
1220,39976960,0.00012933999999999965,6.2735093148029195,6.190852694125796,0.0,0.0,-0.008769938722252846,0.623214602470398,5.32922229012911e-07,0.0,-1.3226406574249268,1,0,0.9999983310699463,505.6466995283618,0.9999983310699463,5.097359121464251e-07,9.726022653921973e-08,8.65568594576871e-08,9.316141813542345e-08,1.1118213194549753e-07,9.271330014826162e-08,1.6435133431969007e-07,9.492442387681876e-08,1.393677564465179e-07,1.1986384151896345e-07,1.0001569705764268e-07
1221,40009728,0.00012919999999999964,6.19655196190511,6.20170834693542,0.0,0.0,-0.0011073201894760132,0.8703960180282593,5.3290631285563e-07,0.0,-1.3230252265930176,1,0,0.9999983310699463,505.75831237860774,0.9999983310699463,5.097140842735826e-07,9.725725647058425e-08,8.655422334413743e-08,9.31585759644804e-08,1.1117874265664796e-07,9.271046508274594e-08,1.643463178879756e-07,9.492153196788422e-08,1.3936349319010333e-07,1.1986018932930165e-07,1.0001264172387891e-07
1222,40042496,0.00012905999999999964,6.167484337387962,6.205990084441956,0.0,0.0,-0.0279422327876091,0.6434135437011719,5.327723897607939e-07,0.0,-1.3240236043930054,1,0,0.9999983310699463,505.7804523778094,0.9999983310699463,5.095342885397258e-07,9.723203930889213e-08,8.653177729911476e-08,9.31344104060372e-08,1.1114990883243081e-07,9.268642031656782e-08,1.643036995346847e-07,9.489690455666278e-08,1.3932735498656257e-07,1.1982909597918479e-07,9.998670691402367e-08
1223,40075264,0.00012891999999999963,6.1656574730525255,6.2112446221777535,0.0,0.0,-0.12986209988594055,0.8952147960662842,5.327617600414669e-07,0.0,-1.3242948055267334,1,0,0.9999983310699463,505.89575062464985,0.9999983310699463,5.095196797810786e-07,9.723017768692443e-08,8.653012173454044e-08,9.313245641351386e-08,1.1114757114683016e-07,9.268465106515578e-08,1.6430024629698892e-07,9.489491503700265e-08,1.393245696590384e-07,1.1982669434473792e-07,9.998460370752582e-08
1224,40108032,0.00012877999999999964,6.100090947749329,6.197795365708979,0.0,0.0,-0.09664730727672577,0.813906192779541,5.326033374331018e-07,0.0,-1.3248035907745361,1,0,0.9999983310699463,505.900208218646,0.9999983310699463,5.093078243589844e-07,9.72003206811678e-08,8.650356164707773e-08,9.310386417382688e-08,1.1111364983662497e-07,9.2656023298332e-08,1.6424979776274995e-07,9.486596042052042e-08,1.3928178077549092e-07,1.1978990244188026e-07,9.995410010787964e-08
1225,40140800,0.00012863999999999964,6.142233013147326,6.1865141471420895,0.0,0.0,-0.11122027039527893,0.9192638397216797,5.323693130776519e-07,0.0,-1.3264400959014893,1,0,0.9999983310699463,505.80593663627434,0.9999983310699463,5.089917749501183e-07,9.715640203467046e-08,8.646446048032885e-08,9.306195636327175e-08,1.1106344288691616e-07,9.261432154517024e-08,1.6417588710737618e-07,9.482308627184466e-08,1.3921896879764972e-07,1.1973587277225306e-07,9.990892380074001e-08
1226,40173568,0.00012849999999999963,6.2423254917772795,6.186861069292288,0.0,0.0,0.04927993565797806,0.8350193500518799,5.320399623087724e-07,0.0,-1.3274142742156982,1,0,0.9999983310699463,505.67929059008264,0.9999983310699463,5.085497605250566e-07,9.709452086781312e-08,8.640939341830745e-08,9.300251235799806e-08,1.1099249519475052e-07,9.255533228724744e-08,1.64071010999578e-07,9.476251250362111e-08,1.3913017937738914e-07,1.1965950363901356e-07,9.984510285221404e-08
1227,40206336,0.00012835999999999965,6.19476705251096,6.191646338940071,0.0,0.0,0.057257432490587234,0.9953437447547913,5.319336082720838e-07,0.0,-1.3286988735198975,1,0,0.9999983310699463,505.72166926393163,0.9999983310699463,5.084062308924331e-07,9.707452619522883e-08,8.639159432277665e-08,9.298354086695326e-08,1.1096985019776184e-07,9.2536268425647e-08,1.6403753022586898e-07,9.474318574120844e-08,1.3910164398112101e-07,1.1963497570377513e-07,9.98247315919798e-08
1228,40239104,0.00012821999999999964,6.212534610250015,6.199525949045446,0.0,0.0,0.022474925965070724,1.2883065938949585,5.318516400620865e-07,0.0,-1.3288209438323975,1,0,0.9999983310699463,505.77744442029746,0.9999983310699463,5.082961820335186e-07,9.705915715585434e-08,8.637792348054063e-08,9.296882552689567e-08,1.109522784759065e-07,9.252163124529034e-08,1.640115669943043e-07,9.472818618405654e-08,1.3907963136716717e-07,1.1961604684529448e-07,9.98089291215365e-08
1229,40271872,0.00012807999999999963,6.139402190603496,6.183455639318693,0.0,0.0,0.08831270039081573,1.3634932041168213,5.316200031302287e-07,0.0,-1.3287603855133057,1,0,0.9999983310699463,505.69045936193095,0.9999983310699463,5.079830884824332e-07,9.701585668153712e-08,8.6339383642553e-08,9.29271593008707e-08,1.1090277496350609e-07,9.248016397123138e-08,1.6393806845371728e-07,9.468590889127881e-08,1.3901743045607873e-07,1.1956255718814646e-07,9.976439230285905e-08
1230,40304640,0.00012793999999999965,6.200323840476898,6.17613709188609,0.0,0.0,0.09760227799415588,1.2592582702636719,5.315528710525541e-07,0.0,-1.328617811203003,1,0,0.9999983310699463,505.75619387068906,0.9999983310699463,5.078915705780673e-07,9.700326586425945e-08,8.632817838361007e-08,9.29152932371835e-08,1.1088838647310695e-07,9.246834054010833e-08,1.6391710744301236e-07,9.467363781823224e-08,1.389995389899923e-07,1.195471668324899e-07,9.975145331964086e-08
1231,40337408,0.00012779999999999964,6.142548414328922,6.170736737128471,0.0,0.0,-0.004031352698802948,0.9200166463851929,5.315160933605512e-07,0.0,-1.3293758630752563,1,0,0.9999983310699463,505.845922696902,0.9999983310699463,5.078397293800663e-07,9.699660807882537e-08,8.632225245719383e-08,9.290872782230508e-08,1.1088077656040696e-07,9.246181775779405e-08,1.639055540181289e-07,9.466713635220003e-08,1.3898987560878595e-07,1.1953883927162678e-07,9.974460368766813e-08
1232,40370176,0.00012765999999999966,6.196615734553628,6.173649876845038,0.0,0.0,-0.022450009360909462,0.6970838308334351,5.314744271345262e-07,0.0,-1.3300267457962036,1,0,0.9999983310699463,505.93795060025366,0.9999983310699463,5.077826017441112e-07,9.698865000018486e-08,8.631517545154566e-08,9.290128843986167e-08,1.1087167450796187e-07,9.245441390248743e-08,1.6389240897751733e-07,9.465937012009817e-08,1.389786064009968e-07,1.1952914746871102e-07,9.973642534077953e-08
1233,40402944,0.00012751999999999965,6.278379610804563,6.184922090620242,0.0,0.0,-0.11607186496257782,0.6400913000106812,5.312703592608159e-07,0.0,-1.3319830894470215,1,0,0.9999983310699463,505.9056509209285,0.9999983310699463,5.075081048744323e-07,9.69505506986934e-08,8.628126124676783e-08,9.28646173292691e-08,1.108279121808664e-07,9.241809806326273e-08,1.6382772116685373e-07,9.462200267762455e-08,1.3892386618863384e-07,1.1948206690703955e-07,9.969705416779107e-08
1234,40435712,0.00012737999999999964,6.2708973966678165,6.202002735512091,0.0,0.0,-0.054537635296583176,0.6026825308799744,5.312553525982366e-07,0.0,-1.33208167552948,1,0,0.9999983310699463,506.01745879564834,0.9999983310699463,5.074873001831293e-07,9.694777958202394e-08,8.627879566347474e-08,9.286195989943735e-08,1.1082495632308564e-07,9.241527010317441e-08,1.6382303158479772e-07,9.46194802509126e-08,1.389199013601683e-07,1.194786563019079e-07,9.969438963253197e-08
1235,40468480,0.00012723999999999963,6.147029835285905,6.202482417725949,0.0,0.0,-0.08258450031280518,0.7386197447776794,5.311659379003686e-07,0.0,-1.3334993124008179,1,0,0.9999983310699463,506.0697200593622,0.9999983310699463,5.073662805443746e-07,9.693094682461378e-08,8.626383163345963e-08,9.284602242587425e-08,1.1080571482580126e-07,9.239941078931224e-08,1.6379492251417105e-07,9.460305250286183e-08,1.3889592764826375e-07,1.1945803635171615e-07,9.967708791691621e-08
1236,40501248,0.00012709999999999962,6.20846955933486,6.199096824481706,0.0,0.0,0.012162912636995316,0.7593759298324585,5.309229322847386e-07,0.0,-1.3336665630340576,1,0,0.9999983310699463,505.9842999702257,0.9999983310699463,5.070359065939556e-07,9.688566393606379e-08,8.622352254405996e-08,9.280246615617216e-08,1.1075395178750114e-07,9.235606057700352e-08,1.6371808442272595e-07,9.455885674469755e-08,1.3883089877708699e-07,1.1940211663841183e-07,9.963052605144185e-08
1237,40534016,0.0001269599999999996,6.248253193960513,6.204445438626662,0.0,0.0,-0.12608414888381958,0.9015573263168335,5.308145318849711e-07,0.0,-1.3336412906646729,1,0,0.9999983310699463,506.01272739495505,0.9999983310699463,5.068860673418385e-07,9.686552715493235e-08,8.620559555083673e-08,9.278335255658021e-08,1.1073093020286251e-07,9.233704645339458e-08,1.6368436206448678e-07,9.453920313262643e-08,1.3880216442885285e-07,1.193774039620621e-07,9.960980662526708e-08
1238,40566784,0.0001268199999999996,6.154543364143445,6.198646314016004,0.0,0.0,0.0040559954941272736,1.2824299335479736,5.305131480781711e-07,0.0,-1.336129069328308,1,0,0.9999983310699463,505.88978826342367,0.9999983310699463,5.064830475021154e-07,9.680881873919134e-08,8.615513991117041e-08,9.272903866985871e-08,1.1066610738907912e-07,9.228298836205795e-08,1.6358853827114217e-07,9.448385895893807e-08,1.3872090676159132e-07,1.1930751497857273e-07,9.955149948837061e-08
1239,40599552,0.00012667999999999962,6.271044432038455,6.2118105381595,0.0,0.0,0.03888193517923355,1.215491533279419,5.302699719322845e-07,0.0,-1.333732008934021,1,0,0.9999983310699463,505.79471221983016,0.9999983310699463,5.061489218860515e-07,9.67637774351715e-08,8.611504398459147e-08,9.268571687925942e-08,1.1061461435701858e-07,9.223987973427938e-08,1.6351211229448381e-07,9.44398976798766e-08,1.3865623316178244e-07,1.1925189369321743e-07,9.950517920742641e-08
1240,40632320,0.0001265399999999996,6.1735775352715585,6.2091359076389665,0.0,0.0,-0.019813913851976395,0.8309917449951172,5.299748977449781e-07,0.0,-1.334770917892456,1,0,0.9999983310699463,505.6714233983399,0.9999983310699463,5.057455041423964e-07,9.670878853285103e-08,8.606611601180703e-08,9.263304434625752e-08,1.1055175974661324e-07,9.218746299666236e-08,1.634191875155011e-07,9.438623038704463e-08,1.3857744818324136e-07,1.1918413633793534e-07,9.944864132194198e-08
1241,40665088,0.0001263999999999996,5.986519947902478,6.193533060996323,0.0,0.0,0.022564470767974854,2.3292481899261475,5.29945111793495e-07,0.0,-1.3345720767974854,1,0,0.9999983310699463,505.77442714415355,0.9999983310699463,5.057059979662881e-07,9.670307576925552e-08,8.606102852581898e-08,9.262774369744875e-08,1.1054522985887161e-07,9.218218366413566e-08,1.6340985098395322e-07,9.438064552114156e-08,1.3856939062861784e-07,1.1917720144083432e-07,9.944275802808988e-08
1242,40697856,0.0001262599999999996,6.232782117099173,6.197149699250877,0.0,0.0,-0.01759110763669014,1.185434103012085,5.297271172821638e-07,0.0,-1.3333160877227783,1,0,0.9999983310699463,505.7443327342764,0.9999983310699463,5.054176313024072e-07,9.666194955570973e-08,8.602442846949998e-08,9.258818067792163e-08,1.1049822035147372e-07,9.21428124911472e-08,1.6334004726559215e-07,9.434051406742583e-08,1.3851033031642146e-07,1.1912641184608219e-07,9.94004736298848e-08
1243,40730624,0.0001261199999999996,6.313249568807237,6.200636695051145,0.0,0.0,0.09726448357105255,0.6484484672546387,5.294476181916252e-07,0.0,-1.3352291584014893,1,0,0.9999983310699463,505.62154434133566,0.9999983310699463,5.050447384746803e-07,9.660924149557104e-08,8.59775184380851e-08,9.253768240569116e-08,1.1043796632748126e-07,9.209256290887424e-08,1.6325097362823726e-07,9.428906366792944e-08,1.3843478541275545e-07,1.1906143981832429e-07,9.93462592191463e-08
1244,40763392,0.0001259799999999996,6.328718227025956,6.206418778086958,0.0,0.0,-0.059205472469329834,0.5639008283615112,5.293800882100186e-07,0.0,-1.3368663787841797,1,0,0.9999983310699463,505.6888601574215,0.9999983310699463,5.049537321610842e-07,9.659652988602829e-08,8.59662065977318e-08,9.252568133888417e-08,1.1042342862310761e-07,9.208061868548612e-08,1.632297994547116e-07,9.427665759176307e-08,1.384167092055577e-07,1.1904589314326586e-07,9.933318523280832e-08
1245,40796160,0.0001258399999999996,6.350016279525995,6.226717422510967,0.0,0.0,0.012743048369884491,0.754911482334137,5.293135814099514e-07,0.0,-1.338531494140625,1,0,0.9999983310699463,505.7534009222035,0.9999983310699463,5.048626690040692e-07,9.658418065328078e-08,8.595521450160959e-08,9.251386501318848e-08,1.1040931013894806e-07,9.206885209778193e-08,1.632089379199897e-07,9.426461389239194e-08,1.38399030902292e-07,1.1903067331786588e-07,9.932049493954764e-08
1246,40828928,0.00012569999999999959,6.302087085064803,6.236079175083962,0.0,0.0,0.011139299720525742,0.57537841796875,5.290115154821251e-07,0.0,-1.3413550853729248,1,0,0.9999983310699463,505.6306175456338,0.9999983310699463,5.044536237619468e-07,9.652764276779635e-08,8.590490097049042e-08,9.24595298101849e-08,1.1034447311430995e-07,9.201495743127452e-08,1.6311309991579037e-07,9.420924840242151e-08,1.3831787271101348e-07,1.1896088381035952e-07,9.926215938094174e-08
1247,40861696,0.00012555999999999958,6.321927568806943,6.243446612568604,0.0,0.0,0.05633272975683212,0.7617314457893372,5.287274120746588e-07,0.0,-1.3450360298156738,1,0,0.9999983310699463,505.5085196384504,0.9999983310699463,5.040707833359193e-07,9.647445153859735e-08,8.585756461343408e-08,9.240874732086013e-08,1.1028387802980433e-07,9.196424599622333e-08,1.6302351468766574e-07,9.415751378583082e-08,1.382417877948683e-07,1.1889544282439601e-07,9.920765364768158e-08
1248,40894464,0.00012541999999999957,6.390932696782768,6.267085545832536,0.0,0.0,0.06177222356200218,0.6287559270858765,5.286610189614294e-07,0.0,-1.3458213806152344,1,0,0.9999983310699463,505.56643347494037,0.9999983310699463,5.039823349761718e-07,9.646193888102061e-08,8.584642330333736e-08,9.239676757033521e-08,1.1026957480453348e-07,9.195232308911727e-08,1.6300236893584952e-07,9.414530666163046e-08,1.382238536962177e-07,1.1888001694160266e-07,9.919479282416432e-08
1249,40927232,0.00012527999999999956,6.334548135849466,6.2734359162136375,0.0,0.0,-0.027043309062719345,0.535571813583374,5.285723432280065e-07,0.0,-1.3470211029052734,1,0,0.9999983310699463,505.6118581189497,0.9999983310699463,5.038626795794698e-07,9.64453832352774e-08,8.583169375242505e-08,9.238073062078911e-08,1.1025064594605283e-07,9.19363642992721e-08,1.6297408933496627e-07,9.412914181439191e-08,1.3819999367115088e-07,1.1885950357282127e-07,9.917776111478815e-08
1250,40960000,0.00012513999999999955,6.320036359761226,6.2880817986626045,0.0,0.0,-0.005943145602941513,0.38309285044670105,5.284510962155764e-07,0.0,-1.3475236892700195,1,0,0.9999983310699463,505.6184106366674,0.9999983310699463,5.037002779317845e-07,9.642256770803215e-08,8.581139354646439e-08,9.235888853709184e-08,1.1022456902765043e-07,9.191462169155784e-08,1.6293553528612392e-07,9.410688761590791e-08,1.3816730870530591e-07,1.188313945021946e-07,9.915430609908071e-08
1251,40992768,0.00012499999999999954,6.194375501405149,6.308867354012872,0.0,0.0,0.09464313834905624,0.5961794853210449,5.284342137201747e-07,0.0,-1.3478126525878906,1,0,0.9999983310699463,505.726962551214,0.9999983310699463,5.03676801599795e-07,9.641944842542216e-08,8.580860821894021e-08,9.235589004674694e-08,1.1022078894029619e-07,9.191181504775159e-08,1.6293026305902458e-07,9.410364754103284e-08,1.3816283228607062e-07,1.1882753625513942e-07,9.915090259937642e-08
1252,41025536,0.00012485999999999953,6.27711488914601,6.3133006312175555,0.0,0.0,-0.13551200926303864,0.974955677986145,5.283704354042129e-07,0.0,-1.348577857017517,1,0,0.9999983310699463,505.80224781398135,0.9999983310699463,5.035922185925301e-07,9.640730525006802e-08,8.579781507478401e-08,9.234444320327384e-08,1.1020711809806016e-07,9.190024741201341e-08,1.6291005522361957e-07,9.409198753473902e-08,1.3814558030844637e-07,1.1881269301738939e-07,9.913861021004777e-08
1253,41058304,0.00012471999999999955,6.197654192040239,6.301741093540857,0.0,0.0,0.01462225615978241,0.48131436109542847,5.280764980852837e-07,0.0,-1.352468490600586,1,0,0.9999983310699463,505.67828102452796,0.9999983310699463,5.031995442550397e-07,9.635197528723438e-08,8.574856735776848e-08,9.229143671518614e-08,1.101438655837228e-07,9.184750382473794e-08,1.6281654779959354e-07,9.403798628682125e-08,1.3806628373913554e-07,1.187445022310385e-07,9.90817099477681e-08
1254,41091072,0.00012457999999999954,6.268693268277774,6.295738597666038,0.0,0.0,-0.006189114414155483,0.3443855345249176,5.280113555272692e-07,0.0,-1.354964256286621,1,0,0.9999983310699463,505.7397207441404,0.9999983310699463,5.031122327636695e-07,9.633966158162366e-08,8.573761078878306e-08,9.227964170577252e-08,1.1012979683755475e-07,9.183576565874318e-08,1.627957573191452e-07,9.402596390373219e-08,1.3804864806843398e-07,1.1872933214363002e-07,9.906904807621686e-08
1255,41123840,0.00012443999999999956,6.340194156204363,6.294756385333874,0.0,0.0,-0.015549473464488983,0.4395598769187927,5.280087407300016e-07,0.0,-1.3549532890319824,1,0,0.9999983310699463,505.86139607323446,0.9999983310699463,5.031088221585378e-07,9.633929920482842e-08,8.573728393912461e-08,9.227911590414806e-08,1.1012915734909257e-07,9.18354103873753e-08,1.627948336135887e-07,9.402542389125301e-08,1.3804798015826236e-07,1.1872876370944141e-07,9.906847964202825e-08
1256,41156608,0.00012429999999999955,6.3985247110257255,6.304400147929966,0.0,0.0,0.007903190329670906,0.46072113513946533,5.279813422021107e-07,0.0,-1.3555957078933716,1,0,0.9999983310699463,505.96014176936984,0.9999983310699463,5.030714191889274e-07,9.633414776999416e-08,8.573270093847896e-08,9.227419184298924e-08,1.1012328116066783e-07,9.183051474792592e-08,1.627861223596483e-07,9.402040745953855e-08,1.3804060472466517e-07,1.1872242566823843e-07,9.90631932040742e-08
1257,41189376,0.00012415999999999954,6.366412759240763,6.308848666973349,0.0,0.0,-0.0016245022416114807,1.0793023109436035,5.277893819766177e-07,0.0,-1.3584548234939575,1,0,0.9999983310699463,505.9283140218919,0.9999983310699463,5.028119289818278e-07,9.62981445695732e-08,8.570065546109618e-08,9.223970209859544e-08,1.100821265254126e-07,9.179618132293399e-08,1.627252856906125e-07,9.398527112125521e-08,1.37989019322049e-07,1.1867804516896285e-07,9.902615971668638e-08
1258,41222144,0.00012401999999999953,6.339997873524746,6.303755184647546,0.0,0.0,0.11849529296159744,1.2450611591339111,5.277301511341648e-07,0.0,-1.3591723442077637,1,0,0.9999983310699463,506.0000966892532,0.9999983310699463,5.027323481954227e-07,9.628712405174156e-08,8.569084997134269e-08,9.222915053896941e-08,1.1006952860270758e-07,9.178568660672681e-08,1.6270665526008088e-07,9.39745135042358e-08,1.379732310624604e-07,1.1866445959185512e-07,9.901483366547836e-08
1259,41254912,0.00012387999999999953,6.41218719690068,6.311519090752668,0.0,0.0,-0.05234575271606445,0.5320133566856384,5.275510943647532e-07,0.0,-1.3612264394760132,1,0,0.9999983310699463,505.9605535871703,0.9999983310699463,5.024926963415055e-07,9.625333774465616e-08,8.566078690819268e-08,9.219695584761212e-08,1.1003111666241239e-07,9.175347770451481e-08,1.6264988289549365e-07,9.394171485155312e-08,1.3792494257813814e-07,1.1862294257980466e-07,9.898027997223835e-08
1260,41287680,0.00012373999999999952,6.316032548891918,6.311118709665736,0.0,0.0,0.1146755963563919,0.9847536087036133,5.274960130918771e-07,0.0,-1.3618396520614624,1,0,0.9999983310699463,506.03119382464166,0.9999983310699463,5.024179472457035e-07,9.624305619126972e-08,8.565163511775609e-08,9.218711483072184e-08,1.1001935718013556e-07,9.174367932018868e-08,1.6263250302017696e-07,9.393168198812418e-08,1.3791020592179848e-07,1.1861027360282606e-07,9.89697142017576e-08
1261,41320448,0.00012359999999999953,6.443302931267039,6.336011452651926,0.0,0.0,0.027913996949791908,1.074307918548584,5.272245857668167e-07,0.0,-1.361832618713379,1,0,0.9999983310699463,505.9096014149823,0.9999983310699463,5.020577305003826e-07,9.619185448173084e-08,8.560606801211179e-08,9.213788842998838e-08,1.09960829774991e-07,9.169469450398537e-08,1.6254567469786707e-07,9.388170241209082e-08,1.3783672159206617e-07,1.1854704951019812e-07,9.891705587961042e-08
1262,41353216,0.00012345999999999953,6.3736369223214115,6.3456636559694655,0.0,0.0,-0.0668971836566925,0.9137565493583679,5.271255645311612e-07,0.0,-1.3643555641174316,1,0,0.9999983310699463,505.9474577007044,0.9999983310699463,5.019265358896519e-07,9.617313878607092e-08,8.558941999581293e-08,9.211996854219251e-08,1.0993943533321726e-07,9.16768598813178e-08,1.6251405554612575e-07,9.386344146378178e-08,1.3780989149836387e-07,1.1852399950385006e-07,9.889781438232603e-08
1263,41385984,0.00012331999999999952,6.4433480554563705,6.370233042311079,0.0,0.0,-0.07744604349136353,0.6330430507659912,5.271012923913077e-07,0.0,-1.364861249923706,1,0,0.9999983310699463,506.0460338217427,0.9999983310699463,5.018930551159428e-07,9.616855578542527e-08,8.558532726965495e-08,9.21157479183421e-08,1.0993419152782735e-07,9.167266057374945e-08,1.6250660905825498e-07,9.385897214997385e-08,1.378034681920326e-07,1.1851845016508378e-07,9.889309637856059e-08
1264,41418752,0.0001231799999999995,6.399049314566394,6.383268646939941,0.0,0.0,-0.055419087409973145,0.8497512340545654,5.268336167318921e-07,0.0,-1.366637110710144,1,0,0.9999983310699463,505.92200307770406,0.9999983310699463,5.015370447836176e-07,9.611812146204102e-08,8.55404564958917e-08,9.206727469290854e-08,1.0987654519567513e-07,9.162441472199134e-08,1.624210881345789e-07,9.380975285466775e-08,1.3773106388725864e-07,1.1845619241057648e-07,9.884124096970481e-08
1265,41451520,0.0001230399999999995,6.398198937713348,6.389069125090839,0.0,0.0,0.045318372547626495,1.287643313407898,5.268063887342578e-07,0.0,-1.3663582801818848,1,0,0.9999983310699463,506.0168647839587,0.9999983310699463,5.015002670916147e-07,9.611299134348883e-08,8.553588060067341e-08,9.206235773717708e-08,1.0987067611267776e-07,9.161952618796931e-08,1.6241241951320262e-07,9.380474352838064e-08,1.3772371687537088e-07,1.1844986858022821e-07,9.883596163717812e-08
1266,41484288,0.0001228999999999995,6.395263453821639,6.3887429993704306,0.0,0.0,0.025732703506946564,1.0122284889221191,5.266865628072992e-07,0.0,-1.3680131435394287,1,0,0.9999983310699463,506.02437333590564,0.9999983310699463,5.013386044083745e-07,9.609044582248316e-08,8.55158219792429e-08,9.204093487369391e-08,1.0984490472765174e-07,9.159820280046915e-08,1.623746328505149e-07,9.378273801985415e-08,1.3769152928944095e-07,1.1842219294067036e-07,9.88127695222829e-08
1267,41517056,0.00012275999999999948,6.27658807633985,6.379760531080339,0.0,0.0,-0.0584833100438118,1.204591155052185,5.264315063868708e-07,0.0,-1.3672126531600952,1,0,0.9999983310699463,505.9016457063499,0.9999983310699463,5.010011818740168e-07,9.604225681414391e-08,8.547293361971242e-08,9.199477801757894e-08,1.0978981634934826e-07,9.155227331802962e-08,1.6229319044214208e-07,9.373570719617419e-08,1.3762247874637978e-07,1.1836280577881553e-07,9.8763216271891e-08
1268,41549824,0.00012261999999999947,6.417683058828915,6.387529049610757,0.0,0.0,0.02430427074432373,1.3364365100860596,5.262789954940672e-07,0.0,-1.3689546585083008,1,0,0.9999983310699463,505.8789396360517,0.9999983310699463,5.007962613490236e-07,9.6013685890739e-08,8.544750329519957e-08,9.196723738114088e-08,1.0975715269978537e-07,9.1524860579284e-08,1.622446035298708e-07,9.37078183937956e-08,1.3758140937625285e-07,1.1832748469942089e-07,9.873384243519467e-08
1269,41582592,0.0001224799999999995,6.159372632692563,6.362247593189944,0.0,0.0,0.05406845733523369,1.8688430786132812,5.261262003841694e-07,0.0,-1.3666794300079346,1,0,0.9999983310699463,505.8500463585529,0.9999983310699463,5.005933303436905e-07,9.59845749548549e-08,8.542159690705375e-08,9.193951910901887e-08,1.0972387798346972e-07,9.149728441570915e-08,1.621957181896505e-07,9.36793966843652e-08,1.3753981420450145e-07,1.1829171597810273e-07,9.870390016430974e-08
1270,41615360,0.00012233999999999948,5.940081437168659,6.324652482017619,0.0,0.0,-0.06450352072715759,1.680059790611267,5.26102269304829e-07,0.0,-1.367269515991211,1,0,0.9999983310699463,505.9452345097501,0.9999983310699463,5.005617822462227e-07,9.598017669532055e-08,8.541768181657972e-08,9.193530559059582e-08,1.097188544463279e-07,9.149309221356816e-08,1.6218828591263446e-07,9.367511211166857e-08,1.3753351879586262e-07,1.1828630164245624e-07,9.869938111251031e-08
1271,41648128,0.0001221999999999995,6.170421400685922,6.297364328959508,0.0,0.0,0.1011909693479538,2.9693098068237305,5.260149009700399e-07,0.0,-1.3682212829589844,1,0,0.9999983310699463,505.97572272456205,0.9999983310699463,5.004476975045691e-07,9.596351446816698e-08,8.540285989511176e-08,9.1919353906178e-08,1.0969980479558217e-07,9.147721868885128e-08,1.6216013420944364e-07,9.365885489387438e-08,1.375096587707958e-07,1.1826576695739277e-07,9.868225703257849e-08
1272,41680896,0.0001220599999999995,6.259922212263582,6.285992857953724,0.0,0.0,0.13852167129516602,2.7449398040771484,5.259780664346181e-07,0.0,-1.3688308000564575,1,0,0.9999983310699463,506.056188686697,0.9999983310699463,5.003990395380242e-07,9.595656536021124e-08,8.539667106788329e-08,9.191269612074393e-08,1.0969186092779637e-07,9.147058932512664e-08,1.6214838183259417e-07,9.365206921074787e-08,1.3749968275078572e-07,1.182571978119995e-07,9.867510186722939e-08
1273,41713664,0.0001219199999999995,6.162930967065261,6.257951149114613,0.0,0.0,-0.014168605208396912,1.9244098663330078,5.258027613308514e-07,0.0,-1.3719236850738525,1,0,0.9999983310699463,506.00784833851543,0.9999983310699463,5.001662088943704e-07,9.592343985787011e-08,8.53671906497766e-08,9.188097038759224e-08,1.0965399610540771e-07,9.143901991137682e-08,1.620924194867257e-07,9.361974662169814e-08,1.3745221849603695e-07,1.1821637713183009e-07,9.86410455539044e-08
1274,41746432,0.0001217799999999995,6.1395654924399,6.232002766901964,0.0,0.0,-0.12008114904165268,2.64434814453125,5.257724637885985e-07,0.0,-1.3719127178192139,1,0,0.9999983310699463,506.0954550907028,0.9999983310699463,5.001251679459529e-07,9.59177768322661e-08,8.53621457963527e-08,9.187553473566368e-08,1.0964750885023022e-07,9.143360557573033e-08,1.6208284137064766e-07,9.361420438835921e-08,1.3744410409799457e-07,1.1820939249673756e-07,9.863520489261646e-08
1275,41779200,0.0001216399999999995,6.309293453165864,6.223112218447215,0.0,0.0,-0.02225683629512787,1.4747796058654785,5.25721247868205e-07,0.0,-1.3713107109069824,1,0,0.9999983310699463,506.16317891136333,0.9999983310699463,5.00056501095969e-07,9.590825555960691e-08,8.535367612694245e-08,9.186624794210729e-08,1.096366375463731e-07,9.142436852016544e-08,1.6206644204430631e-07,9.360492470023019e-08,1.3743033377977554e-07,1.181975548547598e-07,9.86254278245724e-08
1276,41811968,0.00012149999999999951,5.958878904148044,6.179473763479856,0.0,0.0,-0.043171949684619904,1.206151008605957,5.255261612546747e-07,0.0,-1.3743793964385986,1,0,0.9999983310699463,506.0857003389819,0.9999983310699463,4.997990572519484e-07,9.587112970166345e-08,8.53206358897296e-08,9.183086291386644e-08,1.0959419682876614e-07,9.138914691675382e-08,1.6200401375954243e-07,9.356868702070642e-08,1.3737727044826897e-07,1.1815190248398721e-07,9.858724325795265e-08
1277,41844736,0.00012135999999999952,6.16579056158036,6.1683940120039065,0.0,0.0,-0.03927845135331154,1.0547477006912231,5.252693426882615e-07,0.0,-1.3741252422332764,1,0,0.9999983310699463,505.96221899756034,0.9999983310699463,4.994569167138252e-07,9.582286963905062e-08,8.527769068678026e-08,9.178445736779395e-08,1.09538817127941e-07,9.134313927461335e-08,1.6192214502552815e-07,9.352140040164159e-08,1.3730797832067765e-07,1.1809231637016637e-07,9.853742710674851e-08
1278,41877504,0.00012121999999999952,6.359763978349836,6.162602103955999,0.0,0.0,0.0019313991069793701,1.7450145483016968,5.251469588074542e-07,0.0,-1.375335454940796,1,0,0.9999983310699463,505.96400903152346,0.9999983310699463,4.992954814042605e-07,9.57996633133007e-08,8.525702810402436e-08,9.176222448559201e-08,1.0951249862500845e-07,9.13208424435652e-08,1.618829372773689e-07,9.34989259349095e-08,1.3727472492064408e-07,1.1806370991962467e-07,9.851374471736563e-08
1279,41910272,0.00012107999999999953,6.183457424918707,6.165010583178613,0.0,0.0,0.10720077902078629,2.382370948791504,5.25132747952739e-07,0.0,-1.3754194974899292,1,0,0.9999983310699463,506.06648193644924,0.9999983310699463,4.992774051970628e-07,9.579692061834066e-08,8.52545909424407e-08,9.175960258289706e-08,1.0950915196872302e-07,9.131840528198154e-08,1.6187831874958647e-07,9.34960766585391e-08,1.3727078851388796e-07,1.1806033484162981e-07,9.851073912159336e-08
1280,41943040,0.00012093999999999952,6.3281759750830275,6.2038200369700505,0.0,0.0,-0.05638687685132027,1.5508251190185547,5.251314973975241e-07,0.0,-1.3753753900527954,1,0,0.9999983310699463,506.17898861244413,0.9999983310699463,4.992759841115912e-07,9.579655113611807e-08,8.525427119820961e-08,9.175942494721312e-08,1.0950893880590229e-07,9.131805711604102e-08,1.6187800611078274e-07,9.349589902285516e-08,1.3727040482081065e-07,1.1805999378111665e-07,9.851055438048206e-08
1281,41975808,0.00012079999999999951,6.172464966104576,6.204024393511916,0.0,0.0,-0.04250004142522812,1.6707158088684082,5.251199581834953e-07,0.0,-1.3750885725021362,1,0,0.9999983310699463,506.28411225241604,0.9999983310699463,4.992607500753365e-07,9.579435555906457e-08,8.525231720568627e-08,9.175732884614263e-08,1.0950643769547241e-07,9.131596812039788e-08,1.6187429707770207e-07,9.349376028922052e-08,1.372672642219186e-07,1.1805729371872076e-07,9.85083019600097e-08
1282,42008576,0.00012065999999999951,6.20121958194941,6.198154130480499,0.0,0.0,-0.010674674063920975,1.1031062602996826,5.250569756753976e-07,0.0,-1.3748042583465576,1,0,0.9999983310699463,506.3409149499968,0.9999983310699463,4.991769628759357e-07,9.578249660080473e-08,8.524174432977816e-08,9.174595305694311e-08,1.094928663292194e-07,9.130464917461723e-08,1.618542171399895e-07,9.348217133720027e-08,1.3725023961796978e-07,1.1804266364379146e-07,9.849608062495463e-08
1283,42041344,0.00012051999999999952,6.135653523282235,6.195426386102196,0.0,0.0,0.14937636256217957,1.979982852935791,5.249725631983893e-07,0.0,-1.3752450942993164,1,0,0.9999983310699463,506.3738900222217,0.9999983310699463,4.990655497749685e-07,9.576660175980578e-08,8.522760452933653e-08,9.173054849043183e-08,1.0947449169407264e-07,9.128949329806346e-08,1.6182706019662874e-07,9.346647544816733e-08,1.372273459310236e-07,1.1802296029372883e-07,9.847955340092085e-08
1284,42074112,0.00012037999999999951,6.2390180397407295,6.205371640832279,0.0,0.0,-0.04702979326248169,1.0327858924865723,5.24724782735575e-07,0.0,-1.3746581077575684,1,0,0.9999983310699463,506.2522592178833,0.9999983310699463,4.987391548638698e-07,9.571948567099753e-08,8.518567540249933e-08,9.168559955696765e-08,1.0942083150666804e-07,9.124457989173607e-08,1.617477494164632e-07,9.342067386342023e-08,1.371599580579641e-07,1.1796500842820024e-07,9.843129333830802e-08
1285,42106880,0.0001202399999999995,6.298673423433048,6.204309637858996,0.0,0.0,-0.048713214695453644,1.3059338331222534,5.246639034339751e-07,0.0,-1.3750379085540771,1,0,0.9999983310699463,506.30764102081287,0.9999983310699463,4.986607109458419e-07,9.570780434842163e-08,8.51752730568478e-08,9.167440850887942e-08,1.094074804086631e-07,9.12334456870667e-08,1.6172801053926378e-07,9.340926965251128e-08,1.371432176711096e-07,1.1795061283237374e-07,9.841927806064632e-08
1286,42139648,0.0001200999999999995,6.038835158485782,6.212305263292771,0.0,0.0,0.007133803330361843,1.6851667165756226,5.246032515060506e-07,0.0,-1.3754770755767822,1,0,0.9999983310699463,506.3666239110152,0.9999983310699463,4.985813006896933e-07,9.569630776695703e-08,8.516504124145285e-08,9.166338799104778e-08,1.0939433536805154e-07,9.122248201265393e-08,1.617085843008681e-07,9.339804307728627e-08,1.3712673307963996e-07,1.1793644461022268e-07,9.840745462952327e-08
1287,42172416,0.00011995999999999951,6.136173189439631,6.2093435260786976,0.0,0.0,0.047368742525577545,1.0263612270355225,5.244999101705616e-07,0.0,-1.3754394054412842,1,0,0.9999983310699463,506.38151006448663,0.9999983310699463,4.984491397408419e-07,9.567641257035575e-08,8.514733451647771e-08,9.164416070461812e-08,1.0937139194311385e-07,9.120351762703649e-08,1.616746629906629e-07,9.337844630863401e-08,1.3709809820738883e-07,1.1791181009357388e-07,9.838680625762208e-08
1288,42205184,0.0001198199999999995,6.240650878078336,6.197432216051547,0.0,0.0,-0.09572474658489227,0.8221602439880371,5.243969667390047e-07,0.0,-1.3760626316070557,1,0,0.9999983310699463,506.39583344745853,0.9999983310699463,4.983179451301112e-07,9.565652447918183e-08,8.512963489692993e-08,9.162511105387239e-08,1.093488606329629e-07,9.118438271116247e-08,1.6164105431926146e-07,9.335921902220434e-08,1.3706959123283013e-07,1.1788729636919015e-07,9.83665415787982e-08
1289,42237952,0.0001196799999999995,6.140615255867814,6.1931479991464595,0.0,0.0,-0.039581578224897385,0.778557300567627,5.241470262262737e-07,0.0,-1.3773877620697021,1,0,0.9999983310699463,506.2724752336333,0.9999983310699463,4.979849563824246e-07,9.560945812836508e-08,8.508775550808423e-08,9.158003422271577e-08,1.0929505833701114e-07,9.113952614825394e-08,1.6156151616542047e-07,9.331328953976481e-08,1.370021607272065e-07,1.1782930187109741e-07,9.831815361849294e-08
1290,42270720,0.0001195399999999995,6.232170753130525,6.183547476951209,0.0,0.0,0.013288188725709915,1.0686684846878052,5.240827363195422e-07,0.0,-1.3790104389190674,1,0,0.9999983310699463,506.3256482596519,0.9999983310699463,4.978989522896882e-07,9.559724389873736e-08,8.50768842042271e-08,9.156850211411438e-08,1.0928109617225346e-07,9.112805088307141e-08,1.6154119464317773e-07,9.33013595272314e-08,1.3698479506274452e-07,1.1781435915736438e-07,9.830558411749735e-08
1291,42303488,0.00011939999999999949,6.28645229569826,6.194946209910578,0.0,0.0,0.12441451102495193,2.016334056854248,5.240722771304718e-07,0.0,-1.3789918422698975,1,0,0.9999983310699463,506.43144995639454,0.9999983310699463,4.978861056770256e-07,9.559524016822252e-08,8.507510074196034e-08,9.156658364872783e-08,1.0927880111921695e-07,9.112613952311222e-08,1.615377982489008e-07,9.329940553470806e-08,1.3698191025923734e-07,1.1781188646864393e-07,9.830352354356364e-08
1292,42336256,0.00011925999999999948,6.171654573308222,6.191989709046458,0.0,0.0,0.11990715563297272,1.9027358293533325,5.240590894572961e-07,0.0,-1.3791457414627075,1,0,0.9999983310699463,506.5344107083814,0.9999983310699463,4.978695073987183e-07,9.559268931980114e-08,8.507282700520591e-08,9.156413938171681e-08,1.0927588789400033e-07,9.112370946695592e-08,1.615334923599221e-07,9.329691152970554e-08,1.3697825806957553e-07,1.1780874586975187e-07,9.830090164086869e-08
1293,42369024,0.00011911999999999948,6.147234840554582,6.193147840773693,0.0,0.0,0.022168926894664764,1.3553080558776855,5.239880351837201e-07,0.0,-1.379447102546692,1,0,0.9999983310699463,506.58333600500043,0.9999983310699463,4.977769663128129e-07,9.55791890078217e-08,8.506081883297156e-08,9.155104407909676e-08,1.0926045490577962e-07,9.111067100775472e-08,1.6151037129930046e-07,9.32837451728119e-08,1.369587891986157e-07,1.1779199837747001e-07,9.828702474123929e-08
1294,42401792,0.00011897999999999949,5.996720968230553,6.168918133622675,0.0,0.0,0.08644699305295944,1.1754770278930664,5.238426297182741e-07,0.0,-1.3806087970733643,1,0,0.9999983310699463,506.56200123515583,0.9999983310699463,4.975861429556971e-07,9.555148494655441e-08,8.503616300004069e-08,9.152468294360006e-08,1.0922879312147415e-07,9.10844306645231e-08,1.6146387338267232e-07,9.325670191628888e-08,1.3691922617908858e-07,1.1775797048585446e-07,9.825853197753531e-08
1295,42434560,0.00011883999999999949,6.022192192254792,6.14127001050485,0.0,0.0,0.017021195963025093,0.9713575839996338,5.237247364675568e-07,0.0,-1.3783998489379883,1,0,0.9999983310699463,506.57076298976375,0.9999983310699463,4.97431017265626e-07,9.552907442866854e-08,8.50162180654479e-08,9.150321744755274e-08,1.0920317095042265e-07,9.106307174988615e-08,1.614260014548563e-07,9.323483141088218e-08,1.3688710964743223e-07,1.1773035168971546e-07,9.823548197118726e-08
1296,42467328,0.00011869999999999948,6.024646837375282,6.1398511783937995,0.0,0.0,-0.06706292927265167,0.6869838237762451,5.234764444139728e-07,0.0,-1.3788506984710693,1,0,0.9999983310699463,506.4483309473974,0.9999983310699463,4.971056455360667e-07,9.548189439101407e-08,8.497422498976448e-08,9.14580269295584e-08,1.091492336513511e-07,9.101809439471253e-08,1.613462643490493e-07,9.318878824160493e-08,1.368194944006973e-07,1.1767220087222086e-07,9.818696611318956e-08
1297,42500096,0.00011855999999999949,6.132795300906553,6.139513389540491,0.0,0.0,-0.03156183660030365,0.771979808807373,5.234304580881144e-07,0.0,-1.3792558908462524,1,0,0.9999983310699463,506.52039109781254,0.9999983310699463,4.970440272700216e-07,9.547333235104816e-08,8.496660797163713e-08,9.144965673613115e-08,1.0913924342048631e-07,9.100993736410601e-08,1.613314992710002e-07,9.318025462334845e-08,1.3680710253538564e-07,1.1766154273118445e-07,9.817797774758219e-08
1298,42532864,0.00011841999999999948,6.006776336921176,6.116125935424776,0.0,0.0,-0.05968208238482475,0.7524303197860718,5.231839850239339e-07,0.0,-1.382123351097107,1,0,0.9999983310699463,506.3994797994054,0.9999983310699463,4.967208724337979e-07,9.542636547621441e-08,8.492480674249236e-08,9.14048357003594e-08,1.0908576086876565e-07,9.096515896089841e-08,1.6125244428621954e-07,9.313458804172114e-08,1.3673992782514688e-07,1.176037685013398e-07,9.812986689894387e-08
1299,42565632,0.00011827999999999947,5.8821401999179805,6.090278429829793,0.0,0.0,-0.017817841842770576,0.7029199600219727,5.231540853856131e-07,0.0,-1.3828351497650146,1,0,0.9999983310699463,506.48491796490197,0.9999983310699463,4.966801157024747e-07,9.542090140257642e-08,8.491994663017977e-08,9.139943557556762e-08,1.0907930203529759e-07,9.095995778807264e-08,1.6124289459185093e-07,9.3129081335519e-08,1.3673196974650637e-07,1.1759692597479443e-07,9.812406887022007e-08
1300,42598400,0.00011813999999999948,6.061018805669281,6.073163235083667,0.0,0.0,0.09117594361305237,1.140777826309204,5.231102591096715e-07,0.0,-1.383025884628296,1,0,0.9999983310699463,506.5654257003497,0.9999983310699463,4.966213964507915e-07,9.541252410372181e-08,8.4912500142309e-08,9.139158407833747e-08,1.0906994418746763e-07,9.095197839315006e-08,1.6122905321935832e-07,9.31210877297417e-08,1.367201178936739e-07,1.1758671547568156e-07,9.811564183337396e-08
1301,42631168,0.00011799999999999948,6.258125702995102,6.070330575813353,0.0,0.0,-0.002768279053270817,1.025261402130127,5.229285875429923e-07,0.0,-1.3835889101028442,1,0,0.9999983310699463,506.50672411886603,0.9999983310699463,4.963785045219993e-07,9.537850331753361e-08,8.48822168109109e-08,9.135882095279158e-08,1.0903104907811212e-07,9.091936448157867e-08,1.611712576732316e-07,9.308787696227228e-08,1.366712325534536e-07,1.1754467266200663e-07,9.808065470906513e-08
1302,42663936,0.00011785999999999947,6.248521176868381,6.078017236169368,0.0,0.0,0.12272251397371292,2.3687896728515625,5.22863786045491e-07,0.0,-1.3823213577270508,1,0,0.9999983310699463,506.5564269349633,0.9999983310699463,4.962951720699493e-07,9.536595513282009e-08,8.487104707910476e-08,9.134697620538645e-08,1.0901670322027712e-07,9.090757657759241e-08,1.6115035350594553e-07,9.307563431093513e-08,1.3665335529822187e-07,1.1752931783348686e-07,9.806775125298373e-08
1303,42696704,0.00011771999999999948,6.279038061421139,6.091197558256024,0.0,0.0,-0.010025314055383205,1.8862111568450928,5.226893335930072e-07,0.0,-1.3794602155685425,1,0,0.9999983310699463,506.50330935821904,0.9999983310699463,4.960671162734798e-07,9.533285094676103e-08,8.484158797728014e-08,9.131508704740554e-08,1.0897865365677717e-07,9.08760213746973e-08,1.6109412115383748e-07,9.304314119162882e-08,1.366058057783448e-07,1.1748840478276179e-07,9.80335173039748e-08
1304,42729472,0.00011757999999999948,6.199665636055219,6.111492025038491,0.0,0.0,0.12984329462051392,2.2948086261749268,5.224444521445548e-07,0.0,-1.3777801990509033,1,0,0.9999983310699463,506.3799382933486,0.9999983310699463,4.957526016369229e-07,9.52857632796622e-08,8.479968727215237e-08,9.12699960053942e-08,1.0892503610193671e-07,9.083097296525011e-08,1.6101455457828706e-07,9.299737513401851e-08,1.3653833264015702e-07,1.1743038896838698e-07,9.798529276849877e-08
1305,42762240,0.00011743999999999949,6.08158721508261,6.117431527321271,0.0,0.0,0.08103012293577194,1.6581825017929077,5.224015922067338e-07,0.0,-1.37754487991333,1,0,0.9999983310699463,506.4497987913746,0.9999983310699463,4.956977477377222e-07,9.527741440251702e-08,8.479224788970896e-08,9.126215871901877e-08,1.089154864075681e-07,9.082317120601147e-08,1.6100074162750388e-07,9.298921099798463e-08,1.3652649499817926e-07,1.1742019978555618e-07,9.797669520139607e-08
1306,42795008,0.00011729999999999948,5.93159982492835,6.108126826076579,0.0,0.0,-0.0627383217215538,1.5139830112457275,5.22378229561582e-07,0.0,-1.3778584003448486,1,0,0.9999983310699463,506.53942328430117,0.9999983310699463,4.956684165335901e-07,9.527286692900816e-08,8.478820490154249e-08,9.125781019747592e-08,1.0891028523474233e-07,9.081884400075069e-08,1.6099306776595768e-07,9.298477721131349e-08,1.365199864267197e-07,1.1741460070879839e-07,9.797202693562213e-08
1307,42827776,0.00011715999999999948,6.0893974395175245,6.103787039937677,0.0,0.0,-0.0054774209856987,1.442558765411377,5.223459993430879e-07,0.0,-1.3783533573150635,1,0,0.9999983310699463,506.62048340768246,0.9999983310699463,4.956268639944028e-07,9.52666923126344e-08,8.47827053007677e-08,9.125189137648704e-08,1.0890322954537623e-07,9.081295360147124e-08,1.60982622787742e-07,9.297875180891424e-08,1.3651113306423213e-07,1.1740698369067104e-07,9.796566757813707e-08
1308,42860544,0.00011701999999999949,6.157682631702301,6.118877669415789,0.0,0.0,0.12454052269458771,1.8884443044662476,5.222203753874055e-07,0.0,-1.3794286251068115,1,0,0.9999983310699463,506.6123510446771,0.9999983310699463,4.954647465638118e-07,9.52427114953025e-08,8.476136059698547e-08,9.122874189415597e-08,1.0887561074923724e-07,9.079008833623448e-08,1.6094179500214523e-07,9.295516889551436e-08,1.3647662910898362e-07,1.173773114260257e-07,9.794081989866754e-08
1309,42893312,0.00011687999999999949,6.240556169457953,6.154719266369787,0.0,0.0,0.0619787871837616,2.2391791343688965,5.222184995545831e-07,0.0,-1.3794184923171997,1,0,0.9999983310699463,506.7210705306329,0.9999983310699463,4.954623591402196e-07,9.524234911850726e-08,8.476104085275438e-08,9.122840083364281e-08,1.0887518442359578e-07,9.078974727572131e-08,1.6094118393539247e-07,9.295481362414648e-08,1.3647610330735915e-07,1.1737686378410217e-07,9.794045041644495e-08
1310,42926080,0.00011673999999999948,6.236091378341136,6.172226523636971,0.0,0.0,-0.0020196139812469482,1.3580715656280518,5.219889658292232e-07,0.0,-1.377716064453125,1,0,0.9999983310699463,506.6123828911454,0.9999983310699463,4.951610321768385e-07,9.519875732166838e-08,8.472225232480923e-08,9.118664223706219e-08,1.0882536116696429e-07,9.074819473653406e-08,1.6086752907540358e-07,9.291227343055652e-08,1.3641364660088584e-07,1.173231467532787e-07,9.789562227524584e-08
1311,42958848,0.00011659999999999949,6.152173954710976,6.161631348808559,0.0,0.0,-0.008341219276189804,1.2318898439407349,5.218598175815714e-07,0.0,-1.3779654502868652,1,0,0.9999983310699463,506.60034408698874,0.9999983310699463,4.949929461872671e-07,9.517405885617336e-08,8.470026813256482e-08,9.116299537481609e-08,1.087971384094999e-07,9.072466156112569e-08,1.6082579179510503e-07,9.28881789263869e-08,1.36378261572645e-07,1.1729272131333346e-07,9.787023458329713e-08
1312,42991616,0.00011645999999999949,6.172192210340226,6.153998452155744,0.0,0.0,-0.04390338063240051,0.8105396032333374,5.216166414356849e-07,0.0,-1.3820292949676514,1,0,0.9999983310699463,506.47787765523725,0.9999983310699463,4.94677692586265e-07,9.512760357210936e-08,8.465892165077094e-08,9.111849408327544e-08,1.0874402534000183e-07,9.068037343240576e-08,1.6074729103365826e-07,9.284283208899069e-08,1.3631169792915898e-07,1.1723546577968591e-07,9.782245058431727e-08
1313,43024384,0.0001163199999999995,6.0680231087546455,6.132896956889094,0.0,0.0,-0.04205254837870598,0.802692711353302,5.21368690442614e-07,0.0,-1.3839223384857178,1,0,0.9999983310699463,506.35290518761013,0.9999983310699463,4.94351809265936e-07,9.508043774530961e-08,8.461695699679694e-08,9.107348830639239e-08,1.0869031541460572e-07,9.063541028808686e-08,1.6066790919921914e-07,9.279698076625209e-08,1.3624423900182592e-07,1.1717744285988374e-07,9.77741478891403e-08
1314,43057152,0.0001161799999999995,6.124848622588118,6.125415255542384,0.0,0.0,-0.02922738343477249,1.4942759275436401,5.21305821621354e-07,0.0,-1.3835992813110352,1,0,0.9999983310699463,506.40297638007263,0.9999983310699463,4.942697842125199e-07,9.506847220563941e-08,8.460629885576054e-08,9.106202725206458e-08,1.0867663746694234e-07,9.062399897175055e-08,1.606476729421047e-07,9.27852994436762e-08,1.3622708650018467e-07,1.1716269909811672e-07,9.776183418352957e-08
1315,43089920,0.0001160399999999995,6.1760041557144945,6.134856949605572,0.0,0.0,-0.04271611571311951,1.4901659488677979,5.210635549701692e-07,0.0,-1.381777286529541,1,0,0.9999983310699463,506.2824738657022,0.9999983310699463,4.939522000313445e-07,9.50224219309348e-08,8.456532185618926e-08,9.10179167590286e-08,1.0862400046107723e-07,9.058010874696265e-08,1.6056986851253896e-07,9.274035051021201e-08,1.3616110550174199e-07,1.1710594804981156e-07,9.771448361561852e-08
1316,43122688,0.00011589999999999951,5.9519514890629495,6.136892116019032,0.0,0.0,-0.0016202367842197418,1.2000492811203003,5.210061431171198e-07,0.0,-1.3824775218963623,1,0,0.9999983310699463,506.33916985094595,0.9999983310699463,4.938777351526369e-07,9.501155062707767e-08,8.45556442641282e-08,9.100732967226577e-08,1.0861136701123542e-07,9.056974192844791e-08,1.6055118123858847e-07,9.272956447148317e-08,1.361454025072817e-07,1.170924335269774e-07,9.770311493184636e-08
1317,43155456,0.0001157599999999995,6.248755096769404,6.15282788174422,0.0,0.0,0.019578009843826294,1.4445881843566895,5.209837468100886e-07,0.0,-1.3826638460159302,1,0,0.9999983310699463,506.4288768614194,0.9999983310699463,4.93849086069531e-07,9.500720210553482e-08,8.455177180621831e-08,9.100316589183421e-08,1.086063932120851e-07,9.056559235887107e-08,1.605438342267007e-07,9.272532253135068e-08,1.3613916394206171e-07,1.1708707603474977e-07,9.769864561803843e-08
1318,43188224,0.0001156199999999995,6.266981106436172,6.163757729217607,0.0,0.0,-0.05317041277885437,1.4274835586547852,5.209442406339804e-07,0.0,-1.38345468044281,1,0,0.9999983310699463,506.5033098404249,0.9999983310699463,4.937967901241791e-07,9.499976982851877e-08,8.454516375877574e-08,9.09960462536219e-08,1.0859810117835877e-07,9.055834482296632e-08,1.6053127183113247e-07,9.271824552570251e-08,1.3612852001188003e-07,1.1707793134974054e-07,9.76911920247403e-08
1319,43220992,0.0001154799999999995,6.182866185276353,6.157988730799447,0.0,0.0,-0.01039036363363266,1.7361043691635132,5.209041091802646e-07,0.0,-1.3834619522094727,1,0,0.9999983310699463,506.5751444941249,0.9999983310699463,4.937450057695969e-07,9.499198228013483e-08,8.453822886167472e-08,9.0988756085153e-08,1.085891980778797e-07,9.055108307620685e-08,1.6051842521846993e-07,9.271064271842988e-08,1.3611747817776632e-07,1.1706843849879078e-07,9.768317710268093e-08
1320,43253760,0.0001153399999999995,6.206608564081573,6.155040449373491,0.0,0.0,-0.05001206696033478,1.0383245944976807,5.208705147197179e-07,0.0,-1.3846580982208252,1,0,0.9999983310699463,506.65300360429575,0.9999983310699463,4.937012363370741e-07,9.49856371335045e-08,8.453258715235279e-08,9.098251041450567e-08,1.0858195054197495e-07,9.054486582726895e-08,1.6050739759521093e-07,9.270446099662877e-08,1.3610826954391086e-07,1.170605088418597e-07,9.767665432036665e-08
1321,43286528,0.00011519999999999951,5.992031378250624,6.139026191727456,0.0,0.0,-0.09865695983171463,1.9455790519714355,5.208353286434431e-07,0.0,-1.3852250576019287,1,0,0.9999983310699463,506.7266606125681,0.9999983310699463,4.936574669045513e-07,9.497875907982234e-08,8.452645516854318e-08,9.09760871081744e-08,1.0857408483389008e-07,9.053847804807447e-08,1.6049607154400292e-07,9.269773215692112e-08,1.3609853510843095e-07,1.1705213864843245e-07,9.766957731471848e-08
1322,43319296,0.00011505999999999951,5.983039660065373,6.120110936699971,0.0,0.0,0.03244859725236893,2.181105136871338,5.208143534218834e-07,0.0,-1.3850913047790527,1,0,0.9999983310699463,506.816744658151,0.9999983310699463,4.936305799674301e-07,9.497477293507472e-08,8.452290956029174e-08,9.097210806885414e-08,1.085695231495265e-07,9.053450611418157e-08,1.6048902296006418e-07,9.269385259358387e-08,1.36092694447143e-07,1.1704710800586327e-07,9.766547748313315e-08
1323,43352064,0.00011491999999999952,5.930072916427354,6.106315917467241,0.015625,0.0015625,0.002366207540035248,1.753021478652954,5.207714366406435e-07,0.0,-1.384841799736023,1,0,0.9999983310699463,506.88579224653813,0.9999983310699463,4.935764650326746e-07,9.496643826878426e-08,8.45154914941304e-08,9.09641215685042e-08,1.0856000898229468e-07,9.052656935182313e-08,1.604749400030414e-07,9.268571687925942e-08,1.3608075732918223e-07,1.1703684776875889e-07,9.765691544316724e-08
1324,43384832,0.00011477999999999952,5.811761426176753,6.075007197826105,0.015625,0.003125,-0.05733000114560127,1.071173906326294,5.206720743444748e-07,0.0,-1.3853811025619507,1,0,0.9999983310699463,506.8988222616191,0.9999983310699463,4.934503294862225e-07,9.494723229863666e-08,8.449840294133537e-08,9.094573272250273e-08,1.0853806031718705e-07,9.050826577094995e-08,1.604424966217266e-07,9.266697986731742e-08,1.360532451144536e-07,1.1701318669565808e-07,9.763716946054046e-08
1325,43417600,0.00011463999999999953,6.120246529211723,6.069431435175828,0.0,0.003125,-0.00144951231777668,1.4788377285003662,5.204905164646334e-07,0.0,-1.3852057456970215,1,0,0.9999983310699463,506.8329243325262,0.9999983310699463,4.932193178319721e-07,9.491211017120804e-08,8.446714616638928e-08,9.091225905422107e-08,1.0849790044176189e-07,9.047495552749751e-08,1.6038345052038494e-07,9.2632696180317e-08,1.360030381647448e-07,1.1697000701360594e-07,9.760105257328178e-08
1326,43450368,0.00011449999999999952,6.143949386575937,6.088631224927127,0.0,0.003125,-0.05697815492749214,0.8598384857177734,5.204162789596012e-07,0.0,-1.3854917287826538,1,0,0.9999983310699463,506.87205709006685,0.9999983310699463,4.931224566462333e-07,9.489799168704849e-08,8.445458377082105e-08,9.089855979027561e-08,1.0848177112166013e-07,9.046132021239828e-08,1.603592920673691e-07,9.261891165124325e-08,1.359826740099379e-07,1.1695249213516945e-07,9.758652907976284e-08
1327,43483136,0.00011435999999999952,6.169193813121663,6.080675096562352,0.0,0.003125,-0.05098932236433029,1.3186509609222412,5.203445425649988e-07,0.0,-1.3844255208969116,1,0,0.9999983310699463,506.9133103493548,0.9999983310699463,4.930312229589617e-07,9.488405083857288e-08,8.444217769465467e-08,9.088538632795462e-08,1.0846583364809703e-07,9.04482106989235e-08,1.6033604310905503e-07,9.26053118632808e-08,1.359628356567555e-07,1.1693543200408385e-07,9.757219743278256e-08
1328,43515904,0.00011421999999999953,5.929668469960129,6.0469438329147485,0.0,0.003125,-0.12104786187410355,2.2430505752563477,5.202990109864913e-07,0.0,-1.3847187757492065,1,0,0.9999983310699463,506.9824330122914,0.9999983310699463,4.929724468638597e-07,9.487536800634189e-08,8.44344469896896e-08,9.087706587251887e-08,1.084559002606511e-07,9.043992577062454e-08,1.6032136329613422e-07,9.259683508844319e-08,1.3595040115887969e-07,1.1692472412505595e-07,9.756326591059405e-08
1329,43548672,0.00011407999999999953,5.728572573117283,6.001514471698841,0.0,0.003125,0.06950563192367554,3.1903109550476074,5.201764565754274e-07,0.0,-1.3851056098937988,1,0,0.9999983310699463,506.97560190742774,0.9999983310699463,4.92815900088317e-07,9.485184904178823e-08,8.441352150612147e-08,9.085436403211133e-08,1.0842880726613657e-07,9.041750814731131e-08,1.6028131710754678e-07,9.257369981696684e-08,1.3591655090294807e-07,1.1689562740002657e-07,9.753888718933013e-08
1330,43581440,0.00011393999999999952,5.8819361619583574,5.9690472314865195,0.0,0.003125,-0.015040332451462746,1.5094101428985596,5.199364636609971e-07,0.0,-1.385960340499878,1,0,0.9999983310699463,506.85476909116693,0.9999983310699463,4.92510025651427e-07,9.480554297169874e-08,8.437230292202003e-08,9.081001195454519e-08,1.083758789377498e-07,9.037336923256589e-08,1.6020307214148488e-07,9.25285092989725e-08,1.358502004222828e-07,1.1683856371291768e-07,9.74912808260342e-08
1331,43614208,0.00011379999999999951,5.908408277300257,5.960684921391483,0.0,0.003125,0.0019942987710237503,1.0426037311553955,5.197126142775232e-07,0.0,-1.384562373161316,1,0,0.9999983310699463,506.75060144464317,0.9999983310699463,4.922208063362632e-07,9.476270435015977e-08,8.43341823042465e-08,9.076897100612769e-08,1.0832710728436723e-07,9.033234960043046e-08,1.6013066783671093e-07,9.24868643892296e-08,1.3578880952991312e-07,1.1678576328222334e-07,9.744739770667366e-08
1332,43646976,0.00011365999999999952,6.010405962314282,5.963421551616373,0.0,0.003125,0.03597676753997803,1.2980252504348755,5.196589540901186e-07,0.0,-1.3845186233520508,1,0,0.9999983310699463,506.81004375319685,0.9999983310699463,4.921527647638868e-07,9.475221673937995e-08,8.432485287812597e-08,9.075910156752798e-08,1.0831512753384231e-07,9.032252989982226e-08,1.601132595396848e-07,9.247663257383465e-08,1.357739165541716e-07,1.1677295219669759e-07,9.743661877337217e-08
1333,43679744,0.00011351999999999952,6.047600642987803,5.975174324272419,0.0,0.0015625,0.0016050804406404495,1.4611964225769043,5.195169023863855e-07,0.0,-1.3847335577011108,1,0,0.9999983310699463,506.78520080822227,0.9999983310699463,4.919692742078041e-07,9.47251095340107e-08,8.430072284681955e-08,9.073296780570672e-08,1.0828413365970846e-07,9.029652403569344e-08,1.6006714531613397e-07,9.245018617320966e-08,1.357349503905425e-07,1.1673944300127914e-07,9.740875128727566e-08
1334,43712512,0.00011337999999999951,6.168145727258542,6.010812754380598,0.0,0.0,-0.13355763256549835,0.7796828150749207,5.194846153244725e-07,0.0,-1.384352684020996,1,0,0.9999983310699463,506.8652598364252,0.9999983310699463,4.919270395475905e-07,9.471896333934637e-08,8.429526587860892e-08,9.072708451185463e-08,1.0827711349747915e-07,9.029066916355077e-08,1.6005677139219188e-07,9.244418919251984e-08,1.357261538714738e-07,1.1673186861571594e-07,9.740243456235476e-08
1335,43745280,0.00011323999999999952,6.115745481924643,6.010362649651889,0.0,0.0,-0.06793801486492157,1.6924898624420166,5.192425192035444e-07,0.0,-1.3833693265914917,1,0,0.9999983310699463,506.74469597140785,0.9999983310699463,4.916161060464219e-07,9.467237305216258e-08,8.42537914991226e-08,9.068261874745076e-08,1.0822384410857921e-07,9.024641656196764e-08,1.5997832747416396e-07,9.239870735200384e-08,1.356595049628595e-07,1.1667454913322217e-07,9.735450845482774e-08
1336,43778048,0.00011309999999999952,6.112766031646003,6.007244314158896,0.0,0.0,0.00014512613415718079,1.391197919845581,5.191617447053432e-07,0.0,-1.3826920986175537,1,0,0.9999983310699463,506.7781630337305,0.9999983310699463,4.915129352411896e-07,9.465684058795887e-08,8.423997144291206e-08,9.066773998256394e-08,1.0820609475103993e-07,9.02316088513544e-08,1.599520942363597e-07,9.238355147545008e-08,1.356372507643755e-07,1.1665541421734815e-07,9.733854255955521e-08
1337,43810816,0.00011295999999999953,6.176283691855908,6.0079533020323215,0.0,0.0,-0.08904018253087997,1.3312996625900269,5.191010927774187e-07,0.0,-1.3822352886199951,1,0,0.9999983310699463,506.8296508323594,0.9999983310699463,4.914347186968371e-07,9.464528005764805e-08,8.422968278409826e-08,9.065650630191158e-08,1.0819287865615479e-07,9.022043201412089e-08,1.59932270094032e-07,9.237227516223356e-08,1.3562056722093985e-07,1.166410612540858e-07,9.73266622850133e-08
1338,43843584,0.00011281999999999953,6.116912726862726,6.02667772772258,0.0,0.0,-0.0023789182305336,2.0895676612854004,5.188612135498261e-07,0.0,-1.3850945234298706,1,0,0.9999983310699463,506.70943781615324,0.9999983310699463,4.911278210784076e-07,9.459908056896893e-08,8.418857078140718e-08,9.061225370032844e-08,1.081400711200331e-07,9.017639257535848e-08,1.5985418144737196e-07,9.232718412022223e-08,1.3555435884882172e-07,1.1658412546466934e-07,9.727915539770038e-08
1339,43876352,0.00011267999999999954,6.154759526056318,6.069296423016484,0.0,0.0,0.12777003645896912,2.0303847789764404,5.186206522012071e-07,0.0,-1.3835182189941406,1,0,0.9999983310699463,506.58922904940715,0.9999983310699463,4.908201844955329e-07,9.455272476088794e-08,8.414730956474159e-08,9.056800820417266e-08,1.0808707173737275e-07,9.013236024202342e-08,1.5977614964413078e-07,9.228192965338167e-08,1.354880510007206e-07,1.1652709730469724e-07,9.723147087470352e-08
1340,43909120,0.00011253999999999954,6.10354383516346,6.091457190336993,0.0,0.0,-0.06662356853485107,0.9563249349594116,5.185469262869447e-07,0.0,-1.3840618133544922,1,0,0.9999983310699463,506.6277323265825,0.9999983310699463,4.907256538899674e-07,9.453865601471989e-08,8.41347898017375e-08,9.055436578364606e-08,1.0807078609786913e-07,9.011895940602699e-08,1.5975207645624323e-07,9.22680314374702e-08,1.35467772111042e-07,1.1650965348053433e-07,9.72168265889195e-08
1341,43941888,0.00011239999999999953,6.197190765431918,6.120335439150161,0.0,0.0,0.08269941806793213,2.6268205642700195,5.185270879337622e-07,0.0,-1.3841090202331543,1,0,0.9999983310699463,506.7195547620669,0.9999983310699463,4.907008133159252e-07,9.453469829168171e-08,8.413125840434077e-08,9.055074201569369e-08,1.0806645889260835e-07,9.011517931867274e-08,1.597456815716214e-07,9.226433661524425e-08,1.3546221566684835e-07,1.1650487863335002e-07,9.721293281472754e-08
1342,43974656,0.00011225999999999954,6.006831397345516,6.119977982653284,0.0,0.0,0.12427188456058502,1.44973886013031,5.182868676456565e-07,0.0,-1.381880521774292,1,0,0.9999983310699463,506.60104927199797,0.9999983310699463,4.903920967080921e-07,9.448854143556673e-08,8.409018903421384e-08,9.050653915210205e-08,1.0801370109447817e-07,9.007118961790184e-08,1.5966769240094436e-07,9.221929531122441e-08,1.3539609255985852e-07,1.1644799968735242e-07,9.716548277083348e-08
1343,44007424,0.00011211999999999954,6.193975415568756,6.134615459911379,0.0,0.0,0.11300256848335266,1.369626760482788,5.180533548809763e-07,0.0,-1.3833829164505005,1,0,0.9999983310699463,506.48703697290904,0.9999983310699463,4.900975341115554e-07,9.44433153904356e-08,8.404994389366038e-08,9.046321736150276e-08,1.0796200200502426e-07,9.002807388469591e-08,1.5959128063514072e-07,9.2175156396479e-08,1.353312910623572e-07,1.163922647151594e-07,9.711897064335062e-08
1344,44040192,0.00011197999999999953,6.1111619122048975,6.1289170784060145,0.0,0.0,0.029385797679424286,1.2674238681793213,5.17973433034058e-07,0.0,-1.3844009637832642,1,0,0.9999983310699463,506.5173641735426,0.9999983310699463,4.899970349470095e-07,9.442782555879603e-08,8.403615936458664e-08,9.044838122918009e-08,1.0794429528004912e-07,9.001330880664682e-08,1.595650900299006e-07,9.216003604706202e-08,1.3530909370729205e-07,1.1637317243184953e-07,9.710304027521488e-08
1345,44072960,0.00011183999999999954,6.0615631893299415,6.123498849146545,0.0,0.0,0.002845359966158867,1.6966856718063354,5.179467166271934e-07,0.0,-1.3845564126968384,1,0,0.9999983310699463,506.6009375612787,0.9999983310699463,4.899633836430439e-07,9.44226030696882e-08,8.403151241509477e-08,9.044337190289298e-08,1.0793832672106873e-07,9.000832790206914e-08,1.5955627929997718e-07,9.215493435021926e-08,1.3530160458685714e-07,1.163667420200909e-07,9.709766857213253e-08
1346,44105728,0.00011169999999999954,6.023209331879588,6.114543179169902,0.0,0.0,-0.041304852813482285,1.369480848312378,5.178226274438202e-07,0.0,-1.3851252794265747,1,0,0.9999983310699463,506.59006098187257,0.9999983310699463,4.898068937109201e-07,9.439865777949308e-08,8.401019613302196e-08,9.042026505312606e-08,1.079109495094599e-07,8.998532763371259e-08,1.5951550835779926e-07,9.213156459964011e-08,1.352671574750275e-07,1.163371123880097e-07,9.707304116091109e-08
1347,44138496,0.00011155999999999953,5.8990662831426395,6.086821438298577,0.0,0.0,-0.03738120198249817,1.3673789501190186,5.176583499633125e-07,0.0,-1.385286808013916,1,0,0.9999983310699463,506.5400377171918,0.9999983310699463,4.895999836662668e-07,9.436678993779424e-08,8.398183837243778e-08,9.038974724262516e-08,1.0787432103143146e-07,8.995512956744278e-08,1.5946164921842865e-07,9.210029361383931e-08,1.3522149799882754e-07,1.162978477964316e-07,9.704008618882654e-08
1348,44171264,0.00011141999999999954,5.832012557329628,6.058331421345266,0.0,0.0,0.0690326914191246,1.7802563905715942,5.17585476700333e-07,0.0,-1.3854775428771973,1,0,0.9999983310699463,506.58026848575446,0.9999983310699463,4.895085226053197e-07,9.435257908307904e-08,8.396918360631389e-08,9.037629666863722e-08,1.0785826987103064e-07,8.994157241204448e-08,1.594379455127637e-07,9.20865872444665e-08,1.352012617417131e-07,1.1628043239397812e-07,9.702565506586325e-08
1349,44204032,0.00011127999999999953,5.814442011565262,6.024299669896161,0.0,0.0,0.008226076140999794,2.451608180999756,5.174141506358865e-07,0.0,-1.3854267597198486,1,0,0.9999983310699463,506.5242936525013,0.9999983310699463,4.89292403926811e-07,9.431928305048132e-08,8.393956107966005e-08,9.034441461608367e-08,1.0782022030753069e-07,8.990984667889279e-08,1.593816847389462e-07,9.205410123058755e-08,1.3515355590243416e-07,1.1623940565641533e-07,9.699142822228168e-08
1350,44236800,0.00011113999999999954,6.08840193577788,6.022785479957603,0.0,0.0,0.030313750728964806,1.4125128984451294,5.171997372599435e-07,0.0,-1.385000467300415,1,0,0.9999983310699463,506.429941020958,0.9999983310699463,4.890213176622638e-07,9.427791525240536e-08,8.390274786052032e-08,9.030461711745374e-08,1.0777272763107248e-07,8.98704115570581e-08,1.593114831166531e-07,9.201355766208508e-08,1.3509415452972462e-07,1.1618831763371418e-07,9.694869618215307e-08
1351,44269568,0.00011099999999999953,6.0307140279501485,6.006137806209425,0.0,0.0,-0.0066152168437838554,1.3620669841766357,5.17154603585368e-07,0.0,-1.385244607925415,1,0,0.9999983310699463,506.49709262547515,0.9999983310699463,4.889640194960521e-07,9.426910452248194e-08,8.389490346871753e-08,9.029635350543685e-08,1.0776285819247278e-07,8.986200583649406e-08,1.592968885688606e-07,9.200513062523896e-08,1.3508164897757524e-07,1.1617756712212213e-07,9.693982150338343e-08
1352,44302336,0.00011085999999999953,5.822248392553682,5.9876795057302425,0.0,0.0,0.1271229088306427,1.7906198501586914,5.171020802663406e-07,0.0,-1.3858376741409302,1,0,0.9999983310699463,506.5583762341,0.9999983310699463,4.888977969130792e-07,9.425903613191622e-08,8.38859435248196e-08,9.028653380482865e-08,1.0775134740015346e-07,8.985224297930472e-08,1.5927956553696276e-07,9.19953038192034e-08,1.3506709706234687e-07,1.1616504735911803e-07,9.692947600115076e-08
1353,44335104,0.00011071999999999954,5.99800182620702,5.968082146794069,0.0,0.0,0.10181858390569687,1.0059789419174194,5.168644747755025e-07,0.0,-1.3876523971557617,1,0,0.9999983310699463,506.4435122872542,0.9999983310699463,4.885976068180753e-07,9.42130213843484e-08,8.384499494695774e-08,9.024245883892945e-08,1.0769874592142514e-07,8.980837407079889e-08,1.592018179508159e-07,9.195039751830336e-08,1.3500115869646834e-07,1.1610834604880438e-07,9.688215385494914e-08
1354,44367872,0.00011057999999999953,6.12521069619082,5.96948702519266,0.0,0.0,-0.08034999668598175,0.8937686085700989,5.166471055417787e-07,0.0,-1.3907326459884644,1,0,0.9999983310699463,506.346401331092,0.9999983310699463,4.883227688878833e-07,9.417080093498953e-08,8.380742144709075e-08,9.020219238209393e-08,1.0765048585881232e-07,8.976829946050202e-08,1.5913079209894931e-07,9.190918603962928e-08,1.3494079098563816e-07,1.1605642669110239e-07,9.68387396937942e-08
1355,44400640,0.00011043999999999953,6.195842654935395,5.982914971753207,0.0,0.0,0.10506543517112732,1.5718748569488525,5.165973675502755e-07,0.0,-1.391830325126648,1,0,0.9999983310699463,506.4111986249129,0.9999983310699463,4.882603548139741e-07,9.41612867677577e-08,8.379895177768049e-08,9.019290558853754e-08,1.0763960744952783e-07,8.975906240493714e-08,1.5911439277260797e-07,9.189989924607289e-08,1.3492702066741913e-07,1.1604458194369727e-07,9.682895552032278e-08
1356,44433408,0.00011029999999999954,6.1681106142290405,5.9974050999881525,0.0,0.0,-0.014199730008840561,1.004349708557129,5.165550192032242e-07,0.0,-1.392099380493164,1,0,0.9999983310699463,506.4841623432154,0.9999983310699463,4.882068651568261e-07,9.415302315574081e-08,8.379159766036537e-08,9.018516067271776e-08,1.0763015723114222e-07,8.975135301625414e-08,1.5910073614122666e-07,9.189183458602201e-08,1.349153109231338e-07,1.1603450644770419e-07,9.682045742920309e-08
1357,44466176,0.00011015999999999953,6.229404590724131,6.030438930746301,0.0,0.0,0.08488056063652039,1.7905738353729248,5.163158220966579e-07,0.0,-1.3921419382095337,1,0,0.9999983310699463,506.3701569164019,0.9999983310699463,4.87901047563355e-07,9.410706525159185e-08,8.375069171506766e-08,9.014096491455348e-08,1.0757761970126012e-07,8.970736331548324e-08,1.5902276118140435e-07,9.184697802311348e-08,1.3484932992469112e-07,1.1597774829397167e-07,9.677319212642033e-08
1358,44498944,0.00011001999999999952,6.208924465576768,6.068130121571015,0.0,0.0,0.030619043856859207,1.3332440853118896,5.161478497939243e-07,0.0,-1.3942205905914307,1,0,0.9999983310699463,506.32227587225503,0.9999983310699463,4.876883963333967e-07,9.40745792377129e-08,8.372178683657694e-08,9.010984314272719e-08,1.0754028068049593e-07,8.967657549874275e-08,1.5896787886049424e-07,9.181509597055992e-08,1.3480277516464412e-07,1.1593771631623895e-07,9.673960477130095e-08
1359,44531712,0.00010987999999999952,6.181318826120339,6.104817803026522,0.0,0.0,0.08552741259336472,1.0268089771270752,5.160651426194818e-07,0.0,-1.394494652748108,1,0,0.9999983310699463,506.35618753955,0.9999983310699463,4.875833496953419e-07,9.405861334244037e-08,8.370756887643438e-08,9.009455226305363e-08,1.0752224000043498e-07,8.966118514308619e-08,1.5894089244739007e-07,9.179969140404864e-08,1.3477989568855264e-07,1.1591804138788575e-07,9.672336886978883e-08
1360,44564480,0.00010973999999999953,6.274644865451391,6.123442095993874,0.0,0.0,-0.09950652718544006,1.0783346891403198,5.159357101547357e-07,0.0,-1.3951544761657715,1,0,0.9999983310699463,506.3432453872308,0.9999983310699463,4.874196974924416e-07,9.40335027621586e-08,8.368522941282208e-08,9.007067092170473e-08,1.0749352696848291e-07,8.963741038314765e-08,1.588987572631595e-07,9.177518478509228e-08,1.347440417021062e-07,1.1588720383315376e-07,9.669754064134395e-08
1361,44597248,0.00010959999999999952,6.240381141443804,6.144408807343239,0.0,0.0,0.048281289637088776,1.3347456455230713,5.157571649760939e-07,0.0,-1.395193099975586,1,0,0.9999983310699463,506.28512851752964,0.9999983310699463,4.871943133366585e-07,9.399889222549973e-08,8.365442738522688e-08,9.003751699765417e-08,1.0745396394895579e-07,8.960441988392631e-08,1.5884027959600644e-07,9.174139847800689e-08,1.3469444581915013e-07,1.1584454995272608e-07,9.666194955570973e-08
1362,44630016,0.00010945999999999952,6.301128434782539,6.192296811566125,0.0,0.0,0.17682579159736633,2.5243070125579834,5.156952624929545e-07,0.0,-1.3947135210037231,1,0,0.9999983310699463,506.33867437221426,0.9999983310699463,4.871153578278609e-07,9.398705458352197e-08,8.364389003645556e-08,9.002601331076221e-08,1.0744022915787355e-07,8.95931435707098e-08,1.5881997228461842e-07,9.17296816282942e-08,1.3467736437178246e-07,1.1582985592895056e-07,9.664960742838957e-08
1363,44662784,0.00010931999999999953,6.321477378840503,6.224644366829473,0.0,0.0,0.11283068358898163,2.2407267093658447,5.154581685928861e-07,0.0,-1.3938164710998535,1,0,0.9999983310699463,506.2241429118163,0.9999983310699463,4.868157361670455e-07,9.394117483907394e-08,8.360306225085878e-08,8.99820733479828e-08,1.0738778399854709e-07,8.954940966532376e-08,1.58742452072147e-07,9.16849032250866e-08,1.3461162495786994e-07,1.1577331804346613e-07,9.660242028530774e-08
1364,44695552,0.00010917999999999953,6.293138945708875,6.241437191781278,0.0,0.0,0.1160956472158432,0.8610617518424988,5.15437363901583e-07,0.0,-1.3937675952911377,1,0,0.9999983310699463,506.3154952489139,0.9999983310699463,4.867897587246262e-07,9.393705369120653e-08,8.359939585034226e-08,8.997829326062856e-08,1.0738327205217502e-07,8.954548036399501e-08,1.5873578718128556e-07,9.168105208345878e-08,1.3460584114000085e-07,1.1576834424431581e-07,9.659837019171391e-08
1365,44728320,0.00010903999999999953,6.191966470164517,6.24104957330419,0.0,0.0,0.05019598454236984,1.028310775756836,5.154029167897534e-07,0.0,-1.393848180770874,1,0,0.9999983310699463,506.3945582235241,0.9999983310699463,4.867451934842393e-07,9.393042432748189e-08,8.35934912402081e-08,8.997194811399822e-08,1.0737569766661181e-07,8.95391636390741e-08,1.5872458902776998e-07,9.167458614456336e-08,1.3459633407819638e-07,1.1576017300285457e-07,9.659155608687797e-08
1366,44761088,0.00010889999999999952,6.239650092979421,6.248203521179228,0.0,0.0,-0.01921793259680271,0.882266104221344,5.152855351298058e-07,0.0,-1.3925453424453735,1,0,0.9999983310699463,506.39600365406767,0.9999983310699463,4.865943878940016e-07,9.390803512587809e-08,8.357356762189738e-08,8.995031919312169e-08,1.0735010391726973e-07,8.951764129960793e-08,1.5868644709371438e-07,9.165272274458403e-08,1.3456411807055702e-07,1.1573246894158729e-07,9.656852029138463e-08
1367,44793856,0.00010875999999999952,6.100590105734686,6.235322072680284,0.0,0.0,-0.09556519985198975,1.5708186626434326,5.152605808689259e-07,0.0,-1.3924593925476074,1,0,0.9999983310699463,506.47919640659626,0.9999983310699463,4.86562782953115e-07,9.390319632984756e-08,8.356926173291868e-08,8.994569355991189e-08,1.0734436273196479e-07,8.951320751293679e-08,1.5867827585225314e-07,9.1647834210562e-08,1.345571973843107e-07,1.1572650748803426e-07,9.656336885655037e-08
1368,44826624,0.00010861999999999953,6.026556646678069,6.217085290790414,0.0,0.0,-0.025395426899194717,1.3980660438537598,5.150216111360351e-07,0.0,-1.3947073221206665,1,0,0.9999983310699463,506.36358198532804,0.9999983310699463,4.86258500131953e-07,9.385699684116844e-08,8.35281497302276e-08,8.990161148858533e-08,1.0729176125323647e-07,8.946916807417438e-08,1.5860049984439684e-07,9.16029208042346e-08,1.3449113112073974e-07,1.1566968538545552e-07,9.651603960492139e-08
1369,44859392,0.00010847999999999953,6.2123167761626945,6.2201850857946495,0.0,0.0,-9.916722774505615e-05,0.8820552825927734,5.150035917722562e-07,0.0,-1.394290804862976,1,0,0.9999983310699463,506.45519546980177,0.9999983310699463,4.862362743551785e-07,9.385359334146415e-08,8.352512281817326e-08,8.989817956717161e-08,1.0728786747904451e-07,8.946575746904273e-08,1.5859444602028816e-07,9.15996025696586e-08,1.3448612889987999e-07,1.1566537949647682e-07,9.651254373466145e-08
1370,44892160,0.00010833999999999954,6.2663668541385285,6.219357284663363,0.0,0.0,0.053656723350286484,1.5751876831054688,5.149945536686573e-07,0.0,-1.3942911624908447,1,0,0.9999983310699463,506.55677061322694,0.9999983310699463,4.86224621454312e-07,9.385180987919739e-08,8.35235240970178e-08,8.989663768943501e-08,1.0728582822139288e-07,8.946421559130613e-08,1.5859174595789227e-07,9.159785463452863e-08,1.344836988437237e-07,1.1566329050083368e-07,9.651070342897583e-08
1371,44924928,0.00010819999999999953,6.091849315416235,6.204504102060605,0.0,0.0,-0.06125181168317795,0.9224256873130798,5.14920373007044e-07,0.0,-1.3956050872802734,1,0,0.9999983310699463,506.59572698214043,0.9999983310699463,4.861314550907991e-07,9.383749244307182e-08,8.351078406576562e-08,8.988275368437826e-08,1.0726945731676096e-07,8.94503955350956e-08,1.5856723223350855e-07,9.158387825891623e-08,1.344630504718225e-07,1.1564552693243968e-07,9.649597387806352e-08
1372,44957696,0.00010805999999999953,6.180824601444049,6.192473718726758,0.0,0.0,0.08055683225393295,1.7535887956619263,5.148588115844177e-07,0.0,-1.3953421115875244,1,0,0.9999983310699463,506.6474784456636,0.9999983310699463,4.860531248596089e-07,9.382549848169219e-08,8.35001117138745e-08,8.98714347385976e-08,1.0725574384196079e-07,8.943914053816115e-08,1.585472801934884e-07,9.157217562005826e-08,1.3444599744616426e-07,1.1563085422494623e-07,9.648365306702544e-08
1373,44990464,0.00010791999999999954,6.128390469423472,6.173165027785055,0.0,0.0,0.0029457397758960724,1.1364316940307617,5.146692387825169e-07,0.0,-1.3953713178634644,1,0,0.9999983310699463,506.5765450229997,0.9999983310699463,4.858149509345822e-07,9.37888131602449e-08,8.346746938059368e-08,8.983613497548504e-08,1.0721381471512359e-07,8.940400419987782e-08,1.5848499401727167e-07,9.153637847703067e-08,1.343933035968803e-07,1.1558555002011417e-07,9.644593035318394e-08
1374,45023232,0.00010777999999999953,6.04417958477006,6.148269091691174,0.0,0.0,-0.025582823902368546,0.7030768394470215,5.14439705057157e-07,0.0,-1.3943538665771484,1,0,0.9999983310699463,506.4682495915236,0.9999983310699463,4.855244810642034e-07,9.374429055242217e-08,8.342783530679299e-08,8.979364451988658e-08,1.071629185389611e-07,8.936171980167273e-08,1.584100459695037e-07,9.149292168331158e-08,1.3432962475690147e-07,1.1553078138604178e-07,9.64001358738642e-08
1375,45056000,0.00010763999999999952,6.121602016595688,6.14123264633429,0.0,0.0,0.00025393813848495483,0.9393901228904724,5.14325336098409e-07,0.0,-1.3936302661895752,1,0,0.9999983310699463,506.46834655014925,0.9999983310699463,4.853809514315799e-07,9.37221145136391e-08,8.340811064044829e-08,8.977241350294207e-08,1.0713756637414917e-07,8.934058826071123e-08,1.583725719456197e-07,9.147128565700768e-08,1.34297863496613e-07,1.1550345391242445e-07,9.637734166290102e-08
1376,45088768,0.00010749999999999951,6.163732981726592,6.133640935209007,0.0,0.0,0.050740644335746765,1.4866681098937988,5.141137648934091e-07,0.0,-1.3972481489181519,1,0,0.9999983310699463,506.37593488336665,0.9999983310699463,4.851148673878924e-07,9.368118725205932e-08,8.337168111438586e-08,8.97330423299536e-08,1.0709078424042673e-07,8.930140893426142e-08,1.583031092877718e-07,9.143133894440325e-08,1.342390731906562e-07,1.1545290590220247e-07,9.633525621666195e-08
1377,45121536,0.00010735999999999951,6.13709211787852,6.13729113642339,0.0,0.0,0.04538913071155548,1.1477718353271484,5.139805807630182e-07,0.0,-1.4002909660339355,1,0,0.9999983310699463,506.35799784102016,0.9999983310699463,4.849460424338758e-07,9.365545849959744e-08,8.334878742743967e-08,8.970839360245009e-08,1.0706137487659362e-07,8.927688099902298e-08,1.58259638283198e-07,9.140622836412149e-08,1.3420221023352497e-07,1.1542120148533286e-07,9.630879560518224e-08
1378,45154304,0.0001072199999999995,5.968700496918991,6.131505521447483,0.0,0.0,0.0632518008351326,1.3775880336761475,5.13942268298706e-07,0.0,-1.4003920555114746,1,0,0.9999983310699463,506.42950460386396,0.9999983310699463,4.848979529015196e-07,9.364796227373517e-08,8.334211543115089e-08,8.970138054564814e-08,1.07052798625773e-07,8.926989636393046e-08,1.5824727483959578e-07,9.13989026685158e-08,1.341915947250527e-07,1.1541207101117834e-07,9.630107911107189e-08
1379,45187072,0.00010707999999999951,6.1362115523633225,6.123894999067546,0.0,0.0,0.06940189003944397,1.5631027221679688,5.139340260029712e-07,0.0,-1.400538444519043,1,0,0.9999983310699463,506.52814341958236,0.9999983310699463,4.848873231821926e-07,9.3646349341725e-08,8.334068013482465e-08,8.969984577333889e-08,1.0705096542551473e-07,8.926836869704857e-08,1.5824454635549046e-07,9.139733947449713e-08,1.3418927835573413e-07,1.1541008149151821e-07,9.629943065192492e-08
1380,45219840,0.00010693999999999951,6.087445389126314,6.106002852566324,0.0,0.0,0.016674544662237167,1.8094059228897095,5.137037533131661e-07,0.0,-1.3992507457733154,1,0,0.9999983310699463,506.41822935641017,0.9999983310699463,4.84595602756599e-07,9.360188357732113e-08,8.330111000987017e-08,8.965724873633008e-08,1.0700013319819845e-07,8.922598482286048e-08,1.581694277774659e-07,9.13539395241969e-08,1.3412557109404588e-07,1.1535527733030904e-07,9.625370722687876e-08
1381,45252608,0.00010679999999999952,6.012673027632574,6.098085223787958,0.0,0.0,-0.05159546807408333,1.144934058189392,5.135942160450213e-07,0.0,-1.4002091884613037,1,0,0.9999983310699463,506.4222901446948,0.9999983310699463,4.844565637540654e-07,9.35808230906332e-08,8.328235878707346e-08,8.96368987923779e-08,1.069760600103109e-07,8.920573435489132e-08,1.581335311584553e-07,9.133338352285136e-08,1.3409525934093836e-07,1.1532921462276136e-07,9.623204277886543e-08
1382,45285376,0.00010665999999999951,6.047884083656264,6.084791172009179,0.0,0.0,0.0830632746219635,1.581468939781189,5.109732228447683e-07,0.0,-1.4014800786972046,1,0,0.9999984502792358,506.3099301878082,0.9999984502792358,4.8415495257359e-07,9.353514940357854e-08,8.324172284801534e-08,8.959315067613716e-08,1.0692384222465989e-07,8.91621994014713e-08,1.5805635200649704e-07,9.128880407160977e-08,1.3402981835497485e-07,1.152729325326618e-07,9.618508300945905e-08
1383,45318144,0.00010651999999999952,6.0117846439951315,6.073130589466347,0.0,0.0,-0.02631402760744095,1.2463366985321045,5.107374931867525e-07,0.0,-1.402649164199829,1,0,0.9999984502792358,506.20134197362665,0.9999984502792358,4.838581730837177e-07,9.34894899273786e-08,8.320108690895722e-08,8.954941677075112e-08,1.0687165286071831e-07,8.911867155347863e-08,1.579792012762482e-07,9.124424593665026e-08,1.3396439157986606e-07,1.1521666465341696e-07,9.613813034548002e-08
1384,45350912,0.0001063799999999995,6.107661139462882,6.079478744935629,0.0,0.0,-0.024494593963027,1.4153954982757568,5.106750222694245e-07,0.0,-1.4035654067993164,1,0,0.9999984502792358,506.25148527453797,0.9999984502792358,4.837797291656898e-07,9.347736096287917e-08,8.319029376480103e-08,8.953779939702144e-08,1.0685779017194363e-07,8.910711812859518e-08,1.5795870922374888e-07,9.12324082946725e-08,1.3394701170454937e-07,1.1520171483425656e-07,9.612566032046743e-08
1385,45383680,0.0001062399999999995,6.181570810802473,6.085475624356308,0.0,0.0,0.04670882970094681,1.4013639688491821,5.105823674966814e-07,0.0,-1.4037842750549316,1,0,0.9999984502792358,506.27014829455845,0.9999984502792358,4.836625748794177e-07,9.345936291538237e-08,8.317427102610964e-08,8.952072505508113e-08,1.0683720574888866e-07,8.90901219463558e-08,1.5792858221175265e-07,9.121483657281715e-08,1.33921332690079e-07,1.151796382714565e-07,9.610713647134617e-08
1386,45416448,0.00010609999999999949,6.1232704459801415,6.0814293707816605,0.0,0.0,0.0737801119685173,1.199244499206543,5.105617333356349e-07,0.0,-1.4038004875183105,1,0,0.9999984502792358,506.3568820953268,0.9999984502792358,4.83636711123836e-07,9.345544071948098e-08,8.317078226127705e-08,8.951680285917973e-08,1.0683252327226e-07,8.90863844915657e-08,1.5792164731465164e-07,9.121083621721482e-08,1.3391559150477406e-07,1.1517469999944296e-07,9.610293005835047e-08
1387,45449216,0.0001059599999999995,6.185217165161327,6.086241875509942,0.0,0.0,0.02523253858089447,2.0851240158081055,5.104965907776204e-07,0.0,-1.4045634269714355,1,0,0.9999984502792358,506.40010740200523,0.9999984502792358,4.835550839743519e-07,9.344277884792973e-08,8.315952015891526e-08,8.950468100010767e-08,1.0681825557412594e-07,8.90741489456559e-08,1.5790027418915997e-07,9.119865751472389e-08,1.3389745845415746e-07,1.1515909648096567e-07,9.609009765654264e-08
1388,45481984,0.0001058199999999995,6.1672563583354,6.106097461651583,0.0,0.0,0.04438403248786926,1.6375670433044434,5.103931925987126e-07,0.0,-1.4049214124679565,1,0,0.9999984502792358,506.41312280320847,0.9999984502792358,4.834250830754172e-07,9.342264917222565e-08,8.314160027111939e-08,8.948556029508836e-08,1.0679524109491467e-07,8.905512061119225e-08,1.578665518309208e-07,9.117899679722541e-08,1.3386872410592332e-07,1.151343909100433e-07,9.606938533579523e-08
1389,45514752,0.0001056799999999995,6.184754040878894,6.11095171050314,0.0,0.0,0.05192411690950394,1.7145814895629883,5.103239573145402e-07,0.0,-1.404951572418213,1,0,0.9999984502792358,506.4591075993089,0.9999984502792358,4.833374873669527e-07,9.3409283863366e-08,8.31296986802954e-08,8.947275631498997e-08,1.0677996442609583e-07,8.904238057994007e-08,1.5784397078277834e-07,9.116595833802421e-08,1.3384958208462194e-07,1.1511792052942837e-07,9.605564343928563e-08
1390,45547520,0.00010553999999999951,6.083398199181945,6.110546991508703,0.0,0.0,0.053749896585941315,1.3146934509277344,5.102772888676554e-07,0.0,-1.4056611061096191,1,0,0.9999984502792358,506.5184571222454,0.9999984502792358,4.832784838981752e-07,9.340019602177563e-08,8.312161980938981e-08,8.94640521664769e-08,1.0676956918587166e-07,8.903372616941851e-08,1.5782862305968592e-07,9.115709076468193e-08,1.3383656494170282e-07,1.151067223759128e-07,9.604629980231039e-08
1391,45580288,0.0001053999999999995,6.026244170397815,6.111904105785227,0.0,0.0,0.05042768642306328,1.3181461095809937,5.102559725855826e-07,0.0,-1.4056663513183594,1,0,0.9999984502792358,506.60264391746483,0.9999984502792358,4.832522222386615e-07,9.339609619019029e-08,8.3117967619728e-08,8.946012997057551e-08,1.06764886709243e-07,8.902981818437183e-08,1.578216881625849e-07,9.11530904090796e-08,1.3383069585870544e-07,1.151016775224889e-07,9.604208628388733e-08
1392,45613056,0.0001052599999999995,6.155450654731921,6.122660762892794,0.0,0.0,-0.09668588638305664,0.9045432209968567,5.101601914248022e-07,0.0,-1.4080908298492432,1,0,0.9999984502792358,506.6176216937398,0.9999984502792358,4.83131941564352e-07,9.337757944649638e-08,8.310149013368573e-08,8.944221008277964e-08,1.0674371964114471e-07,8.901199066713161e-08,1.577900832216983e-07,9.11350070964545e-08,1.33804022084405e-07,1.150787340975512e-07,9.60230366331416e-08
1393,45645824,0.0001051199999999995,6.070049763303974,6.128487274823678,0.0,0.0,0.20209863781929016,1.99655282497406,5.100913540445617e-07,0.0,-1.4079220294952393,1,0,0.9999984502792358,506.65862620401555,0.9999984502792358,4.830453121940081e-07,9.33642212430641e-08,8.30895956482891e-08,8.942942031353596e-08,1.067282369149325e-07,8.899942827156337e-08,1.5776751638441056e-07,9.112179810699672e-08,1.3378488006310363e-07,1.1506227082236364e-07,9.600911710094806e-08
1394,45678592,0.00010497999999999949,6.0993608073746195,6.127657241614851,0.0,0.0,0.06455788761377335,1.3648515939712524,5.100100679555908e-07,0.0,-1.4079124927520752,1,0,0.9999984502792358,506.6908666045467,0.9999984502792358,4.829435056308284e-07,9.334836903462929e-08,8.307549848041162e-08,8.94144136509567e-08,1.0671033123799134e-07,8.898432213300111e-08,1.5774102735122142e-07,9.110650722732316e-08,1.3376229901496117e-07,1.1504285168939532e-07,9.599300909712838e-08
1395,45711360,0.00010483999999999948,6.177599155410853,6.1272600760756895,0.0,0.0,0.09607794880867004,1.3140698671340942,5.097753046356956e-07,0.0,-1.4107587337493896,1,0,0.9999984502792358,506.5816936772756,0.9999984502792358,4.826488861908729e-07,9.330280192898499e-08,8.303494070105444e-08,8.937077211612632e-08,1.0665824135003277e-07,8.894087955013674e-08,1.5766403294037445e-07,9.106203435749194e-08,1.3369700013754482e-07,1.1498669039156084e-07,9.594614169827764e-08
1396,45744128,0.00010469999999999948,6.129730833785439,6.127906114856218,0.0,0.0,-0.02682064101099968,1.599056363105774,5.095547521705157e-07,0.0,-1.412252426147461,1,0,0.9999984502792358,506.48598148029436,0.9999984502792358,4.823709218726435e-07,9.326009831056581e-08,8.299694087554599e-08,8.932987327625597e-08,1.0660942706408605e-07,8.890017255680505e-08,1.5759187022013066e-07,9.102036102603961e-08,1.3363580819714116e-07,1.1493406759655045e-07,9.590223015720767e-08
1397,45776896,0.00010455999999999949,6.178451266395957,6.127229524979681,0.0,0.0,0.01923610456287861,1.9740877151489258,5.095397455079365e-07,0.0,-1.4123680591583252,1,0,0.9999984502792358,506.5810501800406,0.9999984502792358,4.823520498575817e-07,9.325725613962277e-08,8.299440423797932e-08,8.932697426189407e-08,1.0660617277835627e-07,8.889729485872522e-08,1.575867685232879e-07,9.101757569851543e-08,1.3363160178414546e-07,1.1493045093402543e-07,9.58993098265637e-08
1398,45809664,0.00010441999999999949,6.214747856817444,6.131978674827886,0.0,0.0,0.0798172876238823,1.6337709426879883,5.09305095874879e-07,0.0,-1.4117835760116577,1,0,0.9999984502792358,506.47399236558084,0.9999984502792358,4.820572598873696e-07,9.321172456111526e-08,8.295388909118628e-08,8.928336825420047e-08,1.0655412552296184e-07,8.885390201385235e-08,1.575098309558598e-07,9.097315256667571e-08,1.3356637396100268e-07,1.1487434647960981e-07,9.585249927113182e-08
1399,45842432,0.0001042799999999995,6.251228896796865,6.138626160419683,0.0,0.0,0.007769668474793434,1.278542160987854,5.090705599286593e-07,0.0,-1.4136887788772583,1,0,0.9999984502792358,506.3675276414069,0.9999984502792358,4.817632088816026e-07,9.316622850974454e-08,8.291339526067532e-08,8.923978356278894e-08,1.065021137947042e-07,8.881053048526155e-08,1.5743295023185055e-07,9.09287436456907e-08,1.3350117455956934e-07,1.1481827044690363e-07,9.580571003198202e-08
1400,45875200,0.0001041399999999995,6.255538336166007,6.155840174118088,0.0,0.0,-0.04034209996461868,0.8420843482017517,5.089424348625471e-07,0.0,-1.4127191305160522,1,0,0.9999984502792358,506.3582768517679,0.9999984502792358,4.816023988496454e-07,9.314134530313822e-08,8.289125474902903e-08,8.921595195943155e-08,1.0647367787441908e-07,8.878681256874188e-08,1.57390914523603e-07,9.090446440040978e-08,1.334655195250889e-07,1.1478761052785558e-07,9.57801233880673e-08
1401,45907968,0.0001039999999999995,6.198715038303857,6.1730872609086935,0.0,0.0,-0.11251205950975418,1.2038094997406006,5.087080126031651e-07,0.0,-1.4116910696029663,1,0,0.9999984502792358,506.2511532166963,0.9999984502792358,4.813080636267841e-07,9.309588477890429e-08,8.285079644565485e-08,8.917240279515681e-08,1.0642170167329823e-07,8.874346946186051e-08,1.573140764321579e-07,9.086009100656156e-08,1.334003769670744e-07,1.1473158423314089e-07,9.573336967605428e-08
1402,45940736,0.0001038599999999995,6.163140317797019,6.173856227215204,0.0,0.0,-0.062209829688072205,1.2428622245788574,5.086783971819386e-07,0.0,-1.4122116565704346,1,0,0.9999984502792358,506.3328907108334,0.9999984502792358,4.812708880308492e-07,9.309002280133427e-08,8.284558106197437e-08,8.916696003780089e-08,1.0641500125530001e-07,8.873805512621402e-08,1.5730448410522513e-07,9.085437113753869e-08,1.3339210624963016e-07,1.1472446459492858e-07,9.572734427365504e-08
1403,45973504,0.0001037199999999995,6.045663912255724,6.171417642110378,0.0,0.0,0.05166276916861534,1.7981946468353271,5.085668135507149e-07,0.0,-1.4125251770019531,1,0,0.9999984502792358,506.3389913173345,0.9999984502792358,4.811309395336139e-07,9.30683654587483e-08,8.28263040375532e-08,8.91462121899167e-08,1.0639024594638613e-07,8.871740675431283e-08,1.5726787694347877e-07,9.083323249114983e-08,1.3336106974293216e-07,1.1469776950434607e-07,9.570507586431631e-08
1404,46006272,0.0001035799999999995,6.252908908730143,6.186772452245931,0.0,0.0,0.020853538066148758,1.355658769607544,5.085595375931007e-07,0.0,-1.4124493598937988,1,0,0.9999984502792358,506.442031126959,0.9999984502792358,4.811217877431773e-07,9.306695147870414e-08,8.282503927148355e-08,8.91448550532914e-08,1.063886259089486e-07,8.871604961768753e-08,1.5726548951988661e-07,9.083183982738774e-08,1.3335902337985317e-07,1.1469602867464346e-07,9.570361214628065e-08
1405,46039040,0.00010343999999999951,6.258909914982921,6.194903528203137,0.0,0.0,-0.045558080077171326,0.9709102511405945,5.083252858639753e-07,0.0,-1.4145972728729248,1,0,0.9999984502792358,506.3347582689846,0.9999984502792358,4.808277367374103e-07,9.302151227075228e-08,8.27846093898188e-08,8.910133431072609e-08,1.0633668523496453e-07,8.867274914337031e-08,1.5718870827186038e-07,9.078750196067631e-08,1.3329393766525754e-07,1.146400308016382e-07,9.565689396140442e-08
1406,46071808,0.00010329999999999952,6.227200632667001,6.2046505080912935,0.0,0.0,-0.11305475234985352,0.8885460495948792,5.082109737486462e-07,0.0,-1.4146051406860352,1,0,0.9999984502792358,506.3385767414314,0.9999984502792358,4.806842639482056e-07,9.299933623196921e-08,8.276487761804674e-08,8.908009618835422e-08,1.0631134017557997e-07,8.865160339155409e-08,1.571512342479764e-07,9.076586593437241e-08,1.3326214798325964e-07,1.1461270332802087e-07,9.563408553958652e-08
1407,46104576,0.00010315999999999952,6.215983953828008,6.208403776834499,0.0,0.0,0.07752285897731781,1.2807519435882568,5.081501512904651e-07,0.0,-1.4147911071777344,1,0,0.9999984502792358,506.39163689368326,0.9999984502792358,4.80608150610351e-07,9.298762648768388e-08,8.275445395611314e-08,8.906871329372734e-08,1.0629795355043825e-07,8.864027734034607e-08,1.5713116852111852e-07,9.075443330175403e-08,1.3324525127700326e-07,1.1459816562364722e-07,9.562204894564275e-08
1408,46137344,0.00010301999999999953,6.207121449140281,6.2076411360667825,0.0,0.0,0.040254805237054825,1.009648323059082,5.079691050013935e-07,0.0,-1.4167766571044922,1,0,0.9999984502792358,506.3337319817069,0.9999984502792358,4.803799811270437e-07,9.295252567653733e-08,8.272321139202177e-08,8.90352538363004e-08,1.0625782209672252e-07,8.860698130774836e-08,1.5707212241977686e-07,9.072017093103568e-08,1.3319505853814917e-07,1.1455500725787715e-07,9.558593916381142e-08
1409,46170112,0.00010287999999999953,6.012519504620888,6.183770196849185,0.0,0.0,-0.0738682821393013,1.371872901916504,5.078842946204531e-07,0.0,-1.4168336391448975,1,0,0.9999984502792358,506.36298442362363,0.9999984502792358,4.802732291864231e-07,9.293603397964034e-08,8.270853868452832e-08,8.901945847128445e-08,1.062389713979428e-07,8.859126410243334e-08,1.5704425493368035e-07,9.070407713807072e-08,1.331714400976125e-07,1.1453468573563441e-07,9.556899271956354e-08
1410,46202880,0.00010273999999999953,6.248386766424634,6.183055039875048,0.0,0.0,0.03714556246995926,1.5314894914627075,5.077778837403457e-07,0.0,-1.4171645641326904,1,0,0.9999984502792358,506.37293787045235,0.9999984502792358,4.801399313691945e-07,9.29154779782948e-08,8.269023510365514e-08,8.899959880181996e-08,1.0621526769227785e-07,8.857166022835372e-08,1.5700922517680738e-07,9.068383377552891e-08,1.3314185309809545e-07,1.1450924120026684e-07,9.554766933206338e-08
